ARM GAS  /tmp/ccR6P99q.s 			page 1


   1              		.cpu cortex-m4
   2              		.eabi_attribute 27, 1
   3              		.eabi_attribute 28, 1
   4              		.eabi_attribute 20, 1
   5              		.eabi_attribute 21, 1
   6              		.eabi_attribute 23, 3
   7              		.eabi_attribute 24, 1
   8              		.eabi_attribute 25, 1
   9              		.eabi_attribute 26, 1
  10              		.eabi_attribute 30, 1
  11              		.eabi_attribute 34, 1
  12              		.eabi_attribute 18, 4
  13              		.file	"jccoefct.c"
  14              		.text
  15              	.Ltext0:
  16              		.cfi_sections	.debug_frame
  17              		.section	.text.start_iMCU_row,"ax",%progbits
  18              		.align	1
  19              		.arch armv7e-m
  20              		.syntax unified
  21              		.thumb
  22              		.thumb_func
  23              		.fpu fpv4-sp-d16
  25              	start_iMCU_row:
  26              	.LVL0:
  27              	.LFB7:
  28              		.file 1 "Middlewares/Third_Party/LibJPEG/source/jccoefct.c"
   1:Middlewares/Third_Party/LibJPEG/source/jccoefct.c **** /*
   2:Middlewares/Third_Party/LibJPEG/source/jccoefct.c ****  * jccoefct.c
   3:Middlewares/Third_Party/LibJPEG/source/jccoefct.c ****  *
   4:Middlewares/Third_Party/LibJPEG/source/jccoefct.c ****  * Copyright (C) 1994-1997, Thomas G. Lane.
   5:Middlewares/Third_Party/LibJPEG/source/jccoefct.c ****  * Modified 2003-2011 by Guido Vollbeding.
   6:Middlewares/Third_Party/LibJPEG/source/jccoefct.c ****  * This file is part of the Independent JPEG Group's software.
   7:Middlewares/Third_Party/LibJPEG/source/jccoefct.c ****  * For conditions of distribution and use, see the accompanying README file.
   8:Middlewares/Third_Party/LibJPEG/source/jccoefct.c ****  *
   9:Middlewares/Third_Party/LibJPEG/source/jccoefct.c ****  * This file contains the coefficient buffer controller for compression.
  10:Middlewares/Third_Party/LibJPEG/source/jccoefct.c ****  * This controller is the top level of the JPEG compressor proper.
  11:Middlewares/Third_Party/LibJPEG/source/jccoefct.c ****  * The coefficient buffer lies between forward-DCT and entropy encoding steps.
  12:Middlewares/Third_Party/LibJPEG/source/jccoefct.c ****  */
  13:Middlewares/Third_Party/LibJPEG/source/jccoefct.c **** 
  14:Middlewares/Third_Party/LibJPEG/source/jccoefct.c **** #define JPEG_INTERNALS
  15:Middlewares/Third_Party/LibJPEG/source/jccoefct.c **** #include "jinclude.h"
  16:Middlewares/Third_Party/LibJPEG/source/jccoefct.c **** #include "jpeglib.h"
  17:Middlewares/Third_Party/LibJPEG/source/jccoefct.c **** 
  18:Middlewares/Third_Party/LibJPEG/source/jccoefct.c **** 
  19:Middlewares/Third_Party/LibJPEG/source/jccoefct.c **** /* We use a full-image coefficient buffer when doing Huffman optimization,
  20:Middlewares/Third_Party/LibJPEG/source/jccoefct.c ****  * and also for writing multiple-scan JPEG files.  In all cases, the DCT
  21:Middlewares/Third_Party/LibJPEG/source/jccoefct.c ****  * step is run during the first pass, and subsequent passes need only read
  22:Middlewares/Third_Party/LibJPEG/source/jccoefct.c ****  * the buffered coefficients.
  23:Middlewares/Third_Party/LibJPEG/source/jccoefct.c ****  */
  24:Middlewares/Third_Party/LibJPEG/source/jccoefct.c **** #ifdef ENTROPY_OPT_SUPPORTED
  25:Middlewares/Third_Party/LibJPEG/source/jccoefct.c **** #define FULL_COEF_BUFFER_SUPPORTED
  26:Middlewares/Third_Party/LibJPEG/source/jccoefct.c **** #else
  27:Middlewares/Third_Party/LibJPEG/source/jccoefct.c **** #ifdef C_MULTISCAN_FILES_SUPPORTED
  28:Middlewares/Third_Party/LibJPEG/source/jccoefct.c **** #define FULL_COEF_BUFFER_SUPPORTED
  29:Middlewares/Third_Party/LibJPEG/source/jccoefct.c **** #endif
  30:Middlewares/Third_Party/LibJPEG/source/jccoefct.c **** #endif
ARM GAS  /tmp/ccR6P99q.s 			page 2


  31:Middlewares/Third_Party/LibJPEG/source/jccoefct.c **** 
  32:Middlewares/Third_Party/LibJPEG/source/jccoefct.c **** 
  33:Middlewares/Third_Party/LibJPEG/source/jccoefct.c **** /* Private buffer controller object */
  34:Middlewares/Third_Party/LibJPEG/source/jccoefct.c **** 
  35:Middlewares/Third_Party/LibJPEG/source/jccoefct.c **** typedef struct {
  36:Middlewares/Third_Party/LibJPEG/source/jccoefct.c ****   struct jpeg_c_coef_controller pub; /* public fields */
  37:Middlewares/Third_Party/LibJPEG/source/jccoefct.c **** 
  38:Middlewares/Third_Party/LibJPEG/source/jccoefct.c ****   JDIMENSION iMCU_row_num;	/* iMCU row # within image */
  39:Middlewares/Third_Party/LibJPEG/source/jccoefct.c ****   JDIMENSION mcu_ctr;		/* counts MCUs processed in current row */
  40:Middlewares/Third_Party/LibJPEG/source/jccoefct.c ****   int MCU_vert_offset;		/* counts MCU rows within iMCU row */
  41:Middlewares/Third_Party/LibJPEG/source/jccoefct.c ****   int MCU_rows_per_iMCU_row;	/* number of such rows needed */
  42:Middlewares/Third_Party/LibJPEG/source/jccoefct.c **** 
  43:Middlewares/Third_Party/LibJPEG/source/jccoefct.c ****   /* For single-pass compression, it's sufficient to buffer just one MCU
  44:Middlewares/Third_Party/LibJPEG/source/jccoefct.c ****    * (although this may prove a bit slow in practice).  We allocate a
  45:Middlewares/Third_Party/LibJPEG/source/jccoefct.c ****    * workspace of C_MAX_BLOCKS_IN_MCU coefficient blocks, and reuse it for each
  46:Middlewares/Third_Party/LibJPEG/source/jccoefct.c ****    * MCU constructed and sent.  (On 80x86, the workspace is FAR even though
  47:Middlewares/Third_Party/LibJPEG/source/jccoefct.c ****    * it's not really very big; this is to keep the module interfaces unchanged
  48:Middlewares/Third_Party/LibJPEG/source/jccoefct.c ****    * when a large coefficient buffer is necessary.)
  49:Middlewares/Third_Party/LibJPEG/source/jccoefct.c ****    * In multi-pass modes, this array points to the current MCU's blocks
  50:Middlewares/Third_Party/LibJPEG/source/jccoefct.c ****    * within the virtual arrays.
  51:Middlewares/Third_Party/LibJPEG/source/jccoefct.c ****    */
  52:Middlewares/Third_Party/LibJPEG/source/jccoefct.c ****   JBLOCKROW MCU_buffer[C_MAX_BLOCKS_IN_MCU];
  53:Middlewares/Third_Party/LibJPEG/source/jccoefct.c **** 
  54:Middlewares/Third_Party/LibJPEG/source/jccoefct.c ****   /* In multi-pass modes, we need a virtual block array for each component. */
  55:Middlewares/Third_Party/LibJPEG/source/jccoefct.c ****   jvirt_barray_ptr whole_image[MAX_COMPONENTS];
  56:Middlewares/Third_Party/LibJPEG/source/jccoefct.c **** } my_coef_controller;
  57:Middlewares/Third_Party/LibJPEG/source/jccoefct.c **** 
  58:Middlewares/Third_Party/LibJPEG/source/jccoefct.c **** typedef my_coef_controller * my_coef_ptr;
  59:Middlewares/Third_Party/LibJPEG/source/jccoefct.c **** 
  60:Middlewares/Third_Party/LibJPEG/source/jccoefct.c **** 
  61:Middlewares/Third_Party/LibJPEG/source/jccoefct.c **** /* Forward declarations */
  62:Middlewares/Third_Party/LibJPEG/source/jccoefct.c **** METHODDEF(boolean) compress_data
  63:Middlewares/Third_Party/LibJPEG/source/jccoefct.c ****     JPP((j_compress_ptr cinfo, JSAMPIMAGE input_buf));
  64:Middlewares/Third_Party/LibJPEG/source/jccoefct.c **** #ifdef FULL_COEF_BUFFER_SUPPORTED
  65:Middlewares/Third_Party/LibJPEG/source/jccoefct.c **** METHODDEF(boolean) compress_first_pass
  66:Middlewares/Third_Party/LibJPEG/source/jccoefct.c ****     JPP((j_compress_ptr cinfo, JSAMPIMAGE input_buf));
  67:Middlewares/Third_Party/LibJPEG/source/jccoefct.c **** METHODDEF(boolean) compress_output
  68:Middlewares/Third_Party/LibJPEG/source/jccoefct.c ****     JPP((j_compress_ptr cinfo, JSAMPIMAGE input_buf));
  69:Middlewares/Third_Party/LibJPEG/source/jccoefct.c **** #endif
  70:Middlewares/Third_Party/LibJPEG/source/jccoefct.c **** 
  71:Middlewares/Third_Party/LibJPEG/source/jccoefct.c **** 
  72:Middlewares/Third_Party/LibJPEG/source/jccoefct.c **** LOCAL(void)
  73:Middlewares/Third_Party/LibJPEG/source/jccoefct.c **** start_iMCU_row (j_compress_ptr cinfo)
  74:Middlewares/Third_Party/LibJPEG/source/jccoefct.c **** /* Reset within-iMCU-row counters for a new row */
  75:Middlewares/Third_Party/LibJPEG/source/jccoefct.c **** {
  29              		.loc 1 75 1 view -0
  30              		.cfi_startproc
  31              		@ args = 0, pretend = 0, frame = 0
  32              		@ frame_needed = 0, uses_anonymous_args = 0
  33              		@ link register save eliminated.
  76:Middlewares/Third_Party/LibJPEG/source/jccoefct.c ****   my_coef_ptr coef = (my_coef_ptr) cinfo->coef;
  34              		.loc 1 76 3 view .LVU1
  35              		.loc 1 76 15 is_stmt 0 view .LVU2
  36 0000 D0F89031 		ldr	r3, [r0, #400]
  37              	.LVL1:
  77:Middlewares/Third_Party/LibJPEG/source/jccoefct.c **** 
  78:Middlewares/Third_Party/LibJPEG/source/jccoefct.c ****   /* In an interleaved scan, an MCU row is the same as an iMCU row.
ARM GAS  /tmp/ccR6P99q.s 			page 3


  79:Middlewares/Third_Party/LibJPEG/source/jccoefct.c ****    * In a noninterleaved scan, an iMCU row has v_samp_factor MCU rows.
  80:Middlewares/Third_Party/LibJPEG/source/jccoefct.c ****    * But at the bottom of the image, process only what's left.
  81:Middlewares/Third_Party/LibJPEG/source/jccoefct.c ****    */
  82:Middlewares/Third_Party/LibJPEG/source/jccoefct.c ****   if (cinfo->comps_in_scan > 1) {
  38              		.loc 1 82 3 is_stmt 1 view .LVU3
  39              		.loc 1 82 12 is_stmt 0 view .LVU4
  40 0004 D0F82021 		ldr	r2, [r0, #288]
  41              		.loc 1 82 6 view .LVU5
  42 0008 012A     		cmp	r2, #1
  43 000a 05DD     		ble	.L2
  83:Middlewares/Third_Party/LibJPEG/source/jccoefct.c ****     coef->MCU_rows_per_iMCU_row = 1;
  44              		.loc 1 83 5 is_stmt 1 view .LVU6
  45              		.loc 1 83 33 is_stmt 0 view .LVU7
  46 000c 0122     		movs	r2, #1
  47 000e 5A61     		str	r2, [r3, #20]
  48              	.L3:
  84:Middlewares/Third_Party/LibJPEG/source/jccoefct.c ****   } else {
  85:Middlewares/Third_Party/LibJPEG/source/jccoefct.c ****     if (coef->iMCU_row_num < (cinfo->total_iMCU_rows-1))
  86:Middlewares/Third_Party/LibJPEG/source/jccoefct.c ****       coef->MCU_rows_per_iMCU_row = cinfo->cur_comp_info[0]->v_samp_factor;
  87:Middlewares/Third_Party/LibJPEG/source/jccoefct.c ****     else
  88:Middlewares/Third_Party/LibJPEG/source/jccoefct.c ****       coef->MCU_rows_per_iMCU_row = cinfo->cur_comp_info[0]->last_row_height;
  89:Middlewares/Third_Party/LibJPEG/source/jccoefct.c ****   }
  90:Middlewares/Third_Party/LibJPEG/source/jccoefct.c **** 
  91:Middlewares/Third_Party/LibJPEG/source/jccoefct.c ****   coef->mcu_ctr = 0;
  49              		.loc 1 91 3 is_stmt 1 view .LVU8
  50              		.loc 1 91 17 is_stmt 0 view .LVU9
  51 0010 0022     		movs	r2, #0
  52 0012 DA60     		str	r2, [r3, #12]
  92:Middlewares/Third_Party/LibJPEG/source/jccoefct.c ****   coef->MCU_vert_offset = 0;
  53              		.loc 1 92 3 is_stmt 1 view .LVU10
  54              		.loc 1 92 25 is_stmt 0 view .LVU11
  55 0014 1A61     		str	r2, [r3, #16]
  93:Middlewares/Third_Party/LibJPEG/source/jccoefct.c **** }
  56              		.loc 1 93 1 view .LVU12
  57 0016 7047     		bx	lr
  58              	.L2:
  85:Middlewares/Third_Party/LibJPEG/source/jccoefct.c ****       coef->MCU_rows_per_iMCU_row = cinfo->cur_comp_info[0]->v_samp_factor;
  59              		.loc 1 85 5 is_stmt 1 view .LVU13
  85:Middlewares/Third_Party/LibJPEG/source/jccoefct.c ****       coef->MCU_rows_per_iMCU_row = cinfo->cur_comp_info[0]->v_samp_factor;
  60              		.loc 1 85 13 is_stmt 0 view .LVU14
  61 0018 9968     		ldr	r1, [r3, #8]
  85:Middlewares/Third_Party/LibJPEG/source/jccoefct.c ****       coef->MCU_rows_per_iMCU_row = cinfo->cur_comp_info[0]->v_samp_factor;
  62              		.loc 1 85 36 view .LVU15
  63 001a D0F81C21 		ldr	r2, [r0, #284]
  85:Middlewares/Third_Party/LibJPEG/source/jccoefct.c ****       coef->MCU_rows_per_iMCU_row = cinfo->cur_comp_info[0]->v_samp_factor;
  64              		.loc 1 85 53 view .LVU16
  65 001e 013A     		subs	r2, r2, #1
  85:Middlewares/Third_Party/LibJPEG/source/jccoefct.c ****       coef->MCU_rows_per_iMCU_row = cinfo->cur_comp_info[0]->v_samp_factor;
  66              		.loc 1 85 8 view .LVU17
  67 0020 9142     		cmp	r1, r2
  68 0022 04D2     		bcs	.L4
  86:Middlewares/Third_Party/LibJPEG/source/jccoefct.c ****     else
  69              		.loc 1 86 7 is_stmt 1 view .LVU18
  86:Middlewares/Third_Party/LibJPEG/source/jccoefct.c ****     else
  70              		.loc 1 86 57 is_stmt 0 view .LVU19
  71 0024 D0F82421 		ldr	r2, [r0, #292]
  86:Middlewares/Third_Party/LibJPEG/source/jccoefct.c ****     else
ARM GAS  /tmp/ccR6P99q.s 			page 4


  72              		.loc 1 86 60 view .LVU20
  73 0028 D268     		ldr	r2, [r2, #12]
  86:Middlewares/Third_Party/LibJPEG/source/jccoefct.c ****     else
  74              		.loc 1 86 35 view .LVU21
  75 002a 5A61     		str	r2, [r3, #20]
  76 002c F0E7     		b	.L3
  77              	.L4:
  88:Middlewares/Third_Party/LibJPEG/source/jccoefct.c ****   }
  78              		.loc 1 88 7 is_stmt 1 view .LVU22
  88:Middlewares/Third_Party/LibJPEG/source/jccoefct.c ****   }
  79              		.loc 1 88 57 is_stmt 0 view .LVU23
  80 002e D0F82421 		ldr	r2, [r0, #292]
  88:Middlewares/Third_Party/LibJPEG/source/jccoefct.c ****   }
  81              		.loc 1 88 60 view .LVU24
  82 0032 D26C     		ldr	r2, [r2, #76]
  88:Middlewares/Third_Party/LibJPEG/source/jccoefct.c ****   }
  83              		.loc 1 88 35 view .LVU25
  84 0034 5A61     		str	r2, [r3, #20]
  85 0036 EBE7     		b	.L3
  86              		.cfi_endproc
  87              	.LFE7:
  89              		.section	.text.start_pass_coef,"ax",%progbits
  90              		.align	1
  91              		.syntax unified
  92              		.thumb
  93              		.thumb_func
  94              		.fpu fpv4-sp-d16
  96              	start_pass_coef:
  97              	.LVL2:
  98              	.LFB8:
  94:Middlewares/Third_Party/LibJPEG/source/jccoefct.c **** 
  95:Middlewares/Third_Party/LibJPEG/source/jccoefct.c **** 
  96:Middlewares/Third_Party/LibJPEG/source/jccoefct.c **** /*
  97:Middlewares/Third_Party/LibJPEG/source/jccoefct.c ****  * Initialize for a processing pass.
  98:Middlewares/Third_Party/LibJPEG/source/jccoefct.c ****  */
  99:Middlewares/Third_Party/LibJPEG/source/jccoefct.c **** 
 100:Middlewares/Third_Party/LibJPEG/source/jccoefct.c **** METHODDEF(void)
 101:Middlewares/Third_Party/LibJPEG/source/jccoefct.c **** start_pass_coef (j_compress_ptr cinfo, J_BUF_MODE pass_mode)
 102:Middlewares/Third_Party/LibJPEG/source/jccoefct.c **** {
  99              		.loc 1 102 1 is_stmt 1 view -0
 100              		.cfi_startproc
 101              		@ args = 0, pretend = 0, frame = 0
 102              		@ frame_needed = 0, uses_anonymous_args = 0
 103              		.loc 1 102 1 is_stmt 0 view .LVU27
 104 0000 70B5     		push	{r4, r5, r6, lr}
 105              	.LCFI0:
 106              		.cfi_def_cfa_offset 16
 107              		.cfi_offset 4, -16
 108              		.cfi_offset 5, -12
 109              		.cfi_offset 6, -8
 110              		.cfi_offset 14, -4
 111 0002 0546     		mov	r5, r0
 112 0004 0C46     		mov	r4, r1
 103:Middlewares/Third_Party/LibJPEG/source/jccoefct.c ****   my_coef_ptr coef = (my_coef_ptr) cinfo->coef;
 113              		.loc 1 103 3 is_stmt 1 view .LVU28
 114              		.loc 1 103 15 is_stmt 0 view .LVU29
 115 0006 D0F89061 		ldr	r6, [r0, #400]
ARM GAS  /tmp/ccR6P99q.s 			page 5


 116              	.LVL3:
 104:Middlewares/Third_Party/LibJPEG/source/jccoefct.c **** 
 105:Middlewares/Third_Party/LibJPEG/source/jccoefct.c ****   coef->iMCU_row_num = 0;
 117              		.loc 1 105 3 is_stmt 1 view .LVU30
 118              		.loc 1 105 22 is_stmt 0 view .LVU31
 119 000a 0023     		movs	r3, #0
 120 000c B360     		str	r3, [r6, #8]
 106:Middlewares/Third_Party/LibJPEG/source/jccoefct.c ****   start_iMCU_row(cinfo);
 121              		.loc 1 106 3 is_stmt 1 view .LVU32
 122 000e FFF7FEFF 		bl	start_iMCU_row
 123              	.LVL4:
 107:Middlewares/Third_Party/LibJPEG/source/jccoefct.c **** 
 108:Middlewares/Third_Party/LibJPEG/source/jccoefct.c ****   switch (pass_mode) {
 124              		.loc 1 108 3 view .LVU33
 125 0012 022C     		cmp	r4, #2
 126 0014 23D0     		beq	.L6
 127 0016 032C     		cmp	r4, #3
 128 0018 14D0     		beq	.L7
 129 001a 3CB1     		cbz	r4, .L14
 109:Middlewares/Third_Party/LibJPEG/source/jccoefct.c ****   case JBUF_PASS_THRU:
 110:Middlewares/Third_Party/LibJPEG/source/jccoefct.c ****     if (coef->whole_image[0] != NULL)
 111:Middlewares/Third_Party/LibJPEG/source/jccoefct.c ****       ERREXIT(cinfo, JERR_BAD_BUFFER_MODE);
 112:Middlewares/Third_Party/LibJPEG/source/jccoefct.c ****     coef->pub.compress_data = compress_data;
 113:Middlewares/Third_Party/LibJPEG/source/jccoefct.c ****     break;
 114:Middlewares/Third_Party/LibJPEG/source/jccoefct.c **** #ifdef FULL_COEF_BUFFER_SUPPORTED
 115:Middlewares/Third_Party/LibJPEG/source/jccoefct.c ****   case JBUF_SAVE_AND_PASS:
 116:Middlewares/Third_Party/LibJPEG/source/jccoefct.c ****     if (coef->whole_image[0] == NULL)
 117:Middlewares/Third_Party/LibJPEG/source/jccoefct.c ****       ERREXIT(cinfo, JERR_BAD_BUFFER_MODE);
 118:Middlewares/Third_Party/LibJPEG/source/jccoefct.c ****     coef->pub.compress_data = compress_first_pass;
 119:Middlewares/Third_Party/LibJPEG/source/jccoefct.c ****     break;
 120:Middlewares/Third_Party/LibJPEG/source/jccoefct.c ****   case JBUF_CRANK_DEST:
 121:Middlewares/Third_Party/LibJPEG/source/jccoefct.c ****     if (coef->whole_image[0] == NULL)
 122:Middlewares/Third_Party/LibJPEG/source/jccoefct.c ****       ERREXIT(cinfo, JERR_BAD_BUFFER_MODE);
 123:Middlewares/Third_Party/LibJPEG/source/jccoefct.c ****     coef->pub.compress_data = compress_output;
 124:Middlewares/Third_Party/LibJPEG/source/jccoefct.c ****     break;
 125:Middlewares/Third_Party/LibJPEG/source/jccoefct.c **** #endif
 126:Middlewares/Third_Party/LibJPEG/source/jccoefct.c ****   default:
 127:Middlewares/Third_Party/LibJPEG/source/jccoefct.c ****     ERREXIT(cinfo, JERR_BAD_BUFFER_MODE);
 130              		.loc 1 127 5 view .LVU34
 131 001c 2B68     		ldr	r3, [r5]
 132 001e 0322     		movs	r2, #3
 133 0020 5A61     		str	r2, [r3, #20]
 134 0022 2B68     		ldr	r3, [r5]
 135 0024 1B68     		ldr	r3, [r3]
 136 0026 2846     		mov	r0, r5
 137 0028 9847     		blx	r3
 138              	.LVL5:
 128:Middlewares/Third_Party/LibJPEG/source/jccoefct.c ****     break;
 139              		.loc 1 128 5 view .LVU35
 129:Middlewares/Third_Party/LibJPEG/source/jccoefct.c ****   }
 130:Middlewares/Third_Party/LibJPEG/source/jccoefct.c **** }
 140              		.loc 1 130 1 is_stmt 0 view .LVU36
 141 002a 0AE0     		b	.L5
 142              	.L14:
 110:Middlewares/Third_Party/LibJPEG/source/jccoefct.c ****       ERREXIT(cinfo, JERR_BAD_BUFFER_MODE);
 143              		.loc 1 110 5 is_stmt 1 view .LVU37
 110:Middlewares/Third_Party/LibJPEG/source/jccoefct.c ****       ERREXIT(cinfo, JERR_BAD_BUFFER_MODE);
ARM GAS  /tmp/ccR6P99q.s 			page 6


 144              		.loc 1 110 26 is_stmt 0 view .LVU38
 145 002c 336C     		ldr	r3, [r6, #64]
 110:Middlewares/Third_Party/LibJPEG/source/jccoefct.c ****       ERREXIT(cinfo, JERR_BAD_BUFFER_MODE);
 146              		.loc 1 110 8 view .LVU39
 147 002e 33B1     		cbz	r3, .L9
 111:Middlewares/Third_Party/LibJPEG/source/jccoefct.c ****     coef->pub.compress_data = compress_data;
 148              		.loc 1 111 7 is_stmt 1 view .LVU40
 149 0030 2B68     		ldr	r3, [r5]
 150 0032 0322     		movs	r2, #3
 151 0034 5A61     		str	r2, [r3, #20]
 152 0036 2B68     		ldr	r3, [r5]
 153 0038 1B68     		ldr	r3, [r3]
 154 003a 2846     		mov	r0, r5
 155 003c 9847     		blx	r3
 156              	.LVL6:
 157              	.L9:
 112:Middlewares/Third_Party/LibJPEG/source/jccoefct.c ****     break;
 158              		.loc 1 112 5 view .LVU41
 112:Middlewares/Third_Party/LibJPEG/source/jccoefct.c ****     break;
 159              		.loc 1 112 29 is_stmt 0 view .LVU42
 160 003e 0E4B     		ldr	r3, .L17
 161 0040 7360     		str	r3, [r6, #4]
 113:Middlewares/Third_Party/LibJPEG/source/jccoefct.c **** #ifdef FULL_COEF_BUFFER_SUPPORTED
 162              		.loc 1 113 5 is_stmt 1 view .LVU43
 163              	.L5:
 164              		.loc 1 130 1 is_stmt 0 view .LVU44
 165 0042 70BD     		pop	{r4, r5, r6, pc}
 166              	.LVL7:
 167              	.L7:
 116:Middlewares/Third_Party/LibJPEG/source/jccoefct.c ****       ERREXIT(cinfo, JERR_BAD_BUFFER_MODE);
 168              		.loc 1 116 5 is_stmt 1 view .LVU45
 116:Middlewares/Third_Party/LibJPEG/source/jccoefct.c ****       ERREXIT(cinfo, JERR_BAD_BUFFER_MODE);
 169              		.loc 1 116 26 is_stmt 0 view .LVU46
 170 0044 336C     		ldr	r3, [r6, #64]
 116:Middlewares/Third_Party/LibJPEG/source/jccoefct.c ****       ERREXIT(cinfo, JERR_BAD_BUFFER_MODE);
 171              		.loc 1 116 8 view .LVU47
 172 0046 13B1     		cbz	r3, .L15
 173              	.L11:
 118:Middlewares/Third_Party/LibJPEG/source/jccoefct.c ****     break;
 174              		.loc 1 118 5 is_stmt 1 view .LVU48
 118:Middlewares/Third_Party/LibJPEG/source/jccoefct.c ****     break;
 175              		.loc 1 118 29 is_stmt 0 view .LVU49
 176 0048 0C4B     		ldr	r3, .L17+4
 177 004a 7360     		str	r3, [r6, #4]
 119:Middlewares/Third_Party/LibJPEG/source/jccoefct.c ****   case JBUF_CRANK_DEST:
 178              		.loc 1 119 5 is_stmt 1 view .LVU50
 179 004c F9E7     		b	.L5
 180              	.L15:
 117:Middlewares/Third_Party/LibJPEG/source/jccoefct.c ****     coef->pub.compress_data = compress_first_pass;
 181              		.loc 1 117 7 view .LVU51
 182 004e 2B68     		ldr	r3, [r5]
 183 0050 0322     		movs	r2, #3
 184 0052 5A61     		str	r2, [r3, #20]
 185 0054 2B68     		ldr	r3, [r5]
 186 0056 1B68     		ldr	r3, [r3]
 187 0058 2846     		mov	r0, r5
 188 005a 9847     		blx	r3
ARM GAS  /tmp/ccR6P99q.s 			page 7


 189              	.LVL8:
 190 005c F4E7     		b	.L11
 191              	.L6:
 121:Middlewares/Third_Party/LibJPEG/source/jccoefct.c ****       ERREXIT(cinfo, JERR_BAD_BUFFER_MODE);
 192              		.loc 1 121 5 view .LVU52
 121:Middlewares/Third_Party/LibJPEG/source/jccoefct.c ****       ERREXIT(cinfo, JERR_BAD_BUFFER_MODE);
 193              		.loc 1 121 26 is_stmt 0 view .LVU53
 194 005e 336C     		ldr	r3, [r6, #64]
 121:Middlewares/Third_Party/LibJPEG/source/jccoefct.c ****       ERREXIT(cinfo, JERR_BAD_BUFFER_MODE);
 195              		.loc 1 121 8 view .LVU54
 196 0060 13B1     		cbz	r3, .L16
 197              	.L12:
 123:Middlewares/Third_Party/LibJPEG/source/jccoefct.c ****     break;
 198              		.loc 1 123 5 is_stmt 1 view .LVU55
 123:Middlewares/Third_Party/LibJPEG/source/jccoefct.c ****     break;
 199              		.loc 1 123 29 is_stmt 0 view .LVU56
 200 0062 074B     		ldr	r3, .L17+8
 201 0064 7360     		str	r3, [r6, #4]
 124:Middlewares/Third_Party/LibJPEG/source/jccoefct.c **** #endif
 202              		.loc 1 124 5 is_stmt 1 view .LVU57
 203 0066 ECE7     		b	.L5
 204              	.L16:
 122:Middlewares/Third_Party/LibJPEG/source/jccoefct.c ****     coef->pub.compress_data = compress_output;
 205              		.loc 1 122 7 view .LVU58
 206 0068 2B68     		ldr	r3, [r5]
 207 006a 0322     		movs	r2, #3
 208 006c 5A61     		str	r2, [r3, #20]
 209 006e 2B68     		ldr	r3, [r5]
 210 0070 1B68     		ldr	r3, [r3]
 211 0072 2846     		mov	r0, r5
 212 0074 9847     		blx	r3
 213              	.LVL9:
 214 0076 F4E7     		b	.L12
 215              	.L18:
 216              		.align	2
 217              	.L17:
 218 0078 00000000 		.word	compress_data
 219 007c 00000000 		.word	compress_first_pass
 220 0080 00000000 		.word	compress_output
 221              		.cfi_endproc
 222              	.LFE8:
 224              		.section	.text.compress_output,"ax",%progbits
 225              		.align	1
 226              		.syntax unified
 227              		.thumb
 228              		.thumb_func
 229              		.fpu fpv4-sp-d16
 231              	compress_output:
 232              	.LVL10:
 233              	.LFB11:
 131:Middlewares/Third_Party/LibJPEG/source/jccoefct.c **** 
 132:Middlewares/Third_Party/LibJPEG/source/jccoefct.c **** 
 133:Middlewares/Third_Party/LibJPEG/source/jccoefct.c **** /*
 134:Middlewares/Third_Party/LibJPEG/source/jccoefct.c ****  * Process some data in the single-pass case.
 135:Middlewares/Third_Party/LibJPEG/source/jccoefct.c ****  * We process the equivalent of one fully interleaved MCU row ("iMCU" row)
 136:Middlewares/Third_Party/LibJPEG/source/jccoefct.c ****  * per call, ie, v_samp_factor block rows for each component in the image.
 137:Middlewares/Third_Party/LibJPEG/source/jccoefct.c ****  * Returns TRUE if the iMCU row is completed, FALSE if suspended.
ARM GAS  /tmp/ccR6P99q.s 			page 8


 138:Middlewares/Third_Party/LibJPEG/source/jccoefct.c ****  *
 139:Middlewares/Third_Party/LibJPEG/source/jccoefct.c ****  * NB: input_buf contains a plane for each component in image,
 140:Middlewares/Third_Party/LibJPEG/source/jccoefct.c ****  * which we index according to the component's SOF position.
 141:Middlewares/Third_Party/LibJPEG/source/jccoefct.c ****  */
 142:Middlewares/Third_Party/LibJPEG/source/jccoefct.c **** 
 143:Middlewares/Third_Party/LibJPEG/source/jccoefct.c **** METHODDEF(boolean)
 144:Middlewares/Third_Party/LibJPEG/source/jccoefct.c **** compress_data (j_compress_ptr cinfo, JSAMPIMAGE input_buf)
 145:Middlewares/Third_Party/LibJPEG/source/jccoefct.c **** {
 146:Middlewares/Third_Party/LibJPEG/source/jccoefct.c ****   my_coef_ptr coef = (my_coef_ptr) cinfo->coef;
 147:Middlewares/Third_Party/LibJPEG/source/jccoefct.c ****   JDIMENSION MCU_col_num;	/* index of current MCU within row */
 148:Middlewares/Third_Party/LibJPEG/source/jccoefct.c ****   JDIMENSION last_MCU_col = cinfo->MCUs_per_row - 1;
 149:Middlewares/Third_Party/LibJPEG/source/jccoefct.c ****   JDIMENSION last_iMCU_row = cinfo->total_iMCU_rows - 1;
 150:Middlewares/Third_Party/LibJPEG/source/jccoefct.c ****   int blkn, bi, ci, yindex, yoffset, blockcnt;
 151:Middlewares/Third_Party/LibJPEG/source/jccoefct.c ****   JDIMENSION ypos, xpos;
 152:Middlewares/Third_Party/LibJPEG/source/jccoefct.c ****   jpeg_component_info *compptr;
 153:Middlewares/Third_Party/LibJPEG/source/jccoefct.c ****   forward_DCT_ptr forward_DCT;
 154:Middlewares/Third_Party/LibJPEG/source/jccoefct.c **** 
 155:Middlewares/Third_Party/LibJPEG/source/jccoefct.c ****   /* Loop to write as much as one whole iMCU row */
 156:Middlewares/Third_Party/LibJPEG/source/jccoefct.c ****   for (yoffset = coef->MCU_vert_offset; yoffset < coef->MCU_rows_per_iMCU_row;
 157:Middlewares/Third_Party/LibJPEG/source/jccoefct.c ****        yoffset++) {
 158:Middlewares/Third_Party/LibJPEG/source/jccoefct.c ****     for (MCU_col_num = coef->mcu_ctr; MCU_col_num <= last_MCU_col;
 159:Middlewares/Third_Party/LibJPEG/source/jccoefct.c **** 	 MCU_col_num++) {
 160:Middlewares/Third_Party/LibJPEG/source/jccoefct.c ****       /* Determine where data comes from in input_buf and do the DCT thing.
 161:Middlewares/Third_Party/LibJPEG/source/jccoefct.c ****        * Each call on forward_DCT processes a horizontal row of DCT blocks
 162:Middlewares/Third_Party/LibJPEG/source/jccoefct.c ****        * as wide as an MCU; we rely on having allocated the MCU_buffer[] blocks
 163:Middlewares/Third_Party/LibJPEG/source/jccoefct.c ****        * sequentially.  Dummy blocks at the right or bottom edge are filled in
 164:Middlewares/Third_Party/LibJPEG/source/jccoefct.c ****        * specially.  The data in them does not matter for image reconstruction,
 165:Middlewares/Third_Party/LibJPEG/source/jccoefct.c ****        * so we fill them with values that will encode to the smallest amount of
 166:Middlewares/Third_Party/LibJPEG/source/jccoefct.c ****        * data, viz: all zeroes in the AC entries, DC entries equal to previous
 167:Middlewares/Third_Party/LibJPEG/source/jccoefct.c ****        * block's DC value.  (Thanks to Thomas Kinsman for this idea.)
 168:Middlewares/Third_Party/LibJPEG/source/jccoefct.c ****        */
 169:Middlewares/Third_Party/LibJPEG/source/jccoefct.c ****       blkn = 0;
 170:Middlewares/Third_Party/LibJPEG/source/jccoefct.c ****       for (ci = 0; ci < cinfo->comps_in_scan; ci++) {
 171:Middlewares/Third_Party/LibJPEG/source/jccoefct.c **** 	compptr = cinfo->cur_comp_info[ci];
 172:Middlewares/Third_Party/LibJPEG/source/jccoefct.c **** 	forward_DCT = cinfo->fdct->forward_DCT[compptr->component_index];
 173:Middlewares/Third_Party/LibJPEG/source/jccoefct.c **** 	blockcnt = (MCU_col_num < last_MCU_col) ? compptr->MCU_width
 174:Middlewares/Third_Party/LibJPEG/source/jccoefct.c **** 						: compptr->last_col_width;
 175:Middlewares/Third_Party/LibJPEG/source/jccoefct.c **** 	xpos = MCU_col_num * compptr->MCU_sample_width;
 176:Middlewares/Third_Party/LibJPEG/source/jccoefct.c **** 	ypos = yoffset * compptr->DCT_v_scaled_size;
 177:Middlewares/Third_Party/LibJPEG/source/jccoefct.c **** 	/* ypos == (yoffset+yindex) * DCTSIZE */
 178:Middlewares/Third_Party/LibJPEG/source/jccoefct.c **** 	for (yindex = 0; yindex < compptr->MCU_height; yindex++) {
 179:Middlewares/Third_Party/LibJPEG/source/jccoefct.c **** 	  if (coef->iMCU_row_num < last_iMCU_row ||
 180:Middlewares/Third_Party/LibJPEG/source/jccoefct.c **** 	      yoffset+yindex < compptr->last_row_height) {
 181:Middlewares/Third_Party/LibJPEG/source/jccoefct.c **** 	    (*forward_DCT) (cinfo, compptr,
 182:Middlewares/Third_Party/LibJPEG/source/jccoefct.c **** 			    input_buf[compptr->component_index],
 183:Middlewares/Third_Party/LibJPEG/source/jccoefct.c **** 			    coef->MCU_buffer[blkn],
 184:Middlewares/Third_Party/LibJPEG/source/jccoefct.c **** 			    ypos, xpos, (JDIMENSION) blockcnt);
 185:Middlewares/Third_Party/LibJPEG/source/jccoefct.c **** 	    if (blockcnt < compptr->MCU_width) {
 186:Middlewares/Third_Party/LibJPEG/source/jccoefct.c **** 	      /* Create some dummy blocks at the right edge of the image. */
 187:Middlewares/Third_Party/LibJPEG/source/jccoefct.c **** 	      FMEMZERO((void FAR *) coef->MCU_buffer[blkn + blockcnt],
 188:Middlewares/Third_Party/LibJPEG/source/jccoefct.c **** 		       (compptr->MCU_width - blockcnt) * SIZEOF(JBLOCK));
 189:Middlewares/Third_Party/LibJPEG/source/jccoefct.c **** 	      for (bi = blockcnt; bi < compptr->MCU_width; bi++) {
 190:Middlewares/Third_Party/LibJPEG/source/jccoefct.c **** 		coef->MCU_buffer[blkn+bi][0][0] = coef->MCU_buffer[blkn+bi-1][0][0];
 191:Middlewares/Third_Party/LibJPEG/source/jccoefct.c **** 	      }
 192:Middlewares/Third_Party/LibJPEG/source/jccoefct.c **** 	    }
 193:Middlewares/Third_Party/LibJPEG/source/jccoefct.c **** 	  } else {
 194:Middlewares/Third_Party/LibJPEG/source/jccoefct.c **** 	    /* Create a row of dummy blocks at the bottom of the image. */
ARM GAS  /tmp/ccR6P99q.s 			page 9


 195:Middlewares/Third_Party/LibJPEG/source/jccoefct.c **** 	    FMEMZERO((void FAR *) coef->MCU_buffer[blkn],
 196:Middlewares/Third_Party/LibJPEG/source/jccoefct.c **** 		     compptr->MCU_width * SIZEOF(JBLOCK));
 197:Middlewares/Third_Party/LibJPEG/source/jccoefct.c **** 	    for (bi = 0; bi < compptr->MCU_width; bi++) {
 198:Middlewares/Third_Party/LibJPEG/source/jccoefct.c **** 	      coef->MCU_buffer[blkn+bi][0][0] = coef->MCU_buffer[blkn-1][0][0];
 199:Middlewares/Third_Party/LibJPEG/source/jccoefct.c **** 	    }
 200:Middlewares/Third_Party/LibJPEG/source/jccoefct.c **** 	  }
 201:Middlewares/Third_Party/LibJPEG/source/jccoefct.c **** 	  blkn += compptr->MCU_width;
 202:Middlewares/Third_Party/LibJPEG/source/jccoefct.c **** 	  ypos += compptr->DCT_v_scaled_size;
 203:Middlewares/Third_Party/LibJPEG/source/jccoefct.c **** 	}
 204:Middlewares/Third_Party/LibJPEG/source/jccoefct.c ****       }
 205:Middlewares/Third_Party/LibJPEG/source/jccoefct.c ****       /* Try to write the MCU.  In event of a suspension failure, we will
 206:Middlewares/Third_Party/LibJPEG/source/jccoefct.c ****        * re-DCT the MCU on restart (a bit inefficient, could be fixed...)
 207:Middlewares/Third_Party/LibJPEG/source/jccoefct.c ****        */
 208:Middlewares/Third_Party/LibJPEG/source/jccoefct.c ****       if (! (*cinfo->entropy->encode_mcu) (cinfo, coef->MCU_buffer)) {
 209:Middlewares/Third_Party/LibJPEG/source/jccoefct.c **** 	/* Suspension forced; update state counters and exit */
 210:Middlewares/Third_Party/LibJPEG/source/jccoefct.c **** 	coef->MCU_vert_offset = yoffset;
 211:Middlewares/Third_Party/LibJPEG/source/jccoefct.c **** 	coef->mcu_ctr = MCU_col_num;
 212:Middlewares/Third_Party/LibJPEG/source/jccoefct.c **** 	return FALSE;
 213:Middlewares/Third_Party/LibJPEG/source/jccoefct.c ****       }
 214:Middlewares/Third_Party/LibJPEG/source/jccoefct.c ****     }
 215:Middlewares/Third_Party/LibJPEG/source/jccoefct.c ****     /* Completed an MCU row, but perhaps not an iMCU row */
 216:Middlewares/Third_Party/LibJPEG/source/jccoefct.c ****     coef->mcu_ctr = 0;
 217:Middlewares/Third_Party/LibJPEG/source/jccoefct.c ****   }
 218:Middlewares/Third_Party/LibJPEG/source/jccoefct.c ****   /* Completed the iMCU row, advance counters for next one */
 219:Middlewares/Third_Party/LibJPEG/source/jccoefct.c ****   coef->iMCU_row_num++;
 220:Middlewares/Third_Party/LibJPEG/source/jccoefct.c ****   start_iMCU_row(cinfo);
 221:Middlewares/Third_Party/LibJPEG/source/jccoefct.c ****   return TRUE;
 222:Middlewares/Third_Party/LibJPEG/source/jccoefct.c **** }
 223:Middlewares/Third_Party/LibJPEG/source/jccoefct.c **** 
 224:Middlewares/Third_Party/LibJPEG/source/jccoefct.c **** 
 225:Middlewares/Third_Party/LibJPEG/source/jccoefct.c **** #ifdef FULL_COEF_BUFFER_SUPPORTED
 226:Middlewares/Third_Party/LibJPEG/source/jccoefct.c **** 
 227:Middlewares/Third_Party/LibJPEG/source/jccoefct.c **** /*
 228:Middlewares/Third_Party/LibJPEG/source/jccoefct.c ****  * Process some data in the first pass of a multi-pass case.
 229:Middlewares/Third_Party/LibJPEG/source/jccoefct.c ****  * We process the equivalent of one fully interleaved MCU row ("iMCU" row)
 230:Middlewares/Third_Party/LibJPEG/source/jccoefct.c ****  * per call, ie, v_samp_factor block rows for each component in the image.
 231:Middlewares/Third_Party/LibJPEG/source/jccoefct.c ****  * This amount of data is read from the source buffer, DCT'd and quantized,
 232:Middlewares/Third_Party/LibJPEG/source/jccoefct.c ****  * and saved into the virtual arrays.  We also generate suitable dummy blocks
 233:Middlewares/Third_Party/LibJPEG/source/jccoefct.c ****  * as needed at the right and lower edges.  (The dummy blocks are constructed
 234:Middlewares/Third_Party/LibJPEG/source/jccoefct.c ****  * in the virtual arrays, which have been padded appropriately.)  This makes
 235:Middlewares/Third_Party/LibJPEG/source/jccoefct.c ****  * it possible for subsequent passes not to worry about real vs. dummy blocks.
 236:Middlewares/Third_Party/LibJPEG/source/jccoefct.c ****  *
 237:Middlewares/Third_Party/LibJPEG/source/jccoefct.c ****  * We must also emit the data to the entropy encoder.  This is conveniently
 238:Middlewares/Third_Party/LibJPEG/source/jccoefct.c ****  * done by calling compress_output() after we've loaded the current strip
 239:Middlewares/Third_Party/LibJPEG/source/jccoefct.c ****  * of the virtual arrays.
 240:Middlewares/Third_Party/LibJPEG/source/jccoefct.c ****  *
 241:Middlewares/Third_Party/LibJPEG/source/jccoefct.c ****  * NB: input_buf contains a plane for each component in image.  All
 242:Middlewares/Third_Party/LibJPEG/source/jccoefct.c ****  * components are DCT'd and loaded into the virtual arrays in this pass.
 243:Middlewares/Third_Party/LibJPEG/source/jccoefct.c ****  * However, it may be that only a subset of the components are emitted to
 244:Middlewares/Third_Party/LibJPEG/source/jccoefct.c ****  * the entropy encoder during this first pass; be careful about looking
 245:Middlewares/Third_Party/LibJPEG/source/jccoefct.c ****  * at the scan-dependent variables (MCU dimensions, etc).
 246:Middlewares/Third_Party/LibJPEG/source/jccoefct.c ****  */
 247:Middlewares/Third_Party/LibJPEG/source/jccoefct.c **** 
 248:Middlewares/Third_Party/LibJPEG/source/jccoefct.c **** METHODDEF(boolean)
 249:Middlewares/Third_Party/LibJPEG/source/jccoefct.c **** compress_first_pass (j_compress_ptr cinfo, JSAMPIMAGE input_buf)
 250:Middlewares/Third_Party/LibJPEG/source/jccoefct.c **** {
 251:Middlewares/Third_Party/LibJPEG/source/jccoefct.c ****   my_coef_ptr coef = (my_coef_ptr) cinfo->coef;
ARM GAS  /tmp/ccR6P99q.s 			page 10


 252:Middlewares/Third_Party/LibJPEG/source/jccoefct.c ****   JDIMENSION last_iMCU_row = cinfo->total_iMCU_rows - 1;
 253:Middlewares/Third_Party/LibJPEG/source/jccoefct.c ****   JDIMENSION blocks_across, MCUs_across, MCUindex;
 254:Middlewares/Third_Party/LibJPEG/source/jccoefct.c ****   int bi, ci, h_samp_factor, block_row, block_rows, ndummy;
 255:Middlewares/Third_Party/LibJPEG/source/jccoefct.c ****   JCOEF lastDC;
 256:Middlewares/Third_Party/LibJPEG/source/jccoefct.c ****   jpeg_component_info *compptr;
 257:Middlewares/Third_Party/LibJPEG/source/jccoefct.c ****   JBLOCKARRAY buffer;
 258:Middlewares/Third_Party/LibJPEG/source/jccoefct.c ****   JBLOCKROW thisblockrow, lastblockrow;
 259:Middlewares/Third_Party/LibJPEG/source/jccoefct.c ****   forward_DCT_ptr forward_DCT;
 260:Middlewares/Third_Party/LibJPEG/source/jccoefct.c **** 
 261:Middlewares/Third_Party/LibJPEG/source/jccoefct.c ****   for (ci = 0, compptr = cinfo->comp_info; ci < cinfo->num_components;
 262:Middlewares/Third_Party/LibJPEG/source/jccoefct.c ****        ci++, compptr++) {
 263:Middlewares/Third_Party/LibJPEG/source/jccoefct.c ****     /* Align the virtual buffer for this component. */
 264:Middlewares/Third_Party/LibJPEG/source/jccoefct.c ****     buffer = (*cinfo->mem->access_virt_barray)
 265:Middlewares/Third_Party/LibJPEG/source/jccoefct.c ****       ((j_common_ptr) cinfo, coef->whole_image[ci],
 266:Middlewares/Third_Party/LibJPEG/source/jccoefct.c ****        coef->iMCU_row_num * compptr->v_samp_factor,
 267:Middlewares/Third_Party/LibJPEG/source/jccoefct.c ****        (JDIMENSION) compptr->v_samp_factor, TRUE);
 268:Middlewares/Third_Party/LibJPEG/source/jccoefct.c ****     /* Count non-dummy DCT block rows in this iMCU row. */
 269:Middlewares/Third_Party/LibJPEG/source/jccoefct.c ****     if (coef->iMCU_row_num < last_iMCU_row)
 270:Middlewares/Third_Party/LibJPEG/source/jccoefct.c ****       block_rows = compptr->v_samp_factor;
 271:Middlewares/Third_Party/LibJPEG/source/jccoefct.c ****     else {
 272:Middlewares/Third_Party/LibJPEG/source/jccoefct.c ****       /* NB: can't use last_row_height here, since may not be set! */
 273:Middlewares/Third_Party/LibJPEG/source/jccoefct.c ****       block_rows = (int) (compptr->height_in_blocks % compptr->v_samp_factor);
 274:Middlewares/Third_Party/LibJPEG/source/jccoefct.c ****       if (block_rows == 0) block_rows = compptr->v_samp_factor;
 275:Middlewares/Third_Party/LibJPEG/source/jccoefct.c ****     }
 276:Middlewares/Third_Party/LibJPEG/source/jccoefct.c ****     blocks_across = compptr->width_in_blocks;
 277:Middlewares/Third_Party/LibJPEG/source/jccoefct.c ****     h_samp_factor = compptr->h_samp_factor;
 278:Middlewares/Third_Party/LibJPEG/source/jccoefct.c ****     /* Count number of dummy blocks to be added at the right margin. */
 279:Middlewares/Third_Party/LibJPEG/source/jccoefct.c ****     ndummy = (int) (blocks_across % h_samp_factor);
 280:Middlewares/Third_Party/LibJPEG/source/jccoefct.c ****     if (ndummy > 0)
 281:Middlewares/Third_Party/LibJPEG/source/jccoefct.c ****       ndummy = h_samp_factor - ndummy;
 282:Middlewares/Third_Party/LibJPEG/source/jccoefct.c ****     forward_DCT = cinfo->fdct->forward_DCT[ci];
 283:Middlewares/Third_Party/LibJPEG/source/jccoefct.c ****     /* Perform DCT for all non-dummy blocks in this iMCU row.  Each call
 284:Middlewares/Third_Party/LibJPEG/source/jccoefct.c ****      * on forward_DCT processes a complete horizontal row of DCT blocks.
 285:Middlewares/Third_Party/LibJPEG/source/jccoefct.c ****      */
 286:Middlewares/Third_Party/LibJPEG/source/jccoefct.c ****     for (block_row = 0; block_row < block_rows; block_row++) {
 287:Middlewares/Third_Party/LibJPEG/source/jccoefct.c ****       thisblockrow = buffer[block_row];
 288:Middlewares/Third_Party/LibJPEG/source/jccoefct.c ****       (*forward_DCT) (cinfo, compptr, input_buf[ci], thisblockrow,
 289:Middlewares/Third_Party/LibJPEG/source/jccoefct.c **** 		      (JDIMENSION) (block_row * compptr->DCT_v_scaled_size),
 290:Middlewares/Third_Party/LibJPEG/source/jccoefct.c **** 		      (JDIMENSION) 0, blocks_across);
 291:Middlewares/Third_Party/LibJPEG/source/jccoefct.c ****       if (ndummy > 0) {
 292:Middlewares/Third_Party/LibJPEG/source/jccoefct.c **** 	/* Create dummy blocks at the right edge of the image. */
 293:Middlewares/Third_Party/LibJPEG/source/jccoefct.c **** 	thisblockrow += blocks_across; /* => first dummy block */
 294:Middlewares/Third_Party/LibJPEG/source/jccoefct.c **** 	FMEMZERO((void FAR *) thisblockrow, ndummy * SIZEOF(JBLOCK));
 295:Middlewares/Third_Party/LibJPEG/source/jccoefct.c **** 	lastDC = thisblockrow[-1][0];
 296:Middlewares/Third_Party/LibJPEG/source/jccoefct.c **** 	for (bi = 0; bi < ndummy; bi++) {
 297:Middlewares/Third_Party/LibJPEG/source/jccoefct.c **** 	  thisblockrow[bi][0] = lastDC;
 298:Middlewares/Third_Party/LibJPEG/source/jccoefct.c **** 	}
 299:Middlewares/Third_Party/LibJPEG/source/jccoefct.c ****       }
 300:Middlewares/Third_Party/LibJPEG/source/jccoefct.c ****     }
 301:Middlewares/Third_Party/LibJPEG/source/jccoefct.c ****     /* If at end of image, create dummy block rows as needed.
 302:Middlewares/Third_Party/LibJPEG/source/jccoefct.c ****      * The tricky part here is that within each MCU, we want the DC values
 303:Middlewares/Third_Party/LibJPEG/source/jccoefct.c ****      * of the dummy blocks to match the last real block's DC value.
 304:Middlewares/Third_Party/LibJPEG/source/jccoefct.c ****      * This squeezes a few more bytes out of the resulting file...
 305:Middlewares/Third_Party/LibJPEG/source/jccoefct.c ****      */
 306:Middlewares/Third_Party/LibJPEG/source/jccoefct.c ****     if (coef->iMCU_row_num == last_iMCU_row) {
 307:Middlewares/Third_Party/LibJPEG/source/jccoefct.c ****       blocks_across += ndummy;	/* include lower right corner */
 308:Middlewares/Third_Party/LibJPEG/source/jccoefct.c ****       MCUs_across = blocks_across / h_samp_factor;
ARM GAS  /tmp/ccR6P99q.s 			page 11


 309:Middlewares/Third_Party/LibJPEG/source/jccoefct.c ****       for (block_row = block_rows; block_row < compptr->v_samp_factor;
 310:Middlewares/Third_Party/LibJPEG/source/jccoefct.c **** 	   block_row++) {
 311:Middlewares/Third_Party/LibJPEG/source/jccoefct.c **** 	thisblockrow = buffer[block_row];
 312:Middlewares/Third_Party/LibJPEG/source/jccoefct.c **** 	lastblockrow = buffer[block_row-1];
 313:Middlewares/Third_Party/LibJPEG/source/jccoefct.c **** 	FMEMZERO((void FAR *) thisblockrow,
 314:Middlewares/Third_Party/LibJPEG/source/jccoefct.c **** 		 (size_t) (blocks_across * SIZEOF(JBLOCK)));
 315:Middlewares/Third_Party/LibJPEG/source/jccoefct.c **** 	for (MCUindex = 0; MCUindex < MCUs_across; MCUindex++) {
 316:Middlewares/Third_Party/LibJPEG/source/jccoefct.c **** 	  lastDC = lastblockrow[h_samp_factor-1][0];
 317:Middlewares/Third_Party/LibJPEG/source/jccoefct.c **** 	  for (bi = 0; bi < h_samp_factor; bi++) {
 318:Middlewares/Third_Party/LibJPEG/source/jccoefct.c **** 	    thisblockrow[bi][0] = lastDC;
 319:Middlewares/Third_Party/LibJPEG/source/jccoefct.c **** 	  }
 320:Middlewares/Third_Party/LibJPEG/source/jccoefct.c **** 	  thisblockrow += h_samp_factor; /* advance to next MCU in row */
 321:Middlewares/Third_Party/LibJPEG/source/jccoefct.c **** 	  lastblockrow += h_samp_factor;
 322:Middlewares/Third_Party/LibJPEG/source/jccoefct.c **** 	}
 323:Middlewares/Third_Party/LibJPEG/source/jccoefct.c ****       }
 324:Middlewares/Third_Party/LibJPEG/source/jccoefct.c ****     }
 325:Middlewares/Third_Party/LibJPEG/source/jccoefct.c ****   }
 326:Middlewares/Third_Party/LibJPEG/source/jccoefct.c ****   /* NB: compress_output will increment iMCU_row_num if successful.
 327:Middlewares/Third_Party/LibJPEG/source/jccoefct.c ****    * A suspension return will result in redoing all the work above next time.
 328:Middlewares/Third_Party/LibJPEG/source/jccoefct.c ****    */
 329:Middlewares/Third_Party/LibJPEG/source/jccoefct.c **** 
 330:Middlewares/Third_Party/LibJPEG/source/jccoefct.c ****   /* Emit data to the entropy encoder, sharing code with subsequent passes */
 331:Middlewares/Third_Party/LibJPEG/source/jccoefct.c ****   return compress_output(cinfo, input_buf);
 332:Middlewares/Third_Party/LibJPEG/source/jccoefct.c **** }
 333:Middlewares/Third_Party/LibJPEG/source/jccoefct.c **** 
 334:Middlewares/Third_Party/LibJPEG/source/jccoefct.c **** 
 335:Middlewares/Third_Party/LibJPEG/source/jccoefct.c **** /*
 336:Middlewares/Third_Party/LibJPEG/source/jccoefct.c ****  * Process some data in subsequent passes of a multi-pass case.
 337:Middlewares/Third_Party/LibJPEG/source/jccoefct.c ****  * We process the equivalent of one fully interleaved MCU row ("iMCU" row)
 338:Middlewares/Third_Party/LibJPEG/source/jccoefct.c ****  * per call, ie, v_samp_factor block rows for each component in the scan.
 339:Middlewares/Third_Party/LibJPEG/source/jccoefct.c ****  * The data is obtained from the virtual arrays and fed to the entropy coder.
 340:Middlewares/Third_Party/LibJPEG/source/jccoefct.c ****  * Returns TRUE if the iMCU row is completed, FALSE if suspended.
 341:Middlewares/Third_Party/LibJPEG/source/jccoefct.c ****  *
 342:Middlewares/Third_Party/LibJPEG/source/jccoefct.c ****  * NB: input_buf is ignored; it is likely to be a NULL pointer.
 343:Middlewares/Third_Party/LibJPEG/source/jccoefct.c ****  */
 344:Middlewares/Third_Party/LibJPEG/source/jccoefct.c **** 
 345:Middlewares/Third_Party/LibJPEG/source/jccoefct.c **** METHODDEF(boolean)
 346:Middlewares/Third_Party/LibJPEG/source/jccoefct.c **** compress_output (j_compress_ptr cinfo, JSAMPIMAGE input_buf)
 347:Middlewares/Third_Party/LibJPEG/source/jccoefct.c **** {
 234              		.loc 1 347 1 view -0
 235              		.cfi_startproc
 236              		@ args = 0, pretend = 0, frame = 16
 237              		@ frame_needed = 0, uses_anonymous_args = 0
 238              		.loc 1 347 1 is_stmt 0 view .LVU60
 239 0000 2DE9F043 		push	{r4, r5, r6, r7, r8, r9, lr}
 240              	.LCFI1:
 241              		.cfi_def_cfa_offset 28
 242              		.cfi_offset 4, -28
 243              		.cfi_offset 5, -24
 244              		.cfi_offset 6, -20
 245              		.cfi_offset 7, -16
 246              		.cfi_offset 8, -12
 247              		.cfi_offset 9, -8
 248              		.cfi_offset 14, -4
 249 0004 87B0     		sub	sp, sp, #28
 250              	.LCFI2:
 251              		.cfi_def_cfa_offset 56
ARM GAS  /tmp/ccR6P99q.s 			page 12


 252 0006 0646     		mov	r6, r0
 348:Middlewares/Third_Party/LibJPEG/source/jccoefct.c ****   my_coef_ptr coef = (my_coef_ptr) cinfo->coef;
 253              		.loc 1 348 3 is_stmt 1 view .LVU61
 254              		.loc 1 348 15 is_stmt 0 view .LVU62
 255 0008 D0F89041 		ldr	r4, [r0, #400]
 256              	.LVL11:
 349:Middlewares/Third_Party/LibJPEG/source/jccoefct.c ****   JDIMENSION MCU_col_num;	/* index of current MCU within row */
 257              		.loc 1 349 3 is_stmt 1 view .LVU63
 350:Middlewares/Third_Party/LibJPEG/source/jccoefct.c ****   int blkn, ci, xindex, yindex, yoffset;
 258              		.loc 1 350 3 view .LVU64
 351:Middlewares/Third_Party/LibJPEG/source/jccoefct.c ****   JDIMENSION start_col;
 259              		.loc 1 351 3 view .LVU65
 352:Middlewares/Third_Party/LibJPEG/source/jccoefct.c ****   JBLOCKARRAY buffer[MAX_COMPS_IN_SCAN];
 260              		.loc 1 352 3 view .LVU66
 353:Middlewares/Third_Party/LibJPEG/source/jccoefct.c ****   JBLOCKROW buffer_ptr;
 261              		.loc 1 353 3 view .LVU67
 354:Middlewares/Third_Party/LibJPEG/source/jccoefct.c ****   jpeg_component_info *compptr;
 262              		.loc 1 354 3 view .LVU68
 355:Middlewares/Third_Party/LibJPEG/source/jccoefct.c **** 
 356:Middlewares/Third_Party/LibJPEG/source/jccoefct.c ****   /* Align the virtual buffers for the components used in this scan.
 357:Middlewares/Third_Party/LibJPEG/source/jccoefct.c ****    * NB: during first pass, this is safe only because the buffers will
 358:Middlewares/Third_Party/LibJPEG/source/jccoefct.c ****    * already be aligned properly, so jmemmgr.c won't need to do any I/O.
 359:Middlewares/Third_Party/LibJPEG/source/jccoefct.c ****    */
 360:Middlewares/Third_Party/LibJPEG/source/jccoefct.c ****   for (ci = 0; ci < cinfo->comps_in_scan; ci++) {
 263              		.loc 1 360 3 view .LVU69
 264              		.loc 1 360 11 is_stmt 0 view .LVU70
 265 000c 0025     		movs	r5, #0
 266              		.loc 1 360 3 view .LVU71
 267 000e 18E0     		b	.L20
 268              	.LVL12:
 269              	.L21:
 361:Middlewares/Third_Party/LibJPEG/source/jccoefct.c ****     compptr = cinfo->cur_comp_info[ci];
 270              		.loc 1 361 5 is_stmt 1 discriminator 3 view .LVU72
 271              		.loc 1 361 13 is_stmt 0 discriminator 3 view .LVU73
 272 0010 05F14803 		add	r3, r5, #72
 273 0014 06EB8303 		add	r3, r6, r3, lsl #2
 274 0018 5B68     		ldr	r3, [r3, #4]
 275              	.LVL13:
 362:Middlewares/Third_Party/LibJPEG/source/jccoefct.c ****     buffer[ci] = (*cinfo->mem->access_virt_barray)
 276              		.loc 1 362 5 is_stmt 1 discriminator 3 view .LVU74
 277              		.loc 1 362 25 is_stmt 0 discriminator 3 view .LVU75
 278 001a 7068     		ldr	r0, [r6, #4]
 363:Middlewares/Third_Party/LibJPEG/source/jccoefct.c ****       ((j_common_ptr) cinfo, coef->whole_image[compptr->component_index],
 279              		.loc 1 363 55 discriminator 3 view .LVU76
 280 001c 5968     		ldr	r1, [r3, #4]
 364:Middlewares/Third_Party/LibJPEG/source/jccoefct.c ****        coef->iMCU_row_num * compptr->v_samp_factor,
 281              		.loc 1 364 12 discriminator 3 view .LVU77
 282 001e A268     		ldr	r2, [r4, #8]
 283              		.loc 1 364 36 discriminator 3 view .LVU78
 284 0020 DB68     		ldr	r3, [r3, #12]
 285              	.LVL14:
 362:Middlewares/Third_Party/LibJPEG/source/jccoefct.c ****     buffer[ci] = (*cinfo->mem->access_virt_barray)
 286              		.loc 1 362 19 discriminator 3 view .LVU79
 287 0022 1031     		adds	r1, r1, #16
 288 0024 54F82110 		ldr	r1, [r4, r1, lsl #2]
 289 0028 0027     		movs	r7, #0
 290 002a 0097     		str	r7, [sp]
ARM GAS  /tmp/ccR6P99q.s 			page 13


 291              	.LVL15:
 362:Middlewares/Third_Party/LibJPEG/source/jccoefct.c ****     buffer[ci] = (*cinfo->mem->access_virt_barray)
 292              		.loc 1 362 19 discriminator 3 view .LVU80
 293 002c 076A     		ldr	r7, [r0, #32]
 294 002e 03FB02F2 		mul	r2, r3, r2
 295 0032 3046     		mov	r0, r6
 296 0034 B847     		blx	r7
 297              	.LVL16:
 362:Middlewares/Third_Party/LibJPEG/source/jccoefct.c ****     buffer[ci] = (*cinfo->mem->access_virt_barray)
 298              		.loc 1 362 16 discriminator 3 view .LVU81
 299 0036 06AB     		add	r3, sp, #24
 300 0038 03EB8503 		add	r3, r3, r5, lsl #2
 301 003c 43F8100C 		str	r0, [r3, #-16]
 360:Middlewares/Third_Party/LibJPEG/source/jccoefct.c ****     compptr = cinfo->cur_comp_info[ci];
 302              		.loc 1 360 43 is_stmt 1 discriminator 3 view .LVU82
 360:Middlewares/Third_Party/LibJPEG/source/jccoefct.c ****     compptr = cinfo->cur_comp_info[ci];
 303              		.loc 1 360 45 is_stmt 0 discriminator 3 view .LVU83
 304 0040 0135     		adds	r5, r5, #1
 305              	.LVL17:
 306              	.L20:
 360:Middlewares/Third_Party/LibJPEG/source/jccoefct.c ****     compptr = cinfo->cur_comp_info[ci];
 307              		.loc 1 360 16 is_stmt 1 discriminator 1 view .LVU84
 360:Middlewares/Third_Party/LibJPEG/source/jccoefct.c ****     compptr = cinfo->cur_comp_info[ci];
 308              		.loc 1 360 26 is_stmt 0 discriminator 1 view .LVU85
 309 0042 D6F82031 		ldr	r3, [r6, #288]
 360:Middlewares/Third_Party/LibJPEG/source/jccoefct.c ****     compptr = cinfo->cur_comp_info[ci];
 310              		.loc 1 360 3 discriminator 1 view .LVU86
 311 0046 AB42     		cmp	r3, r5
 312 0048 E2DC     		bgt	.L21
 365:Middlewares/Third_Party/LibJPEG/source/jccoefct.c ****        (JDIMENSION) compptr->v_samp_factor, FALSE);
 366:Middlewares/Third_Party/LibJPEG/source/jccoefct.c ****   }
 367:Middlewares/Third_Party/LibJPEG/source/jccoefct.c **** 
 368:Middlewares/Third_Party/LibJPEG/source/jccoefct.c ****   /* Loop to process one whole iMCU row */
 369:Middlewares/Third_Party/LibJPEG/source/jccoefct.c ****   for (yoffset = coef->MCU_vert_offset; yoffset < coef->MCU_rows_per_iMCU_row;
 313              		.loc 1 369 3 is_stmt 1 view .LVU87
 314              		.loc 1 369 16 is_stmt 0 view .LVU88
 315 004a 2569     		ldr	r5, [r4, #16]
 316              	.LVL18:
 317              	.L22:
 318              		.loc 1 369 41 is_stmt 1 discriminator 1 view .LVU89
 319              		.loc 1 369 55 is_stmt 0 discriminator 1 view .LVU90
 320 004c 6369     		ldr	r3, [r4, #20]
 321              		.loc 1 369 3 discriminator 1 view .LVU91
 322 004e AB42     		cmp	r3, r5
 323 0050 4DDD     		ble	.L35
 370:Middlewares/Third_Party/LibJPEG/source/jccoefct.c ****        yoffset++) {
 371:Middlewares/Third_Party/LibJPEG/source/jccoefct.c ****     for (MCU_col_num = coef->mcu_ctr; MCU_col_num < cinfo->MCUs_per_row;
 324              		.loc 1 371 5 is_stmt 1 view .LVU92
 325              		.loc 1 371 22 is_stmt 0 view .LVU93
 326 0052 E768     		ldr	r7, [r4, #12]
 327              	.LVL19:
 328              		.loc 1 371 5 view .LVU94
 329 0054 39E0     		b	.L23
 330              	.LVL20:
 331              	.L26:
 372:Middlewares/Third_Party/LibJPEG/source/jccoefct.c **** 	 MCU_col_num++) {
 373:Middlewares/Third_Party/LibJPEG/source/jccoefct.c ****       /* Construct list of pointers to DCT blocks belonging to this MCU */
ARM GAS  /tmp/ccR6P99q.s 			page 14


 374:Middlewares/Third_Party/LibJPEG/source/jccoefct.c ****       blkn = 0;			/* index of current DCT block within MCU */
 375:Middlewares/Third_Party/LibJPEG/source/jccoefct.c ****       for (ci = 0; ci < cinfo->comps_in_scan; ci++) {
 376:Middlewares/Third_Party/LibJPEG/source/jccoefct.c **** 	compptr = cinfo->cur_comp_info[ci];
 377:Middlewares/Third_Party/LibJPEG/source/jccoefct.c **** 	start_col = MCU_col_num * compptr->MCU_width;
 378:Middlewares/Third_Party/LibJPEG/source/jccoefct.c **** 	for (yindex = 0; yindex < compptr->MCU_height; yindex++) {
 379:Middlewares/Third_Party/LibJPEG/source/jccoefct.c **** 	  buffer_ptr = buffer[ci][yindex+yoffset] + start_col;
 380:Middlewares/Third_Party/LibJPEG/source/jccoefct.c **** 	  for (xindex = 0; xindex < compptr->MCU_width; xindex++) {
 381:Middlewares/Third_Party/LibJPEG/source/jccoefct.c **** 	    coef->MCU_buffer[blkn++] = buffer_ptr++;
 332              		.loc 1 381 6 is_stmt 1 discriminator 3 view .LVU95
 333              		.loc 1 381 31 is_stmt 0 discriminator 3 view .LVU96
 334 0056 881D     		adds	r0, r1, #6
 335 0058 44F82030 		str	r3, [r4, r0, lsl #2]
 380:Middlewares/Third_Party/LibJPEG/source/jccoefct.c **** 	    coef->MCU_buffer[blkn++] = buffer_ptr++;
 336              		.loc 1 380 50 is_stmt 1 discriminator 3 view .LVU97
 380:Middlewares/Third_Party/LibJPEG/source/jccoefct.c **** 	    coef->MCU_buffer[blkn++] = buffer_ptr++;
 337              		.loc 1 380 56 is_stmt 0 discriminator 3 view .LVU98
 338 005c 0132     		adds	r2, r2, #1
 339              	.LVL21:
 340              		.loc 1 381 43 discriminator 3 view .LVU99
 341 005e 8033     		adds	r3, r3, #128
 342              	.LVL22:
 343              		.loc 1 381 27 discriminator 3 view .LVU100
 344 0060 0131     		adds	r1, r1, #1
 345              	.LVL23:
 346              	.L25:
 380:Middlewares/Third_Party/LibJPEG/source/jccoefct.c **** 	    coef->MCU_buffer[blkn++] = buffer_ptr++;
 347              		.loc 1 380 21 is_stmt 1 discriminator 1 view .LVU101
 380:Middlewares/Third_Party/LibJPEG/source/jccoefct.c **** 	    coef->MCU_buffer[blkn++] = buffer_ptr++;
 348              		.loc 1 380 37 is_stmt 0 discriminator 1 view .LVU102
 349 0062 DCF83800 		ldr	r0, [ip, #56]
 380:Middlewares/Third_Party/LibJPEG/source/jccoefct.c **** 	    coef->MCU_buffer[blkn++] = buffer_ptr++;
 350              		.loc 1 380 4 discriminator 1 view .LVU103
 351 0066 9042     		cmp	r0, r2
 352 0068 F5DC     		bgt	.L26
 378:Middlewares/Third_Party/LibJPEG/source/jccoefct.c **** 	  buffer_ptr = buffer[ci][yindex+yoffset] + start_col;
 353              		.loc 1 378 49 is_stmt 1 discriminator 2 view .LVU104
 378:Middlewares/Third_Party/LibJPEG/source/jccoefct.c **** 	  buffer_ptr = buffer[ci][yindex+yoffset] + start_col;
 354              		.loc 1 378 55 is_stmt 0 discriminator 2 view .LVU105
 355 006a 0EF1010E 		add	lr, lr, #1
 356              	.LVL24:
 357              	.L24:
 378:Middlewares/Third_Party/LibJPEG/source/jccoefct.c **** 	  buffer_ptr = buffer[ci][yindex+yoffset] + start_col;
 358              		.loc 1 378 19 is_stmt 1 discriminator 1 view .LVU106
 378:Middlewares/Third_Party/LibJPEG/source/jccoefct.c **** 	  buffer_ptr = buffer[ci][yindex+yoffset] + start_col;
 359              		.loc 1 378 35 is_stmt 0 discriminator 1 view .LVU107
 360 006e DCF83C30 		ldr	r3, [ip, #60]
 378:Middlewares/Third_Party/LibJPEG/source/jccoefct.c **** 	  buffer_ptr = buffer[ci][yindex+yoffset] + start_col;
 361              		.loc 1 378 2 discriminator 1 view .LVU108
 362 0072 7345     		cmp	r3, lr
 363 0074 0CDD     		ble	.L36
 379:Middlewares/Third_Party/LibJPEG/source/jccoefct.c **** 	  for (xindex = 0; xindex < compptr->MCU_width; xindex++) {
 364              		.loc 1 379 4 is_stmt 1 view .LVU109
 379:Middlewares/Third_Party/LibJPEG/source/jccoefct.c **** 	  for (xindex = 0; xindex < compptr->MCU_width; xindex++) {
 365              		.loc 1 379 23 is_stmt 0 view .LVU110
 366 0076 06AB     		add	r3, sp, #24
 367 0078 03EB8803 		add	r3, r3, r8, lsl #2
 368 007c 53F8103C 		ldr	r3, [r3, #-16]
ARM GAS  /tmp/ccR6P99q.s 			page 15


 379:Middlewares/Third_Party/LibJPEG/source/jccoefct.c **** 	  for (xindex = 0; xindex < compptr->MCU_width; xindex++) {
 369              		.loc 1 379 34 view .LVU111
 370 0080 0EEB0502 		add	r2, lr, r5
 379:Middlewares/Third_Party/LibJPEG/source/jccoefct.c **** 	  for (xindex = 0; xindex < compptr->MCU_width; xindex++) {
 371              		.loc 1 379 27 view .LVU112
 372 0084 53F82230 		ldr	r3, [r3, r2, lsl #2]
 379:Middlewares/Third_Party/LibJPEG/source/jccoefct.c **** 	  for (xindex = 0; xindex < compptr->MCU_width; xindex++) {
 373              		.loc 1 379 15 view .LVU113
 374 0088 03EBC913 		add	r3, r3, r9, lsl #7
 375              	.LVL25:
 380:Middlewares/Third_Party/LibJPEG/source/jccoefct.c **** 	    coef->MCU_buffer[blkn++] = buffer_ptr++;
 376              		.loc 1 380 4 is_stmt 1 view .LVU114
 380:Middlewares/Third_Party/LibJPEG/source/jccoefct.c **** 	    coef->MCU_buffer[blkn++] = buffer_ptr++;
 377              		.loc 1 380 16 is_stmt 0 view .LVU115
 378 008c 0022     		movs	r2, #0
 380:Middlewares/Third_Party/LibJPEG/source/jccoefct.c **** 	    coef->MCU_buffer[blkn++] = buffer_ptr++;
 379              		.loc 1 380 4 view .LVU116
 380 008e E8E7     		b	.L25
 381              	.LVL26:
 382              	.L36:
 375:Middlewares/Third_Party/LibJPEG/source/jccoefct.c **** 	compptr = cinfo->cur_comp_info[ci];
 383              		.loc 1 375 47 is_stmt 1 discriminator 2 view .LVU117
 375:Middlewares/Third_Party/LibJPEG/source/jccoefct.c **** 	compptr = cinfo->cur_comp_info[ci];
 384              		.loc 1 375 49 is_stmt 0 discriminator 2 view .LVU118
 385 0090 08F10108 		add	r8, r8, #1
 386              	.LVL27:
 387              	.L31:
 375:Middlewares/Third_Party/LibJPEG/source/jccoefct.c **** 	compptr = cinfo->cur_comp_info[ci];
 388              		.loc 1 375 20 is_stmt 1 discriminator 1 view .LVU119
 375:Middlewares/Third_Party/LibJPEG/source/jccoefct.c **** 	compptr = cinfo->cur_comp_info[ci];
 389              		.loc 1 375 30 is_stmt 0 discriminator 1 view .LVU120
 390 0094 D6F82031 		ldr	r3, [r6, #288]
 375:Middlewares/Third_Party/LibJPEG/source/jccoefct.c **** 	compptr = cinfo->cur_comp_info[ci];
 391              		.loc 1 375 7 discriminator 1 view .LVU121
 392 0098 4345     		cmp	r3, r8
 393 009a 0CDD     		ble	.L37
 376:Middlewares/Third_Party/LibJPEG/source/jccoefct.c **** 	start_col = MCU_col_num * compptr->MCU_width;
 394              		.loc 1 376 2 is_stmt 1 view .LVU122
 376:Middlewares/Third_Party/LibJPEG/source/jccoefct.c **** 	start_col = MCU_col_num * compptr->MCU_width;
 395              		.loc 1 376 10 is_stmt 0 view .LVU123
 396 009c 08F14803 		add	r3, r8, #72
 397 00a0 06EB8303 		add	r3, r6, r3, lsl #2
 398 00a4 D3F804C0 		ldr	ip, [r3, #4]
 399              	.LVL28:
 377:Middlewares/Third_Party/LibJPEG/source/jccoefct.c **** 	for (yindex = 0; yindex < compptr->MCU_height; yindex++) {
 400              		.loc 1 377 2 is_stmt 1 view .LVU124
 377:Middlewares/Third_Party/LibJPEG/source/jccoefct.c **** 	for (yindex = 0; yindex < compptr->MCU_height; yindex++) {
 401              		.loc 1 377 35 is_stmt 0 view .LVU125
 402 00a8 DCF83830 		ldr	r3, [ip, #56]
 377:Middlewares/Third_Party/LibJPEG/source/jccoefct.c **** 	for (yindex = 0; yindex < compptr->MCU_height; yindex++) {
 403              		.loc 1 377 12 view .LVU126
 404 00ac 07FB03F9 		mul	r9, r7, r3
 405              	.LVL29:
 378:Middlewares/Third_Party/LibJPEG/source/jccoefct.c **** 	  buffer_ptr = buffer[ci][yindex+yoffset] + start_col;
 406              		.loc 1 378 2 is_stmt 1 view .LVU127
 378:Middlewares/Third_Party/LibJPEG/source/jccoefct.c **** 	  buffer_ptr = buffer[ci][yindex+yoffset] + start_col;
 407              		.loc 1 378 14 is_stmt 0 view .LVU128
ARM GAS  /tmp/ccR6P99q.s 			page 16


 408 00b0 4FF0000E 		mov	lr, #0
 378:Middlewares/Third_Party/LibJPEG/source/jccoefct.c **** 	  buffer_ptr = buffer[ci][yindex+yoffset] + start_col;
 409              		.loc 1 378 2 view .LVU129
 410 00b4 DBE7     		b	.L24
 411              	.LVL30:
 412              	.L37:
 382:Middlewares/Third_Party/LibJPEG/source/jccoefct.c **** 	  }
 383:Middlewares/Third_Party/LibJPEG/source/jccoefct.c **** 	}
 384:Middlewares/Third_Party/LibJPEG/source/jccoefct.c ****       }
 385:Middlewares/Third_Party/LibJPEG/source/jccoefct.c ****       /* Try to write the MCU. */
 386:Middlewares/Third_Party/LibJPEG/source/jccoefct.c ****       if (! (*cinfo->entropy->encode_mcu) (cinfo, coef->MCU_buffer)) {
 413              		.loc 1 386 7 is_stmt 1 view .LVU130
 414              		.loc 1 386 20 is_stmt 0 view .LVU131
 415 00b6 D6F8A431 		ldr	r3, [r6, #420]
 416              		.loc 1 386 14 view .LVU132
 417 00ba 5B68     		ldr	r3, [r3, #4]
 418 00bc 04F11801 		add	r1, r4, #24
 419              	.LVL31:
 420              		.loc 1 386 14 view .LVU133
 421 00c0 3046     		mov	r0, r6
 422 00c2 9847     		blx	r3
 423              	.LVL32:
 424              		.loc 1 386 10 view .LVU134
 425 00c4 0346     		mov	r3, r0
 426 00c6 40B1     		cbz	r0, .L38
 372:Middlewares/Third_Party/LibJPEG/source/jccoefct.c ****       /* Construct list of pointers to DCT blocks belonging to this MCU */
 427              		.loc 1 372 3 is_stmt 1 view .LVU135
 372:Middlewares/Third_Party/LibJPEG/source/jccoefct.c ****       /* Construct list of pointers to DCT blocks belonging to this MCU */
 428              		.loc 1 372 14 is_stmt 0 view .LVU136
 429 00c8 0137     		adds	r7, r7, #1
 430              	.LVL33:
 431              	.L23:
 371:Middlewares/Third_Party/LibJPEG/source/jccoefct.c **** 	 MCU_col_num++) {
 432              		.loc 1 371 39 is_stmt 1 discriminator 1 view .LVU137
 371:Middlewares/Third_Party/LibJPEG/source/jccoefct.c **** 	 MCU_col_num++) {
 433              		.loc 1 371 58 is_stmt 0 discriminator 1 view .LVU138
 434 00ca D6F83431 		ldr	r3, [r6, #308]
 371:Middlewares/Third_Party/LibJPEG/source/jccoefct.c **** 	 MCU_col_num++) {
 435              		.loc 1 371 5 discriminator 1 view .LVU139
 436 00ce BB42     		cmp	r3, r7
 437 00d0 09D9     		bls	.L39
 375:Middlewares/Third_Party/LibJPEG/source/jccoefct.c **** 	compptr = cinfo->cur_comp_info[ci];
 438              		.loc 1 375 15 view .LVU140
 439 00d2 4FF00008 		mov	r8, #0
 374:Middlewares/Third_Party/LibJPEG/source/jccoefct.c ****       for (ci = 0; ci < cinfo->comps_in_scan; ci++) {
 440              		.loc 1 374 12 view .LVU141
 441 00d6 4146     		mov	r1, r8
 442 00d8 DCE7     		b	.L31
 443              	.LVL34:
 444              	.L38:
 387:Middlewares/Third_Party/LibJPEG/source/jccoefct.c **** 	/* Suspension forced; update state counters and exit */
 388:Middlewares/Third_Party/LibJPEG/source/jccoefct.c **** 	coef->MCU_vert_offset = yoffset;
 445              		.loc 1 388 2 is_stmt 1 view .LVU142
 446              		.loc 1 388 24 is_stmt 0 view .LVU143
 447 00da 2561     		str	r5, [r4, #16]
 389:Middlewares/Third_Party/LibJPEG/source/jccoefct.c **** 	coef->mcu_ctr = MCU_col_num;
 448              		.loc 1 389 2 is_stmt 1 view .LVU144
ARM GAS  /tmp/ccR6P99q.s 			page 17


 449              		.loc 1 389 16 is_stmt 0 view .LVU145
 450 00dc E760     		str	r7, [r4, #12]
 390:Middlewares/Third_Party/LibJPEG/source/jccoefct.c **** 	return FALSE;
 451              		.loc 1 390 2 is_stmt 1 view .LVU146
 452              	.LVL35:
 453              	.L19:
 391:Middlewares/Third_Party/LibJPEG/source/jccoefct.c ****       }
 392:Middlewares/Third_Party/LibJPEG/source/jccoefct.c ****     }
 393:Middlewares/Third_Party/LibJPEG/source/jccoefct.c ****     /* Completed an MCU row, but perhaps not an iMCU row */
 394:Middlewares/Third_Party/LibJPEG/source/jccoefct.c ****     coef->mcu_ctr = 0;
 395:Middlewares/Third_Party/LibJPEG/source/jccoefct.c ****   }
 396:Middlewares/Third_Party/LibJPEG/source/jccoefct.c ****   /* Completed the iMCU row, advance counters for next one */
 397:Middlewares/Third_Party/LibJPEG/source/jccoefct.c ****   coef->iMCU_row_num++;
 398:Middlewares/Third_Party/LibJPEG/source/jccoefct.c ****   start_iMCU_row(cinfo);
 399:Middlewares/Third_Party/LibJPEG/source/jccoefct.c ****   return TRUE;
 400:Middlewares/Third_Party/LibJPEG/source/jccoefct.c **** }
 454              		.loc 1 400 1 is_stmt 0 view .LVU147
 455 00de 1846     		mov	r0, r3
 456 00e0 07B0     		add	sp, sp, #28
 457              	.LCFI3:
 458              		.cfi_remember_state
 459              		.cfi_def_cfa_offset 28
 460              		@ sp needed
 461 00e2 BDE8F083 		pop	{r4, r5, r6, r7, r8, r9, pc}
 462              	.LVL36:
 463              	.L39:
 464              	.LCFI4:
 465              		.cfi_restore_state
 394:Middlewares/Third_Party/LibJPEG/source/jccoefct.c ****   }
 466              		.loc 1 394 5 is_stmt 1 view .LVU148
 394:Middlewares/Third_Party/LibJPEG/source/jccoefct.c ****   }
 467              		.loc 1 394 19 is_stmt 0 view .LVU149
 468 00e6 0023     		movs	r3, #0
 469 00e8 E360     		str	r3, [r4, #12]
 370:Middlewares/Third_Party/LibJPEG/source/jccoefct.c ****     for (MCU_col_num = coef->mcu_ctr; MCU_col_num < cinfo->MCUs_per_row;
 470              		.loc 1 370 8 is_stmt 1 view .LVU150
 370:Middlewares/Third_Party/LibJPEG/source/jccoefct.c ****     for (MCU_col_num = coef->mcu_ctr; MCU_col_num < cinfo->MCUs_per_row;
 471              		.loc 1 370 15 is_stmt 0 view .LVU151
 472 00ea 0135     		adds	r5, r5, #1
 473              	.LVL37:
 370:Middlewares/Third_Party/LibJPEG/source/jccoefct.c ****     for (MCU_col_num = coef->mcu_ctr; MCU_col_num < cinfo->MCUs_per_row;
 474              		.loc 1 370 15 view .LVU152
 475 00ec AEE7     		b	.L22
 476              	.LVL38:
 477              	.L35:
 397:Middlewares/Third_Party/LibJPEG/source/jccoefct.c ****   start_iMCU_row(cinfo);
 478              		.loc 1 397 3 is_stmt 1 view .LVU153
 397:Middlewares/Third_Party/LibJPEG/source/jccoefct.c ****   start_iMCU_row(cinfo);
 479              		.loc 1 397 7 is_stmt 0 view .LVU154
 480 00ee A368     		ldr	r3, [r4, #8]
 397:Middlewares/Third_Party/LibJPEG/source/jccoefct.c ****   start_iMCU_row(cinfo);
 481              		.loc 1 397 21 view .LVU155
 482 00f0 0133     		adds	r3, r3, #1
 483 00f2 A360     		str	r3, [r4, #8]
 398:Middlewares/Third_Party/LibJPEG/source/jccoefct.c ****   return TRUE;
 484              		.loc 1 398 3 is_stmt 1 view .LVU156
 485 00f4 3046     		mov	r0, r6
ARM GAS  /tmp/ccR6P99q.s 			page 18


 486 00f6 FFF7FEFF 		bl	start_iMCU_row
 487              	.LVL39:
 399:Middlewares/Third_Party/LibJPEG/source/jccoefct.c **** }
 488              		.loc 1 399 3 view .LVU157
 399:Middlewares/Third_Party/LibJPEG/source/jccoefct.c **** }
 489              		.loc 1 399 10 is_stmt 0 view .LVU158
 490 00fa 0123     		movs	r3, #1
 491 00fc EFE7     		b	.L19
 492              		.cfi_endproc
 493              	.LFE11:
 495              		.section	.text.compress_first_pass,"ax",%progbits
 496              		.align	1
 497              		.syntax unified
 498              		.thumb
 499              		.thumb_func
 500              		.fpu fpv4-sp-d16
 502              	compress_first_pass:
 503              	.LVL40:
 504              	.LFB10:
 250:Middlewares/Third_Party/LibJPEG/source/jccoefct.c ****   my_coef_ptr coef = (my_coef_ptr) cinfo->coef;
 505              		.loc 1 250 1 is_stmt 1 view -0
 506              		.cfi_startproc
 507              		@ args = 0, pretend = 0, frame = 32
 508              		@ frame_needed = 0, uses_anonymous_args = 0
 250:Middlewares/Third_Party/LibJPEG/source/jccoefct.c ****   my_coef_ptr coef = (my_coef_ptr) cinfo->coef;
 509              		.loc 1 250 1 is_stmt 0 view .LVU160
 510 0000 2DE9F04F 		push	{r4, r5, r6, r7, r8, r9, r10, fp, lr}
 511              	.LCFI5:
 512              		.cfi_def_cfa_offset 36
 513              		.cfi_offset 4, -36
 514              		.cfi_offset 5, -32
 515              		.cfi_offset 6, -28
 516              		.cfi_offset 7, -24
 517              		.cfi_offset 8, -20
 518              		.cfi_offset 9, -16
 519              		.cfi_offset 10, -12
 520              		.cfi_offset 11, -8
 521              		.cfi_offset 14, -4
 522 0004 8DB0     		sub	sp, sp, #52
 523              	.LCFI6:
 524              		.cfi_def_cfa_offset 88
 525 0006 0791     		str	r1, [sp, #28]
 251:Middlewares/Third_Party/LibJPEG/source/jccoefct.c ****   JDIMENSION last_iMCU_row = cinfo->total_iMCU_rows - 1;
 526              		.loc 1 251 3 is_stmt 1 view .LVU161
 251:Middlewares/Third_Party/LibJPEG/source/jccoefct.c ****   JDIMENSION last_iMCU_row = cinfo->total_iMCU_rows - 1;
 527              		.loc 1 251 15 is_stmt 0 view .LVU162
 528 0008 D0F89031 		ldr	r3, [r0, #400]
 529 000c 0893     		str	r3, [sp, #32]
 530              	.LVL41:
 252:Middlewares/Third_Party/LibJPEG/source/jccoefct.c ****   JDIMENSION blocks_across, MCUs_across, MCUindex;
 531              		.loc 1 252 3 is_stmt 1 view .LVU163
 252:Middlewares/Third_Party/LibJPEG/source/jccoefct.c ****   JDIMENSION blocks_across, MCUs_across, MCUindex;
 532              		.loc 1 252 35 is_stmt 0 view .LVU164
 533 000e D0F81C31 		ldr	r3, [r0, #284]
 534              	.LVL42:
 252:Middlewares/Third_Party/LibJPEG/source/jccoefct.c ****   JDIMENSION blocks_across, MCUs_across, MCUindex;
 535              		.loc 1 252 14 view .LVU165
ARM GAS  /tmp/ccR6P99q.s 			page 19


 536 0012 013B     		subs	r3, r3, #1
 537 0014 0993     		str	r3, [sp, #36]
 538              	.LVL43:
 253:Middlewares/Third_Party/LibJPEG/source/jccoefct.c ****   int bi, ci, h_samp_factor, block_row, block_rows, ndummy;
 539              		.loc 1 253 3 is_stmt 1 view .LVU166
 254:Middlewares/Third_Party/LibJPEG/source/jccoefct.c ****   JCOEF lastDC;
 540              		.loc 1 254 3 view .LVU167
 255:Middlewares/Third_Party/LibJPEG/source/jccoefct.c ****   jpeg_component_info *compptr;
 541              		.loc 1 255 3 view .LVU168
 256:Middlewares/Third_Party/LibJPEG/source/jccoefct.c ****   JBLOCKARRAY buffer;
 542              		.loc 1 256 3 view .LVU169
 257:Middlewares/Third_Party/LibJPEG/source/jccoefct.c ****   JBLOCKROW thisblockrow, lastblockrow;
 543              		.loc 1 257 3 view .LVU170
 258:Middlewares/Third_Party/LibJPEG/source/jccoefct.c ****   forward_DCT_ptr forward_DCT;
 544              		.loc 1 258 3 view .LVU171
 259:Middlewares/Third_Party/LibJPEG/source/jccoefct.c **** 
 545              		.loc 1 259 3 view .LVU172
 261:Middlewares/Third_Party/LibJPEG/source/jccoefct.c ****        ci++, compptr++) {
 546              		.loc 1 261 3 view .LVU173
 261:Middlewares/Third_Party/LibJPEG/source/jccoefct.c ****        ci++, compptr++) {
 547              		.loc 1 261 24 is_stmt 0 view .LVU174
 548 0016 D0F85490 		ldr	r9, [r0, #84]
 549              	.LVL44:
 261:Middlewares/Third_Party/LibJPEG/source/jccoefct.c ****        ci++, compptr++) {
 550              		.loc 1 261 11 view .LVU175
 551 001a 0023     		movs	r3, #0
 552              	.LVL45:
 261:Middlewares/Third_Party/LibJPEG/source/jccoefct.c ****        ci++, compptr++) {
 553              		.loc 1 261 11 view .LVU176
 554 001c 8246     		mov	r10, r0
 555 001e 9B46     		mov	fp, r3
 261:Middlewares/Third_Party/LibJPEG/source/jccoefct.c ****        ci++, compptr++) {
 556              		.loc 1 261 3 view .LVU177
 557 0020 40E0     		b	.L41
 558              	.LVL46:
 559              	.L42:
 273:Middlewares/Third_Party/LibJPEG/source/jccoefct.c ****       if (block_rows == 0) block_rows = compptr->v_samp_factor;
 560              		.loc 1 273 7 is_stmt 1 view .LVU178
 273:Middlewares/Third_Party/LibJPEG/source/jccoefct.c ****       if (block_rows == 0) block_rows = compptr->v_samp_factor;
 561              		.loc 1 273 34 is_stmt 0 view .LVU179
 562 0022 D9F82030 		ldr	r3, [r9, #32]
 273:Middlewares/Third_Party/LibJPEG/source/jccoefct.c ****       if (block_rows == 0) block_rows = compptr->v_samp_factor;
 563              		.loc 1 273 62 view .LVU180
 564 0026 D9F80C80 		ldr	r8, [r9, #12]
 273:Middlewares/Third_Party/LibJPEG/source/jccoefct.c ****       if (block_rows == 0) block_rows = compptr->v_samp_factor;
 565              		.loc 1 273 53 view .LVU181
 566 002a B3FBF8F2 		udiv	r2, r3, r8
 567 002e 08FB1233 		mls	r3, r8, r2, r3
 568              	.LVL47:
 274:Middlewares/Third_Party/LibJPEG/source/jccoefct.c ****     }
 569              		.loc 1 274 7 is_stmt 1 view .LVU182
 274:Middlewares/Third_Party/LibJPEG/source/jccoefct.c ****     }
 570              		.loc 1 274 10 is_stmt 0 view .LVU183
 571 0032 002B     		cmp	r3, #0
 572 0034 52D0     		beq	.L43
 273:Middlewares/Third_Party/LibJPEG/source/jccoefct.c ****       if (block_rows == 0) block_rows = compptr->v_samp_factor;
 573              		.loc 1 273 18 view .LVU184
ARM GAS  /tmp/ccR6P99q.s 			page 20


 574 0036 9846     		mov	r8, r3
 575 0038 50E0     		b	.L43
 576              	.LVL48:
 577              	.L48:
 297:Middlewares/Third_Party/LibJPEG/source/jccoefct.c **** 	}
 578              		.loc 1 297 4 is_stmt 1 discriminator 3 view .LVU185
 297:Middlewares/Third_Party/LibJPEG/source/jccoefct.c **** 	}
 579              		.loc 1 297 16 is_stmt 0 discriminator 3 view .LVU186
 580 003a DA01     		lsls	r2, r3, #7
 297:Middlewares/Third_Party/LibJPEG/source/jccoefct.c **** 	}
 581              		.loc 1 297 24 discriminator 3 view .LVU187
 582 003c A152     		strh	r1, [r4, r2]	@ movhi
 296:Middlewares/Third_Party/LibJPEG/source/jccoefct.c **** 	  thisblockrow[bi][0] = lastDC;
 583              		.loc 1 296 28 is_stmt 1 discriminator 3 view .LVU188
 296:Middlewares/Third_Party/LibJPEG/source/jccoefct.c **** 	  thisblockrow[bi][0] = lastDC;
 584              		.loc 1 296 30 is_stmt 0 discriminator 3 view .LVU189
 585 003e 0133     		adds	r3, r3, #1
 586              	.LVL49:
 587              	.L47:
 296:Middlewares/Third_Party/LibJPEG/source/jccoefct.c **** 	  thisblockrow[bi][0] = lastDC;
 588              		.loc 1 296 15 is_stmt 1 discriminator 1 view .LVU190
 296:Middlewares/Third_Party/LibJPEG/source/jccoefct.c **** 	  thisblockrow[bi][0] = lastDC;
 589              		.loc 1 296 2 is_stmt 0 discriminator 1 view .LVU191
 590 0040 BB42     		cmp	r3, r7
 591 0042 FADB     		blt	.L48
 296:Middlewares/Third_Party/LibJPEG/source/jccoefct.c **** 	  thisblockrow[bi][0] = lastDC;
 592              		.loc 1 296 2 discriminator 1 view .LVU192
 593 0044 0496     		str	r6, [sp, #16]
 594              	.LVL50:
 595              	.L46:
 286:Middlewares/Third_Party/LibJPEG/source/jccoefct.c ****       thisblockrow = buffer[block_row];
 596              		.loc 1 286 49 is_stmt 1 discriminator 2 view .LVU193
 286:Middlewares/Third_Party/LibJPEG/source/jccoefct.c ****       thisblockrow = buffer[block_row];
 597              		.loc 1 286 58 is_stmt 0 discriminator 2 view .LVU194
 598 0046 0135     		adds	r5, r5, #1
 599              	.LVL51:
 600              	.L45:
 286:Middlewares/Third_Party/LibJPEG/source/jccoefct.c ****       thisblockrow = buffer[block_row];
 601              		.loc 1 286 25 is_stmt 1 discriminator 1 view .LVU195
 286:Middlewares/Third_Party/LibJPEG/source/jccoefct.c ****       thisblockrow = buffer[block_row];
 602              		.loc 1 286 5 is_stmt 0 discriminator 1 view .LVU196
 603 0048 4545     		cmp	r5, r8
 604 004a 21DA     		bge	.L59
 287:Middlewares/Third_Party/LibJPEG/source/jccoefct.c ****       (*forward_DCT) (cinfo, compptr, input_buf[ci], thisblockrow,
 605              		.loc 1 287 7 is_stmt 1 view .LVU197
 287:Middlewares/Third_Party/LibJPEG/source/jccoefct.c ****       (*forward_DCT) (cinfo, compptr, input_buf[ci], thisblockrow,
 606              		.loc 1 287 20 is_stmt 0 view .LVU198
 607 004c 059B     		ldr	r3, [sp, #20]
 608 004e 53F82540 		ldr	r4, [r3, r5, lsl #2]
 609              	.LVL52:
 288:Middlewares/Third_Party/LibJPEG/source/jccoefct.c **** 		      (JDIMENSION) (block_row * compptr->DCT_v_scaled_size),
 610              		.loc 1 288 7 is_stmt 1 view .LVU199
 289:Middlewares/Third_Party/LibJPEG/source/jccoefct.c **** 		      (JDIMENSION) 0, blocks_across);
 611              		.loc 1 289 42 is_stmt 0 view .LVU200
 612 0052 D9F82830 		ldr	r3, [r9, #40]
 289:Middlewares/Third_Party/LibJPEG/source/jccoefct.c **** 		      (JDIMENSION) 0, blocks_across);
 613              		.loc 1 289 33 view .LVU201
ARM GAS  /tmp/ccR6P99q.s 			page 21


 614 0056 05FB03F3 		mul	r3, r5, r3
 288:Middlewares/Third_Party/LibJPEG/source/jccoefct.c **** 		      (JDIMENSION) (block_row * compptr->DCT_v_scaled_size),
 615              		.loc 1 288 8 view .LVU202
 616 005a 049A     		ldr	r2, [sp, #16]
 617 005c 0292     		str	r2, [sp, #8]
 618 005e 0022     		movs	r2, #0
 619 0060 0192     		str	r2, [sp, #4]
 620 0062 0093     		str	r3, [sp]
 621 0064 2346     		mov	r3, r4
 622 0066 079A     		ldr	r2, [sp, #28]
 623 0068 52F82B20 		ldr	r2, [r2, fp, lsl #2]
 624 006c 4946     		mov	r1, r9
 625 006e 5046     		mov	r0, r10
 626 0070 069E     		ldr	r6, [sp, #24]
 627 0072 B047     		blx	r6
 628              	.LVL53:
 291:Middlewares/Third_Party/LibJPEG/source/jccoefct.c **** 	/* Create dummy blocks at the right edge of the image. */
 629              		.loc 1 291 7 is_stmt 1 view .LVU203
 291:Middlewares/Third_Party/LibJPEG/source/jccoefct.c **** 	/* Create dummy blocks at the right edge of the image. */
 630              		.loc 1 291 10 is_stmt 0 view .LVU204
 631 0074 002F     		cmp	r7, #0
 632 0076 E6DD     		ble	.L46
 293:Middlewares/Third_Party/LibJPEG/source/jccoefct.c **** 	FMEMZERO((void FAR *) thisblockrow, ndummy * SIZEOF(JBLOCK));
 633              		.loc 1 293 2 is_stmt 1 view .LVU205
 293:Middlewares/Third_Party/LibJPEG/source/jccoefct.c **** 	FMEMZERO((void FAR *) thisblockrow, ndummy * SIZEOF(JBLOCK));
 634              		.loc 1 293 15 is_stmt 0 view .LVU206
 635 0078 049E     		ldr	r6, [sp, #16]
 636 007a 04EBC614 		add	r4, r4, r6, lsl #7
 637              	.LVL54:
 294:Middlewares/Third_Party/LibJPEG/source/jccoefct.c **** 	lastDC = thisblockrow[-1][0];
 638              		.loc 1 294 2 is_stmt 1 view .LVU207
 639 007e FA01     		lsls	r2, r7, #7
 640 0080 0021     		movs	r1, #0
 641 0082 2046     		mov	r0, r4
 642 0084 FFF7FEFF 		bl	memset
 643              	.LVL55:
 295:Middlewares/Third_Party/LibJPEG/source/jccoefct.c **** 	for (bi = 0; bi < ndummy; bi++) {
 644              		.loc 1 295 2 view .LVU208
 295:Middlewares/Third_Party/LibJPEG/source/jccoefct.c **** 	for (bi = 0; bi < ndummy; bi++) {
 645              		.loc 1 295 9 is_stmt 0 view .LVU209
 646 0088 34F9801C 		ldrsh	r1, [r4, #-128]
 647              	.LVL56:
 296:Middlewares/Third_Party/LibJPEG/source/jccoefct.c **** 	  thisblockrow[bi][0] = lastDC;
 648              		.loc 1 296 2 is_stmt 1 view .LVU210
 296:Middlewares/Third_Party/LibJPEG/source/jccoefct.c **** 	  thisblockrow[bi][0] = lastDC;
 649              		.loc 1 296 10 is_stmt 0 view .LVU211
 650 008c 0023     		movs	r3, #0
 296:Middlewares/Third_Party/LibJPEG/source/jccoefct.c **** 	  thisblockrow[bi][0] = lastDC;
 651              		.loc 1 296 2 view .LVU212
 652 008e D7E7     		b	.L47
 653              	.LVL57:
 654              	.L59:
 306:Middlewares/Third_Party/LibJPEG/source/jccoefct.c ****       blocks_across += ndummy;	/* include lower right corner */
 655              		.loc 1 306 13 view .LVU213
 656 0090 0B9C     		ldr	r4, [sp, #44]
 306:Middlewares/Third_Party/LibJPEG/source/jccoefct.c ****       blocks_across += ndummy;	/* include lower right corner */
 657              		.loc 1 306 5 is_stmt 1 view .LVU214
ARM GAS  /tmp/ccR6P99q.s 			page 22


 306:Middlewares/Third_Party/LibJPEG/source/jccoefct.c ****       blocks_across += ndummy;	/* include lower right corner */
 658              		.loc 1 306 13 is_stmt 0 view .LVU215
 659 0092 089B     		ldr	r3, [sp, #32]
 660 0094 9B68     		ldr	r3, [r3, #8]
 306:Middlewares/Third_Party/LibJPEG/source/jccoefct.c ****       blocks_across += ndummy;	/* include lower right corner */
 661              		.loc 1 306 8 view .LVU216
 662 0096 099A     		ldr	r2, [sp, #36]
 663 0098 9342     		cmp	r3, r2
 664 009a 36D0     		beq	.L60
 665              	.LVL58:
 666              	.L50:
 262:Middlewares/Third_Party/LibJPEG/source/jccoefct.c ****     /* Align the virtual buffer for this component. */
 667              		.loc 1 262 8 is_stmt 1 view .LVU217
 262:Middlewares/Third_Party/LibJPEG/source/jccoefct.c ****     /* Align the virtual buffer for this component. */
 668              		.loc 1 262 10 is_stmt 0 view .LVU218
 669 009c 0BF1010B 		add	fp, fp, #1
 670              	.LVL59:
 262:Middlewares/Third_Party/LibJPEG/source/jccoefct.c ****     /* Align the virtual buffer for this component. */
 671              		.loc 1 262 21 view .LVU219
 672 00a0 09F15809 		add	r9, r9, #88
 673              	.LVL60:
 674              	.L41:
 261:Middlewares/Third_Party/LibJPEG/source/jccoefct.c ****        ci++, compptr++) {
 675              		.loc 1 261 44 is_stmt 1 discriminator 1 view .LVU220
 261:Middlewares/Third_Party/LibJPEG/source/jccoefct.c ****        ci++, compptr++) {
 676              		.loc 1 261 54 is_stmt 0 discriminator 1 view .LVU221
 677 00a4 DAF84C30 		ldr	r3, [r10, #76]
 261:Middlewares/Third_Party/LibJPEG/source/jccoefct.c ****        ci++, compptr++) {
 678              		.loc 1 261 3 discriminator 1 view .LVU222
 679 00a8 5B45     		cmp	r3, fp
 680 00aa 67DD     		ble	.L61
 264:Middlewares/Third_Party/LibJPEG/source/jccoefct.c ****       ((j_common_ptr) cinfo, coef->whole_image[ci],
 681              		.loc 1 264 5 is_stmt 1 view .LVU223
 264:Middlewares/Third_Party/LibJPEG/source/jccoefct.c ****       ((j_common_ptr) cinfo, coef->whole_image[ci],
 682              		.loc 1 264 21 is_stmt 0 view .LVU224
 683 00ac DAF80400 		ldr	r0, [r10, #4]
 266:Middlewares/Third_Party/LibJPEG/source/jccoefct.c ****        (JDIMENSION) compptr->v_samp_factor, TRUE);
 684              		.loc 1 266 12 view .LVU225
 685 00b0 089D     		ldr	r5, [sp, #32]
 686 00b2 AA68     		ldr	r2, [r5, #8]
 266:Middlewares/Third_Party/LibJPEG/source/jccoefct.c ****        (JDIMENSION) compptr->v_samp_factor, TRUE);
 687              		.loc 1 266 36 view .LVU226
 688 00b4 D9F80C30 		ldr	r3, [r9, #12]
 264:Middlewares/Third_Party/LibJPEG/source/jccoefct.c ****       ((j_common_ptr) cinfo, coef->whole_image[ci],
 689              		.loc 1 264 15 view .LVU227
 690 00b8 0BF11001 		add	r1, fp, #16
 691 00bc 55F82110 		ldr	r1, [r5, r1, lsl #2]
 692 00c0 0124     		movs	r4, #1
 693 00c2 0094     		str	r4, [sp]
 694 00c4 046A     		ldr	r4, [r0, #32]
 695 00c6 03FB02F2 		mul	r2, r3, r2
 696 00ca 5046     		mov	r0, r10
 697 00cc A047     		blx	r4
 698              	.LVL61:
 699 00ce 0590     		str	r0, [sp, #20]
 700              	.LVL62:
 269:Middlewares/Third_Party/LibJPEG/source/jccoefct.c ****       block_rows = compptr->v_samp_factor;
ARM GAS  /tmp/ccR6P99q.s 			page 23


 701              		.loc 1 269 5 is_stmt 1 view .LVU228
 269:Middlewares/Third_Party/LibJPEG/source/jccoefct.c ****       block_rows = compptr->v_samp_factor;
 702              		.loc 1 269 13 is_stmt 0 view .LVU229
 703 00d0 AB68     		ldr	r3, [r5, #8]
 269:Middlewares/Third_Party/LibJPEG/source/jccoefct.c ****       block_rows = compptr->v_samp_factor;
 704              		.loc 1 269 8 view .LVU230
 705 00d2 099A     		ldr	r2, [sp, #36]
 706 00d4 9342     		cmp	r3, r2
 707 00d6 A4D2     		bcs	.L42
 270:Middlewares/Third_Party/LibJPEG/source/jccoefct.c ****     else {
 708              		.loc 1 270 7 is_stmt 1 view .LVU231
 270:Middlewares/Third_Party/LibJPEG/source/jccoefct.c ****     else {
 709              		.loc 1 270 18 is_stmt 0 view .LVU232
 710 00d8 D9F80C80 		ldr	r8, [r9, #12]
 711              	.LVL63:
 712              	.L43:
 276:Middlewares/Third_Party/LibJPEG/source/jccoefct.c ****     h_samp_factor = compptr->h_samp_factor;
 713              		.loc 1 276 5 is_stmt 1 view .LVU233
 276:Middlewares/Third_Party/LibJPEG/source/jccoefct.c ****     h_samp_factor = compptr->h_samp_factor;
 714              		.loc 1 276 19 is_stmt 0 view .LVU234
 715 00dc D9F81C30 		ldr	r3, [r9, #28]
 716 00e0 0A93     		str	r3, [sp, #40]
 717              	.LVL64:
 277:Middlewares/Third_Party/LibJPEG/source/jccoefct.c ****     /* Count number of dummy blocks to be added at the right margin. */
 718              		.loc 1 277 5 is_stmt 1 view .LVU235
 277:Middlewares/Third_Party/LibJPEG/source/jccoefct.c ****     /* Count number of dummy blocks to be added at the right margin. */
 719              		.loc 1 277 19 is_stmt 0 view .LVU236
 720 00e2 D9F80840 		ldr	r4, [r9, #8]
 721              	.LVL65:
 279:Middlewares/Third_Party/LibJPEG/source/jccoefct.c ****     if (ndummy > 0)
 722              		.loc 1 279 5 is_stmt 1 view .LVU237
 279:Middlewares/Third_Party/LibJPEG/source/jccoefct.c ****     if (ndummy > 0)
 723              		.loc 1 279 35 is_stmt 0 view .LVU238
 724 00e6 B3FBF4F7 		udiv	r7, r3, r4
 725 00ea 04FB1737 		mls	r7, r4, r7, r3
 726              	.LVL66:
 280:Middlewares/Third_Party/LibJPEG/source/jccoefct.c ****       ndummy = h_samp_factor - ndummy;
 727              		.loc 1 280 5 is_stmt 1 view .LVU239
 280:Middlewares/Third_Party/LibJPEG/source/jccoefct.c ****       ndummy = h_samp_factor - ndummy;
 728              		.loc 1 280 8 is_stmt 0 view .LVU240
 729 00ee 002F     		cmp	r7, #0
 730 00f0 00DD     		ble	.L44
 281:Middlewares/Third_Party/LibJPEG/source/jccoefct.c ****     forward_DCT = cinfo->fdct->forward_DCT[ci];
 731              		.loc 1 281 7 is_stmt 1 view .LVU241
 281:Middlewares/Third_Party/LibJPEG/source/jccoefct.c ****     forward_DCT = cinfo->fdct->forward_DCT[ci];
 732              		.loc 1 281 14 is_stmt 0 view .LVU242
 733 00f2 E71B     		subs	r7, r4, r7
 734              	.LVL67:
 735              	.L44:
 282:Middlewares/Third_Party/LibJPEG/source/jccoefct.c ****     /* Perform DCT for all non-dummy blocks in this iMCU row.  Each call
 736              		.loc 1 282 5 is_stmt 1 view .LVU243
 282:Middlewares/Third_Party/LibJPEG/source/jccoefct.c ****     /* Perform DCT for all non-dummy blocks in this iMCU row.  Each call
 737              		.loc 1 282 24 is_stmt 0 view .LVU244
 738 00f4 DAF8A031 		ldr	r3, [r10, #416]
 739              	.LVL68:
 282:Middlewares/Third_Party/LibJPEG/source/jccoefct.c ****     /* Perform DCT for all non-dummy blocks in this iMCU row.  Each call
 740              		.loc 1 282 17 view .LVU245
ARM GAS  /tmp/ccR6P99q.s 			page 24


 741 00f8 03EB8B03 		add	r3, r3, fp, lsl #2
 742 00fc 5B68     		ldr	r3, [r3, #4]
 743 00fe 0693     		str	r3, [sp, #24]
 744              	.LVL69:
 286:Middlewares/Third_Party/LibJPEG/source/jccoefct.c ****       thisblockrow = buffer[block_row];
 745              		.loc 1 286 5 is_stmt 1 view .LVU246
 286:Middlewares/Third_Party/LibJPEG/source/jccoefct.c ****       thisblockrow = buffer[block_row];
 746              		.loc 1 286 20 is_stmt 0 view .LVU247
 747 0100 0025     		movs	r5, #0
 748 0102 0A9B     		ldr	r3, [sp, #40]
 749              	.LVL70:
 286:Middlewares/Third_Party/LibJPEG/source/jccoefct.c ****       thisblockrow = buffer[block_row];
 750              		.loc 1 286 20 view .LVU248
 751 0104 0493     		str	r3, [sp, #16]
 752 0106 0B94     		str	r4, [sp, #44]
 286:Middlewares/Third_Party/LibJPEG/source/jccoefct.c ****       thisblockrow = buffer[block_row];
 753              		.loc 1 286 5 view .LVU249
 754 0108 9EE7     		b	.L45
 755              	.LVL71:
 756              	.L60:
 307:Middlewares/Third_Party/LibJPEG/source/jccoefct.c ****       MCUs_across = blocks_across / h_samp_factor;
 757              		.loc 1 307 7 is_stmt 1 view .LVU250
 307:Middlewares/Third_Party/LibJPEG/source/jccoefct.c ****       MCUs_across = blocks_across / h_samp_factor;
 758              		.loc 1 307 21 is_stmt 0 view .LVU251
 759 010a 0A9B     		ldr	r3, [sp, #40]
 760 010c 3B44     		add	r3, r3, r7
 761              	.LVL72:
 308:Middlewares/Third_Party/LibJPEG/source/jccoefct.c ****       for (block_row = block_rows; block_row < compptr->v_samp_factor;
 762              		.loc 1 308 7 is_stmt 1 view .LVU252
 308:Middlewares/Third_Party/LibJPEG/source/jccoefct.c ****       for (block_row = block_rows; block_row < compptr->v_samp_factor;
 763              		.loc 1 308 19 is_stmt 0 view .LVU253
 764 010e B3FBF4F7 		udiv	r7, r3, r4
 765              	.LVL73:
 309:Middlewares/Third_Party/LibJPEG/source/jccoefct.c **** 	   block_row++) {
 766              		.loc 1 309 7 is_stmt 1 view .LVU254
 309:Middlewares/Third_Party/LibJPEG/source/jccoefct.c **** 	   block_row++) {
 767              		.loc 1 309 7 is_stmt 0 view .LVU255
 768 0112 CDF810B0 		str	fp, [sp, #16]
 769 0116 9B46     		mov	fp, r3
 770              	.LVL74:
 309:Middlewares/Third_Party/LibJPEG/source/jccoefct.c **** 	   block_row++) {
 771              		.loc 1 309 7 view .LVU256
 772 0118 CDF818A0 		str	r10, [sp, #24]
 773              	.LVL75:
 309:Middlewares/Third_Party/LibJPEG/source/jccoefct.c **** 	   block_row++) {
 774              		.loc 1 309 7 view .LVU257
 775 011c DDF814A0 		ldr	r10, [sp, #20]
 776 0120 14E0     		b	.L51
 777              	.LVL76:
 778              	.L54:
 318:Middlewares/Third_Party/LibJPEG/source/jccoefct.c **** 	  }
 779              		.loc 1 318 6 is_stmt 1 discriminator 3 view .LVU258
 318:Middlewares/Third_Party/LibJPEG/source/jccoefct.c **** 	  }
 780              		.loc 1 318 18 is_stmt 0 discriminator 3 view .LVU259
 781 0122 DA01     		lsls	r2, r3, #7
 318:Middlewares/Third_Party/LibJPEG/source/jccoefct.c **** 	  }
 782              		.loc 1 318 26 discriminator 3 view .LVU260
ARM GAS  /tmp/ccR6P99q.s 			page 25


 783 0124 A952     		strh	r1, [r5, r2]	@ movhi
 317:Middlewares/Third_Party/LibJPEG/source/jccoefct.c **** 	    thisblockrow[bi][0] = lastDC;
 784              		.loc 1 317 37 is_stmt 1 discriminator 3 view .LVU261
 317:Middlewares/Third_Party/LibJPEG/source/jccoefct.c **** 	    thisblockrow[bi][0] = lastDC;
 785              		.loc 1 317 39 is_stmt 0 discriminator 3 view .LVU262
 786 0126 0133     		adds	r3, r3, #1
 787              	.LVL77:
 788              	.L53:
 317:Middlewares/Third_Party/LibJPEG/source/jccoefct.c **** 	    thisblockrow[bi][0] = lastDC;
 789              		.loc 1 317 17 is_stmt 1 discriminator 1 view .LVU263
 317:Middlewares/Third_Party/LibJPEG/source/jccoefct.c **** 	    thisblockrow[bi][0] = lastDC;
 790              		.loc 1 317 4 is_stmt 0 discriminator 1 view .LVU264
 791 0128 A342     		cmp	r3, r4
 792 012a FADB     		blt	.L54
 320:Middlewares/Third_Party/LibJPEG/source/jccoefct.c **** 	  lastblockrow += h_samp_factor;
 793              		.loc 1 320 4 is_stmt 1 discriminator 2 view .LVU265
 320:Middlewares/Third_Party/LibJPEG/source/jccoefct.c **** 	  lastblockrow += h_samp_factor;
 794              		.loc 1 320 17 is_stmt 0 discriminator 2 view .LVU266
 795 012c 05EBC415 		add	r5, r5, r4, lsl #7
 796              	.LVL78:
 321:Middlewares/Third_Party/LibJPEG/source/jccoefct.c **** 	}
 797              		.loc 1 321 4 is_stmt 1 discriminator 2 view .LVU267
 321:Middlewares/Third_Party/LibJPEG/source/jccoefct.c **** 	}
 798              		.loc 1 321 17 is_stmt 0 discriminator 2 view .LVU268
 799 0130 06EBC416 		add	r6, r6, r4, lsl #7
 800              	.LVL79:
 315:Middlewares/Third_Party/LibJPEG/source/jccoefct.c **** 	  lastDC = lastblockrow[h_samp_factor-1][0];
 801              		.loc 1 315 45 is_stmt 1 discriminator 2 view .LVU269
 315:Middlewares/Third_Party/LibJPEG/source/jccoefct.c **** 	  lastDC = lastblockrow[h_samp_factor-1][0];
 802              		.loc 1 315 53 is_stmt 0 discriminator 2 view .LVU270
 803 0134 0130     		adds	r0, r0, #1
 804              	.LVL80:
 805              	.L52:
 315:Middlewares/Third_Party/LibJPEG/source/jccoefct.c **** 	  lastDC = lastblockrow[h_samp_factor-1][0];
 806              		.loc 1 315 21 is_stmt 1 discriminator 1 view .LVU271
 315:Middlewares/Third_Party/LibJPEG/source/jccoefct.c **** 	  lastDC = lastblockrow[h_samp_factor-1][0];
 807              		.loc 1 315 2 is_stmt 0 discriminator 1 view .LVU272
 808 0136 B842     		cmp	r0, r7
 809 0138 06D2     		bcs	.L62
 316:Middlewares/Third_Party/LibJPEG/source/jccoefct.c **** 	  for (bi = 0; bi < h_samp_factor; bi++) {
 810              		.loc 1 316 4 is_stmt 1 view .LVU273
 316:Middlewares/Third_Party/LibJPEG/source/jccoefct.c **** 	  for (bi = 0; bi < h_samp_factor; bi++) {
 811              		.loc 1 316 25 is_stmt 0 view .LVU274
 812 013a 04F10073 		add	r3, r4, #33554432
 813 013e 013B     		subs	r3, r3, #1
 814 0140 DB01     		lsls	r3, r3, #7
 316:Middlewares/Third_Party/LibJPEG/source/jccoefct.c **** 	  for (bi = 0; bi < h_samp_factor; bi++) {
 815              		.loc 1 316 11 view .LVU275
 816 0142 F15E     		ldrsh	r1, [r6, r3]
 817              	.LVL81:
 317:Middlewares/Third_Party/LibJPEG/source/jccoefct.c **** 	    thisblockrow[bi][0] = lastDC;
 818              		.loc 1 317 4 is_stmt 1 view .LVU276
 317:Middlewares/Third_Party/LibJPEG/source/jccoefct.c **** 	    thisblockrow[bi][0] = lastDC;
 819              		.loc 1 317 12 is_stmt 0 view .LVU277
 820 0144 0023     		movs	r3, #0
 317:Middlewares/Third_Party/LibJPEG/source/jccoefct.c **** 	    thisblockrow[bi][0] = lastDC;
 821              		.loc 1 317 4 view .LVU278
ARM GAS  /tmp/ccR6P99q.s 			page 26


 822 0146 EFE7     		b	.L53
 823              	.LVL82:
 824              	.L62:
 310:Middlewares/Third_Party/LibJPEG/source/jccoefct.c **** 	thisblockrow = buffer[block_row];
 825              		.loc 1 310 5 is_stmt 1 view .LVU279
 310:Middlewares/Third_Party/LibJPEG/source/jccoefct.c **** 	thisblockrow = buffer[block_row];
 826              		.loc 1 310 14 is_stmt 0 view .LVU280
 827 0148 08F10108 		add	r8, r8, #1
 828              	.LVL83:
 829              	.L51:
 309:Middlewares/Third_Party/LibJPEG/source/jccoefct.c **** 	   block_row++) {
 830              		.loc 1 309 36 is_stmt 1 discriminator 1 view .LVU281
 309:Middlewares/Third_Party/LibJPEG/source/jccoefct.c **** 	   block_row++) {
 831              		.loc 1 309 55 is_stmt 0 discriminator 1 view .LVU282
 832 014c D9F80C30 		ldr	r3, [r9, #12]
 309:Middlewares/Third_Party/LibJPEG/source/jccoefct.c **** 	   block_row++) {
 833              		.loc 1 309 7 discriminator 1 view .LVU283
 834 0150 4345     		cmp	r3, r8
 835 0152 0EDD     		ble	.L63
 311:Middlewares/Third_Party/LibJPEG/source/jccoefct.c **** 	lastblockrow = buffer[block_row-1];
 836              		.loc 1 311 2 is_stmt 1 view .LVU284
 311:Middlewares/Third_Party/LibJPEG/source/jccoefct.c **** 	lastblockrow = buffer[block_row-1];
 837              		.loc 1 311 15 is_stmt 0 view .LVU285
 838 0154 5AF82850 		ldr	r5, [r10, r8, lsl #2]
 839              	.LVL84:
 312:Middlewares/Third_Party/LibJPEG/source/jccoefct.c **** 	FMEMZERO((void FAR *) thisblockrow,
 840              		.loc 1 312 2 is_stmt 1 view .LVU286
 312:Middlewares/Third_Party/LibJPEG/source/jccoefct.c **** 	FMEMZERO((void FAR *) thisblockrow,
 841              		.loc 1 312 23 is_stmt 0 view .LVU287
 842 0158 08F18043 		add	r3, r8, #1073741824
 843 015c 013B     		subs	r3, r3, #1
 312:Middlewares/Third_Party/LibJPEG/source/jccoefct.c **** 	FMEMZERO((void FAR *) thisblockrow,
 844              		.loc 1 312 15 view .LVU288
 845 015e 5AF82360 		ldr	r6, [r10, r3, lsl #2]
 846              	.LVL85:
 313:Middlewares/Third_Party/LibJPEG/source/jccoefct.c **** 		 (size_t) (blocks_across * SIZEOF(JBLOCK)));
 847              		.loc 1 313 2 is_stmt 1 view .LVU289
 848 0162 4FEACB12 		lsl	r2, fp, #7
 849 0166 0021     		movs	r1, #0
 850 0168 2846     		mov	r0, r5
 851 016a FFF7FEFF 		bl	memset
 852              	.LVL86:
 315:Middlewares/Third_Party/LibJPEG/source/jccoefct.c **** 	  lastDC = lastblockrow[h_samp_factor-1][0];
 853              		.loc 1 315 2 view .LVU290
 315:Middlewares/Third_Party/LibJPEG/source/jccoefct.c **** 	  lastDC = lastblockrow[h_samp_factor-1][0];
 854              		.loc 1 315 16 is_stmt 0 view .LVU291
 855 016e 0020     		movs	r0, #0
 315:Middlewares/Third_Party/LibJPEG/source/jccoefct.c **** 	  lastDC = lastblockrow[h_samp_factor-1][0];
 856              		.loc 1 315 2 view .LVU292
 857 0170 E1E7     		b	.L52
 858              	.LVL87:
 859              	.L63:
 315:Middlewares/Third_Party/LibJPEG/source/jccoefct.c **** 	  lastDC = lastblockrow[h_samp_factor-1][0];
 860              		.loc 1 315 2 view .LVU293
 861 0172 DDF810B0 		ldr	fp, [sp, #16]
 862              	.LVL88:
 315:Middlewares/Third_Party/LibJPEG/source/jccoefct.c **** 	  lastDC = lastblockrow[h_samp_factor-1][0];
ARM GAS  /tmp/ccR6P99q.s 			page 27


 863              		.loc 1 315 2 view .LVU294
 864 0176 DDF818A0 		ldr	r10, [sp, #24]
 865 017a 8FE7     		b	.L50
 866              	.LVL89:
 867              	.L61:
 331:Middlewares/Third_Party/LibJPEG/source/jccoefct.c **** }
 868              		.loc 1 331 3 is_stmt 1 view .LVU295
 331:Middlewares/Third_Party/LibJPEG/source/jccoefct.c **** }
 869              		.loc 1 331 10 is_stmt 0 view .LVU296
 870 017c 0799     		ldr	r1, [sp, #28]
 871 017e 5046     		mov	r0, r10
 872 0180 FFF7FEFF 		bl	compress_output
 873              	.LVL90:
 332:Middlewares/Third_Party/LibJPEG/source/jccoefct.c **** 
 874              		.loc 1 332 1 view .LVU297
 875 0184 0DB0     		add	sp, sp, #52
 876              	.LCFI7:
 877              		.cfi_def_cfa_offset 36
 878              		@ sp needed
 879 0186 BDE8F08F 		pop	{r4, r5, r6, r7, r8, r9, r10, fp, pc}
 332:Middlewares/Third_Party/LibJPEG/source/jccoefct.c **** 
 880              		.loc 1 332 1 view .LVU298
 881              		.cfi_endproc
 882              	.LFE10:
 884              		.section	.text.compress_data,"ax",%progbits
 885              		.align	1
 886              		.syntax unified
 887              		.thumb
 888              		.thumb_func
 889              		.fpu fpv4-sp-d16
 891              	compress_data:
 892              	.LVL91:
 893              	.LFB9:
 145:Middlewares/Third_Party/LibJPEG/source/jccoefct.c ****   my_coef_ptr coef = (my_coef_ptr) cinfo->coef;
 894              		.loc 1 145 1 is_stmt 1 view -0
 895              		.cfi_startproc
 896              		@ args = 0, pretend = 0, frame = 32
 897              		@ frame_needed = 0, uses_anonymous_args = 0
 145:Middlewares/Third_Party/LibJPEG/source/jccoefct.c ****   my_coef_ptr coef = (my_coef_ptr) cinfo->coef;
 898              		.loc 1 145 1 is_stmt 0 view .LVU300
 899 0000 2DE9F04F 		push	{r4, r5, r6, r7, r8, r9, r10, fp, lr}
 900              	.LCFI8:
 901              		.cfi_def_cfa_offset 36
 902              		.cfi_offset 4, -36
 903              		.cfi_offset 5, -32
 904              		.cfi_offset 6, -28
 905              		.cfi_offset 7, -24
 906              		.cfi_offset 8, -20
 907              		.cfi_offset 9, -16
 908              		.cfi_offset 10, -12
 909              		.cfi_offset 11, -8
 910              		.cfi_offset 14, -4
 911 0004 8DB0     		sub	sp, sp, #52
 912              	.LCFI9:
 913              		.cfi_def_cfa_offset 88
 914 0006 0791     		str	r1, [sp, #28]
 146:Middlewares/Third_Party/LibJPEG/source/jccoefct.c ****   JDIMENSION MCU_col_num;	/* index of current MCU within row */
ARM GAS  /tmp/ccR6P99q.s 			page 28


 915              		.loc 1 146 3 is_stmt 1 view .LVU301
 146:Middlewares/Third_Party/LibJPEG/source/jccoefct.c ****   JDIMENSION MCU_col_num;	/* index of current MCU within row */
 916              		.loc 1 146 15 is_stmt 0 view .LVU302
 917 0008 D0F89091 		ldr	r9, [r0, #400]
 918              	.LVL92:
 147:Middlewares/Third_Party/LibJPEG/source/jccoefct.c ****   JDIMENSION last_MCU_col = cinfo->MCUs_per_row - 1;
 919              		.loc 1 147 3 is_stmt 1 view .LVU303
 148:Middlewares/Third_Party/LibJPEG/source/jccoefct.c ****   JDIMENSION last_iMCU_row = cinfo->total_iMCU_rows - 1;
 920              		.loc 1 148 3 view .LVU304
 148:Middlewares/Third_Party/LibJPEG/source/jccoefct.c ****   JDIMENSION last_iMCU_row = cinfo->total_iMCU_rows - 1;
 921              		.loc 1 148 34 is_stmt 0 view .LVU305
 922 000c D0F83431 		ldr	r3, [r0, #308]
 148:Middlewares/Third_Party/LibJPEG/source/jccoefct.c ****   JDIMENSION last_iMCU_row = cinfo->total_iMCU_rows - 1;
 923              		.loc 1 148 14 view .LVU306
 924 0010 013B     		subs	r3, r3, #1
 925 0012 0B93     		str	r3, [sp, #44]
 926              	.LVL93:
 149:Middlewares/Third_Party/LibJPEG/source/jccoefct.c ****   int blkn, bi, ci, yindex, yoffset, blockcnt;
 927              		.loc 1 149 3 is_stmt 1 view .LVU307
 149:Middlewares/Third_Party/LibJPEG/source/jccoefct.c ****   int blkn, bi, ci, yindex, yoffset, blockcnt;
 928              		.loc 1 149 35 is_stmt 0 view .LVU308
 929 0014 D0F81C31 		ldr	r3, [r0, #284]
 930              	.LVL94:
 149:Middlewares/Third_Party/LibJPEG/source/jccoefct.c ****   int blkn, bi, ci, yindex, yoffset, blockcnt;
 931              		.loc 1 149 14 view .LVU309
 932 0018 013B     		subs	r3, r3, #1
 933 001a 0693     		str	r3, [sp, #24]
 934              	.LVL95:
 150:Middlewares/Third_Party/LibJPEG/source/jccoefct.c ****   JDIMENSION ypos, xpos;
 935              		.loc 1 150 3 is_stmt 1 view .LVU310
 151:Middlewares/Third_Party/LibJPEG/source/jccoefct.c ****   jpeg_component_info *compptr;
 936              		.loc 1 151 3 view .LVU311
 152:Middlewares/Third_Party/LibJPEG/source/jccoefct.c ****   forward_DCT_ptr forward_DCT;
 937              		.loc 1 152 3 view .LVU312
 153:Middlewares/Third_Party/LibJPEG/source/jccoefct.c **** 
 938              		.loc 1 153 3 view .LVU313
 156:Middlewares/Third_Party/LibJPEG/source/jccoefct.c ****        yoffset++) {
 939              		.loc 1 156 3 view .LVU314
 156:Middlewares/Third_Party/LibJPEG/source/jccoefct.c ****        yoffset++) {
 940              		.loc 1 156 16 is_stmt 0 view .LVU315
 941 001c D9F81030 		ldr	r3, [r9, #16]
 942              	.LVL96:
 156:Middlewares/Third_Party/LibJPEG/source/jccoefct.c ****        yoffset++) {
 943              		.loc 1 156 16 view .LVU316
 944 0020 0893     		str	r3, [sp, #32]
 945              	.LVL97:
 156:Middlewares/Third_Party/LibJPEG/source/jccoefct.c ****        yoffset++) {
 946              		.loc 1 156 16 view .LVU317
 947 0022 CB46     		mov	fp, r9
 948 0024 8146     		mov	r9, r0
 949              	.LVL98:
 950              	.L65:
 156:Middlewares/Third_Party/LibJPEG/source/jccoefct.c ****        yoffset++) {
 951              		.loc 1 156 41 is_stmt 1 discriminator 1 view .LVU318
 156:Middlewares/Third_Party/LibJPEG/source/jccoefct.c ****        yoffset++) {
 952              		.loc 1 156 55 is_stmt 0 discriminator 1 view .LVU319
 953 0026 DBF81430 		ldr	r3, [fp, #20]
ARM GAS  /tmp/ccR6P99q.s 			page 29


 156:Middlewares/Third_Party/LibJPEG/source/jccoefct.c ****        yoffset++) {
 954              		.loc 1 156 3 discriminator 1 view .LVU320
 955 002a 089A     		ldr	r2, [sp, #32]
 956 002c 9342     		cmp	r3, r2
 957 002e 40F3AA80 		ble	.L85
 158:Middlewares/Third_Party/LibJPEG/source/jccoefct.c **** 	 MCU_col_num++) {
 958              		.loc 1 158 5 is_stmt 1 view .LVU321
 158:Middlewares/Third_Party/LibJPEG/source/jccoefct.c **** 	 MCU_col_num++) {
 959              		.loc 1 158 22 is_stmt 0 view .LVU322
 960 0032 DBF80C30 		ldr	r3, [fp, #12]
 961 0036 0A93     		str	r3, [sp, #40]
 962              	.LVL99:
 158:Middlewares/Third_Party/LibJPEG/source/jccoefct.c **** 	 MCU_col_num++) {
 963              		.loc 1 158 5 view .LVU323
 964 0038 8CE0     		b	.L66
 965              	.LVL100:
 966              	.L67:
 174:Middlewares/Third_Party/LibJPEG/source/jccoefct.c **** 	xpos = MCU_col_num * compptr->MCU_sample_width;
 967              		.loc 1 174 7 discriminator 2 view .LVU324
 968 003a D4F84880 		ldr	r8, [r4, #72]
 969 003e 72E0     		b	.L68
 970              	.LVL101:
 971              	.L70:
 181:Middlewares/Third_Party/LibJPEG/source/jccoefct.c **** 			    input_buf[compptr->component_index],
 972              		.loc 1 181 6 is_stmt 1 view .LVU325
 182:Middlewares/Third_Party/LibJPEG/source/jccoefct.c **** 			    coef->MCU_buffer[blkn],
 973              		.loc 1 182 25 is_stmt 0 view .LVU326
 974 0040 6268     		ldr	r2, [r4, #4]
 181:Middlewares/Third_Party/LibJPEG/source/jccoefct.c **** 			    input_buf[compptr->component_index],
 975              		.loc 1 181 7 view .LVU327
 976 0042 AB1D     		adds	r3, r5, #6
 977 0044 5BF82330 		ldr	r3, [fp, r3, lsl #2]
 978 0048 CDF80880 		str	r8, [sp, #8]
 979 004c 0599     		ldr	r1, [sp, #20]
 980 004e 0191     		str	r1, [sp, #4]
 981 0050 0097     		str	r7, [sp]
 982 0052 0799     		ldr	r1, [sp, #28]
 983 0054 51F82220 		ldr	r2, [r1, r2, lsl #2]
 984 0058 2146     		mov	r1, r4
 985 005a 4846     		mov	r0, r9
 986 005c D047     		blx	r10
 987              	.LVL102:
 185:Middlewares/Third_Party/LibJPEG/source/jccoefct.c **** 	      /* Create some dummy blocks at the right edge of the image. */
 988              		.loc 1 185 6 is_stmt 1 view .LVU328
 185:Middlewares/Third_Party/LibJPEG/source/jccoefct.c **** 	      /* Create some dummy blocks at the right edge of the image. */
 989              		.loc 1 185 28 is_stmt 0 view .LVU329
 990 005e A26B     		ldr	r2, [r4, #56]
 185:Middlewares/Third_Party/LibJPEG/source/jccoefct.c **** 	      /* Create some dummy blocks at the right edge of the image. */
 991              		.loc 1 185 9 view .LVU330
 992 0060 4245     		cmp	r2, r8
 993 0062 1BDC     		bgt	.L86
 994              	.L72:
 201:Middlewares/Third_Party/LibJPEG/source/jccoefct.c **** 	  ypos += compptr->DCT_v_scaled_size;
 995              		.loc 1 201 4 is_stmt 1 discriminator 2 view .LVU331
 201:Middlewares/Third_Party/LibJPEG/source/jccoefct.c **** 	  ypos += compptr->DCT_v_scaled_size;
 996              		.loc 1 201 19 is_stmt 0 discriminator 2 view .LVU332
 997 0064 A36B     		ldr	r3, [r4, #56]
ARM GAS  /tmp/ccR6P99q.s 			page 30


 201:Middlewares/Third_Party/LibJPEG/source/jccoefct.c **** 	  ypos += compptr->DCT_v_scaled_size;
 998              		.loc 1 201 9 discriminator 2 view .LVU333
 999 0066 1D44     		add	r5, r5, r3
 1000              	.LVL103:
 202:Middlewares/Third_Party/LibJPEG/source/jccoefct.c **** 	}
 1001              		.loc 1 202 4 is_stmt 1 discriminator 2 view .LVU334
 202:Middlewares/Third_Party/LibJPEG/source/jccoefct.c **** 	}
 1002              		.loc 1 202 19 is_stmt 0 discriminator 2 view .LVU335
 1003 0068 A36A     		ldr	r3, [r4, #40]
 202:Middlewares/Third_Party/LibJPEG/source/jccoefct.c **** 	}
 1004              		.loc 1 202 9 discriminator 2 view .LVU336
 1005 006a 1F44     		add	r7, r7, r3
 1006              	.LVL104:
 178:Middlewares/Third_Party/LibJPEG/source/jccoefct.c **** 	  if (coef->iMCU_row_num < last_iMCU_row ||
 1007              		.loc 1 178 49 is_stmt 1 discriminator 2 view .LVU337
 178:Middlewares/Third_Party/LibJPEG/source/jccoefct.c **** 	  if (coef->iMCU_row_num < last_iMCU_row ||
 1008              		.loc 1 178 55 is_stmt 0 discriminator 2 view .LVU338
 1009 006c 0136     		adds	r6, r6, #1
 1010              	.LVL105:
 1011              	.L69:
 178:Middlewares/Third_Party/LibJPEG/source/jccoefct.c **** 	  if (coef->iMCU_row_num < last_iMCU_row ||
 1012              		.loc 1 178 19 is_stmt 1 discriminator 1 view .LVU339
 178:Middlewares/Third_Party/LibJPEG/source/jccoefct.c **** 	  if (coef->iMCU_row_num < last_iMCU_row ||
 1013              		.loc 1 178 35 is_stmt 0 discriminator 1 view .LVU340
 1014 006e E36B     		ldr	r3, [r4, #60]
 178:Middlewares/Third_Party/LibJPEG/source/jccoefct.c **** 	  if (coef->iMCU_row_num < last_iMCU_row ||
 1015              		.loc 1 178 2 discriminator 1 view .LVU341
 1016 0070 B342     		cmp	r3, r6
 1017 0072 3EDD     		ble	.L87
 179:Middlewares/Third_Party/LibJPEG/source/jccoefct.c **** 	      yoffset+yindex < compptr->last_row_height) {
 1018              		.loc 1 179 4 is_stmt 1 view .LVU342
 179:Middlewares/Third_Party/LibJPEG/source/jccoefct.c **** 	      yoffset+yindex < compptr->last_row_height) {
 1019              		.loc 1 179 12 is_stmt 0 view .LVU343
 1020 0074 DBF80830 		ldr	r3, [fp, #8]
 179:Middlewares/Third_Party/LibJPEG/source/jccoefct.c **** 	      yoffset+yindex < compptr->last_row_height) {
 1021              		.loc 1 179 7 view .LVU344
 1022 0078 069A     		ldr	r2, [sp, #24]
 1023 007a 9342     		cmp	r3, r2
 1024 007c E0D3     		bcc	.L70
 180:Middlewares/Third_Party/LibJPEG/source/jccoefct.c **** 	    (*forward_DCT) (cinfo, compptr,
 1025              		.loc 1 180 15 discriminator 1 view .LVU345
 1026 007e 089B     		ldr	r3, [sp, #32]
 1027 0080 F318     		adds	r3, r6, r3
 180:Middlewares/Third_Party/LibJPEG/source/jccoefct.c **** 	    (*forward_DCT) (cinfo, compptr,
 1028              		.loc 1 180 32 discriminator 1 view .LVU346
 1029 0082 E26C     		ldr	r2, [r4, #76]
 179:Middlewares/Third_Party/LibJPEG/source/jccoefct.c **** 	      yoffset+yindex < compptr->last_row_height) {
 1030              		.loc 1 179 43 discriminator 1 view .LVU347
 1031 0084 9342     		cmp	r3, r2
 1032 0086 DBDB     		blt	.L70
 195:Middlewares/Third_Party/LibJPEG/source/jccoefct.c **** 		     compptr->MCU_width * SIZEOF(JBLOCK));
 1033              		.loc 1 195 6 is_stmt 1 view .LVU348
 1034 0088 AB1D     		adds	r3, r5, #6
 1035 008a A26B     		ldr	r2, [r4, #56]
 1036 008c D201     		lsls	r2, r2, #7
 1037 008e 0021     		movs	r1, #0
 1038 0090 5BF82300 		ldr	r0, [fp, r3, lsl #2]
ARM GAS  /tmp/ccR6P99q.s 			page 31


 1039 0094 FFF7FEFF 		bl	memset
 1040              	.LVL106:
 197:Middlewares/Third_Party/LibJPEG/source/jccoefct.c **** 	      coef->MCU_buffer[blkn+bi][0][0] = coef->MCU_buffer[blkn-1][0][0];
 1041              		.loc 1 197 6 view .LVU349
 197:Middlewares/Third_Party/LibJPEG/source/jccoefct.c **** 	      coef->MCU_buffer[blkn+bi][0][0] = coef->MCU_buffer[blkn-1][0][0];
 1042              		.loc 1 197 14 is_stmt 0 view .LVU350
 1043 0098 0023     		movs	r3, #0
 197:Middlewares/Third_Party/LibJPEG/source/jccoefct.c **** 	      coef->MCU_buffer[blkn+bi][0][0] = coef->MCU_buffer[blkn-1][0][0];
 1044              		.loc 1 197 6 view .LVU351
 1045 009a 26E0     		b	.L75
 1046              	.LVL107:
 1047              	.L86:
 187:Middlewares/Third_Party/LibJPEG/source/jccoefct.c **** 		       (compptr->MCU_width - blockcnt) * SIZEOF(JBLOCK));
 1048              		.loc 1 187 8 is_stmt 1 view .LVU352
 1049 009c 05EB0803 		add	r3, r5, r8
 1050 00a0 0633     		adds	r3, r3, #6
 1051 00a2 A2EB0802 		sub	r2, r2, r8
 1052 00a6 D201     		lsls	r2, r2, #7
 1053 00a8 0021     		movs	r1, #0
 1054 00aa 5BF82300 		ldr	r0, [fp, r3, lsl #2]
 1055 00ae FFF7FEFF 		bl	memset
 1056              	.LVL108:
 189:Middlewares/Third_Party/LibJPEG/source/jccoefct.c **** 		coef->MCU_buffer[blkn+bi][0][0] = coef->MCU_buffer[blkn+bi-1][0][0];
 1057              		.loc 1 189 8 view .LVU353
 189:Middlewares/Third_Party/LibJPEG/source/jccoefct.c **** 		coef->MCU_buffer[blkn+bi][0][0] = coef->MCU_buffer[blkn+bi-1][0][0];
 1058              		.loc 1 189 16 is_stmt 0 view .LVU354
 1059 00b2 4246     		mov	r2, r8
 189:Middlewares/Third_Party/LibJPEG/source/jccoefct.c **** 		coef->MCU_buffer[blkn+bi][0][0] = coef->MCU_buffer[blkn+bi-1][0][0];
 1060              		.loc 1 189 8 view .LVU355
 1061 00b4 0AE0     		b	.L73
 1062              	.LVL109:
 1063              	.L74:
 190:Middlewares/Third_Party/LibJPEG/source/jccoefct.c **** 	      }
 1064              		.loc 1 190 3 is_stmt 1 discriminator 3 view .LVU356
 190:Middlewares/Third_Party/LibJPEG/source/jccoefct.c **** 	      }
 1065              		.loc 1 190 58 is_stmt 0 discriminator 3 view .LVU357
 1066 00b6 AB18     		adds	r3, r5, r2
 190:Middlewares/Third_Party/LibJPEG/source/jccoefct.c **** 	      }
 1067              		.loc 1 190 53 discriminator 3 view .LVU358
 1068 00b8 591D     		adds	r1, r3, #5
 1069 00ba 5BF82110 		ldr	r1, [fp, r1, lsl #2]
 190:Middlewares/Third_Party/LibJPEG/source/jccoefct.c **** 	      }
 1070              		.loc 1 190 19 discriminator 3 view .LVU359
 1071 00be 0633     		adds	r3, r3, #6
 1072 00c0 5BF82330 		ldr	r3, [fp, r3, lsl #2]
 190:Middlewares/Third_Party/LibJPEG/source/jccoefct.c **** 	      }
 1073              		.loc 1 190 67 discriminator 3 view .LVU360
 1074 00c4 B1F90010 		ldrsh	r1, [r1]
 190:Middlewares/Third_Party/LibJPEG/source/jccoefct.c **** 	      }
 1075              		.loc 1 190 35 discriminator 3 view .LVU361
 1076 00c8 1980     		strh	r1, [r3]	@ movhi
 189:Middlewares/Third_Party/LibJPEG/source/jccoefct.c **** 		coef->MCU_buffer[blkn+bi][0][0] = coef->MCU_buffer[blkn+bi-1][0][0];
 1077              		.loc 1 189 53 is_stmt 1 discriminator 3 view .LVU362
 189:Middlewares/Third_Party/LibJPEG/source/jccoefct.c **** 		coef->MCU_buffer[blkn+bi][0][0] = coef->MCU_buffer[blkn+bi-1][0][0];
 1078              		.loc 1 189 55 is_stmt 0 discriminator 3 view .LVU363
 1079 00ca 0132     		adds	r2, r2, #1
 1080              	.LVL110:
ARM GAS  /tmp/ccR6P99q.s 			page 32


 1081              	.L73:
 189:Middlewares/Third_Party/LibJPEG/source/jccoefct.c **** 		coef->MCU_buffer[blkn+bi][0][0] = coef->MCU_buffer[blkn+bi-1][0][0];
 1082              		.loc 1 189 28 is_stmt 1 discriminator 1 view .LVU364
 189:Middlewares/Third_Party/LibJPEG/source/jccoefct.c **** 		coef->MCU_buffer[blkn+bi][0][0] = coef->MCU_buffer[blkn+bi-1][0][0];
 1083              		.loc 1 189 40 is_stmt 0 discriminator 1 view .LVU365
 1084 00cc A36B     		ldr	r3, [r4, #56]
 189:Middlewares/Third_Party/LibJPEG/source/jccoefct.c **** 		coef->MCU_buffer[blkn+bi][0][0] = coef->MCU_buffer[blkn+bi-1][0][0];
 1085              		.loc 1 189 8 discriminator 1 view .LVU366
 1086 00ce 9342     		cmp	r3, r2
 1087 00d0 F1DC     		bgt	.L74
 189:Middlewares/Third_Party/LibJPEG/source/jccoefct.c **** 		coef->MCU_buffer[blkn+bi][0][0] = coef->MCU_buffer[blkn+bi-1][0][0];
 1088              		.loc 1 189 8 discriminator 1 view .LVU367
 1089 00d2 C7E7     		b	.L72
 1090              	.LVL111:
 1091              	.L76:
 198:Middlewares/Third_Party/LibJPEG/source/jccoefct.c **** 	    }
 1092              		.loc 1 198 8 is_stmt 1 discriminator 3 view .LVU368
 198:Middlewares/Third_Party/LibJPEG/source/jccoefct.c **** 	    }
 1093              		.loc 1 198 58 is_stmt 0 discriminator 3 view .LVU369
 1094 00d4 6A1D     		adds	r2, r5, #5
 1095 00d6 5BF82210 		ldr	r1, [fp, r2, lsl #2]
 198:Middlewares/Third_Party/LibJPEG/source/jccoefct.c **** 	    }
 1096              		.loc 1 198 29 discriminator 3 view .LVU370
 1097 00da EA18     		adds	r2, r5, r3
 198:Middlewares/Third_Party/LibJPEG/source/jccoefct.c **** 	    }
 1098              		.loc 1 198 24 discriminator 3 view .LVU371
 1099 00dc 0632     		adds	r2, r2, #6
 1100 00de 5BF82220 		ldr	r2, [fp, r2, lsl #2]
 198:Middlewares/Third_Party/LibJPEG/source/jccoefct.c **** 	    }
 1101              		.loc 1 198 69 discriminator 3 view .LVU372
 1102 00e2 B1F90010 		ldrsh	r1, [r1]
 198:Middlewares/Third_Party/LibJPEG/source/jccoefct.c **** 	    }
 1103              		.loc 1 198 40 discriminator 3 view .LVU373
 1104 00e6 1180     		strh	r1, [r2]	@ movhi
 197:Middlewares/Third_Party/LibJPEG/source/jccoefct.c **** 	      coef->MCU_buffer[blkn+bi][0][0] = coef->MCU_buffer[blkn-1][0][0];
 1105              		.loc 1 197 44 is_stmt 1 discriminator 3 view .LVU374
 197:Middlewares/Third_Party/LibJPEG/source/jccoefct.c **** 	      coef->MCU_buffer[blkn+bi][0][0] = coef->MCU_buffer[blkn-1][0][0];
 1106              		.loc 1 197 46 is_stmt 0 discriminator 3 view .LVU375
 1107 00e8 0133     		adds	r3, r3, #1
 1108              	.LVL112:
 1109              	.L75:
 197:Middlewares/Third_Party/LibJPEG/source/jccoefct.c **** 	      coef->MCU_buffer[blkn+bi][0][0] = coef->MCU_buffer[blkn-1][0][0];
 1110              		.loc 1 197 19 is_stmt 1 discriminator 1 view .LVU376
 197:Middlewares/Third_Party/LibJPEG/source/jccoefct.c **** 	      coef->MCU_buffer[blkn+bi][0][0] = coef->MCU_buffer[blkn-1][0][0];
 1111              		.loc 1 197 31 is_stmt 0 discriminator 1 view .LVU377
 1112 00ea A26B     		ldr	r2, [r4, #56]
 197:Middlewares/Third_Party/LibJPEG/source/jccoefct.c **** 	      coef->MCU_buffer[blkn+bi][0][0] = coef->MCU_buffer[blkn-1][0][0];
 1113              		.loc 1 197 6 discriminator 1 view .LVU378
 1114 00ec 9A42     		cmp	r2, r3
 1115 00ee F1DC     		bgt	.L76
 1116 00f0 B8E7     		b	.L72
 1117              	.LVL113:
 1118              	.L87:
 170:Middlewares/Third_Party/LibJPEG/source/jccoefct.c **** 	compptr = cinfo->cur_comp_info[ci];
 1119              		.loc 1 170 47 is_stmt 1 discriminator 2 view .LVU379
 170:Middlewares/Third_Party/LibJPEG/source/jccoefct.c **** 	compptr = cinfo->cur_comp_info[ci];
 1120              		.loc 1 170 49 is_stmt 0 discriminator 2 view .LVU380
ARM GAS  /tmp/ccR6P99q.s 			page 33


 1121 00f2 099B     		ldr	r3, [sp, #36]
 1122 00f4 0133     		adds	r3, r3, #1
 1123 00f6 0993     		str	r3, [sp, #36]
 1124              	.LVL114:
 1125              	.L81:
 170:Middlewares/Third_Party/LibJPEG/source/jccoefct.c **** 	compptr = cinfo->cur_comp_info[ci];
 1126              		.loc 1 170 20 is_stmt 1 discriminator 1 view .LVU381
 170:Middlewares/Third_Party/LibJPEG/source/jccoefct.c **** 	compptr = cinfo->cur_comp_info[ci];
 1127              		.loc 1 170 30 is_stmt 0 discriminator 1 view .LVU382
 1128 00f8 D9F82031 		ldr	r3, [r9, #288]
 170:Middlewares/Third_Party/LibJPEG/source/jccoefct.c **** 	compptr = cinfo->cur_comp_info[ci];
 1129              		.loc 1 170 7 discriminator 1 view .LVU383
 1130 00fc 099A     		ldr	r2, [sp, #36]
 1131 00fe 9342     		cmp	r3, r2
 1132 0100 1CDD     		ble	.L88
 171:Middlewares/Third_Party/LibJPEG/source/jccoefct.c **** 	forward_DCT = cinfo->fdct->forward_DCT[compptr->component_index];
 1133              		.loc 1 171 2 is_stmt 1 view .LVU384
 171:Middlewares/Third_Party/LibJPEG/source/jccoefct.c **** 	forward_DCT = cinfo->fdct->forward_DCT[compptr->component_index];
 1134              		.loc 1 171 10 is_stmt 0 view .LVU385
 1135 0102 099B     		ldr	r3, [sp, #36]
 1136 0104 4833     		adds	r3, r3, #72
 1137 0106 09EB8303 		add	r3, r9, r3, lsl #2
 1138 010a 5C68     		ldr	r4, [r3, #4]
 1139              	.LVL115:
 172:Middlewares/Third_Party/LibJPEG/source/jccoefct.c **** 	blockcnt = (MCU_col_num < last_MCU_col) ? compptr->MCU_width
 1140              		.loc 1 172 2 is_stmt 1 view .LVU386
 172:Middlewares/Third_Party/LibJPEG/source/jccoefct.c **** 	blockcnt = (MCU_col_num < last_MCU_col) ? compptr->MCU_width
 1141              		.loc 1 172 21 is_stmt 0 view .LVU387
 1142 010c D9F8A031 		ldr	r3, [r9, #416]
 172:Middlewares/Third_Party/LibJPEG/source/jccoefct.c **** 	blockcnt = (MCU_col_num < last_MCU_col) ? compptr->MCU_width
 1143              		.loc 1 172 48 view .LVU388
 1144 0110 6268     		ldr	r2, [r4, #4]
 172:Middlewares/Third_Party/LibJPEG/source/jccoefct.c **** 	blockcnt = (MCU_col_num < last_MCU_col) ? compptr->MCU_width
 1145              		.loc 1 172 14 view .LVU389
 1146 0112 03EB8203 		add	r3, r3, r2, lsl #2
 1147 0116 D3F804A0 		ldr	r10, [r3, #4]
 1148              	.LVL116:
 173:Middlewares/Third_Party/LibJPEG/source/jccoefct.c **** 						: compptr->last_col_width;
 1149              		.loc 1 173 2 is_stmt 1 view .LVU390
 174:Middlewares/Third_Party/LibJPEG/source/jccoefct.c **** 	xpos = MCU_col_num * compptr->MCU_sample_width;
 1150              		.loc 1 174 7 is_stmt 0 view .LVU391
 1151 011a 0A9B     		ldr	r3, [sp, #40]
 1152 011c 0B9A     		ldr	r2, [sp, #44]
 1153 011e 9342     		cmp	r3, r2
 1154 0120 8BD2     		bcs	.L67
 174:Middlewares/Third_Party/LibJPEG/source/jccoefct.c **** 	xpos = MCU_col_num * compptr->MCU_sample_width;
 1155              		.loc 1 174 7 discriminator 1 view .LVU392
 1156 0122 D4F83880 		ldr	r8, [r4, #56]
 1157              	.L68:
 1158              	.LVL117:
 175:Middlewares/Third_Party/LibJPEG/source/jccoefct.c **** 	ypos = yoffset * compptr->DCT_v_scaled_size;
 1159              		.loc 1 175 2 is_stmt 1 view .LVU393
 175:Middlewares/Third_Party/LibJPEG/source/jccoefct.c **** 	ypos = yoffset * compptr->DCT_v_scaled_size;
 1160              		.loc 1 175 30 is_stmt 0 view .LVU394
 1161 0126 636C     		ldr	r3, [r4, #68]
 175:Middlewares/Third_Party/LibJPEG/source/jccoefct.c **** 	ypos = yoffset * compptr->DCT_v_scaled_size;
 1162              		.loc 1 175 7 view .LVU395
ARM GAS  /tmp/ccR6P99q.s 			page 34


 1163 0128 0A9A     		ldr	r2, [sp, #40]
 1164 012a 02FB03F3 		mul	r3, r2, r3
 1165 012e 0593     		str	r3, [sp, #20]
 1166              	.LVL118:
 176:Middlewares/Third_Party/LibJPEG/source/jccoefct.c **** 	/* ypos == (yoffset+yindex) * DCTSIZE */
 1167              		.loc 1 176 2 is_stmt 1 view .LVU396
 176:Middlewares/Third_Party/LibJPEG/source/jccoefct.c **** 	/* ypos == (yoffset+yindex) * DCTSIZE */
 1168              		.loc 1 176 26 is_stmt 0 view .LVU397
 1169 0130 A76A     		ldr	r7, [r4, #40]
 176:Middlewares/Third_Party/LibJPEG/source/jccoefct.c **** 	/* ypos == (yoffset+yindex) * DCTSIZE */
 1170              		.loc 1 176 17 view .LVU398
 1171 0132 089B     		ldr	r3, [sp, #32]
 1172              	.LVL119:
 176:Middlewares/Third_Party/LibJPEG/source/jccoefct.c **** 	/* ypos == (yoffset+yindex) * DCTSIZE */
 1173              		.loc 1 176 17 view .LVU399
 1174 0134 03FB07F7 		mul	r7, r3, r7
 1175              	.LVL120:
 178:Middlewares/Third_Party/LibJPEG/source/jccoefct.c **** 	  if (coef->iMCU_row_num < last_iMCU_row ||
 1176              		.loc 1 178 2 is_stmt 1 view .LVU400
 178:Middlewares/Third_Party/LibJPEG/source/jccoefct.c **** 	  if (coef->iMCU_row_num < last_iMCU_row ||
 1177              		.loc 1 178 14 is_stmt 0 view .LVU401
 1178 0138 0026     		movs	r6, #0
 178:Middlewares/Third_Party/LibJPEG/source/jccoefct.c **** 	  if (coef->iMCU_row_num < last_iMCU_row ||
 1179              		.loc 1 178 2 view .LVU402
 1180 013a 98E7     		b	.L69
 1181              	.LVL121:
 1182              	.L88:
 208:Middlewares/Third_Party/LibJPEG/source/jccoefct.c **** 	/* Suspension forced; update state counters and exit */
 1183              		.loc 1 208 7 is_stmt 1 view .LVU403
 208:Middlewares/Third_Party/LibJPEG/source/jccoefct.c **** 	/* Suspension forced; update state counters and exit */
 1184              		.loc 1 208 20 is_stmt 0 view .LVU404
 1185 013c D9F8A431 		ldr	r3, [r9, #420]
 208:Middlewares/Third_Party/LibJPEG/source/jccoefct.c **** 	/* Suspension forced; update state counters and exit */
 1186              		.loc 1 208 14 view .LVU405
 1187 0140 5B68     		ldr	r3, [r3, #4]
 1188 0142 0BF11801 		add	r1, fp, #24
 1189 0146 4846     		mov	r0, r9
 1190 0148 9847     		blx	r3
 1191              	.LVL122:
 208:Middlewares/Third_Party/LibJPEG/source/jccoefct.c **** 	/* Suspension forced; update state counters and exit */
 1192              		.loc 1 208 10 view .LVU406
 1193 014a 0346     		mov	r3, r0
 1194 014c 50B1     		cbz	r0, .L89
 159:Middlewares/Third_Party/LibJPEG/source/jccoefct.c ****       /* Determine where data comes from in input_buf and do the DCT thing.
 1195              		.loc 1 159 3 is_stmt 1 view .LVU407
 159:Middlewares/Third_Party/LibJPEG/source/jccoefct.c ****       /* Determine where data comes from in input_buf and do the DCT thing.
 1196              		.loc 1 159 14 is_stmt 0 view .LVU408
 1197 014e 0A9B     		ldr	r3, [sp, #40]
 1198 0150 0133     		adds	r3, r3, #1
 1199 0152 0A93     		str	r3, [sp, #40]
 1200              	.LVL123:
 1201              	.L66:
 158:Middlewares/Third_Party/LibJPEG/source/jccoefct.c **** 	 MCU_col_num++) {
 1202              		.loc 1 158 39 is_stmt 1 discriminator 1 view .LVU409
 158:Middlewares/Third_Party/LibJPEG/source/jccoefct.c **** 	 MCU_col_num++) {
 1203              		.loc 1 158 5 is_stmt 0 discriminator 1 view .LVU410
 1204 0154 0A9B     		ldr	r3, [sp, #40]
ARM GAS  /tmp/ccR6P99q.s 			page 35


 1205 0156 0B9A     		ldr	r2, [sp, #44]
 1206 0158 9342     		cmp	r3, r2
 1207 015a 0DD8     		bhi	.L90
 170:Middlewares/Third_Party/LibJPEG/source/jccoefct.c **** 	compptr = cinfo->cur_comp_info[ci];
 1208              		.loc 1 170 15 view .LVU411
 1209 015c 0023     		movs	r3, #0
 1210 015e 0993     		str	r3, [sp, #36]
 169:Middlewares/Third_Party/LibJPEG/source/jccoefct.c ****       for (ci = 0; ci < cinfo->comps_in_scan; ci++) {
 1211              		.loc 1 169 12 view .LVU412
 1212 0160 1D46     		mov	r5, r3
 1213 0162 C9E7     		b	.L81
 1214              	.LVL124:
 1215              	.L89:
 210:Middlewares/Third_Party/LibJPEG/source/jccoefct.c **** 	coef->mcu_ctr = MCU_col_num;
 1216              		.loc 1 210 2 is_stmt 1 view .LVU413
 210:Middlewares/Third_Party/LibJPEG/source/jccoefct.c **** 	coef->mcu_ctr = MCU_col_num;
 1217              		.loc 1 210 24 is_stmt 0 view .LVU414
 1218 0164 089A     		ldr	r2, [sp, #32]
 1219 0166 CBF81020 		str	r2, [fp, #16]
 211:Middlewares/Third_Party/LibJPEG/source/jccoefct.c **** 	return FALSE;
 1220              		.loc 1 211 2 is_stmt 1 view .LVU415
 211:Middlewares/Third_Party/LibJPEG/source/jccoefct.c **** 	return FALSE;
 1221              		.loc 1 211 16 is_stmt 0 view .LVU416
 1222 016a 0A9A     		ldr	r2, [sp, #40]
 1223 016c CBF80C20 		str	r2, [fp, #12]
 212:Middlewares/Third_Party/LibJPEG/source/jccoefct.c ****       }
 1224              		.loc 1 212 2 is_stmt 1 view .LVU417
 1225              	.LVL125:
 1226              	.L64:
 222:Middlewares/Third_Party/LibJPEG/source/jccoefct.c **** 
 1227              		.loc 1 222 1 is_stmt 0 view .LVU418
 1228 0170 1846     		mov	r0, r3
 1229 0172 0DB0     		add	sp, sp, #52
 1230              	.LCFI10:
 1231              		.cfi_remember_state
 1232              		.cfi_def_cfa_offset 36
 1233              		@ sp needed
 1234 0174 BDE8F08F 		pop	{r4, r5, r6, r7, r8, r9, r10, fp, pc}
 1235              	.LVL126:
 1236              	.L90:
 1237              	.LCFI11:
 1238              		.cfi_restore_state
 216:Middlewares/Third_Party/LibJPEG/source/jccoefct.c ****   }
 1239              		.loc 1 216 5 is_stmt 1 view .LVU419
 216:Middlewares/Third_Party/LibJPEG/source/jccoefct.c ****   }
 1240              		.loc 1 216 19 is_stmt 0 view .LVU420
 1241 0178 0023     		movs	r3, #0
 1242              	.LVL127:
 216:Middlewares/Third_Party/LibJPEG/source/jccoefct.c ****   }
 1243              		.loc 1 216 19 view .LVU421
 1244 017a CBF80C30 		str	r3, [fp, #12]
 157:Middlewares/Third_Party/LibJPEG/source/jccoefct.c ****     for (MCU_col_num = coef->mcu_ctr; MCU_col_num <= last_MCU_col;
 1245              		.loc 1 157 8 is_stmt 1 view .LVU422
 157:Middlewares/Third_Party/LibJPEG/source/jccoefct.c ****     for (MCU_col_num = coef->mcu_ctr; MCU_col_num <= last_MCU_col;
 1246              		.loc 1 157 15 is_stmt 0 view .LVU423
 1247 017e 089B     		ldr	r3, [sp, #32]
 1248 0180 0133     		adds	r3, r3, #1
ARM GAS  /tmp/ccR6P99q.s 			page 36


 1249 0182 0893     		str	r3, [sp, #32]
 1250              	.LVL128:
 157:Middlewares/Third_Party/LibJPEG/source/jccoefct.c ****     for (MCU_col_num = coef->mcu_ctr; MCU_col_num <= last_MCU_col;
 1251              		.loc 1 157 15 view .LVU424
 1252 0184 4FE7     		b	.L65
 1253              	.LVL129:
 1254              	.L85:
 219:Middlewares/Third_Party/LibJPEG/source/jccoefct.c ****   start_iMCU_row(cinfo);
 1255              		.loc 1 219 7 view .LVU425
 1256 0186 4B46     		mov	r3, r9
 1257 0188 D946     		mov	r9, fp
 1258              	.LVL130:
 219:Middlewares/Third_Party/LibJPEG/source/jccoefct.c ****   start_iMCU_row(cinfo);
 1259              		.loc 1 219 7 view .LVU426
 1260 018a 9B46     		mov	fp, r3
 1261              	.LVL131:
 219:Middlewares/Third_Party/LibJPEG/source/jccoefct.c ****   start_iMCU_row(cinfo);
 1262              		.loc 1 219 3 is_stmt 1 view .LVU427
 219:Middlewares/Third_Party/LibJPEG/source/jccoefct.c ****   start_iMCU_row(cinfo);
 1263              		.loc 1 219 7 is_stmt 0 view .LVU428
 1264 018c D9F80830 		ldr	r3, [r9, #8]
 1265              	.LVL132:
 219:Middlewares/Third_Party/LibJPEG/source/jccoefct.c ****   start_iMCU_row(cinfo);
 1266              		.loc 1 219 21 view .LVU429
 1267 0190 0133     		adds	r3, r3, #1
 1268 0192 C9F80830 		str	r3, [r9, #8]
 220:Middlewares/Third_Party/LibJPEG/source/jccoefct.c ****   return TRUE;
 1269              		.loc 1 220 3 is_stmt 1 view .LVU430
 1270 0196 5846     		mov	r0, fp
 1271 0198 FFF7FEFF 		bl	start_iMCU_row
 1272              	.LVL133:
 221:Middlewares/Third_Party/LibJPEG/source/jccoefct.c **** }
 1273              		.loc 1 221 3 view .LVU431
 221:Middlewares/Third_Party/LibJPEG/source/jccoefct.c **** }
 1274              		.loc 1 221 10 is_stmt 0 view .LVU432
 1275 019c 0123     		movs	r3, #1
 1276 019e E7E7     		b	.L64
 1277              		.cfi_endproc
 1278              	.LFE9:
 1280              		.section	.text.jinit_c_coef_controller,"ax",%progbits
 1281              		.align	1
 1282              		.global	jinit_c_coef_controller
 1283              		.syntax unified
 1284              		.thumb
 1285              		.thumb_func
 1286              		.fpu fpv4-sp-d16
 1288              	jinit_c_coef_controller:
 1289              	.LVL134:
 1290              	.LFB12:
 401:Middlewares/Third_Party/LibJPEG/source/jccoefct.c **** 
 402:Middlewares/Third_Party/LibJPEG/source/jccoefct.c **** #endif /* FULL_COEF_BUFFER_SUPPORTED */
 403:Middlewares/Third_Party/LibJPEG/source/jccoefct.c **** 
 404:Middlewares/Third_Party/LibJPEG/source/jccoefct.c **** 
 405:Middlewares/Third_Party/LibJPEG/source/jccoefct.c **** /*
 406:Middlewares/Third_Party/LibJPEG/source/jccoefct.c ****  * Initialize coefficient buffer controller.
 407:Middlewares/Third_Party/LibJPEG/source/jccoefct.c ****  */
 408:Middlewares/Third_Party/LibJPEG/source/jccoefct.c **** 
ARM GAS  /tmp/ccR6P99q.s 			page 37


 409:Middlewares/Third_Party/LibJPEG/source/jccoefct.c **** GLOBAL(void)
 410:Middlewares/Third_Party/LibJPEG/source/jccoefct.c **** jinit_c_coef_controller (j_compress_ptr cinfo, boolean need_full_buffer)
 411:Middlewares/Third_Party/LibJPEG/source/jccoefct.c **** {
 1291              		.loc 1 411 1 is_stmt 1 view -0
 1292              		.cfi_startproc
 1293              		@ args = 0, pretend = 0, frame = 0
 1294              		@ frame_needed = 0, uses_anonymous_args = 0
 1295              		.loc 1 411 1 is_stmt 0 view .LVU434
 1296 0000 2DE9F043 		push	{r4, r5, r6, r7, r8, r9, lr}
 1297              	.LCFI12:
 1298              		.cfi_def_cfa_offset 28
 1299              		.cfi_offset 4, -28
 1300              		.cfi_offset 5, -24
 1301              		.cfi_offset 6, -20
 1302              		.cfi_offset 7, -16
 1303              		.cfi_offset 8, -12
 1304              		.cfi_offset 9, -8
 1305              		.cfi_offset 14, -4
 1306 0004 83B0     		sub	sp, sp, #12
 1307              	.LCFI13:
 1308              		.cfi_def_cfa_offset 40
 1309 0006 0546     		mov	r5, r0
 1310 0008 0C46     		mov	r4, r1
 412:Middlewares/Third_Party/LibJPEG/source/jccoefct.c ****   my_coef_ptr coef;
 1311              		.loc 1 412 3 is_stmt 1 view .LVU435
 413:Middlewares/Third_Party/LibJPEG/source/jccoefct.c **** 
 414:Middlewares/Third_Party/LibJPEG/source/jccoefct.c ****   coef = (my_coef_ptr)
 1312              		.loc 1 414 3 view .LVU436
 415:Middlewares/Third_Party/LibJPEG/source/jccoefct.c ****     (*cinfo->mem->alloc_small) ((j_common_ptr) cinfo, JPOOL_IMAGE,
 1313              		.loc 1 415 12 is_stmt 0 view .LVU437
 1314 000a 4368     		ldr	r3, [r0, #4]
 1315              		.loc 1 415 6 view .LVU438
 1316 000c 1B68     		ldr	r3, [r3]
 1317 000e 6822     		movs	r2, #104
 1318 0010 0121     		movs	r1, #1
 1319              	.LVL135:
 1320              		.loc 1 415 6 view .LVU439
 1321 0012 9847     		blx	r3
 1322              	.LVL136:
 1323              		.loc 1 415 6 view .LVU440
 1324 0014 8046     		mov	r8, r0
 1325              	.LVL137:
 416:Middlewares/Third_Party/LibJPEG/source/jccoefct.c **** 				SIZEOF(my_coef_controller));
 417:Middlewares/Third_Party/LibJPEG/source/jccoefct.c ****   cinfo->coef = (struct jpeg_c_coef_controller *) coef;
 1326              		.loc 1 417 3 is_stmt 1 view .LVU441
 1327              		.loc 1 417 15 is_stmt 0 view .LVU442
 1328 0016 C5F89001 		str	r0, [r5, #400]
 418:Middlewares/Third_Party/LibJPEG/source/jccoefct.c ****   coef->pub.start_pass = start_pass_coef;
 1329              		.loc 1 418 3 is_stmt 1 view .LVU443
 1330              		.loc 1 418 24 is_stmt 0 view .LVU444
 1331 001a 1D4B     		ldr	r3, .L99
 1332 001c 0360     		str	r3, [r0]
 419:Middlewares/Third_Party/LibJPEG/source/jccoefct.c **** 
 420:Middlewares/Third_Party/LibJPEG/source/jccoefct.c ****   /* Create the coefficient buffer. */
 421:Middlewares/Third_Party/LibJPEG/source/jccoefct.c ****   if (need_full_buffer) {
 1333              		.loc 1 421 3 is_stmt 1 view .LVU445
 1334              		.loc 1 421 6 is_stmt 0 view .LVU446
ARM GAS  /tmp/ccR6P99q.s 			page 38


 1335 001e 14B3     		cbz	r4, .L92
 1336              	.LBB2:
 422:Middlewares/Third_Party/LibJPEG/source/jccoefct.c **** #ifdef FULL_COEF_BUFFER_SUPPORTED
 423:Middlewares/Third_Party/LibJPEG/source/jccoefct.c ****     /* Allocate a full-image virtual array for each component, */
 424:Middlewares/Third_Party/LibJPEG/source/jccoefct.c ****     /* padded to a multiple of samp_factor DCT blocks in each direction. */
 425:Middlewares/Third_Party/LibJPEG/source/jccoefct.c ****     int ci;
 1337              		.loc 1 425 5 is_stmt 1 view .LVU447
 426:Middlewares/Third_Party/LibJPEG/source/jccoefct.c ****     jpeg_component_info *compptr;
 1338              		.loc 1 426 5 view .LVU448
 427:Middlewares/Third_Party/LibJPEG/source/jccoefct.c **** 
 428:Middlewares/Third_Party/LibJPEG/source/jccoefct.c ****     for (ci = 0, compptr = cinfo->comp_info; ci < cinfo->num_components;
 1339              		.loc 1 428 5 view .LVU449
 1340              	.LVL138:
 1341              		.loc 1 428 26 is_stmt 0 view .LVU450
 1342 0020 6C6D     		ldr	r4, [r5, #84]
 1343              	.LVL139:
 1344              		.loc 1 428 13 view .LVU451
 1345 0022 0026     		movs	r6, #0
 1346              		.loc 1 428 5 view .LVU452
 1347 0024 19E0     		b	.L93
 1348              	.LVL140:
 1349              	.L94:
 429:Middlewares/Third_Party/LibJPEG/source/jccoefct.c **** 	 ci++, compptr++) {
 430:Middlewares/Third_Party/LibJPEG/source/jccoefct.c ****       coef->whole_image[ci] = (*cinfo->mem->request_virt_barray)
 1350              		.loc 1 430 7 is_stmt 1 view .LVU453
 1351              		.loc 1 430 38 is_stmt 0 view .LVU454
 1352 0026 6B68     		ldr	r3, [r5, #4]
 1353              		.loc 1 430 32 view .LVU455
 1354 0028 D3F81490 		ldr	r9, [r3, #20]
 431:Middlewares/Third_Party/LibJPEG/source/jccoefct.c **** 	((j_common_ptr) cinfo, JPOOL_IMAGE, FALSE,
 432:Middlewares/Third_Party/LibJPEG/source/jccoefct.c **** 	 (JDIMENSION) jround_up((long) compptr->width_in_blocks,
 1355              		.loc 1 432 16 view .LVU456
 1356 002c A168     		ldr	r1, [r4, #8]
 1357 002e E069     		ldr	r0, [r4, #28]
 1358 0030 FFF7FEFF 		bl	jround_up
 1359              	.LVL141:
 1360 0034 0746     		mov	r7, r0
 433:Middlewares/Third_Party/LibJPEG/source/jccoefct.c **** 				(long) compptr->h_samp_factor),
 434:Middlewares/Third_Party/LibJPEG/source/jccoefct.c **** 	 (JDIMENSION) jround_up((long) compptr->height_in_blocks,
 1361              		.loc 1 434 16 view .LVU457
 1362 0036 E168     		ldr	r1, [r4, #12]
 1363 0038 206A     		ldr	r0, [r4, #32]
 1364 003a FFF7FEFF 		bl	jround_up
 1365              	.LVL142:
 435:Middlewares/Third_Party/LibJPEG/source/jccoefct.c **** 				(long) compptr->v_samp_factor),
 436:Middlewares/Third_Party/LibJPEG/source/jccoefct.c **** 	 (JDIMENSION) compptr->v_samp_factor);
 1366              		.loc 1 436 23 view .LVU458
 1367 003e E368     		ldr	r3, [r4, #12]
 430:Middlewares/Third_Party/LibJPEG/source/jccoefct.c **** 	((j_common_ptr) cinfo, JPOOL_IMAGE, FALSE,
 1368              		.loc 1 430 32 view .LVU459
 1369 0040 0193     		str	r3, [sp, #4]
 1370 0042 0090     		str	r0, [sp]
 1371 0044 3B46     		mov	r3, r7
 1372 0046 0022     		movs	r2, #0
 1373 0048 0121     		movs	r1, #1
 1374 004a 2846     		mov	r0, r5
 1375 004c C847     		blx	r9
ARM GAS  /tmp/ccR6P99q.s 			page 39


 1376              	.LVL143:
 430:Middlewares/Third_Party/LibJPEG/source/jccoefct.c **** 	((j_common_ptr) cinfo, JPOOL_IMAGE, FALSE,
 1377              		.loc 1 430 29 view .LVU460
 1378 004e 06F11003 		add	r3, r6, #16
 1379 0052 48F82300 		str	r0, [r8, r3, lsl #2]
 429:Middlewares/Third_Party/LibJPEG/source/jccoefct.c ****       coef->whole_image[ci] = (*cinfo->mem->request_virt_barray)
 1380              		.loc 1 429 3 is_stmt 1 view .LVU461
 429:Middlewares/Third_Party/LibJPEG/source/jccoefct.c ****       coef->whole_image[ci] = (*cinfo->mem->request_virt_barray)
 1381              		.loc 1 429 5 is_stmt 0 view .LVU462
 1382 0056 0136     		adds	r6, r6, #1
 1383              	.LVL144:
 429:Middlewares/Third_Party/LibJPEG/source/jccoefct.c ****       coef->whole_image[ci] = (*cinfo->mem->request_virt_barray)
 1384              		.loc 1 429 16 view .LVU463
 1385 0058 5834     		adds	r4, r4, #88
 1386              	.LVL145:
 1387              	.L93:
 428:Middlewares/Third_Party/LibJPEG/source/jccoefct.c **** 	 ci++, compptr++) {
 1388              		.loc 1 428 46 is_stmt 1 discriminator 1 view .LVU464
 428:Middlewares/Third_Party/LibJPEG/source/jccoefct.c **** 	 ci++, compptr++) {
 1389              		.loc 1 428 56 is_stmt 0 discriminator 1 view .LVU465
 1390 005a EB6C     		ldr	r3, [r5, #76]
 428:Middlewares/Third_Party/LibJPEG/source/jccoefct.c **** 	 ci++, compptr++) {
 1391              		.loc 1 428 5 discriminator 1 view .LVU466
 1392 005c B342     		cmp	r3, r6
 1393 005e E2DC     		bgt	.L94
 1394              	.LVL146:
 1395              	.L91:
 428:Middlewares/Third_Party/LibJPEG/source/jccoefct.c **** 	 ci++, compptr++) {
 1396              		.loc 1 428 5 discriminator 1 view .LVU467
 1397              	.LBE2:
 437:Middlewares/Third_Party/LibJPEG/source/jccoefct.c ****     }
 438:Middlewares/Third_Party/LibJPEG/source/jccoefct.c **** #else
 439:Middlewares/Third_Party/LibJPEG/source/jccoefct.c ****     ERREXIT(cinfo, JERR_BAD_BUFFER_MODE);
 440:Middlewares/Third_Party/LibJPEG/source/jccoefct.c **** #endif
 441:Middlewares/Third_Party/LibJPEG/source/jccoefct.c ****   } else {
 442:Middlewares/Third_Party/LibJPEG/source/jccoefct.c ****     /* We only need a single-MCU buffer. */
 443:Middlewares/Third_Party/LibJPEG/source/jccoefct.c ****     JBLOCKROW buffer;
 444:Middlewares/Third_Party/LibJPEG/source/jccoefct.c ****     int i;
 445:Middlewares/Third_Party/LibJPEG/source/jccoefct.c **** 
 446:Middlewares/Third_Party/LibJPEG/source/jccoefct.c ****     buffer = (JBLOCKROW)
 447:Middlewares/Third_Party/LibJPEG/source/jccoefct.c ****       (*cinfo->mem->alloc_large) ((j_common_ptr) cinfo, JPOOL_IMAGE,
 448:Middlewares/Third_Party/LibJPEG/source/jccoefct.c **** 				  C_MAX_BLOCKS_IN_MCU * SIZEOF(JBLOCK));
 449:Middlewares/Third_Party/LibJPEG/source/jccoefct.c ****     for (i = 0; i < C_MAX_BLOCKS_IN_MCU; i++) {
 450:Middlewares/Third_Party/LibJPEG/source/jccoefct.c ****       coef->MCU_buffer[i] = buffer + i;
 451:Middlewares/Third_Party/LibJPEG/source/jccoefct.c ****     }
 452:Middlewares/Third_Party/LibJPEG/source/jccoefct.c ****     coef->whole_image[0] = NULL; /* flag for no virtual arrays */
 453:Middlewares/Third_Party/LibJPEG/source/jccoefct.c ****   }
 454:Middlewares/Third_Party/LibJPEG/source/jccoefct.c **** }
 1398              		.loc 1 454 1 view .LVU468
 1399 0060 03B0     		add	sp, sp, #12
 1400              	.LCFI14:
 1401              		.cfi_remember_state
 1402              		.cfi_def_cfa_offset 28
 1403              		@ sp needed
 1404 0062 BDE8F083 		pop	{r4, r5, r6, r7, r8, r9, pc}
 1405              	.LVL147:
 1406              	.L92:
ARM GAS  /tmp/ccR6P99q.s 			page 40


 1407              	.LCFI15:
 1408              		.cfi_restore_state
 1409              	.LBB3:
 443:Middlewares/Third_Party/LibJPEG/source/jccoefct.c ****     int i;
 1410              		.loc 1 443 5 is_stmt 1 view .LVU469
 444:Middlewares/Third_Party/LibJPEG/source/jccoefct.c **** 
 1411              		.loc 1 444 5 view .LVU470
 446:Middlewares/Third_Party/LibJPEG/source/jccoefct.c ****       (*cinfo->mem->alloc_large) ((j_common_ptr) cinfo, JPOOL_IMAGE,
 1412              		.loc 1 446 5 view .LVU471
 447:Middlewares/Third_Party/LibJPEG/source/jccoefct.c **** 				  C_MAX_BLOCKS_IN_MCU * SIZEOF(JBLOCK));
 1413              		.loc 1 447 14 is_stmt 0 view .LVU472
 1414 0066 6B68     		ldr	r3, [r5, #4]
 447:Middlewares/Third_Party/LibJPEG/source/jccoefct.c **** 				  C_MAX_BLOCKS_IN_MCU * SIZEOF(JBLOCK));
 1415              		.loc 1 447 8 view .LVU473
 1416 0068 5B68     		ldr	r3, [r3, #4]
 1417 006a 4FF4A062 		mov	r2, #1280
 1418 006e 0121     		movs	r1, #1
 1419 0070 2846     		mov	r0, r5
 1420              	.LVL148:
 447:Middlewares/Third_Party/LibJPEG/source/jccoefct.c **** 				  C_MAX_BLOCKS_IN_MCU * SIZEOF(JBLOCK));
 1421              		.loc 1 447 8 view .LVU474
 1422 0072 9847     		blx	r3
 1423              	.LVL149:
 449:Middlewares/Third_Party/LibJPEG/source/jccoefct.c ****       coef->MCU_buffer[i] = buffer + i;
 1424              		.loc 1 449 5 is_stmt 1 view .LVU475
 449:Middlewares/Third_Party/LibJPEG/source/jccoefct.c ****       coef->MCU_buffer[i] = buffer + i;
 1425              		.loc 1 449 5 is_stmt 0 view .LVU476
 1426 0074 05E0     		b	.L96
 1427              	.LVL150:
 1428              	.L97:
 450:Middlewares/Third_Party/LibJPEG/source/jccoefct.c ****     }
 1429              		.loc 1 450 7 is_stmt 1 discriminator 3 view .LVU477
 450:Middlewares/Third_Party/LibJPEG/source/jccoefct.c ****     }
 1430              		.loc 1 450 36 is_stmt 0 discriminator 3 view .LVU478
 1431 0076 00EBC412 		add	r2, r0, r4, lsl #7
 450:Middlewares/Third_Party/LibJPEG/source/jccoefct.c ****     }
 1432              		.loc 1 450 27 discriminator 3 view .LVU479
 1433 007a A31D     		adds	r3, r4, #6
 1434 007c 48F82320 		str	r2, [r8, r3, lsl #2]
 449:Middlewares/Third_Party/LibJPEG/source/jccoefct.c ****       coef->MCU_buffer[i] = buffer + i;
 1435              		.loc 1 449 42 is_stmt 1 discriminator 3 view .LVU480
 449:Middlewares/Third_Party/LibJPEG/source/jccoefct.c ****       coef->MCU_buffer[i] = buffer + i;
 1436              		.loc 1 449 43 is_stmt 0 discriminator 3 view .LVU481
 1437 0080 0134     		adds	r4, r4, #1
 1438              	.LVL151:
 1439              	.L96:
 449:Middlewares/Third_Party/LibJPEG/source/jccoefct.c ****       coef->MCU_buffer[i] = buffer + i;
 1440              		.loc 1 449 17 is_stmt 1 discriminator 1 view .LVU482
 449:Middlewares/Third_Party/LibJPEG/source/jccoefct.c ****       coef->MCU_buffer[i] = buffer + i;
 1441              		.loc 1 449 5 is_stmt 0 discriminator 1 view .LVU483
 1442 0082 092C     		cmp	r4, #9
 1443 0084 F7DD     		ble	.L97
 452:Middlewares/Third_Party/LibJPEG/source/jccoefct.c ****   }
 1444              		.loc 1 452 5 is_stmt 1 view .LVU484
 452:Middlewares/Third_Party/LibJPEG/source/jccoefct.c ****   }
 1445              		.loc 1 452 26 is_stmt 0 view .LVU485
 1446 0086 0023     		movs	r3, #0
ARM GAS  /tmp/ccR6P99q.s 			page 41


 1447 0088 C8F84030 		str	r3, [r8, #64]
 1448              	.LBE3:
 1449              		.loc 1 454 1 view .LVU486
 1450 008c E8E7     		b	.L91
 1451              	.L100:
 1452 008e 00BF     		.align	2
 1453              	.L99:
 1454 0090 00000000 		.word	start_pass_coef
 1455              		.cfi_endproc
 1456              	.LFE12:
 1458              		.text
 1459              	.Letext0:
 1460              		.file 2 "/usr/lib/gcc/arm-none-eabi/10.3.1/include/stddef.h"
 1461              		.file 3 "LIBJPEG/Target/jmorecfg.h"
 1462              		.file 4 "Middlewares/Third_Party/LibJPEG/include/jpeglib.h"
 1463              		.file 5 "Middlewares/Third_Party/LibJPEG/include/jpegint.h"
 1464              		.file 6 "Middlewares/Third_Party/LibJPEG/include/jerror.h"
 1465              		.file 7 "<built-in>"
ARM GAS  /tmp/ccR6P99q.s 			page 42


DEFINED SYMBOLS
                            *ABS*:0000000000000000 jccoefct.c
     /tmp/ccR6P99q.s:18     .text.start_iMCU_row:0000000000000000 $t
     /tmp/ccR6P99q.s:25     .text.start_iMCU_row:0000000000000000 start_iMCU_row
     /tmp/ccR6P99q.s:90     .text.start_pass_coef:0000000000000000 $t
     /tmp/ccR6P99q.s:96     .text.start_pass_coef:0000000000000000 start_pass_coef
     /tmp/ccR6P99q.s:218    .text.start_pass_coef:0000000000000078 $d
     /tmp/ccR6P99q.s:891    .text.compress_data:0000000000000000 compress_data
     /tmp/ccR6P99q.s:502    .text.compress_first_pass:0000000000000000 compress_first_pass
     /tmp/ccR6P99q.s:231    .text.compress_output:0000000000000000 compress_output
     /tmp/ccR6P99q.s:225    .text.compress_output:0000000000000000 $t
     /tmp/ccR6P99q.s:496    .text.compress_first_pass:0000000000000000 $t
     /tmp/ccR6P99q.s:885    .text.compress_data:0000000000000000 $t
     /tmp/ccR6P99q.s:1281   .text.jinit_c_coef_controller:0000000000000000 $t
     /tmp/ccR6P99q.s:1288   .text.jinit_c_coef_controller:0000000000000000 jinit_c_coef_controller
     /tmp/ccR6P99q.s:1454   .text.jinit_c_coef_controller:0000000000000090 $d

UNDEFINED SYMBOLS
memset
jround_up
