ARM GAS  /tmp/cc1h1B6M.s 			page 1


   1              		.cpu cortex-m4
   2              		.eabi_attribute 27, 1
   3              		.eabi_attribute 28, 1
   4              		.eabi_attribute 20, 1
   5              		.eabi_attribute 21, 1
   6              		.eabi_attribute 23, 3
   7              		.eabi_attribute 24, 1
   8              		.eabi_attribute 25, 1
   9              		.eabi_attribute 26, 1
  10              		.eabi_attribute 30, 1
  11              		.eabi_attribute 34, 1
  12              		.eabi_attribute 18, 4
  13              		.file	"jcdctmgr.c"
  14              		.text
  15              	.Ltext0:
  16              		.cfi_sections	.debug_frame
  17              		.section	.text.forward_DCT,"ax",%progbits
  18              		.align	1
  19              		.arch armv7e-m
  20              		.syntax unified
  21              		.thumb
  22              		.thumb_func
  23              		.fpu fpv4-sp-d16
  25              	forward_DCT:
  26              	.LVL0:
  27              	.LFB7:
  28              		.file 1 "Middlewares/Third_Party/LibJPEG/source/jcdctmgr.c"
   1:Middlewares/Third_Party/LibJPEG/source/jcdctmgr.c **** /*
   2:Middlewares/Third_Party/LibJPEG/source/jcdctmgr.c ****  * jcdctmgr.c
   3:Middlewares/Third_Party/LibJPEG/source/jcdctmgr.c ****  *
   4:Middlewares/Third_Party/LibJPEG/source/jcdctmgr.c ****  * Copyright (C) 1994-1996, Thomas G. Lane.
   5:Middlewares/Third_Party/LibJPEG/source/jcdctmgr.c ****  * This file is part of the Independent JPEG Group's software.
   6:Middlewares/Third_Party/LibJPEG/source/jcdctmgr.c ****  * For conditions of distribution and use, see the accompanying README file.
   7:Middlewares/Third_Party/LibJPEG/source/jcdctmgr.c ****  *
   8:Middlewares/Third_Party/LibJPEG/source/jcdctmgr.c ****  * This file contains the forward-DCT management logic.
   9:Middlewares/Third_Party/LibJPEG/source/jcdctmgr.c ****  * This code selects a particular DCT implementation to be used,
  10:Middlewares/Third_Party/LibJPEG/source/jcdctmgr.c ****  * and it performs related housekeeping chores including coefficient
  11:Middlewares/Third_Party/LibJPEG/source/jcdctmgr.c ****  * quantization.
  12:Middlewares/Third_Party/LibJPEG/source/jcdctmgr.c ****  */
  13:Middlewares/Third_Party/LibJPEG/source/jcdctmgr.c **** 
  14:Middlewares/Third_Party/LibJPEG/source/jcdctmgr.c **** #define JPEG_INTERNALS
  15:Middlewares/Third_Party/LibJPEG/source/jcdctmgr.c **** #include "jinclude.h"
  16:Middlewares/Third_Party/LibJPEG/source/jcdctmgr.c **** #include "jpeglib.h"
  17:Middlewares/Third_Party/LibJPEG/source/jcdctmgr.c **** #include "jdct.h"		/* Private declarations for DCT subsystem */
  18:Middlewares/Third_Party/LibJPEG/source/jcdctmgr.c **** 
  19:Middlewares/Third_Party/LibJPEG/source/jcdctmgr.c **** 
  20:Middlewares/Third_Party/LibJPEG/source/jcdctmgr.c **** /* Private subobject for this module */
  21:Middlewares/Third_Party/LibJPEG/source/jcdctmgr.c **** 
  22:Middlewares/Third_Party/LibJPEG/source/jcdctmgr.c **** typedef struct {
  23:Middlewares/Third_Party/LibJPEG/source/jcdctmgr.c ****   struct jpeg_forward_dct pub;	/* public fields */
  24:Middlewares/Third_Party/LibJPEG/source/jcdctmgr.c **** 
  25:Middlewares/Third_Party/LibJPEG/source/jcdctmgr.c ****   /* Pointer to the DCT routine actually in use */
  26:Middlewares/Third_Party/LibJPEG/source/jcdctmgr.c ****   forward_DCT_method_ptr do_dct[MAX_COMPONENTS];
  27:Middlewares/Third_Party/LibJPEG/source/jcdctmgr.c **** 
  28:Middlewares/Third_Party/LibJPEG/source/jcdctmgr.c ****   /* The actual post-DCT divisors --- not identical to the quant table
  29:Middlewares/Third_Party/LibJPEG/source/jcdctmgr.c ****    * entries, because of scaling (especially for an unnormalized DCT).
  30:Middlewares/Third_Party/LibJPEG/source/jcdctmgr.c ****    * Each table is given in normal array order.
ARM GAS  /tmp/cc1h1B6M.s 			page 2


  31:Middlewares/Third_Party/LibJPEG/source/jcdctmgr.c ****    */
  32:Middlewares/Third_Party/LibJPEG/source/jcdctmgr.c ****   DCTELEM * divisors[NUM_QUANT_TBLS];
  33:Middlewares/Third_Party/LibJPEG/source/jcdctmgr.c **** 
  34:Middlewares/Third_Party/LibJPEG/source/jcdctmgr.c **** #ifdef DCT_FLOAT_SUPPORTED
  35:Middlewares/Third_Party/LibJPEG/source/jcdctmgr.c ****   /* Same as above for the floating-point case. */
  36:Middlewares/Third_Party/LibJPEG/source/jcdctmgr.c ****   float_DCT_method_ptr do_float_dct[MAX_COMPONENTS];
  37:Middlewares/Third_Party/LibJPEG/source/jcdctmgr.c ****   FAST_FLOAT * float_divisors[NUM_QUANT_TBLS];
  38:Middlewares/Third_Party/LibJPEG/source/jcdctmgr.c **** #endif
  39:Middlewares/Third_Party/LibJPEG/source/jcdctmgr.c **** } my_fdct_controller;
  40:Middlewares/Third_Party/LibJPEG/source/jcdctmgr.c **** 
  41:Middlewares/Third_Party/LibJPEG/source/jcdctmgr.c **** typedef my_fdct_controller * my_fdct_ptr;
  42:Middlewares/Third_Party/LibJPEG/source/jcdctmgr.c **** 
  43:Middlewares/Third_Party/LibJPEG/source/jcdctmgr.c **** 
  44:Middlewares/Third_Party/LibJPEG/source/jcdctmgr.c **** /* The current scaled-DCT routines require ISLOW-style divisor tables,
  45:Middlewares/Third_Party/LibJPEG/source/jcdctmgr.c ****  * so be sure to compile that code if either ISLOW or SCALING is requested.
  46:Middlewares/Third_Party/LibJPEG/source/jcdctmgr.c ****  */
  47:Middlewares/Third_Party/LibJPEG/source/jcdctmgr.c **** #ifdef DCT_ISLOW_SUPPORTED
  48:Middlewares/Third_Party/LibJPEG/source/jcdctmgr.c **** #define PROVIDE_ISLOW_TABLES
  49:Middlewares/Third_Party/LibJPEG/source/jcdctmgr.c **** #else
  50:Middlewares/Third_Party/LibJPEG/source/jcdctmgr.c **** #ifdef DCT_SCALING_SUPPORTED
  51:Middlewares/Third_Party/LibJPEG/source/jcdctmgr.c **** #define PROVIDE_ISLOW_TABLES
  52:Middlewares/Third_Party/LibJPEG/source/jcdctmgr.c **** #endif
  53:Middlewares/Third_Party/LibJPEG/source/jcdctmgr.c **** #endif
  54:Middlewares/Third_Party/LibJPEG/source/jcdctmgr.c **** 
  55:Middlewares/Third_Party/LibJPEG/source/jcdctmgr.c **** 
  56:Middlewares/Third_Party/LibJPEG/source/jcdctmgr.c **** /*
  57:Middlewares/Third_Party/LibJPEG/source/jcdctmgr.c ****  * Perform forward DCT on one or more blocks of a component.
  58:Middlewares/Third_Party/LibJPEG/source/jcdctmgr.c ****  *
  59:Middlewares/Third_Party/LibJPEG/source/jcdctmgr.c ****  * The input samples are taken from the sample_data[] array starting at
  60:Middlewares/Third_Party/LibJPEG/source/jcdctmgr.c ****  * position start_row/start_col, and moving to the right for any additional
  61:Middlewares/Third_Party/LibJPEG/source/jcdctmgr.c ****  * blocks. The quantized coefficients are returned in coef_blocks[].
  62:Middlewares/Third_Party/LibJPEG/source/jcdctmgr.c ****  */
  63:Middlewares/Third_Party/LibJPEG/source/jcdctmgr.c **** 
  64:Middlewares/Third_Party/LibJPEG/source/jcdctmgr.c **** METHODDEF(void)
  65:Middlewares/Third_Party/LibJPEG/source/jcdctmgr.c **** forward_DCT (j_compress_ptr cinfo, jpeg_component_info * compptr,
  66:Middlewares/Third_Party/LibJPEG/source/jcdctmgr.c **** 	     JSAMPARRAY sample_data, JBLOCKROW coef_blocks,
  67:Middlewares/Third_Party/LibJPEG/source/jcdctmgr.c **** 	     JDIMENSION start_row, JDIMENSION start_col,
  68:Middlewares/Third_Party/LibJPEG/source/jcdctmgr.c **** 	     JDIMENSION num_blocks)
  69:Middlewares/Third_Party/LibJPEG/source/jcdctmgr.c **** /* This version is used for integer DCT implementations. */
  70:Middlewares/Third_Party/LibJPEG/source/jcdctmgr.c **** {
  29              		.loc 1 70 1 view -0
  30              		.cfi_startproc
  31              		@ args = 12, pretend = 0, frame = 256
  32              		@ frame_needed = 0, uses_anonymous_args = 0
  33              		.loc 1 70 1 is_stmt 0 view .LVU1
  34 0000 2DE9F04F 		push	{r4, r5, r6, r7, r8, r9, r10, fp, lr}
  35              	.LCFI0:
  36              		.cfi_def_cfa_offset 36
  37              		.cfi_offset 4, -36
  38              		.cfi_offset 5, -32
  39              		.cfi_offset 6, -28
  40              		.cfi_offset 7, -24
  41              		.cfi_offset 8, -20
  42              		.cfi_offset 9, -16
  43              		.cfi_offset 10, -12
  44              		.cfi_offset 11, -8
  45              		.cfi_offset 14, -4
ARM GAS  /tmp/cc1h1B6M.s 			page 3


  46 0004 C1B0     		sub	sp, sp, #260
  47              	.LCFI1:
  48              		.cfi_def_cfa_offset 296
  49 0006 8846     		mov	r8, r1
  50 0008 1C46     		mov	r4, r3
  51 000a DDF830A1 		ldr	r10, [sp, #304]
  71:Middlewares/Third_Party/LibJPEG/source/jcdctmgr.c ****   /* This routine is heavily used, so it's worth coding it tightly. */
  72:Middlewares/Third_Party/LibJPEG/source/jcdctmgr.c ****   my_fdct_ptr fdct = (my_fdct_ptr) cinfo->fdct;
  52              		.loc 1 72 3 is_stmt 1 view .LVU2
  53              		.loc 1 72 15 is_stmt 0 view .LVU3
  54 000e D0F8A011 		ldr	r1, [r0, #416]
  55              	.LVL1:
  73:Middlewares/Third_Party/LibJPEG/source/jcdctmgr.c ****   forward_DCT_method_ptr do_dct = fdct->do_dct[compptr->component_index];
  56              		.loc 1 73 3 is_stmt 1 view .LVU4
  57              		.loc 1 73 55 is_stmt 0 view .LVU5
  58 0012 D8F80430 		ldr	r3, [r8, #4]
  59              	.LVL2:
  60              		.loc 1 73 26 view .LVU6
  61 0016 0A33     		adds	r3, r3, #10
  62 0018 01EB8303 		add	r3, r1, r3, lsl #2
  63 001c D3F804B0 		ldr	fp, [r3, #4]
  64              	.LVL3:
  74:Middlewares/Third_Party/LibJPEG/source/jcdctmgr.c ****   DCTELEM * divisors = fdct->divisors[compptr->quant_tbl_no];
  65              		.loc 1 74 3 is_stmt 1 view .LVU7
  66              		.loc 1 74 46 is_stmt 0 view .LVU8
  67 0020 D8F81030 		ldr	r3, [r8, #16]
  68              		.loc 1 74 13 view .LVU9
  69 0024 1433     		adds	r3, r3, #20
  70 0026 01EB8301 		add	r1, r1, r3, lsl #2
  71              	.LVL4:
  72              		.loc 1 74 13 view .LVU10
  73 002a 4D68     		ldr	r5, [r1, #4]
  74              	.LVL5:
  75:Middlewares/Third_Party/LibJPEG/source/jcdctmgr.c ****   DCTELEM workspace[DCTSIZE2];	/* work area for FDCT subroutine */
  75              		.loc 1 75 3 is_stmt 1 view .LVU11
  76:Middlewares/Third_Party/LibJPEG/source/jcdctmgr.c ****   JDIMENSION bi;
  76              		.loc 1 76 3 view .LVU12
  77:Middlewares/Third_Party/LibJPEG/source/jcdctmgr.c **** 
  78:Middlewares/Third_Party/LibJPEG/source/jcdctmgr.c ****   sample_data += start_row;	/* fold in the vertical offset once */
  77              		.loc 1 78 3 view .LVU13
  78              		.loc 1 78 15 is_stmt 0 view .LVU14
  79 002c 4A9B     		ldr	r3, [sp, #296]
  80 002e 02EB8309 		add	r9, r2, r3, lsl #2
  81              	.LVL6:
  79:Middlewares/Third_Party/LibJPEG/source/jcdctmgr.c **** 
  80:Middlewares/Third_Party/LibJPEG/source/jcdctmgr.c ****   for (bi = 0; bi < num_blocks; bi++, start_col += compptr->DCT_h_scaled_size) {
  82              		.loc 1 80 3 is_stmt 1 view .LVU15
  83              		.loc 1 80 11 is_stmt 0 view .LVU16
  84 0032 0026     		movs	r6, #0
  85              		.loc 1 80 3 view .LVU17
  86 0034 24E0     		b	.L2
  87              	.LVL7:
  88              	.L13:
  89              	.LBB2:
  81:Middlewares/Third_Party/LibJPEG/source/jcdctmgr.c ****     /* Perform the DCT */
  82:Middlewares/Third_Party/LibJPEG/source/jcdctmgr.c ****     (*do_dct) (workspace, sample_data, start_col);
  83:Middlewares/Third_Party/LibJPEG/source/jcdctmgr.c **** 
ARM GAS  /tmp/cc1h1B6M.s 			page 4


  84:Middlewares/Third_Party/LibJPEG/source/jcdctmgr.c ****     /* Quantize/descale the coefficients, and store into coef_blocks[] */
  85:Middlewares/Third_Party/LibJPEG/source/jcdctmgr.c ****     { register DCTELEM temp, qval;
  86:Middlewares/Third_Party/LibJPEG/source/jcdctmgr.c ****       register int i;
  87:Middlewares/Third_Party/LibJPEG/source/jcdctmgr.c ****       register JCOEFPTR output_ptr = coef_blocks[bi];
  88:Middlewares/Third_Party/LibJPEG/source/jcdctmgr.c **** 
  89:Middlewares/Third_Party/LibJPEG/source/jcdctmgr.c ****       for (i = 0; i < DCTSIZE2; i++) {
  90:Middlewares/Third_Party/LibJPEG/source/jcdctmgr.c **** 	qval = divisors[i];
  91:Middlewares/Third_Party/LibJPEG/source/jcdctmgr.c **** 	temp = workspace[i];
  92:Middlewares/Third_Party/LibJPEG/source/jcdctmgr.c **** 	/* Divide the coefficient value by qval, ensuring proper rounding.
  93:Middlewares/Third_Party/LibJPEG/source/jcdctmgr.c **** 	 * Since C does not specify the direction of rounding for negative
  94:Middlewares/Third_Party/LibJPEG/source/jcdctmgr.c **** 	 * quotients, we have to force the dividend positive for portability.
  95:Middlewares/Third_Party/LibJPEG/source/jcdctmgr.c **** 	 *
  96:Middlewares/Third_Party/LibJPEG/source/jcdctmgr.c **** 	 * In most files, at least half of the output values will be zero
  97:Middlewares/Third_Party/LibJPEG/source/jcdctmgr.c **** 	 * (at default quantization settings, more like three-quarters...)
  98:Middlewares/Third_Party/LibJPEG/source/jcdctmgr.c **** 	 * so we should ensure that this case is fast.  On many machines,
  99:Middlewares/Third_Party/LibJPEG/source/jcdctmgr.c **** 	 * a comparison is enough cheaper than a divide to make a special test
 100:Middlewares/Third_Party/LibJPEG/source/jcdctmgr.c **** 	 * a win.  Since both inputs will be nonnegative, we need only test
 101:Middlewares/Third_Party/LibJPEG/source/jcdctmgr.c **** 	 * for a < b to discover whether a/b is 0.
 102:Middlewares/Third_Party/LibJPEG/source/jcdctmgr.c **** 	 * If your machine's division is fast enough, define FAST_DIVIDE.
 103:Middlewares/Third_Party/LibJPEG/source/jcdctmgr.c **** 	 */
 104:Middlewares/Third_Party/LibJPEG/source/jcdctmgr.c **** #ifdef FAST_DIVIDE
 105:Middlewares/Third_Party/LibJPEG/source/jcdctmgr.c **** #define DIVIDE_BY(a,b)	a /= b
 106:Middlewares/Third_Party/LibJPEG/source/jcdctmgr.c **** #else
 107:Middlewares/Third_Party/LibJPEG/source/jcdctmgr.c **** #define DIVIDE_BY(a,b)	if (a >= b) a /= b; else a = 0
 108:Middlewares/Third_Party/LibJPEG/source/jcdctmgr.c **** #endif
 109:Middlewares/Third_Party/LibJPEG/source/jcdctmgr.c **** 	if (temp < 0) {
 110:Middlewares/Third_Party/LibJPEG/source/jcdctmgr.c **** 	  temp = -temp;
  90              		.loc 1 110 4 is_stmt 1 view .LVU18
 111:Middlewares/Third_Party/LibJPEG/source/jcdctmgr.c **** 	  temp += qval>>1;	/* for rounding */
  91              		.loc 1 111 4 view .LVU19
  92 0036 C3EB6703 		rsb	r3, r3, r7, asr #1
  93              	.LVL8:
 112:Middlewares/Third_Party/LibJPEG/source/jcdctmgr.c **** 	  DIVIDE_BY(temp, qval);
  94              		.loc 1 112 4 view .LVU20
  95 003a BB42     		cmp	r3, r7
  96 003c 16DB     		blt	.L9
  97              		.loc 1 112 4 discriminator 1 view .LVU21
  98 003e 93FBF7F3 		sdiv	r3, r3, r7
  99              	.LVL9:
 100              	.L5:
 113:Middlewares/Third_Party/LibJPEG/source/jcdctmgr.c **** 	  temp = -temp;
 101              		.loc 1 113 4 view .LVU22
 102              		.loc 1 113 9 is_stmt 0 view .LVU23
 103 0042 5B42     		rsbs	r3, r3, #0
 104              	.LVL10:
 105              	.L6:
 114:Middlewares/Third_Party/LibJPEG/source/jcdctmgr.c **** 	} else {
 115:Middlewares/Third_Party/LibJPEG/source/jcdctmgr.c **** 	  temp += qval>>1;	/* for rounding */
 116:Middlewares/Third_Party/LibJPEG/source/jcdctmgr.c **** 	  DIVIDE_BY(temp, qval);
 117:Middlewares/Third_Party/LibJPEG/source/jcdctmgr.c **** 	}
 118:Middlewares/Third_Party/LibJPEG/source/jcdctmgr.c **** 	output_ptr[i] = (JCOEF) temp;
 106              		.loc 1 118 2 is_stmt 1 discriminator 2 view .LVU24
 107              		.loc 1 118 12 is_stmt 0 discriminator 2 view .LVU25
 108 0044 00EB4101 		add	r1, r0, r1, lsl #1
 109              	.LVL11:
 110              		.loc 1 118 16 discriminator 2 view .LVU26
 111 0048 6352     		strh	r3, [r4, r1]	@ movhi
ARM GAS  /tmp/cc1h1B6M.s 			page 5


  89:Middlewares/Third_Party/LibJPEG/source/jcdctmgr.c **** 	qval = divisors[i];
 112              		.loc 1 89 33 is_stmt 1 discriminator 2 view .LVU27
  89:Middlewares/Third_Party/LibJPEG/source/jcdctmgr.c **** 	qval = divisors[i];
 113              		.loc 1 89 34 is_stmt 0 discriminator 2 view .LVU28
 114 004a 0132     		adds	r2, r2, #1
 115              	.LVL12:
 116              	.L3:
  89:Middlewares/Third_Party/LibJPEG/source/jcdctmgr.c **** 	qval = divisors[i];
 117              		.loc 1 89 19 is_stmt 1 discriminator 1 view .LVU29
  89:Middlewares/Third_Party/LibJPEG/source/jcdctmgr.c **** 	qval = divisors[i];
 118              		.loc 1 89 7 is_stmt 0 discriminator 1 view .LVU30
 119 004c 3F2A     		cmp	r2, #63
 120 004e 11DC     		bgt	.L12
  90:Middlewares/Third_Party/LibJPEG/source/jcdctmgr.c **** 	temp = workspace[i];
 121              		.loc 1 90 2 is_stmt 1 view .LVU31
  90:Middlewares/Third_Party/LibJPEG/source/jcdctmgr.c **** 	temp = workspace[i];
 122              		.loc 1 90 17 is_stmt 0 view .LVU32
 123 0050 1146     		mov	r1, r2
  90:Middlewares/Third_Party/LibJPEG/source/jcdctmgr.c **** 	temp = workspace[i];
 124              		.loc 1 90 7 view .LVU33
 125 0052 55F82270 		ldr	r7, [r5, r2, lsl #2]
 126              	.LVL13:
  91:Middlewares/Third_Party/LibJPEG/source/jcdctmgr.c **** 	/* Divide the coefficient value by qval, ensuring proper rounding.
 127              		.loc 1 91 2 is_stmt 1 view .LVU34
  91:Middlewares/Third_Party/LibJPEG/source/jcdctmgr.c **** 	/* Divide the coefficient value by qval, ensuring proper rounding.
 128              		.loc 1 91 7 is_stmt 0 view .LVU35
 129 0056 5DF82230 		ldr	r3, [sp, r2, lsl #2]
 130              	.LVL14:
 109:Middlewares/Third_Party/LibJPEG/source/jcdctmgr.c **** 	  temp = -temp;
 131              		.loc 1 109 2 is_stmt 1 view .LVU36
 109:Middlewares/Third_Party/LibJPEG/source/jcdctmgr.c **** 	  temp = -temp;
 132              		.loc 1 109 5 is_stmt 0 view .LVU37
 133 005a 002B     		cmp	r3, #0
 134 005c EBDB     		blt	.L13
 115:Middlewares/Third_Party/LibJPEG/source/jcdctmgr.c **** 	  DIVIDE_BY(temp, qval);
 135              		.loc 1 115 4 is_stmt 1 view .LVU38
 115:Middlewares/Third_Party/LibJPEG/source/jcdctmgr.c **** 	  DIVIDE_BY(temp, qval);
 136              		.loc 1 115 9 is_stmt 0 view .LVU39
 137 005e 03EB6703 		add	r3, r3, r7, asr #1
 138              	.LVL15:
 116:Middlewares/Third_Party/LibJPEG/source/jcdctmgr.c **** 	}
 139              		.loc 1 116 4 is_stmt 1 view .LVU40
 140 0062 9F42     		cmp	r7, r3
 141 0064 04DC     		bgt	.L10
 116:Middlewares/Third_Party/LibJPEG/source/jcdctmgr.c **** 	}
 142              		.loc 1 116 4 discriminator 1 view .LVU41
 143 0066 93FBF7F3 		sdiv	r3, r3, r7
 144              	.LVL16:
 116:Middlewares/Third_Party/LibJPEG/source/jcdctmgr.c **** 	}
 145              		.loc 1 116 4 is_stmt 0 discriminator 1 view .LVU42
 146 006a EBE7     		b	.L6
 147              	.L9:
 112:Middlewares/Third_Party/LibJPEG/source/jcdctmgr.c **** 	  temp = -temp;
 148              		.loc 1 112 4 view .LVU43
 149 006c 0023     		movs	r3, #0
 150              	.LVL17:
 112:Middlewares/Third_Party/LibJPEG/source/jcdctmgr.c **** 	  temp = -temp;
ARM GAS  /tmp/cc1h1B6M.s 			page 6


 151              		.loc 1 112 4 view .LVU44
 152 006e E8E7     		b	.L5
 153              	.LVL18:
 154              	.L10:
 116:Middlewares/Third_Party/LibJPEG/source/jcdctmgr.c **** 	}
 155              		.loc 1 116 4 view .LVU45
 156 0070 0023     		movs	r3, #0
 157              	.LVL19:
 116:Middlewares/Third_Party/LibJPEG/source/jcdctmgr.c **** 	}
 158              		.loc 1 116 4 view .LVU46
 159 0072 E7E7     		b	.L6
 160              	.LVL20:
 161              	.L12:
 116:Middlewares/Third_Party/LibJPEG/source/jcdctmgr.c **** 	}
 162              		.loc 1 116 4 view .LVU47
 163              	.LBE2:
  80:Middlewares/Third_Party/LibJPEG/source/jcdctmgr.c ****     /* Perform the DCT */
 164              		.loc 1 80 33 is_stmt 1 discriminator 2 view .LVU48
  80:Middlewares/Third_Party/LibJPEG/source/jcdctmgr.c ****     /* Perform the DCT */
 165              		.loc 1 80 35 is_stmt 0 discriminator 2 view .LVU49
 166 0074 0136     		adds	r6, r6, #1
 167              	.LVL21:
  80:Middlewares/Third_Party/LibJPEG/source/jcdctmgr.c ****     /* Perform the DCT */
 168              		.loc 1 80 59 discriminator 2 view .LVU50
 169 0076 D8F82430 		ldr	r3, [r8, #36]
  80:Middlewares/Third_Party/LibJPEG/source/jcdctmgr.c ****     /* Perform the DCT */
 170              		.loc 1 80 49 discriminator 2 view .LVU51
 171 007a 4B9A     		ldr	r2, [sp, #300]
 172              	.LVL22:
  80:Middlewares/Third_Party/LibJPEG/source/jcdctmgr.c ****     /* Perform the DCT */
 173              		.loc 1 80 49 discriminator 2 view .LVU52
 174 007c 1A44     		add	r2, r2, r3
 175 007e 4B92     		str	r2, [sp, #300]
 176              	.LVL23:
 177              	.L2:
  80:Middlewares/Third_Party/LibJPEG/source/jcdctmgr.c ****     /* Perform the DCT */
 178              		.loc 1 80 16 is_stmt 1 discriminator 1 view .LVU53
  80:Middlewares/Third_Party/LibJPEG/source/jcdctmgr.c ****     /* Perform the DCT */
 179              		.loc 1 80 3 is_stmt 0 discriminator 1 view .LVU54
 180 0080 5645     		cmp	r6, r10
 181 0082 06D2     		bcs	.L14
  82:Middlewares/Third_Party/LibJPEG/source/jcdctmgr.c **** 
 182              		.loc 1 82 5 is_stmt 1 view .LVU55
  82:Middlewares/Third_Party/LibJPEG/source/jcdctmgr.c **** 
 183              		.loc 1 82 6 is_stmt 0 view .LVU56
 184 0084 4B9A     		ldr	r2, [sp, #300]
 185 0086 4946     		mov	r1, r9
 186 0088 6846     		mov	r0, sp
 187 008a D847     		blx	fp
 188              	.LVL24:
 189              	.LBB3:
  85:Middlewares/Third_Party/LibJPEG/source/jcdctmgr.c ****       register int i;
 190              		.loc 1 85 7 is_stmt 1 view .LVU57
  86:Middlewares/Third_Party/LibJPEG/source/jcdctmgr.c ****       register JCOEFPTR output_ptr = coef_blocks[bi];
 191              		.loc 1 86 7 view .LVU58
  87:Middlewares/Third_Party/LibJPEG/source/jcdctmgr.c **** 
 192              		.loc 1 87 7 view .LVU59
ARM GAS  /tmp/cc1h1B6M.s 			page 7


  87:Middlewares/Third_Party/LibJPEG/source/jcdctmgr.c **** 
 193              		.loc 1 87 49 is_stmt 0 view .LVU60
 194 008c F001     		lsls	r0, r6, #7
 195              	.LVL25:
  89:Middlewares/Third_Party/LibJPEG/source/jcdctmgr.c **** 	qval = divisors[i];
 196              		.loc 1 89 7 is_stmt 1 view .LVU61
  89:Middlewares/Third_Party/LibJPEG/source/jcdctmgr.c **** 	qval = divisors[i];
 197              		.loc 1 89 14 is_stmt 0 view .LVU62
 198 008e 0022     		movs	r2, #0
  89:Middlewares/Third_Party/LibJPEG/source/jcdctmgr.c **** 	qval = divisors[i];
 199              		.loc 1 89 7 view .LVU63
 200 0090 DCE7     		b	.L3
 201              	.LVL26:
 202              	.L14:
  89:Middlewares/Third_Party/LibJPEG/source/jcdctmgr.c **** 	qval = divisors[i];
 203              		.loc 1 89 7 view .LVU64
 204              	.LBE3:
 119:Middlewares/Third_Party/LibJPEG/source/jcdctmgr.c ****       }
 120:Middlewares/Third_Party/LibJPEG/source/jcdctmgr.c ****     }
 121:Middlewares/Third_Party/LibJPEG/source/jcdctmgr.c ****   }
 122:Middlewares/Third_Party/LibJPEG/source/jcdctmgr.c **** }
 205              		.loc 1 122 1 view .LVU65
 206 0092 41B0     		add	sp, sp, #260
 207              	.LCFI2:
 208              		.cfi_def_cfa_offset 36
 209              		@ sp needed
 210 0094 BDE8F08F 		pop	{r4, r5, r6, r7, r8, r9, r10, fp, pc}
 211              		.loc 1 122 1 view .LVU66
 212              		.cfi_endproc
 213              	.LFE7:
 215              		.section	.text.forward_DCT_float,"ax",%progbits
 216              		.align	1
 217              		.syntax unified
 218              		.thumb
 219              		.thumb_func
 220              		.fpu fpv4-sp-d16
 222              	forward_DCT_float:
 223              	.LVL27:
 224              	.LFB8:
 123:Middlewares/Third_Party/LibJPEG/source/jcdctmgr.c **** 
 124:Middlewares/Third_Party/LibJPEG/source/jcdctmgr.c **** 
 125:Middlewares/Third_Party/LibJPEG/source/jcdctmgr.c **** #ifdef DCT_FLOAT_SUPPORTED
 126:Middlewares/Third_Party/LibJPEG/source/jcdctmgr.c **** 
 127:Middlewares/Third_Party/LibJPEG/source/jcdctmgr.c **** METHODDEF(void)
 128:Middlewares/Third_Party/LibJPEG/source/jcdctmgr.c **** forward_DCT_float (j_compress_ptr cinfo, jpeg_component_info * compptr,
 129:Middlewares/Third_Party/LibJPEG/source/jcdctmgr.c **** 		   JSAMPARRAY sample_data, JBLOCKROW coef_blocks,
 130:Middlewares/Third_Party/LibJPEG/source/jcdctmgr.c **** 		   JDIMENSION start_row, JDIMENSION start_col,
 131:Middlewares/Third_Party/LibJPEG/source/jcdctmgr.c **** 		   JDIMENSION num_blocks)
 132:Middlewares/Third_Party/LibJPEG/source/jcdctmgr.c **** /* This version is used for floating-point DCT implementations. */
 133:Middlewares/Third_Party/LibJPEG/source/jcdctmgr.c **** {
 225              		.loc 1 133 1 is_stmt 1 view -0
 226              		.cfi_startproc
 227              		@ args = 12, pretend = 0, frame = 256
 228              		@ frame_needed = 0, uses_anonymous_args = 0
 229              		.loc 1 133 1 is_stmt 0 view .LVU68
 230 0000 2DE9F04F 		push	{r4, r5, r6, r7, r8, r9, r10, fp, lr}
 231              	.LCFI3:
ARM GAS  /tmp/cc1h1B6M.s 			page 8


 232              		.cfi_def_cfa_offset 36
 233              		.cfi_offset 4, -36
 234              		.cfi_offset 5, -32
 235              		.cfi_offset 6, -28
 236              		.cfi_offset 7, -24
 237              		.cfi_offset 8, -20
 238              		.cfi_offset 9, -16
 239              		.cfi_offset 10, -12
 240              		.cfi_offset 11, -8
 241              		.cfi_offset 14, -4
 242 0004 C1B0     		sub	sp, sp, #260
 243              	.LCFI4:
 244              		.cfi_def_cfa_offset 296
 245 0006 8846     		mov	r8, r1
 246 0008 1C46     		mov	r4, r3
 247 000a 4B9F     		ldr	r7, [sp, #300]
 248 000c DDF830A1 		ldr	r10, [sp, #304]
 134:Middlewares/Third_Party/LibJPEG/source/jcdctmgr.c ****   /* This routine is heavily used, so it's worth coding it tightly. */
 135:Middlewares/Third_Party/LibJPEG/source/jcdctmgr.c ****   my_fdct_ptr fdct = (my_fdct_ptr) cinfo->fdct;
 249              		.loc 1 135 3 is_stmt 1 view .LVU69
 250              		.loc 1 135 15 is_stmt 0 view .LVU70
 251 0010 D0F8A011 		ldr	r1, [r0, #416]
 252              	.LVL28:
 136:Middlewares/Third_Party/LibJPEG/source/jcdctmgr.c ****   float_DCT_method_ptr do_dct = fdct->do_float_dct[compptr->component_index];
 253              		.loc 1 136 3 is_stmt 1 view .LVU71
 254              		.loc 1 136 59 is_stmt 0 view .LVU72
 255 0014 D8F80430 		ldr	r3, [r8, #4]
 256              	.LVL29:
 257              		.loc 1 136 24 view .LVU73
 258 0018 1833     		adds	r3, r3, #24
 259 001a 01EB8303 		add	r3, r1, r3, lsl #2
 260 001e D3F804B0 		ldr	fp, [r3, #4]
 261              	.LVL30:
 137:Middlewares/Third_Party/LibJPEG/source/jcdctmgr.c ****   FAST_FLOAT * divisors = fdct->float_divisors[compptr->quant_tbl_no];
 262              		.loc 1 137 3 is_stmt 1 view .LVU74
 263              		.loc 1 137 55 is_stmt 0 view .LVU75
 264 0022 D8F81030 		ldr	r3, [r8, #16]
 265              		.loc 1 137 16 view .LVU76
 266 0026 2233     		adds	r3, r3, #34
 267 0028 01EB8301 		add	r1, r1, r3, lsl #2
 268              	.LVL31:
 269              		.loc 1 137 16 view .LVU77
 270 002c 4D68     		ldr	r5, [r1, #4]
 271              	.LVL32:
 138:Middlewares/Third_Party/LibJPEG/source/jcdctmgr.c ****   FAST_FLOAT workspace[DCTSIZE2]; /* work area for FDCT subroutine */
 272              		.loc 1 138 3 is_stmt 1 view .LVU78
 139:Middlewares/Third_Party/LibJPEG/source/jcdctmgr.c ****   JDIMENSION bi;
 273              		.loc 1 139 3 view .LVU79
 140:Middlewares/Third_Party/LibJPEG/source/jcdctmgr.c **** 
 141:Middlewares/Third_Party/LibJPEG/source/jcdctmgr.c ****   sample_data += start_row;	/* fold in the vertical offset once */
 274              		.loc 1 141 3 view .LVU80
 275              		.loc 1 141 15 is_stmt 0 view .LVU81
 276 002e 4A9B     		ldr	r3, [sp, #296]
 277 0030 02EB8309 		add	r9, r2, r3, lsl #2
 278              	.LVL33:
 142:Middlewares/Third_Party/LibJPEG/source/jcdctmgr.c **** 
 143:Middlewares/Third_Party/LibJPEG/source/jcdctmgr.c ****   for (bi = 0; bi < num_blocks; bi++, start_col += compptr->DCT_h_scaled_size) {
ARM GAS  /tmp/cc1h1B6M.s 			page 9


 279              		.loc 1 143 3 is_stmt 1 view .LVU82
 280              		.loc 1 143 11 is_stmt 0 view .LVU83
 281 0034 0026     		movs	r6, #0
 282              		.loc 1 143 3 view .LVU84
 283 0036 1DE0     		b	.L16
 284              	.LVL34:
 285              	.L18:
 286              	.LBB4:
 144:Middlewares/Third_Party/LibJPEG/source/jcdctmgr.c ****     /* Perform the DCT */
 145:Middlewares/Third_Party/LibJPEG/source/jcdctmgr.c ****     (*do_dct) (workspace, sample_data, start_col);
 146:Middlewares/Third_Party/LibJPEG/source/jcdctmgr.c **** 
 147:Middlewares/Third_Party/LibJPEG/source/jcdctmgr.c ****     /* Quantize/descale the coefficients, and store into coef_blocks[] */
 148:Middlewares/Third_Party/LibJPEG/source/jcdctmgr.c ****     { register FAST_FLOAT temp;
 149:Middlewares/Third_Party/LibJPEG/source/jcdctmgr.c ****       register int i;
 150:Middlewares/Third_Party/LibJPEG/source/jcdctmgr.c ****       register JCOEFPTR output_ptr = coef_blocks[bi];
 151:Middlewares/Third_Party/LibJPEG/source/jcdctmgr.c **** 
 152:Middlewares/Third_Party/LibJPEG/source/jcdctmgr.c ****       for (i = 0; i < DCTSIZE2; i++) {
 153:Middlewares/Third_Party/LibJPEG/source/jcdctmgr.c **** 	/* Apply the quantization and scaling factor */
 154:Middlewares/Third_Party/LibJPEG/source/jcdctmgr.c **** 	temp = workspace[i] * divisors[i];
 287              		.loc 1 154 2 is_stmt 1 discriminator 3 view .LVU85
 288              		.loc 1 154 18 is_stmt 0 discriminator 3 view .LVU86
 289 0038 0DEB8203 		add	r3, sp, r2, lsl #2
 290 003c D3ED007A 		vldr.32	s15, [r3]
 291              		.loc 1 154 32 discriminator 3 view .LVU87
 292 0040 05EB8203 		add	r3, r5, r2, lsl #2
 293 0044 93ED007A 		vldr.32	s14, [r3]
 294              		.loc 1 154 7 discriminator 3 view .LVU88
 295 0048 67EE877A 		vmul.f32	s15, s15, s14
 296              	.LVL35:
 155:Middlewares/Third_Party/LibJPEG/source/jcdctmgr.c **** 	/* Round to nearest integer.
 156:Middlewares/Third_Party/LibJPEG/source/jcdctmgr.c **** 	 * Since C does not specify the direction of rounding for negative
 157:Middlewares/Third_Party/LibJPEG/source/jcdctmgr.c **** 	 * quotients, we have to force the dividend positive for portability.
 158:Middlewares/Third_Party/LibJPEG/source/jcdctmgr.c **** 	 * The maximum coefficient size is +-16K (for 12-bit data), so this
 159:Middlewares/Third_Party/LibJPEG/source/jcdctmgr.c **** 	 * code should work for either 16-bit or 32-bit ints.
 160:Middlewares/Third_Party/LibJPEG/source/jcdctmgr.c **** 	 */
 161:Middlewares/Third_Party/LibJPEG/source/jcdctmgr.c **** 	output_ptr[i] = (JCOEF) ((int) (temp + (FAST_FLOAT) 16384.5) - 16384);
 297              		.loc 1 161 2 is_stmt 1 discriminator 3 view .LVU89
 298              		.loc 1 161 39 is_stmt 0 discriminator 3 view .LVU90
 299 004c 9FED0F7A 		vldr.32	s14, .L22
 300 0050 77EE877A 		vadd.f32	s15, s15, s14
 301              	.LVL36:
 302              		.loc 1 161 27 discriminator 3 view .LVU91
 303 0054 FDEEE77A 		vcvt.s32.f32	s15, s15
 304 0058 17EE903A 		vmov	r3, s15	@ int
 305              	.LVL37:
 306              		.loc 1 161 63 discriminator 3 view .LVU92
 307 005c A3F58043 		sub	r3, r3, #16384
 308              		.loc 1 161 12 discriminator 3 view .LVU93
 309 0060 00EB4201 		add	r1, r0, r2, lsl #1
 310              		.loc 1 161 16 discriminator 3 view .LVU94
 311 0064 6352     		strh	r3, [r4, r1]	@ movhi
 312              	.LVL38:
 152:Middlewares/Third_Party/LibJPEG/source/jcdctmgr.c **** 	/* Apply the quantization and scaling factor */
 313              		.loc 1 152 33 is_stmt 1 discriminator 3 view .LVU95
 152:Middlewares/Third_Party/LibJPEG/source/jcdctmgr.c **** 	/* Apply the quantization and scaling factor */
 314              		.loc 1 152 34 is_stmt 0 discriminator 3 view .LVU96
 315 0066 0132     		adds	r2, r2, #1
ARM GAS  /tmp/cc1h1B6M.s 			page 10


 316              	.LVL39:
 317              	.L17:
 152:Middlewares/Third_Party/LibJPEG/source/jcdctmgr.c **** 	/* Apply the quantization and scaling factor */
 318              		.loc 1 152 19 is_stmt 1 discriminator 1 view .LVU97
 152:Middlewares/Third_Party/LibJPEG/source/jcdctmgr.c **** 	/* Apply the quantization and scaling factor */
 319              		.loc 1 152 7 is_stmt 0 discriminator 1 view .LVU98
 320 0068 3F2A     		cmp	r2, #63
 321 006a E5DD     		ble	.L18
 322              	.LBE4:
 143:Middlewares/Third_Party/LibJPEG/source/jcdctmgr.c ****     /* Perform the DCT */
 323              		.loc 1 143 33 is_stmt 1 discriminator 2 view .LVU99
 143:Middlewares/Third_Party/LibJPEG/source/jcdctmgr.c ****     /* Perform the DCT */
 324              		.loc 1 143 35 is_stmt 0 discriminator 2 view .LVU100
 325 006c 0136     		adds	r6, r6, #1
 326              	.LVL40:
 143:Middlewares/Third_Party/LibJPEG/source/jcdctmgr.c ****     /* Perform the DCT */
 327              		.loc 1 143 59 discriminator 2 view .LVU101
 328 006e D8F82430 		ldr	r3, [r8, #36]
 143:Middlewares/Third_Party/LibJPEG/source/jcdctmgr.c ****     /* Perform the DCT */
 329              		.loc 1 143 49 discriminator 2 view .LVU102
 330 0072 1F44     		add	r7, r7, r3
 331              	.LVL41:
 332              	.L16:
 143:Middlewares/Third_Party/LibJPEG/source/jcdctmgr.c ****     /* Perform the DCT */
 333              		.loc 1 143 16 is_stmt 1 discriminator 1 view .LVU103
 143:Middlewares/Third_Party/LibJPEG/source/jcdctmgr.c ****     /* Perform the DCT */
 334              		.loc 1 143 3 is_stmt 0 discriminator 1 view .LVU104
 335 0074 5645     		cmp	r6, r10
 336 0076 06D2     		bcs	.L21
 145:Middlewares/Third_Party/LibJPEG/source/jcdctmgr.c **** 
 337              		.loc 1 145 5 is_stmt 1 view .LVU105
 145:Middlewares/Third_Party/LibJPEG/source/jcdctmgr.c **** 
 338              		.loc 1 145 6 is_stmt 0 view .LVU106
 339 0078 3A46     		mov	r2, r7
 340 007a 4946     		mov	r1, r9
 341 007c 6846     		mov	r0, sp
 342 007e D847     		blx	fp
 343              	.LVL42:
 344              	.LBB5:
 148:Middlewares/Third_Party/LibJPEG/source/jcdctmgr.c ****       register int i;
 345              		.loc 1 148 7 is_stmt 1 view .LVU107
 149:Middlewares/Third_Party/LibJPEG/source/jcdctmgr.c ****       register JCOEFPTR output_ptr = coef_blocks[bi];
 346              		.loc 1 149 7 view .LVU108
 150:Middlewares/Third_Party/LibJPEG/source/jcdctmgr.c **** 
 347              		.loc 1 150 7 view .LVU109
 150:Middlewares/Third_Party/LibJPEG/source/jcdctmgr.c **** 
 348              		.loc 1 150 49 is_stmt 0 view .LVU110
 349 0080 F001     		lsls	r0, r6, #7
 350              	.LVL43:
 152:Middlewares/Third_Party/LibJPEG/source/jcdctmgr.c **** 	/* Apply the quantization and scaling factor */
 351              		.loc 1 152 7 is_stmt 1 view .LVU111
 152:Middlewares/Third_Party/LibJPEG/source/jcdctmgr.c **** 	/* Apply the quantization and scaling factor */
 352              		.loc 1 152 14 is_stmt 0 view .LVU112
 353 0082 0022     		movs	r2, #0
 152:Middlewares/Third_Party/LibJPEG/source/jcdctmgr.c **** 	/* Apply the quantization and scaling factor */
 354              		.loc 1 152 7 view .LVU113
 355 0084 F0E7     		b	.L17
ARM GAS  /tmp/cc1h1B6M.s 			page 11


 356              	.LVL44:
 357              	.L21:
 152:Middlewares/Third_Party/LibJPEG/source/jcdctmgr.c **** 	/* Apply the quantization and scaling factor */
 358              		.loc 1 152 7 view .LVU114
 359              	.LBE5:
 162:Middlewares/Third_Party/LibJPEG/source/jcdctmgr.c ****       }
 163:Middlewares/Third_Party/LibJPEG/source/jcdctmgr.c ****     }
 164:Middlewares/Third_Party/LibJPEG/source/jcdctmgr.c ****   }
 165:Middlewares/Third_Party/LibJPEG/source/jcdctmgr.c **** }
 360              		.loc 1 165 1 view .LVU115
 361 0086 41B0     		add	sp, sp, #260
 362              	.LCFI5:
 363              		.cfi_def_cfa_offset 36
 364              		@ sp needed
 365 0088 BDE8F08F 		pop	{r4, r5, r6, r7, r8, r9, r10, fp, pc}
 366              	.LVL45:
 367              	.L23:
 368              		.loc 1 165 1 view .LVU116
 369              		.align	2
 370              	.L22:
 371 008c 00018046 		.word	1182793984
 372              		.cfi_endproc
 373              	.LFE8:
 375              		.global	__aeabi_ui2d
 376              		.global	__aeabi_dmul
 377              		.global	__aeabi_ddiv
 378              		.global	__aeabi_d2f
 379              		.section	.text.start_pass_fdctmgr,"ax",%progbits
 380              		.align	1
 381              		.syntax unified
 382              		.thumb
 383              		.thumb_func
 384              		.fpu fpv4-sp-d16
 386              	start_pass_fdctmgr:
 387              	.LVL46:
 388              	.LFB9:
 166:Middlewares/Third_Party/LibJPEG/source/jcdctmgr.c **** 
 167:Middlewares/Third_Party/LibJPEG/source/jcdctmgr.c **** #endif /* DCT_FLOAT_SUPPORTED */
 168:Middlewares/Third_Party/LibJPEG/source/jcdctmgr.c **** 
 169:Middlewares/Third_Party/LibJPEG/source/jcdctmgr.c **** 
 170:Middlewares/Third_Party/LibJPEG/source/jcdctmgr.c **** /*
 171:Middlewares/Third_Party/LibJPEG/source/jcdctmgr.c ****  * Initialize for a processing pass.
 172:Middlewares/Third_Party/LibJPEG/source/jcdctmgr.c ****  * Verify that all referenced Q-tables are present, and set up
 173:Middlewares/Third_Party/LibJPEG/source/jcdctmgr.c ****  * the divisor table for each one.
 174:Middlewares/Third_Party/LibJPEG/source/jcdctmgr.c ****  * In the current implementation, DCT of all components is done during
 175:Middlewares/Third_Party/LibJPEG/source/jcdctmgr.c ****  * the first pass, even if only some components will be output in the
 176:Middlewares/Third_Party/LibJPEG/source/jcdctmgr.c ****  * first scan.  Hence all components should be examined here.
 177:Middlewares/Third_Party/LibJPEG/source/jcdctmgr.c ****  */
 178:Middlewares/Third_Party/LibJPEG/source/jcdctmgr.c **** 
 179:Middlewares/Third_Party/LibJPEG/source/jcdctmgr.c **** METHODDEF(void)
 180:Middlewares/Third_Party/LibJPEG/source/jcdctmgr.c **** start_pass_fdctmgr (j_compress_ptr cinfo)
 181:Middlewares/Third_Party/LibJPEG/source/jcdctmgr.c **** {
 389              		.loc 1 181 1 is_stmt 1 view -0
 390              		.cfi_startproc
 391              		@ args = 0, pretend = 0, frame = 16
 392              		@ frame_needed = 0, uses_anonymous_args = 0
 393              		.loc 1 181 1 is_stmt 0 view .LVU118
ARM GAS  /tmp/cc1h1B6M.s 			page 12


 394 0000 2DE9F04F 		push	{r4, r5, r6, r7, r8, r9, r10, fp, lr}
 395              	.LCFI6:
 396              		.cfi_def_cfa_offset 36
 397              		.cfi_offset 4, -36
 398              		.cfi_offset 5, -32
 399              		.cfi_offset 6, -28
 400              		.cfi_offset 7, -24
 401              		.cfi_offset 8, -20
 402              		.cfi_offset 9, -16
 403              		.cfi_offset 10, -12
 404              		.cfi_offset 11, -8
 405              		.cfi_offset 14, -4
 406 0004 85B0     		sub	sp, sp, #20
 407              	.LCFI7:
 408              		.cfi_def_cfa_offset 56
 409 0006 8246     		mov	r10, r0
 182:Middlewares/Third_Party/LibJPEG/source/jcdctmgr.c ****   my_fdct_ptr fdct = (my_fdct_ptr) cinfo->fdct;
 410              		.loc 1 182 3 is_stmt 1 view .LVU119
 411              		.loc 1 182 15 is_stmt 0 view .LVU120
 412 0008 D0F8A031 		ldr	r3, [r0, #416]
 413 000c 0293     		str	r3, [sp, #8]
 414              	.LVL47:
 183:Middlewares/Third_Party/LibJPEG/source/jcdctmgr.c ****   int ci, qtblno, i;
 415              		.loc 1 183 3 is_stmt 1 view .LVU121
 184:Middlewares/Third_Party/LibJPEG/source/jcdctmgr.c ****   jpeg_component_info *compptr;
 416              		.loc 1 184 3 view .LVU122
 185:Middlewares/Third_Party/LibJPEG/source/jcdctmgr.c ****   int method = 0;
 417              		.loc 1 185 3 view .LVU123
 186:Middlewares/Third_Party/LibJPEG/source/jcdctmgr.c ****   JQUANT_TBL * qtbl;
 418              		.loc 1 186 3 view .LVU124
 187:Middlewares/Third_Party/LibJPEG/source/jcdctmgr.c ****   DCTELEM * dtbl;
 419              		.loc 1 187 3 view .LVU125
 188:Middlewares/Third_Party/LibJPEG/source/jcdctmgr.c **** 
 189:Middlewares/Third_Party/LibJPEG/source/jcdctmgr.c ****   for (ci = 0, compptr = cinfo->comp_info; ci < cinfo->num_components;
 420              		.loc 1 189 3 view .LVU126
 421              		.loc 1 189 24 is_stmt 0 view .LVU127
 422 000e D0F854B0 		ldr	fp, [r0, #84]
 423              	.LVL48:
 185:Middlewares/Third_Party/LibJPEG/source/jcdctmgr.c ****   JQUANT_TBL * qtbl;
 424              		.loc 1 185 7 view .LVU128
 425 0012 0023     		movs	r3, #0
 426              	.LVL49:
 185:Middlewares/Third_Party/LibJPEG/source/jcdctmgr.c ****   JQUANT_TBL * qtbl;
 427              		.loc 1 185 7 view .LVU129
 428 0014 0393     		str	r3, [sp, #12]
 429              		.loc 1 189 11 view .LVU130
 430 0016 0193     		str	r3, [sp, #4]
 431              		.loc 1 189 3 view .LVU131
 432 0018 72E2     		b	.L25
 433              	.LVL50:
 434              	.L105:
 190:Middlewares/Third_Party/LibJPEG/source/jcdctmgr.c ****        ci++, compptr++) {
 191:Middlewares/Third_Party/LibJPEG/source/jcdctmgr.c ****     /* Select the proper DCT routine for this component's scaling */
 192:Middlewares/Third_Party/LibJPEG/source/jcdctmgr.c ****     switch ((compptr->DCT_h_scaled_size << 8) + compptr->DCT_v_scaled_size) {
 435              		.loc 1 192 5 view .LVU132
 436 001a 40F20122 		movw	r2, #513
 437 001e 9342     		cmp	r3, r2
ARM GAS  /tmp/cc1h1B6M.s 			page 13


 438 0020 00F0C881 		beq	.L32
 439 0024 0EDD     		ble	.L90
 440 0026 40F20222 		movw	r2, #514
 441 002a 9342     		cmp	r3, r2
 442 002c 40F02382 		bne	.L36
 193:Middlewares/Third_Party/LibJPEG/source/jcdctmgr.c **** #ifdef DCT_SCALING_SUPPORTED
 194:Middlewares/Third_Party/LibJPEG/source/jcdctmgr.c ****     case ((1 << 8) + 1):
 195:Middlewares/Third_Party/LibJPEG/source/jcdctmgr.c ****       fdct->do_dct[ci] = jpeg_fdct_1x1;
 196:Middlewares/Third_Party/LibJPEG/source/jcdctmgr.c ****       method = JDCT_ISLOW;	/* jfdctint uses islow-style table */
 197:Middlewares/Third_Party/LibJPEG/source/jcdctmgr.c ****       break;
 198:Middlewares/Third_Party/LibJPEG/source/jcdctmgr.c ****     case ((2 << 8) + 2):
 199:Middlewares/Third_Party/LibJPEG/source/jcdctmgr.c ****       fdct->do_dct[ci] = jpeg_fdct_2x2;
 443              		.loc 1 199 7 is_stmt 1 view .LVU133
 444              		.loc 1 199 24 is_stmt 0 view .LVU134
 445 0030 019B     		ldr	r3, [sp, #4]
 446 0032 0A33     		adds	r3, r3, #10
 447 0034 029A     		ldr	r2, [sp, #8]
 448 0036 02EB8303 		add	r3, r2, r3, lsl #2
 449 003a A94A     		ldr	r2, .L110
 450 003c 5A60     		str	r2, [r3, #4]
 200:Middlewares/Third_Party/LibJPEG/source/jcdctmgr.c ****       method = JDCT_ISLOW;	/* jfdctint uses islow-style table */
 451              		.loc 1 200 7 is_stmt 1 view .LVU135
 452              	.LVL51:
 201:Middlewares/Third_Party/LibJPEG/source/jcdctmgr.c ****       break;
 453              		.loc 1 201 7 view .LVU136
 200:Middlewares/Third_Party/LibJPEG/source/jcdctmgr.c ****       method = JDCT_ISLOW;	/* jfdctint uses islow-style table */
 454              		.loc 1 200 14 is_stmt 0 view .LVU137
 455 003e 0023     		movs	r3, #0
 456 0040 0393     		str	r3, [sp, #12]
 457              		.loc 1 201 7 view .LVU138
 458 0042 0CE1     		b	.L67
 459              	.LVL52:
 460              	.L90:
 192:Middlewares/Third_Party/LibJPEG/source/jcdctmgr.c **** #ifdef DCT_SCALING_SUPPORTED
 461              		.loc 1 192 5 view .LVU139
 462 0044 40F20112 		movw	r2, #257
 463 0048 9342     		cmp	r3, r2
 464 004a 00F0FF80 		beq	.L34
 465 004e B3F5817F 		cmp	r3, #258
 466 0052 40F01082 		bne	.L36
 202:Middlewares/Third_Party/LibJPEG/source/jcdctmgr.c ****     case ((3 << 8) + 3):
 203:Middlewares/Third_Party/LibJPEG/source/jcdctmgr.c ****       fdct->do_dct[ci] = jpeg_fdct_3x3;
 204:Middlewares/Third_Party/LibJPEG/source/jcdctmgr.c ****       method = JDCT_ISLOW;	/* jfdctint uses islow-style table */
 205:Middlewares/Third_Party/LibJPEG/source/jcdctmgr.c ****       break;
 206:Middlewares/Third_Party/LibJPEG/source/jcdctmgr.c ****     case ((4 << 8) + 4):
 207:Middlewares/Third_Party/LibJPEG/source/jcdctmgr.c ****       fdct->do_dct[ci] = jpeg_fdct_4x4;
 208:Middlewares/Third_Party/LibJPEG/source/jcdctmgr.c ****       method = JDCT_ISLOW;	/* jfdctint uses islow-style table */
 209:Middlewares/Third_Party/LibJPEG/source/jcdctmgr.c ****       break;
 210:Middlewares/Third_Party/LibJPEG/source/jcdctmgr.c ****     case ((5 << 8) + 5):
 211:Middlewares/Third_Party/LibJPEG/source/jcdctmgr.c ****       fdct->do_dct[ci] = jpeg_fdct_5x5;
 212:Middlewares/Third_Party/LibJPEG/source/jcdctmgr.c ****       method = JDCT_ISLOW;	/* jfdctint uses islow-style table */
 213:Middlewares/Third_Party/LibJPEG/source/jcdctmgr.c ****       break;
 214:Middlewares/Third_Party/LibJPEG/source/jcdctmgr.c ****     case ((6 << 8) + 6):
 215:Middlewares/Third_Party/LibJPEG/source/jcdctmgr.c ****       fdct->do_dct[ci] = jpeg_fdct_6x6;
 216:Middlewares/Third_Party/LibJPEG/source/jcdctmgr.c ****       method = JDCT_ISLOW;	/* jfdctint uses islow-style table */
 217:Middlewares/Third_Party/LibJPEG/source/jcdctmgr.c ****       break;
 218:Middlewares/Third_Party/LibJPEG/source/jcdctmgr.c ****     case ((7 << 8) + 7):
ARM GAS  /tmp/cc1h1B6M.s 			page 14


 219:Middlewares/Third_Party/LibJPEG/source/jcdctmgr.c ****       fdct->do_dct[ci] = jpeg_fdct_7x7;
 220:Middlewares/Third_Party/LibJPEG/source/jcdctmgr.c ****       method = JDCT_ISLOW;	/* jfdctint uses islow-style table */
 221:Middlewares/Third_Party/LibJPEG/source/jcdctmgr.c ****       break;
 222:Middlewares/Third_Party/LibJPEG/source/jcdctmgr.c ****     case ((9 << 8) + 9):
 223:Middlewares/Third_Party/LibJPEG/source/jcdctmgr.c ****       fdct->do_dct[ci] = jpeg_fdct_9x9;
 224:Middlewares/Third_Party/LibJPEG/source/jcdctmgr.c ****       method = JDCT_ISLOW;	/* jfdctint uses islow-style table */
 225:Middlewares/Third_Party/LibJPEG/source/jcdctmgr.c ****       break;
 226:Middlewares/Third_Party/LibJPEG/source/jcdctmgr.c ****     case ((10 << 8) + 10):
 227:Middlewares/Third_Party/LibJPEG/source/jcdctmgr.c ****       fdct->do_dct[ci] = jpeg_fdct_10x10;
 228:Middlewares/Third_Party/LibJPEG/source/jcdctmgr.c ****       method = JDCT_ISLOW;	/* jfdctint uses islow-style table */
 229:Middlewares/Third_Party/LibJPEG/source/jcdctmgr.c ****       break;
 230:Middlewares/Third_Party/LibJPEG/source/jcdctmgr.c ****     case ((11 << 8) + 11):
 231:Middlewares/Third_Party/LibJPEG/source/jcdctmgr.c ****       fdct->do_dct[ci] = jpeg_fdct_11x11;
 232:Middlewares/Third_Party/LibJPEG/source/jcdctmgr.c ****       method = JDCT_ISLOW;	/* jfdctint uses islow-style table */
 233:Middlewares/Third_Party/LibJPEG/source/jcdctmgr.c ****       break;
 234:Middlewares/Third_Party/LibJPEG/source/jcdctmgr.c ****     case ((12 << 8) + 12):
 235:Middlewares/Third_Party/LibJPEG/source/jcdctmgr.c ****       fdct->do_dct[ci] = jpeg_fdct_12x12;
 236:Middlewares/Third_Party/LibJPEG/source/jcdctmgr.c ****       method = JDCT_ISLOW;	/* jfdctint uses islow-style table */
 237:Middlewares/Third_Party/LibJPEG/source/jcdctmgr.c ****       break;
 238:Middlewares/Third_Party/LibJPEG/source/jcdctmgr.c ****     case ((13 << 8) + 13):
 239:Middlewares/Third_Party/LibJPEG/source/jcdctmgr.c ****       fdct->do_dct[ci] = jpeg_fdct_13x13;
 240:Middlewares/Third_Party/LibJPEG/source/jcdctmgr.c ****       method = JDCT_ISLOW;	/* jfdctint uses islow-style table */
 241:Middlewares/Third_Party/LibJPEG/source/jcdctmgr.c ****       break;
 242:Middlewares/Third_Party/LibJPEG/source/jcdctmgr.c ****     case ((14 << 8) + 14):
 243:Middlewares/Third_Party/LibJPEG/source/jcdctmgr.c ****       fdct->do_dct[ci] = jpeg_fdct_14x14;
 244:Middlewares/Third_Party/LibJPEG/source/jcdctmgr.c ****       method = JDCT_ISLOW;	/* jfdctint uses islow-style table */
 245:Middlewares/Third_Party/LibJPEG/source/jcdctmgr.c ****       break;
 246:Middlewares/Third_Party/LibJPEG/source/jcdctmgr.c ****     case ((15 << 8) + 15):
 247:Middlewares/Third_Party/LibJPEG/source/jcdctmgr.c ****       fdct->do_dct[ci] = jpeg_fdct_15x15;
 248:Middlewares/Third_Party/LibJPEG/source/jcdctmgr.c ****       method = JDCT_ISLOW;	/* jfdctint uses islow-style table */
 249:Middlewares/Third_Party/LibJPEG/source/jcdctmgr.c ****       break;
 250:Middlewares/Third_Party/LibJPEG/source/jcdctmgr.c ****     case ((16 << 8) + 16):
 251:Middlewares/Third_Party/LibJPEG/source/jcdctmgr.c ****       fdct->do_dct[ci] = jpeg_fdct_16x16;
 252:Middlewares/Third_Party/LibJPEG/source/jcdctmgr.c ****       method = JDCT_ISLOW;	/* jfdctint uses islow-style table */
 253:Middlewares/Third_Party/LibJPEG/source/jcdctmgr.c ****       break;
 254:Middlewares/Third_Party/LibJPEG/source/jcdctmgr.c ****     case ((16 << 8) + 8):
 255:Middlewares/Third_Party/LibJPEG/source/jcdctmgr.c ****       fdct->do_dct[ci] = jpeg_fdct_16x8;
 256:Middlewares/Third_Party/LibJPEG/source/jcdctmgr.c ****       method = JDCT_ISLOW;	/* jfdctint uses islow-style table */
 257:Middlewares/Third_Party/LibJPEG/source/jcdctmgr.c ****       break;
 258:Middlewares/Third_Party/LibJPEG/source/jcdctmgr.c ****     case ((14 << 8) + 7):
 259:Middlewares/Third_Party/LibJPEG/source/jcdctmgr.c ****       fdct->do_dct[ci] = jpeg_fdct_14x7;
 260:Middlewares/Third_Party/LibJPEG/source/jcdctmgr.c ****       method = JDCT_ISLOW;	/* jfdctint uses islow-style table */
 261:Middlewares/Third_Party/LibJPEG/source/jcdctmgr.c ****       break;
 262:Middlewares/Third_Party/LibJPEG/source/jcdctmgr.c ****     case ((12 << 8) + 6):
 263:Middlewares/Third_Party/LibJPEG/source/jcdctmgr.c ****       fdct->do_dct[ci] = jpeg_fdct_12x6;
 264:Middlewares/Third_Party/LibJPEG/source/jcdctmgr.c ****       method = JDCT_ISLOW;	/* jfdctint uses islow-style table */
 265:Middlewares/Third_Party/LibJPEG/source/jcdctmgr.c ****       break;
 266:Middlewares/Third_Party/LibJPEG/source/jcdctmgr.c ****     case ((10 << 8) + 5):
 267:Middlewares/Third_Party/LibJPEG/source/jcdctmgr.c ****       fdct->do_dct[ci] = jpeg_fdct_10x5;
 268:Middlewares/Third_Party/LibJPEG/source/jcdctmgr.c ****       method = JDCT_ISLOW;	/* jfdctint uses islow-style table */
 269:Middlewares/Third_Party/LibJPEG/source/jcdctmgr.c ****       break;
 270:Middlewares/Third_Party/LibJPEG/source/jcdctmgr.c ****     case ((8 << 8) + 4):
 271:Middlewares/Third_Party/LibJPEG/source/jcdctmgr.c ****       fdct->do_dct[ci] = jpeg_fdct_8x4;
 272:Middlewares/Third_Party/LibJPEG/source/jcdctmgr.c ****       method = JDCT_ISLOW;	/* jfdctint uses islow-style table */
 273:Middlewares/Third_Party/LibJPEG/source/jcdctmgr.c ****       break;
 274:Middlewares/Third_Party/LibJPEG/source/jcdctmgr.c ****     case ((6 << 8) + 3):
 275:Middlewares/Third_Party/LibJPEG/source/jcdctmgr.c ****       fdct->do_dct[ci] = jpeg_fdct_6x3;
ARM GAS  /tmp/cc1h1B6M.s 			page 15


 276:Middlewares/Third_Party/LibJPEG/source/jcdctmgr.c ****       method = JDCT_ISLOW;	/* jfdctint uses islow-style table */
 277:Middlewares/Third_Party/LibJPEG/source/jcdctmgr.c ****       break;
 278:Middlewares/Third_Party/LibJPEG/source/jcdctmgr.c ****     case ((4 << 8) + 2):
 279:Middlewares/Third_Party/LibJPEG/source/jcdctmgr.c ****       fdct->do_dct[ci] = jpeg_fdct_4x2;
 280:Middlewares/Third_Party/LibJPEG/source/jcdctmgr.c ****       method = JDCT_ISLOW;	/* jfdctint uses islow-style table */
 281:Middlewares/Third_Party/LibJPEG/source/jcdctmgr.c ****       break;
 282:Middlewares/Third_Party/LibJPEG/source/jcdctmgr.c ****     case ((2 << 8) + 1):
 283:Middlewares/Third_Party/LibJPEG/source/jcdctmgr.c ****       fdct->do_dct[ci] = jpeg_fdct_2x1;
 284:Middlewares/Third_Party/LibJPEG/source/jcdctmgr.c ****       method = JDCT_ISLOW;	/* jfdctint uses islow-style table */
 285:Middlewares/Third_Party/LibJPEG/source/jcdctmgr.c ****       break;
 286:Middlewares/Third_Party/LibJPEG/source/jcdctmgr.c ****     case ((8 << 8) + 16):
 287:Middlewares/Third_Party/LibJPEG/source/jcdctmgr.c ****       fdct->do_dct[ci] = jpeg_fdct_8x16;
 288:Middlewares/Third_Party/LibJPEG/source/jcdctmgr.c ****       method = JDCT_ISLOW;	/* jfdctint uses islow-style table */
 289:Middlewares/Third_Party/LibJPEG/source/jcdctmgr.c ****       break;
 290:Middlewares/Third_Party/LibJPEG/source/jcdctmgr.c ****     case ((7 << 8) + 14):
 291:Middlewares/Third_Party/LibJPEG/source/jcdctmgr.c ****       fdct->do_dct[ci] = jpeg_fdct_7x14;
 292:Middlewares/Third_Party/LibJPEG/source/jcdctmgr.c ****       method = JDCT_ISLOW;	/* jfdctint uses islow-style table */
 293:Middlewares/Third_Party/LibJPEG/source/jcdctmgr.c ****       break;
 294:Middlewares/Third_Party/LibJPEG/source/jcdctmgr.c ****     case ((6 << 8) + 12):
 295:Middlewares/Third_Party/LibJPEG/source/jcdctmgr.c ****       fdct->do_dct[ci] = jpeg_fdct_6x12;
 296:Middlewares/Third_Party/LibJPEG/source/jcdctmgr.c ****       method = JDCT_ISLOW;	/* jfdctint uses islow-style table */
 297:Middlewares/Third_Party/LibJPEG/source/jcdctmgr.c ****       break;
 298:Middlewares/Third_Party/LibJPEG/source/jcdctmgr.c ****     case ((5 << 8) + 10):
 299:Middlewares/Third_Party/LibJPEG/source/jcdctmgr.c ****       fdct->do_dct[ci] = jpeg_fdct_5x10;
 300:Middlewares/Third_Party/LibJPEG/source/jcdctmgr.c ****       method = JDCT_ISLOW;	/* jfdctint uses islow-style table */
 301:Middlewares/Third_Party/LibJPEG/source/jcdctmgr.c ****       break;
 302:Middlewares/Third_Party/LibJPEG/source/jcdctmgr.c ****     case ((4 << 8) + 8):
 303:Middlewares/Third_Party/LibJPEG/source/jcdctmgr.c ****       fdct->do_dct[ci] = jpeg_fdct_4x8;
 304:Middlewares/Third_Party/LibJPEG/source/jcdctmgr.c ****       method = JDCT_ISLOW;	/* jfdctint uses islow-style table */
 305:Middlewares/Third_Party/LibJPEG/source/jcdctmgr.c ****       break;
 306:Middlewares/Third_Party/LibJPEG/source/jcdctmgr.c ****     case ((3 << 8) + 6):
 307:Middlewares/Third_Party/LibJPEG/source/jcdctmgr.c ****       fdct->do_dct[ci] = jpeg_fdct_3x6;
 308:Middlewares/Third_Party/LibJPEG/source/jcdctmgr.c ****       method = JDCT_ISLOW;	/* jfdctint uses islow-style table */
 309:Middlewares/Third_Party/LibJPEG/source/jcdctmgr.c ****       break;
 310:Middlewares/Third_Party/LibJPEG/source/jcdctmgr.c ****     case ((2 << 8) + 4):
 311:Middlewares/Third_Party/LibJPEG/source/jcdctmgr.c ****       fdct->do_dct[ci] = jpeg_fdct_2x4;
 312:Middlewares/Third_Party/LibJPEG/source/jcdctmgr.c ****       method = JDCT_ISLOW;	/* jfdctint uses islow-style table */
 313:Middlewares/Third_Party/LibJPEG/source/jcdctmgr.c ****       break;
 314:Middlewares/Third_Party/LibJPEG/source/jcdctmgr.c ****     case ((1 << 8) + 2):
 315:Middlewares/Third_Party/LibJPEG/source/jcdctmgr.c ****       fdct->do_dct[ci] = jpeg_fdct_1x2;
 467              		.loc 1 315 7 is_stmt 1 view .LVU140
 468              		.loc 1 315 24 is_stmt 0 view .LVU141
 469 0056 019B     		ldr	r3, [sp, #4]
 470 0058 0A33     		adds	r3, r3, #10
 471 005a 029A     		ldr	r2, [sp, #8]
 472 005c 02EB8303 		add	r3, r2, r3, lsl #2
 473 0060 A04A     		ldr	r2, .L110+4
 474 0062 5A60     		str	r2, [r3, #4]
 316:Middlewares/Third_Party/LibJPEG/source/jcdctmgr.c ****       method = JDCT_ISLOW;	/* jfdctint uses islow-style table */
 475              		.loc 1 316 7 is_stmt 1 view .LVU142
 476              	.LVL53:
 317:Middlewares/Third_Party/LibJPEG/source/jcdctmgr.c ****       break;
 477              		.loc 1 317 7 view .LVU143
 316:Middlewares/Third_Party/LibJPEG/source/jcdctmgr.c ****       method = JDCT_ISLOW;	/* jfdctint uses islow-style table */
 478              		.loc 1 316 14 is_stmt 0 view .LVU144
 479 0064 0023     		movs	r3, #0
 480 0066 0393     		str	r3, [sp, #12]
ARM GAS  /tmp/cc1h1B6M.s 			page 16


 481              		.loc 1 317 7 view .LVU145
 482 0068 F9E0     		b	.L67
 483              	.LVL54:
 484              	.L106:
 192:Middlewares/Third_Party/LibJPEG/source/jcdctmgr.c **** #ifdef DCT_SCALING_SUPPORTED
 485              		.loc 1 192 5 view .LVU146
 486 006a 40F20332 		movw	r2, #771
 487 006e 9342     		cmp	r3, r2
 488 0070 40F00182 		bne	.L36
 203:Middlewares/Third_Party/LibJPEG/source/jcdctmgr.c ****       method = JDCT_ISLOW;	/* jfdctint uses islow-style table */
 489              		.loc 1 203 7 is_stmt 1 view .LVU147
 203:Middlewares/Third_Party/LibJPEG/source/jcdctmgr.c ****       method = JDCT_ISLOW;	/* jfdctint uses islow-style table */
 490              		.loc 1 203 24 is_stmt 0 view .LVU148
 491 0074 019B     		ldr	r3, [sp, #4]
 492 0076 0A33     		adds	r3, r3, #10
 493 0078 029A     		ldr	r2, [sp, #8]
 494 007a 02EB8303 		add	r3, r2, r3, lsl #2
 495 007e 9A4A     		ldr	r2, .L110+8
 496 0080 5A60     		str	r2, [r3, #4]
 204:Middlewares/Third_Party/LibJPEG/source/jcdctmgr.c ****       break;
 497              		.loc 1 204 7 is_stmt 1 view .LVU149
 498              	.LVL55:
 205:Middlewares/Third_Party/LibJPEG/source/jcdctmgr.c ****     case ((4 << 8) + 4):
 499              		.loc 1 205 7 view .LVU150
 204:Middlewares/Third_Party/LibJPEG/source/jcdctmgr.c ****       break;
 500              		.loc 1 204 14 is_stmt 0 view .LVU151
 501 0082 0023     		movs	r3, #0
 502 0084 0393     		str	r3, [sp, #12]
 205:Middlewares/Third_Party/LibJPEG/source/jcdctmgr.c ****     case ((4 << 8) + 4):
 503              		.loc 1 205 7 view .LVU152
 504 0086 EAE0     		b	.L67
 505              	.LVL56:
 506              	.L29:
 192:Middlewares/Third_Party/LibJPEG/source/jcdctmgr.c **** #ifdef DCT_SCALING_SUPPORTED
 507              		.loc 1 192 5 view .LVU153
 508 0088 40F20362 		movw	r2, #1539
 509 008c 9342     		cmp	r3, r2
 510 008e 00F08781 		beq	.L41
 511 0092 12DD     		ble	.L91
 512 0094 40F20C62 		movw	r2, #1548
 513 0098 9342     		cmp	r3, r2
 514 009a 00F09F81 		beq	.L46
 515 009e 40F20772 		movw	r2, #1799
 516 00a2 9342     		cmp	r3, r2
 517 00a4 2AD1     		bne	.L92
 219:Middlewares/Third_Party/LibJPEG/source/jcdctmgr.c ****       method = JDCT_ISLOW;	/* jfdctint uses islow-style table */
 518              		.loc 1 219 7 is_stmt 1 view .LVU154
 219:Middlewares/Third_Party/LibJPEG/source/jcdctmgr.c ****       method = JDCT_ISLOW;	/* jfdctint uses islow-style table */
 519              		.loc 1 219 24 is_stmt 0 view .LVU155
 520 00a6 019B     		ldr	r3, [sp, #4]
 521 00a8 0A33     		adds	r3, r3, #10
 522 00aa 029A     		ldr	r2, [sp, #8]
 523 00ac 02EB8303 		add	r3, r2, r3, lsl #2
 524 00b0 8E4A     		ldr	r2, .L110+12
 525 00b2 5A60     		str	r2, [r3, #4]
 220:Middlewares/Third_Party/LibJPEG/source/jcdctmgr.c ****       break;
 526              		.loc 1 220 7 is_stmt 1 view .LVU156
ARM GAS  /tmp/cc1h1B6M.s 			page 17


 527              	.LVL57:
 221:Middlewares/Third_Party/LibJPEG/source/jcdctmgr.c ****     case ((9 << 8) + 9):
 528              		.loc 1 221 7 view .LVU157
 220:Middlewares/Third_Party/LibJPEG/source/jcdctmgr.c ****       break;
 529              		.loc 1 220 14 is_stmt 0 view .LVU158
 530 00b4 0023     		movs	r3, #0
 531 00b6 0393     		str	r3, [sp, #12]
 221:Middlewares/Third_Party/LibJPEG/source/jcdctmgr.c ****     case ((9 << 8) + 9):
 532              		.loc 1 221 7 view .LVU159
 533 00b8 D1E0     		b	.L67
 534              	.LVL58:
 535              	.L91:
 192:Middlewares/Third_Party/LibJPEG/source/jcdctmgr.c **** #ifdef DCT_SCALING_SUPPORTED
 536              		.loc 1 192 5 view .LVU160
 537 00ba 40F20552 		movw	r2, #1285
 538 00be 9342     		cmp	r3, r2
 539 00c0 00F00481 		beq	.L43
 540 00c4 40F20A52 		movw	r2, #1290
 541 00c8 9342     		cmp	r3, r2
 542 00ca 09D1     		bne	.L93
 299:Middlewares/Third_Party/LibJPEG/source/jcdctmgr.c ****       method = JDCT_ISLOW;	/* jfdctint uses islow-style table */
 543              		.loc 1 299 7 is_stmt 1 view .LVU161
 299:Middlewares/Third_Party/LibJPEG/source/jcdctmgr.c ****       method = JDCT_ISLOW;	/* jfdctint uses islow-style table */
 544              		.loc 1 299 24 is_stmt 0 view .LVU162
 545 00cc 019B     		ldr	r3, [sp, #4]
 546 00ce 0A33     		adds	r3, r3, #10
 547 00d0 029A     		ldr	r2, [sp, #8]
 548 00d2 02EB8303 		add	r3, r2, r3, lsl #2
 549 00d6 864A     		ldr	r2, .L110+16
 550 00d8 5A60     		str	r2, [r3, #4]
 300:Middlewares/Third_Party/LibJPEG/source/jcdctmgr.c ****       break;
 551              		.loc 1 300 7 is_stmt 1 view .LVU163
 552              	.LVL59:
 301:Middlewares/Third_Party/LibJPEG/source/jcdctmgr.c ****     case ((4 << 8) + 8):
 553              		.loc 1 301 7 view .LVU164
 300:Middlewares/Third_Party/LibJPEG/source/jcdctmgr.c ****       break;
 554              		.loc 1 300 14 is_stmt 0 view .LVU165
 555 00da 0023     		movs	r3, #0
 556 00dc 0393     		str	r3, [sp, #12]
 301:Middlewares/Third_Party/LibJPEG/source/jcdctmgr.c ****     case ((4 << 8) + 8):
 557              		.loc 1 301 7 view .LVU166
 558 00de BEE0     		b	.L67
 559              	.LVL60:
 560              	.L93:
 192:Middlewares/Third_Party/LibJPEG/source/jcdctmgr.c **** #ifdef DCT_SCALING_SUPPORTED
 561              		.loc 1 192 5 view .LVU167
 562 00e0 B3F5816F 		cmp	r3, #1032
 563 00e4 40F0C781 		bne	.L36
 303:Middlewares/Third_Party/LibJPEG/source/jcdctmgr.c ****       method = JDCT_ISLOW;	/* jfdctint uses islow-style table */
 564              		.loc 1 303 7 is_stmt 1 view .LVU168
 303:Middlewares/Third_Party/LibJPEG/source/jcdctmgr.c ****       method = JDCT_ISLOW;	/* jfdctint uses islow-style table */
 565              		.loc 1 303 24 is_stmt 0 view .LVU169
 566 00e8 019B     		ldr	r3, [sp, #4]
 567 00ea 0A33     		adds	r3, r3, #10
 568 00ec 029A     		ldr	r2, [sp, #8]
 569 00ee 02EB8303 		add	r3, r2, r3, lsl #2
 570 00f2 804A     		ldr	r2, .L110+20
ARM GAS  /tmp/cc1h1B6M.s 			page 18


 571 00f4 5A60     		str	r2, [r3, #4]
 304:Middlewares/Third_Party/LibJPEG/source/jcdctmgr.c ****       break;
 572              		.loc 1 304 7 is_stmt 1 view .LVU170
 573              	.LVL61:
 305:Middlewares/Third_Party/LibJPEG/source/jcdctmgr.c ****     case ((3 << 8) + 6):
 574              		.loc 1 305 7 view .LVU171
 304:Middlewares/Third_Party/LibJPEG/source/jcdctmgr.c ****       break;
 575              		.loc 1 304 14 is_stmt 0 view .LVU172
 576 00f6 0023     		movs	r3, #0
 577 00f8 0393     		str	r3, [sp, #12]
 305:Middlewares/Third_Party/LibJPEG/source/jcdctmgr.c ****     case ((3 << 8) + 6):
 578              		.loc 1 305 7 view .LVU173
 579 00fa B0E0     		b	.L67
 580              	.LVL62:
 581              	.L92:
 192:Middlewares/Third_Party/LibJPEG/source/jcdctmgr.c **** #ifdef DCT_SCALING_SUPPORTED
 582              		.loc 1 192 5 view .LVU174
 583 00fc 40F20662 		movw	r2, #1542
 584 0100 9342     		cmp	r3, r2
 585 0102 40F0B881 		bne	.L36
 215:Middlewares/Third_Party/LibJPEG/source/jcdctmgr.c ****       method = JDCT_ISLOW;	/* jfdctint uses islow-style table */
 586              		.loc 1 215 7 is_stmt 1 view .LVU175
 215:Middlewares/Third_Party/LibJPEG/source/jcdctmgr.c ****       method = JDCT_ISLOW;	/* jfdctint uses islow-style table */
 587              		.loc 1 215 24 is_stmt 0 view .LVU176
 588 0106 019B     		ldr	r3, [sp, #4]
 589 0108 0A33     		adds	r3, r3, #10
 590 010a 029A     		ldr	r2, [sp, #8]
 591 010c 02EB8303 		add	r3, r2, r3, lsl #2
 592 0110 794A     		ldr	r2, .L110+24
 593 0112 5A60     		str	r2, [r3, #4]
 216:Middlewares/Third_Party/LibJPEG/source/jcdctmgr.c ****       break;
 594              		.loc 1 216 7 is_stmt 1 view .LVU177
 595              	.LVL63:
 217:Middlewares/Third_Party/LibJPEG/source/jcdctmgr.c ****     case ((7 << 8) + 7):
 596              		.loc 1 217 7 view .LVU178
 216:Middlewares/Third_Party/LibJPEG/source/jcdctmgr.c ****       break;
 597              		.loc 1 216 14 is_stmt 0 view .LVU179
 598 0114 0023     		movs	r3, #0
 599 0116 0393     		str	r3, [sp, #12]
 217:Middlewares/Third_Party/LibJPEG/source/jcdctmgr.c ****     case ((7 << 8) + 7):
 600              		.loc 1 217 7 view .LVU180
 601 0118 A1E0     		b	.L67
 602              	.LVL64:
 603              	.L27:
 192:Middlewares/Third_Party/LibJPEG/source/jcdctmgr.c **** #ifdef DCT_SCALING_SUPPORTED
 604              		.loc 1 192 5 view .LVU181
 605 011a 40F60642 		movw	r2, #3078
 606 011e 9342     		cmp	r3, r2
 607 0120 00F03481 		beq	.L49
 608 0124 18DD     		ble	.L94
 609 0126 40F60E62 		movw	r2, #3598
 610 012a 9342     		cmp	r3, r2
 611 012c 00F01A81 		beq	.L59
 612 0130 5BDD     		ble	.L95
 613 0132 41F20802 		movw	r2, #4104
 614 0136 9342     		cmp	r3, r2
 615 0138 00F01E81 		beq	.L64
ARM GAS  /tmp/cc1h1B6M.s 			page 19


 616 013c 41F21002 		movw	r2, #4112
 617 0140 9342     		cmp	r3, r2
 618 0142 74D1     		bne	.L96
 251:Middlewares/Third_Party/LibJPEG/source/jcdctmgr.c ****       method = JDCT_ISLOW;	/* jfdctint uses islow-style table */
 619              		.loc 1 251 7 is_stmt 1 view .LVU182
 251:Middlewares/Third_Party/LibJPEG/source/jcdctmgr.c ****       method = JDCT_ISLOW;	/* jfdctint uses islow-style table */
 620              		.loc 1 251 24 is_stmt 0 view .LVU183
 621 0144 019B     		ldr	r3, [sp, #4]
 622 0146 0A33     		adds	r3, r3, #10
 623 0148 029A     		ldr	r2, [sp, #8]
 624 014a 02EB8303 		add	r3, r2, r3, lsl #2
 625 014e 6B4A     		ldr	r2, .L110+28
 626 0150 5A60     		str	r2, [r3, #4]
 252:Middlewares/Third_Party/LibJPEG/source/jcdctmgr.c ****       break;
 627              		.loc 1 252 7 is_stmt 1 view .LVU184
 628              	.LVL65:
 253:Middlewares/Third_Party/LibJPEG/source/jcdctmgr.c ****     case ((16 << 8) + 8):
 629              		.loc 1 253 7 view .LVU185
 252:Middlewares/Third_Party/LibJPEG/source/jcdctmgr.c ****       break;
 630              		.loc 1 252 14 is_stmt 0 view .LVU186
 631 0152 0023     		movs	r3, #0
 632 0154 0393     		str	r3, [sp, #12]
 253:Middlewares/Third_Party/LibJPEG/source/jcdctmgr.c ****     case ((16 << 8) + 8):
 633              		.loc 1 253 7 view .LVU187
 634 0156 82E0     		b	.L67
 635              	.LVL66:
 636              	.L94:
 192:Middlewares/Third_Party/LibJPEG/source/jcdctmgr.c **** #ifdef DCT_SCALING_SUPPORTED
 637              		.loc 1 192 5 view .LVU188
 638 0158 40F60912 		movw	r2, #2313
 639 015c 9342     		cmp	r3, r2
 640 015e 00F0E380 		beq	.L51
 641 0162 12DD     		ble	.L97
 642 0164 40F60A22 		movw	r2, #2570
 643 0168 9342     		cmp	r3, r2
 644 016a 00F0E780 		beq	.L56
 645 016e 40F60B32 		movw	r2, #2827
 646 0172 9342     		cmp	r3, r2
 647 0174 2AD1     		bne	.L98
 231:Middlewares/Third_Party/LibJPEG/source/jcdctmgr.c ****       method = JDCT_ISLOW;	/* jfdctint uses islow-style table */
 648              		.loc 1 231 7 is_stmt 1 view .LVU189
 231:Middlewares/Third_Party/LibJPEG/source/jcdctmgr.c ****       method = JDCT_ISLOW;	/* jfdctint uses islow-style table */
 649              		.loc 1 231 24 is_stmt 0 view .LVU190
 650 0176 019B     		ldr	r3, [sp, #4]
 651 0178 0A33     		adds	r3, r3, #10
 652 017a 029A     		ldr	r2, [sp, #8]
 653 017c 02EB8303 		add	r3, r2, r3, lsl #2
 654 0180 5F4A     		ldr	r2, .L110+32
 655 0182 5A60     		str	r2, [r3, #4]
 232:Middlewares/Third_Party/LibJPEG/source/jcdctmgr.c ****       break;
 656              		.loc 1 232 7 is_stmt 1 view .LVU191
 657              	.LVL67:
 233:Middlewares/Third_Party/LibJPEG/source/jcdctmgr.c ****     case ((12 << 8) + 12):
 658              		.loc 1 233 7 view .LVU192
 232:Middlewares/Third_Party/LibJPEG/source/jcdctmgr.c ****       break;
 659              		.loc 1 232 14 is_stmt 0 view .LVU193
 660 0184 0023     		movs	r3, #0
ARM GAS  /tmp/cc1h1B6M.s 			page 20


 661 0186 0393     		str	r3, [sp, #12]
 233:Middlewares/Third_Party/LibJPEG/source/jcdctmgr.c ****     case ((12 << 8) + 12):
 662              		.loc 1 233 7 view .LVU194
 663 0188 69E0     		b	.L67
 664              	.LVL68:
 665              	.L97:
 192:Middlewares/Third_Party/LibJPEG/source/jcdctmgr.c **** #ifdef DCT_SCALING_SUPPORTED
 666              		.loc 1 192 5 view .LVU195
 667 018a 40F60802 		movw	r2, #2056
 668 018e 9342     		cmp	r3, r2
 669 0190 00F04281 		beq	.L53
 670 0194 B3F5016F 		cmp	r3, #2064
 671 0198 09D1     		bne	.L99
 287:Middlewares/Third_Party/LibJPEG/source/jcdctmgr.c ****       method = JDCT_ISLOW;	/* jfdctint uses islow-style table */
 672              		.loc 1 287 7 is_stmt 1 view .LVU196
 287:Middlewares/Third_Party/LibJPEG/source/jcdctmgr.c ****       method = JDCT_ISLOW;	/* jfdctint uses islow-style table */
 673              		.loc 1 287 24 is_stmt 0 view .LVU197
 674 019a 019B     		ldr	r3, [sp, #4]
 675 019c 0A33     		adds	r3, r3, #10
 676 019e 029A     		ldr	r2, [sp, #8]
 677 01a0 02EB8303 		add	r3, r2, r3, lsl #2
 678 01a4 574A     		ldr	r2, .L110+36
 679 01a6 5A60     		str	r2, [r3, #4]
 288:Middlewares/Third_Party/LibJPEG/source/jcdctmgr.c ****       break;
 680              		.loc 1 288 7 is_stmt 1 view .LVU198
 681              	.LVL69:
 289:Middlewares/Third_Party/LibJPEG/source/jcdctmgr.c ****     case ((7 << 8) + 14):
 682              		.loc 1 289 7 view .LVU199
 288:Middlewares/Third_Party/LibJPEG/source/jcdctmgr.c ****       break;
 683              		.loc 1 288 14 is_stmt 0 view .LVU200
 684 01a8 0023     		movs	r3, #0
 685 01aa 0393     		str	r3, [sp, #12]
 289:Middlewares/Third_Party/LibJPEG/source/jcdctmgr.c ****     case ((7 << 8) + 14):
 686              		.loc 1 289 7 view .LVU201
 687 01ac 57E0     		b	.L67
 688              	.LVL70:
 689              	.L99:
 192:Middlewares/Third_Party/LibJPEG/source/jcdctmgr.c **** #ifdef DCT_SCALING_SUPPORTED
 690              		.loc 1 192 5 view .LVU202
 691 01ae 40F60402 		movw	r2, #2052
 692 01b2 9342     		cmp	r3, r2
 693 01b4 40F05F81 		bne	.L36
 271:Middlewares/Third_Party/LibJPEG/source/jcdctmgr.c ****       method = JDCT_ISLOW;	/* jfdctint uses islow-style table */
 694              		.loc 1 271 7 is_stmt 1 view .LVU203
 271:Middlewares/Third_Party/LibJPEG/source/jcdctmgr.c ****       method = JDCT_ISLOW;	/* jfdctint uses islow-style table */
 695              		.loc 1 271 24 is_stmt 0 view .LVU204
 696 01b8 019B     		ldr	r3, [sp, #4]
 697 01ba 0A33     		adds	r3, r3, #10
 698 01bc 029A     		ldr	r2, [sp, #8]
 699 01be 02EB8303 		add	r3, r2, r3, lsl #2
 700 01c2 514A     		ldr	r2, .L110+40
 701 01c4 5A60     		str	r2, [r3, #4]
 272:Middlewares/Third_Party/LibJPEG/source/jcdctmgr.c ****       break;
 702              		.loc 1 272 7 is_stmt 1 view .LVU205
 703              	.LVL71:
 273:Middlewares/Third_Party/LibJPEG/source/jcdctmgr.c ****     case ((6 << 8) + 3):
 704              		.loc 1 273 7 view .LVU206
ARM GAS  /tmp/cc1h1B6M.s 			page 21


 272:Middlewares/Third_Party/LibJPEG/source/jcdctmgr.c ****       break;
 705              		.loc 1 272 14 is_stmt 0 view .LVU207
 706 01c6 0023     		movs	r3, #0
 707 01c8 0393     		str	r3, [sp, #12]
 273:Middlewares/Third_Party/LibJPEG/source/jcdctmgr.c ****     case ((6 << 8) + 3):
 708              		.loc 1 273 7 view .LVU208
 709 01ca 48E0     		b	.L67
 710              	.LVL72:
 711              	.L98:
 192:Middlewares/Third_Party/LibJPEG/source/jcdctmgr.c **** #ifdef DCT_SCALING_SUPPORTED
 712              		.loc 1 192 5 view .LVU209
 713 01cc 40F60522 		movw	r2, #2565
 714 01d0 9342     		cmp	r3, r2
 715 01d2 40F05081 		bne	.L36
 267:Middlewares/Third_Party/LibJPEG/source/jcdctmgr.c ****       method = JDCT_ISLOW;	/* jfdctint uses islow-style table */
 716              		.loc 1 267 7 is_stmt 1 view .LVU210
 267:Middlewares/Third_Party/LibJPEG/source/jcdctmgr.c ****       method = JDCT_ISLOW;	/* jfdctint uses islow-style table */
 717              		.loc 1 267 24 is_stmt 0 view .LVU211
 718 01d6 019B     		ldr	r3, [sp, #4]
 719 01d8 0A33     		adds	r3, r3, #10
 720 01da 029A     		ldr	r2, [sp, #8]
 721 01dc 02EB8303 		add	r3, r2, r3, lsl #2
 722 01e0 4A4A     		ldr	r2, .L110+44
 723 01e2 5A60     		str	r2, [r3, #4]
 268:Middlewares/Third_Party/LibJPEG/source/jcdctmgr.c ****       break;
 724              		.loc 1 268 7 is_stmt 1 view .LVU212
 725              	.LVL73:
 269:Middlewares/Third_Party/LibJPEG/source/jcdctmgr.c ****     case ((8 << 8) + 4):
 726              		.loc 1 269 7 view .LVU213
 268:Middlewares/Third_Party/LibJPEG/source/jcdctmgr.c ****       break;
 727              		.loc 1 268 14 is_stmt 0 view .LVU214
 728 01e4 0023     		movs	r3, #0
 729 01e6 0393     		str	r3, [sp, #12]
 269:Middlewares/Third_Party/LibJPEG/source/jcdctmgr.c ****     case ((8 << 8) + 4):
 730              		.loc 1 269 7 view .LVU215
 731 01e8 39E0     		b	.L67
 732              	.LVL74:
 733              	.L95:
 192:Middlewares/Third_Party/LibJPEG/source/jcdctmgr.c **** #ifdef DCT_SCALING_SUPPORTED
 734              		.loc 1 192 5 view .LVU216
 735 01ea 40F60D52 		movw	r2, #3341
 736 01ee 9342     		cmp	r3, r2
 737 01f0 00F0AE80 		beq	.L61
 738 01f4 40F60762 		movw	r2, #3591
 739 01f8 9342     		cmp	r3, r2
 740 01fa 09D1     		bne	.L100
 259:Middlewares/Third_Party/LibJPEG/source/jcdctmgr.c ****       method = JDCT_ISLOW;	/* jfdctint uses islow-style table */
 741              		.loc 1 259 7 is_stmt 1 view .LVU217
 259:Middlewares/Third_Party/LibJPEG/source/jcdctmgr.c ****       method = JDCT_ISLOW;	/* jfdctint uses islow-style table */
 742              		.loc 1 259 24 is_stmt 0 view .LVU218
 743 01fc 019B     		ldr	r3, [sp, #4]
 744 01fe 0A33     		adds	r3, r3, #10
 745 0200 029A     		ldr	r2, [sp, #8]
 746 0202 02EB8303 		add	r3, r2, r3, lsl #2
 747 0206 424A     		ldr	r2, .L110+48
 748 0208 5A60     		str	r2, [r3, #4]
 260:Middlewares/Third_Party/LibJPEG/source/jcdctmgr.c ****       break;
ARM GAS  /tmp/cc1h1B6M.s 			page 22


 749              		.loc 1 260 7 is_stmt 1 view .LVU219
 750              	.LVL75:
 261:Middlewares/Third_Party/LibJPEG/source/jcdctmgr.c ****     case ((12 << 8) + 6):
 751              		.loc 1 261 7 view .LVU220
 260:Middlewares/Third_Party/LibJPEG/source/jcdctmgr.c ****       break;
 752              		.loc 1 260 14 is_stmt 0 view .LVU221
 753 020a 0023     		movs	r3, #0
 754 020c 0393     		str	r3, [sp, #12]
 261:Middlewares/Third_Party/LibJPEG/source/jcdctmgr.c ****     case ((12 << 8) + 6):
 755              		.loc 1 261 7 view .LVU222
 756 020e 26E0     		b	.L67
 757              	.LVL76:
 758              	.L100:
 192:Middlewares/Third_Party/LibJPEG/source/jcdctmgr.c **** #ifdef DCT_SCALING_SUPPORTED
 759              		.loc 1 192 5 view .LVU223
 760 0210 40F60C42 		movw	r2, #3084
 761 0214 9342     		cmp	r3, r2
 762 0216 40F02E81 		bne	.L36
 235:Middlewares/Third_Party/LibJPEG/source/jcdctmgr.c ****       method = JDCT_ISLOW;	/* jfdctint uses islow-style table */
 763              		.loc 1 235 7 is_stmt 1 view .LVU224
 235:Middlewares/Third_Party/LibJPEG/source/jcdctmgr.c ****       method = JDCT_ISLOW;	/* jfdctint uses islow-style table */
 764              		.loc 1 235 24 is_stmt 0 view .LVU225
 765 021a 019B     		ldr	r3, [sp, #4]
 766 021c 0A33     		adds	r3, r3, #10
 767 021e 029A     		ldr	r2, [sp, #8]
 768 0220 02EB8303 		add	r3, r2, r3, lsl #2
 769 0224 3B4A     		ldr	r2, .L110+52
 770 0226 5A60     		str	r2, [r3, #4]
 236:Middlewares/Third_Party/LibJPEG/source/jcdctmgr.c ****       break;
 771              		.loc 1 236 7 is_stmt 1 view .LVU226
 772              	.LVL77:
 237:Middlewares/Third_Party/LibJPEG/source/jcdctmgr.c ****     case ((13 << 8) + 13):
 773              		.loc 1 237 7 view .LVU227
 236:Middlewares/Third_Party/LibJPEG/source/jcdctmgr.c ****       break;
 774              		.loc 1 236 14 is_stmt 0 view .LVU228
 775 0228 0023     		movs	r3, #0
 776 022a 0393     		str	r3, [sp, #12]
 237:Middlewares/Third_Party/LibJPEG/source/jcdctmgr.c ****     case ((13 << 8) + 13):
 777              		.loc 1 237 7 view .LVU229
 778 022c 17E0     		b	.L67
 779              	.LVL78:
 780              	.L96:
 192:Middlewares/Third_Party/LibJPEG/source/jcdctmgr.c **** #ifdef DCT_SCALING_SUPPORTED
 781              		.loc 1 192 5 view .LVU230
 782 022e 40F60F72 		movw	r2, #3855
 783 0232 9342     		cmp	r3, r2
 784 0234 40F01F81 		bne	.L36
 247:Middlewares/Third_Party/LibJPEG/source/jcdctmgr.c ****       method = JDCT_ISLOW;	/* jfdctint uses islow-style table */
 785              		.loc 1 247 7 is_stmt 1 view .LVU231
 247:Middlewares/Third_Party/LibJPEG/source/jcdctmgr.c ****       method = JDCT_ISLOW;	/* jfdctint uses islow-style table */
 786              		.loc 1 247 24 is_stmt 0 view .LVU232
 787 0238 019B     		ldr	r3, [sp, #4]
 788 023a 0A33     		adds	r3, r3, #10
 789 023c 029A     		ldr	r2, [sp, #8]
 790 023e 02EB8303 		add	r3, r2, r3, lsl #2
 791 0242 354A     		ldr	r2, .L110+56
 792 0244 5A60     		str	r2, [r3, #4]
ARM GAS  /tmp/cc1h1B6M.s 			page 23


 248:Middlewares/Third_Party/LibJPEG/source/jcdctmgr.c ****       break;
 793              		.loc 1 248 7 is_stmt 1 view .LVU233
 794              	.LVL79:
 249:Middlewares/Third_Party/LibJPEG/source/jcdctmgr.c ****     case ((16 << 8) + 16):
 795              		.loc 1 249 7 view .LVU234
 248:Middlewares/Third_Party/LibJPEG/source/jcdctmgr.c ****       break;
 796              		.loc 1 248 14 is_stmt 0 view .LVU235
 797 0246 0023     		movs	r3, #0
 798 0248 0393     		str	r3, [sp, #12]
 249:Middlewares/Third_Party/LibJPEG/source/jcdctmgr.c ****     case ((16 << 8) + 16):
 799              		.loc 1 249 7 view .LVU236
 800 024a 08E0     		b	.L67
 801              	.LVL80:
 802              	.L34:
 195:Middlewares/Third_Party/LibJPEG/source/jcdctmgr.c ****       method = JDCT_ISLOW;	/* jfdctint uses islow-style table */
 803              		.loc 1 195 7 is_stmt 1 view .LVU237
 195:Middlewares/Third_Party/LibJPEG/source/jcdctmgr.c ****       method = JDCT_ISLOW;	/* jfdctint uses islow-style table */
 804              		.loc 1 195 24 is_stmt 0 view .LVU238
 805 024c 019B     		ldr	r3, [sp, #4]
 806 024e 0A33     		adds	r3, r3, #10
 807 0250 029A     		ldr	r2, [sp, #8]
 808 0252 02EB8303 		add	r3, r2, r3, lsl #2
 809 0256 314A     		ldr	r2, .L110+60
 810 0258 5A60     		str	r2, [r3, #4]
 196:Middlewares/Third_Party/LibJPEG/source/jcdctmgr.c ****       break;
 811              		.loc 1 196 7 is_stmt 1 view .LVU239
 812              	.LVL81:
 197:Middlewares/Third_Party/LibJPEG/source/jcdctmgr.c ****     case ((2 << 8) + 2):
 813              		.loc 1 197 7 view .LVU240
 196:Middlewares/Third_Party/LibJPEG/source/jcdctmgr.c ****       break;
 814              		.loc 1 196 14 is_stmt 0 view .LVU241
 815 025a 0023     		movs	r3, #0
 816 025c 0393     		str	r3, [sp, #12]
 817              	.LVL82:
 818              	.L67:
 318:Middlewares/Third_Party/LibJPEG/source/jcdctmgr.c **** #endif
 319:Middlewares/Third_Party/LibJPEG/source/jcdctmgr.c ****     case ((DCTSIZE << 8) + DCTSIZE):
 320:Middlewares/Third_Party/LibJPEG/source/jcdctmgr.c ****       switch (cinfo->dct_method) {
 321:Middlewares/Third_Party/LibJPEG/source/jcdctmgr.c **** #ifdef DCT_ISLOW_SUPPORTED
 322:Middlewares/Third_Party/LibJPEG/source/jcdctmgr.c ****       case JDCT_ISLOW:
 323:Middlewares/Third_Party/LibJPEG/source/jcdctmgr.c **** 	fdct->do_dct[ci] = jpeg_fdct_islow;
 324:Middlewares/Third_Party/LibJPEG/source/jcdctmgr.c **** 	method = JDCT_ISLOW;
 325:Middlewares/Third_Party/LibJPEG/source/jcdctmgr.c **** 	break;
 326:Middlewares/Third_Party/LibJPEG/source/jcdctmgr.c **** #endif
 327:Middlewares/Third_Party/LibJPEG/source/jcdctmgr.c **** #ifdef DCT_IFAST_SUPPORTED
 328:Middlewares/Third_Party/LibJPEG/source/jcdctmgr.c ****       case JDCT_IFAST:
 329:Middlewares/Third_Party/LibJPEG/source/jcdctmgr.c **** 	fdct->do_dct[ci] = jpeg_fdct_ifast;
 330:Middlewares/Third_Party/LibJPEG/source/jcdctmgr.c **** 	method = JDCT_IFAST;
 331:Middlewares/Third_Party/LibJPEG/source/jcdctmgr.c **** 	break;
 332:Middlewares/Third_Party/LibJPEG/source/jcdctmgr.c **** #endif
 333:Middlewares/Third_Party/LibJPEG/source/jcdctmgr.c **** #ifdef DCT_FLOAT_SUPPORTED
 334:Middlewares/Third_Party/LibJPEG/source/jcdctmgr.c ****       case JDCT_FLOAT:
 335:Middlewares/Third_Party/LibJPEG/source/jcdctmgr.c **** 	fdct->do_float_dct[ci] = jpeg_fdct_float;
 336:Middlewares/Third_Party/LibJPEG/source/jcdctmgr.c **** 	method = JDCT_FLOAT;
 337:Middlewares/Third_Party/LibJPEG/source/jcdctmgr.c **** 	break;
 338:Middlewares/Third_Party/LibJPEG/source/jcdctmgr.c **** #endif
 339:Middlewares/Third_Party/LibJPEG/source/jcdctmgr.c ****       default:
ARM GAS  /tmp/cc1h1B6M.s 			page 24


 340:Middlewares/Third_Party/LibJPEG/source/jcdctmgr.c **** 	ERREXIT(cinfo, JERR_NOT_COMPILED);
 341:Middlewares/Third_Party/LibJPEG/source/jcdctmgr.c **** 	break;
 342:Middlewares/Third_Party/LibJPEG/source/jcdctmgr.c ****       }
 343:Middlewares/Third_Party/LibJPEG/source/jcdctmgr.c ****       break;
 344:Middlewares/Third_Party/LibJPEG/source/jcdctmgr.c ****     default:
 345:Middlewares/Third_Party/LibJPEG/source/jcdctmgr.c ****       ERREXIT2(cinfo, JERR_BAD_DCTSIZE,
 346:Middlewares/Third_Party/LibJPEG/source/jcdctmgr.c **** 	       compptr->DCT_h_scaled_size, compptr->DCT_v_scaled_size);
 347:Middlewares/Third_Party/LibJPEG/source/jcdctmgr.c ****       break;
 348:Middlewares/Third_Party/LibJPEG/source/jcdctmgr.c ****     }
 349:Middlewares/Third_Party/LibJPEG/source/jcdctmgr.c ****     qtblno = compptr->quant_tbl_no;
 819              		.loc 1 349 5 is_stmt 1 view .LVU242
 820              		.loc 1 349 12 is_stmt 0 view .LVU243
 821 025e DBF81040 		ldr	r4, [fp, #16]
 822              	.LVL83:
 350:Middlewares/Third_Party/LibJPEG/source/jcdctmgr.c ****     /* Make sure specified quantization table is present */
 351:Middlewares/Third_Party/LibJPEG/source/jcdctmgr.c ****     if (qtblno < 0 || qtblno >= NUM_QUANT_TBLS ||
 823              		.loc 1 351 5 is_stmt 1 view .LVU244
 824              		.loc 1 351 8 is_stmt 0 view .LVU245
 825 0262 032C     		cmp	r4, #3
 826 0264 04D8     		bhi	.L71
 352:Middlewares/Third_Party/LibJPEG/source/jcdctmgr.c **** 	cinfo->quant_tbl_ptrs[qtblno] == NULL)
 827              		.loc 1 352 23 discriminator 1 view .LVU246
 828 0266 04F11603 		add	r3, r4, #22
 829 026a 5AF82330 		ldr	r3, [r10, r3, lsl #2]
 351:Middlewares/Third_Party/LibJPEG/source/jcdctmgr.c **** 	cinfo->quant_tbl_ptrs[qtblno] == NULL)
 830              		.loc 1 351 48 discriminator 1 view .LVU247
 831 026e 5BB9     		cbnz	r3, .L72
 832              	.L71:
 353:Middlewares/Third_Party/LibJPEG/source/jcdctmgr.c ****       ERREXIT1(cinfo, JERR_NO_QUANT_TABLE, qtblno);
 833              		.loc 1 353 7 is_stmt 1 view .LVU248
 834 0270 DAF80030 		ldr	r3, [r10]
 835 0274 3622     		movs	r2, #54
 836 0276 5A61     		str	r2, [r3, #20]
 837 0278 DAF80030 		ldr	r3, [r10]
 838 027c 9C61     		str	r4, [r3, #24]
 839 027e DAF80030 		ldr	r3, [r10]
 840 0282 1B68     		ldr	r3, [r3]
 841 0284 5046     		mov	r0, r10
 842 0286 9847     		blx	r3
 843              	.LVL84:
 844              	.L72:
 354:Middlewares/Third_Party/LibJPEG/source/jcdctmgr.c ****     qtbl = cinfo->quant_tbl_ptrs[qtblno];
 845              		.loc 1 354 5 view .LVU249
 846              		.loc 1 354 10 is_stmt 0 view .LVU250
 847 0288 04F11603 		add	r3, r4, #22
 848 028c 5AF82370 		ldr	r7, [r10, r3, lsl #2]
 849              	.LVL85:
 355:Middlewares/Third_Party/LibJPEG/source/jcdctmgr.c ****     /* Compute divisors for this quant table */
 356:Middlewares/Third_Party/LibJPEG/source/jcdctmgr.c ****     /* We may do this more than once for same table, but it's not a big deal */
 357:Middlewares/Third_Party/LibJPEG/source/jcdctmgr.c ****     switch (method) {
 850              		.loc 1 357 5 is_stmt 1 view .LVU251
 851 0290 039B     		ldr	r3, [sp, #12]
 852 0292 012B     		cmp	r3, #1
 853 0294 00F06881 		beq	.L73
 854 0298 022B     		cmp	r3, #2
 855 029a 00F0BD81 		beq	.L74
 856 029e 002B     		cmp	r3, #0
ARM GAS  /tmp/cc1h1B6M.s 			page 25


 857 02a0 00F0FD80 		beq	.L101
 358:Middlewares/Third_Party/LibJPEG/source/jcdctmgr.c **** #ifdef PROVIDE_ISLOW_TABLES
 359:Middlewares/Third_Party/LibJPEG/source/jcdctmgr.c ****     case JDCT_ISLOW:
 360:Middlewares/Third_Party/LibJPEG/source/jcdctmgr.c ****       /* For LL&M IDCT method, divisors are equal to raw quantization
 361:Middlewares/Third_Party/LibJPEG/source/jcdctmgr.c ****        * coefficients multiplied by 8 (to counteract scaling).
 362:Middlewares/Third_Party/LibJPEG/source/jcdctmgr.c ****        */
 363:Middlewares/Third_Party/LibJPEG/source/jcdctmgr.c ****       if (fdct->divisors[qtblno] == NULL) {
 364:Middlewares/Third_Party/LibJPEG/source/jcdctmgr.c **** 	fdct->divisors[qtblno] = (DCTELEM *)
 365:Middlewares/Third_Party/LibJPEG/source/jcdctmgr.c **** 	  (*cinfo->mem->alloc_small) ((j_common_ptr) cinfo, JPOOL_IMAGE,
 366:Middlewares/Third_Party/LibJPEG/source/jcdctmgr.c **** 				      DCTSIZE2 * SIZEOF(DCTELEM));
 367:Middlewares/Third_Party/LibJPEG/source/jcdctmgr.c ****       }
 368:Middlewares/Third_Party/LibJPEG/source/jcdctmgr.c ****       dtbl = fdct->divisors[qtblno];
 369:Middlewares/Third_Party/LibJPEG/source/jcdctmgr.c ****       for (i = 0; i < DCTSIZE2; i++) {
 370:Middlewares/Third_Party/LibJPEG/source/jcdctmgr.c **** 	dtbl[i] = ((DCTELEM) qtbl->quantval[i]) << 3;
 371:Middlewares/Third_Party/LibJPEG/source/jcdctmgr.c ****       }
 372:Middlewares/Third_Party/LibJPEG/source/jcdctmgr.c ****       fdct->pub.forward_DCT[ci] = forward_DCT;
 373:Middlewares/Third_Party/LibJPEG/source/jcdctmgr.c ****       break;
 374:Middlewares/Third_Party/LibJPEG/source/jcdctmgr.c **** #endif
 375:Middlewares/Third_Party/LibJPEG/source/jcdctmgr.c **** #ifdef DCT_IFAST_SUPPORTED
 376:Middlewares/Third_Party/LibJPEG/source/jcdctmgr.c ****     case JDCT_IFAST:
 377:Middlewares/Third_Party/LibJPEG/source/jcdctmgr.c ****       {
 378:Middlewares/Third_Party/LibJPEG/source/jcdctmgr.c **** 	/* For AA&N IDCT method, divisors are equal to quantization
 379:Middlewares/Third_Party/LibJPEG/source/jcdctmgr.c **** 	 * coefficients scaled by scalefactor[row]*scalefactor[col], where
 380:Middlewares/Third_Party/LibJPEG/source/jcdctmgr.c **** 	 *   scalefactor[0] = 1
 381:Middlewares/Third_Party/LibJPEG/source/jcdctmgr.c **** 	 *   scalefactor[k] = cos(k*PI/16) * sqrt(2)    for k=1..7
 382:Middlewares/Third_Party/LibJPEG/source/jcdctmgr.c **** 	 * We apply a further scale factor of 8.
 383:Middlewares/Third_Party/LibJPEG/source/jcdctmgr.c **** 	 */
 384:Middlewares/Third_Party/LibJPEG/source/jcdctmgr.c **** #define CONST_BITS 14
 385:Middlewares/Third_Party/LibJPEG/source/jcdctmgr.c **** 	static const INT16 aanscales[DCTSIZE2] = {
 386:Middlewares/Third_Party/LibJPEG/source/jcdctmgr.c **** 	  /* precomputed values scaled up by 14 bits */
 387:Middlewares/Third_Party/LibJPEG/source/jcdctmgr.c **** 	  16384, 22725, 21407, 19266, 16384, 12873,  8867,  4520,
 388:Middlewares/Third_Party/LibJPEG/source/jcdctmgr.c **** 	  22725, 31521, 29692, 26722, 22725, 17855, 12299,  6270,
 389:Middlewares/Third_Party/LibJPEG/source/jcdctmgr.c **** 	  21407, 29692, 27969, 25172, 21407, 16819, 11585,  5906,
 390:Middlewares/Third_Party/LibJPEG/source/jcdctmgr.c **** 	  19266, 26722, 25172, 22654, 19266, 15137, 10426,  5315,
 391:Middlewares/Third_Party/LibJPEG/source/jcdctmgr.c **** 	  16384, 22725, 21407, 19266, 16384, 12873,  8867,  4520,
 392:Middlewares/Third_Party/LibJPEG/source/jcdctmgr.c **** 	  12873, 17855, 16819, 15137, 12873, 10114,  6967,  3552,
 393:Middlewares/Third_Party/LibJPEG/source/jcdctmgr.c **** 	   8867, 12299, 11585, 10426,  8867,  6967,  4799,  2446,
 394:Middlewares/Third_Party/LibJPEG/source/jcdctmgr.c **** 	   4520,  6270,  5906,  5315,  4520,  3552,  2446,  1247
 395:Middlewares/Third_Party/LibJPEG/source/jcdctmgr.c **** 	};
 396:Middlewares/Third_Party/LibJPEG/source/jcdctmgr.c **** 	SHIFT_TEMPS
 397:Middlewares/Third_Party/LibJPEG/source/jcdctmgr.c **** 
 398:Middlewares/Third_Party/LibJPEG/source/jcdctmgr.c **** 	if (fdct->divisors[qtblno] == NULL) {
 399:Middlewares/Third_Party/LibJPEG/source/jcdctmgr.c **** 	  fdct->divisors[qtblno] = (DCTELEM *)
 400:Middlewares/Third_Party/LibJPEG/source/jcdctmgr.c **** 	    (*cinfo->mem->alloc_small) ((j_common_ptr) cinfo, JPOOL_IMAGE,
 401:Middlewares/Third_Party/LibJPEG/source/jcdctmgr.c **** 					DCTSIZE2 * SIZEOF(DCTELEM));
 402:Middlewares/Third_Party/LibJPEG/source/jcdctmgr.c **** 	}
 403:Middlewares/Third_Party/LibJPEG/source/jcdctmgr.c **** 	dtbl = fdct->divisors[qtblno];
 404:Middlewares/Third_Party/LibJPEG/source/jcdctmgr.c **** 	for (i = 0; i < DCTSIZE2; i++) {
 405:Middlewares/Third_Party/LibJPEG/source/jcdctmgr.c **** 	  dtbl[i] = (DCTELEM)
 406:Middlewares/Third_Party/LibJPEG/source/jcdctmgr.c **** 	    DESCALE(MULTIPLY16V16((INT32) qtbl->quantval[i],
 407:Middlewares/Third_Party/LibJPEG/source/jcdctmgr.c **** 				  (INT32) aanscales[i]),
 408:Middlewares/Third_Party/LibJPEG/source/jcdctmgr.c **** 		    CONST_BITS-3);
 409:Middlewares/Third_Party/LibJPEG/source/jcdctmgr.c **** 	}
 410:Middlewares/Third_Party/LibJPEG/source/jcdctmgr.c ****       }
 411:Middlewares/Third_Party/LibJPEG/source/jcdctmgr.c ****       fdct->pub.forward_DCT[ci] = forward_DCT;
 412:Middlewares/Third_Party/LibJPEG/source/jcdctmgr.c ****       break;
 413:Middlewares/Third_Party/LibJPEG/source/jcdctmgr.c **** #endif
ARM GAS  /tmp/cc1h1B6M.s 			page 26


 414:Middlewares/Third_Party/LibJPEG/source/jcdctmgr.c **** #ifdef DCT_FLOAT_SUPPORTED
 415:Middlewares/Third_Party/LibJPEG/source/jcdctmgr.c ****     case JDCT_FLOAT:
 416:Middlewares/Third_Party/LibJPEG/source/jcdctmgr.c ****       {
 417:Middlewares/Third_Party/LibJPEG/source/jcdctmgr.c **** 	/* For float AA&N IDCT method, divisors are equal to quantization
 418:Middlewares/Third_Party/LibJPEG/source/jcdctmgr.c **** 	 * coefficients scaled by scalefactor[row]*scalefactor[col], where
 419:Middlewares/Third_Party/LibJPEG/source/jcdctmgr.c **** 	 *   scalefactor[0] = 1
 420:Middlewares/Third_Party/LibJPEG/source/jcdctmgr.c **** 	 *   scalefactor[k] = cos(k*PI/16) * sqrt(2)    for k=1..7
 421:Middlewares/Third_Party/LibJPEG/source/jcdctmgr.c **** 	 * We apply a further scale factor of 8.
 422:Middlewares/Third_Party/LibJPEG/source/jcdctmgr.c **** 	 * What's actually stored is 1/divisor so that the inner loop can
 423:Middlewares/Third_Party/LibJPEG/source/jcdctmgr.c **** 	 * use a multiplication rather than a division.
 424:Middlewares/Third_Party/LibJPEG/source/jcdctmgr.c **** 	 */
 425:Middlewares/Third_Party/LibJPEG/source/jcdctmgr.c **** 	FAST_FLOAT * fdtbl;
 426:Middlewares/Third_Party/LibJPEG/source/jcdctmgr.c **** 	int row, col;
 427:Middlewares/Third_Party/LibJPEG/source/jcdctmgr.c **** 	static const double aanscalefactor[DCTSIZE] = {
 428:Middlewares/Third_Party/LibJPEG/source/jcdctmgr.c **** 	  1.0, 1.387039845, 1.306562965, 1.175875602,
 429:Middlewares/Third_Party/LibJPEG/source/jcdctmgr.c **** 	  1.0, 0.785694958, 0.541196100, 0.275899379
 430:Middlewares/Third_Party/LibJPEG/source/jcdctmgr.c **** 	};
 431:Middlewares/Third_Party/LibJPEG/source/jcdctmgr.c **** 
 432:Middlewares/Third_Party/LibJPEG/source/jcdctmgr.c **** 	if (fdct->float_divisors[qtblno] == NULL) {
 433:Middlewares/Third_Party/LibJPEG/source/jcdctmgr.c **** 	  fdct->float_divisors[qtblno] = (FAST_FLOAT *)
 434:Middlewares/Third_Party/LibJPEG/source/jcdctmgr.c **** 	    (*cinfo->mem->alloc_small) ((j_common_ptr) cinfo, JPOOL_IMAGE,
 435:Middlewares/Third_Party/LibJPEG/source/jcdctmgr.c **** 					DCTSIZE2 * SIZEOF(FAST_FLOAT));
 436:Middlewares/Third_Party/LibJPEG/source/jcdctmgr.c **** 	}
 437:Middlewares/Third_Party/LibJPEG/source/jcdctmgr.c **** 	fdtbl = fdct->float_divisors[qtblno];
 438:Middlewares/Third_Party/LibJPEG/source/jcdctmgr.c **** 	i = 0;
 439:Middlewares/Third_Party/LibJPEG/source/jcdctmgr.c **** 	for (row = 0; row < DCTSIZE; row++) {
 440:Middlewares/Third_Party/LibJPEG/source/jcdctmgr.c **** 	  for (col = 0; col < DCTSIZE; col++) {
 441:Middlewares/Third_Party/LibJPEG/source/jcdctmgr.c **** 	    fdtbl[i] = (FAST_FLOAT)
 442:Middlewares/Third_Party/LibJPEG/source/jcdctmgr.c **** 	      (1.0 / (((double) qtbl->quantval[i] *
 443:Middlewares/Third_Party/LibJPEG/source/jcdctmgr.c **** 		       aanscalefactor[row] * aanscalefactor[col] * 8.0)));
 444:Middlewares/Third_Party/LibJPEG/source/jcdctmgr.c **** 	    i++;
 445:Middlewares/Third_Party/LibJPEG/source/jcdctmgr.c **** 	  }
 446:Middlewares/Third_Party/LibJPEG/source/jcdctmgr.c **** 	}
 447:Middlewares/Third_Party/LibJPEG/source/jcdctmgr.c ****       }
 448:Middlewares/Third_Party/LibJPEG/source/jcdctmgr.c ****       fdct->pub.forward_DCT[ci] = forward_DCT_float;
 449:Middlewares/Third_Party/LibJPEG/source/jcdctmgr.c ****       break;
 450:Middlewares/Third_Party/LibJPEG/source/jcdctmgr.c **** #endif
 451:Middlewares/Third_Party/LibJPEG/source/jcdctmgr.c ****     default:
 452:Middlewares/Third_Party/LibJPEG/source/jcdctmgr.c ****       ERREXIT(cinfo, JERR_NOT_COMPILED);
 858              		.loc 1 452 7 view .LVU252
 859 02a4 DAF80030 		ldr	r3, [r10]
 860 02a8 3122     		movs	r2, #49
 861 02aa 5A61     		str	r2, [r3, #20]
 862 02ac DAF80030 		ldr	r3, [r10]
 863 02b0 1B68     		ldr	r3, [r3]
 864 02b2 5046     		mov	r0, r10
 865 02b4 9847     		blx	r3
 866              	.LVL86:
 453:Middlewares/Third_Party/LibJPEG/source/jcdctmgr.c ****       break;
 867              		.loc 1 453 7 view .LVU253
 868 02b6 1EE1     		b	.L79
 869              	.LVL87:
 870              	.L28:
 207:Middlewares/Third_Party/LibJPEG/source/jcdctmgr.c ****       method = JDCT_ISLOW;	/* jfdctint uses islow-style table */
 871              		.loc 1 207 7 view .LVU254
 207:Middlewares/Third_Party/LibJPEG/source/jcdctmgr.c ****       method = JDCT_ISLOW;	/* jfdctint uses islow-style table */
 872              		.loc 1 207 24 is_stmt 0 view .LVU255
ARM GAS  /tmp/cc1h1B6M.s 			page 27


 873 02b8 019B     		ldr	r3, [sp, #4]
 874 02ba 0A33     		adds	r3, r3, #10
 875 02bc 029A     		ldr	r2, [sp, #8]
 876 02be 02EB8303 		add	r3, r2, r3, lsl #2
 877 02c2 174A     		ldr	r2, .L110+64
 878 02c4 5A60     		str	r2, [r3, #4]
 208:Middlewares/Third_Party/LibJPEG/source/jcdctmgr.c ****       break;
 879              		.loc 1 208 7 is_stmt 1 view .LVU256
 880              	.LVL88:
 209:Middlewares/Third_Party/LibJPEG/source/jcdctmgr.c ****     case ((5 << 8) + 5):
 881              		.loc 1 209 7 view .LVU257
 208:Middlewares/Third_Party/LibJPEG/source/jcdctmgr.c ****       break;
 882              		.loc 1 208 14 is_stmt 0 view .LVU258
 883 02c6 0023     		movs	r3, #0
 884 02c8 0393     		str	r3, [sp, #12]
 209:Middlewares/Third_Party/LibJPEG/source/jcdctmgr.c ****     case ((5 << 8) + 5):
 885              		.loc 1 209 7 view .LVU259
 886 02ca C8E7     		b	.L67
 887              	.LVL89:
 888              	.L43:
 211:Middlewares/Third_Party/LibJPEG/source/jcdctmgr.c ****       method = JDCT_ISLOW;	/* jfdctint uses islow-style table */
 889              		.loc 1 211 7 is_stmt 1 view .LVU260
 211:Middlewares/Third_Party/LibJPEG/source/jcdctmgr.c ****       method = JDCT_ISLOW;	/* jfdctint uses islow-style table */
 890              		.loc 1 211 24 is_stmt 0 view .LVU261
 891 02cc 019B     		ldr	r3, [sp, #4]
 892 02ce 0A33     		adds	r3, r3, #10
 893 02d0 029A     		ldr	r2, [sp, #8]
 894 02d2 02EB8303 		add	r3, r2, r3, lsl #2
 895 02d6 134A     		ldr	r2, .L110+68
 896 02d8 5A60     		str	r2, [r3, #4]
 212:Middlewares/Third_Party/LibJPEG/source/jcdctmgr.c ****       break;
 897              		.loc 1 212 7 is_stmt 1 view .LVU262
 898              	.LVL90:
 213:Middlewares/Third_Party/LibJPEG/source/jcdctmgr.c ****     case ((6 << 8) + 6):
 899              		.loc 1 213 7 view .LVU263
 212:Middlewares/Third_Party/LibJPEG/source/jcdctmgr.c ****       break;
 900              		.loc 1 212 14 is_stmt 0 view .LVU264
 901 02da 0023     		movs	r3, #0
 902 02dc 0393     		str	r3, [sp, #12]
 213:Middlewares/Third_Party/LibJPEG/source/jcdctmgr.c ****     case ((6 << 8) + 6):
 903              		.loc 1 213 7 view .LVU265
 904 02de BEE7     		b	.L67
 905              	.L111:
 906              		.align	2
 907              	.L110:
 908 02e0 00000000 		.word	jpeg_fdct_2x2
 909 02e4 00000000 		.word	jpeg_fdct_1x2
 910 02e8 00000000 		.word	jpeg_fdct_3x3
 911 02ec 00000000 		.word	jpeg_fdct_7x7
 912 02f0 00000000 		.word	jpeg_fdct_5x10
 913 02f4 00000000 		.word	jpeg_fdct_4x8
 914 02f8 00000000 		.word	jpeg_fdct_6x6
 915 02fc 00000000 		.word	jpeg_fdct_16x16
 916 0300 00000000 		.word	jpeg_fdct_11x11
 917 0304 00000000 		.word	jpeg_fdct_8x16
 918 0308 00000000 		.word	jpeg_fdct_8x4
 919 030c 00000000 		.word	jpeg_fdct_10x5
ARM GAS  /tmp/cc1h1B6M.s 			page 28


 920 0310 00000000 		.word	jpeg_fdct_14x7
 921 0314 00000000 		.word	jpeg_fdct_12x12
 922 0318 00000000 		.word	jpeg_fdct_15x15
 923 031c 00000000 		.word	jpeg_fdct_1x1
 924 0320 00000000 		.word	jpeg_fdct_4x4
 925 0324 00000000 		.word	jpeg_fdct_5x5
 926              	.LVL91:
 927              	.L51:
 223:Middlewares/Third_Party/LibJPEG/source/jcdctmgr.c ****       method = JDCT_ISLOW;	/* jfdctint uses islow-style table */
 928              		.loc 1 223 7 is_stmt 1 view .LVU266
 223:Middlewares/Third_Party/LibJPEG/source/jcdctmgr.c ****       method = JDCT_ISLOW;	/* jfdctint uses islow-style table */
 929              		.loc 1 223 24 is_stmt 0 view .LVU267
 930 0328 019B     		ldr	r3, [sp, #4]
 931 032a 0A33     		adds	r3, r3, #10
 932 032c 029A     		ldr	r2, [sp, #8]
 933 032e 02EB8303 		add	r3, r2, r3, lsl #2
 934 0332 A74A     		ldr	r2, .L112
 935 0334 5A60     		str	r2, [r3, #4]
 224:Middlewares/Third_Party/LibJPEG/source/jcdctmgr.c ****       break;
 936              		.loc 1 224 7 is_stmt 1 view .LVU268
 937              	.LVL92:
 225:Middlewares/Third_Party/LibJPEG/source/jcdctmgr.c ****     case ((10 << 8) + 10):
 938              		.loc 1 225 7 view .LVU269
 224:Middlewares/Third_Party/LibJPEG/source/jcdctmgr.c ****       break;
 939              		.loc 1 224 14 is_stmt 0 view .LVU270
 940 0336 0023     		movs	r3, #0
 941 0338 0393     		str	r3, [sp, #12]
 225:Middlewares/Third_Party/LibJPEG/source/jcdctmgr.c ****     case ((10 << 8) + 10):
 942              		.loc 1 225 7 view .LVU271
 943 033a 90E7     		b	.L67
 944              	.LVL93:
 945              	.L56:
 227:Middlewares/Third_Party/LibJPEG/source/jcdctmgr.c ****       method = JDCT_ISLOW;	/* jfdctint uses islow-style table */
 946              		.loc 1 227 7 is_stmt 1 view .LVU272
 227:Middlewares/Third_Party/LibJPEG/source/jcdctmgr.c ****       method = JDCT_ISLOW;	/* jfdctint uses islow-style table */
 947              		.loc 1 227 24 is_stmt 0 view .LVU273
 948 033c 019B     		ldr	r3, [sp, #4]
 949 033e 0A33     		adds	r3, r3, #10
 950 0340 029A     		ldr	r2, [sp, #8]
 951 0342 02EB8303 		add	r3, r2, r3, lsl #2
 952 0346 A34A     		ldr	r2, .L112+4
 953 0348 5A60     		str	r2, [r3, #4]
 228:Middlewares/Third_Party/LibJPEG/source/jcdctmgr.c ****       break;
 954              		.loc 1 228 7 is_stmt 1 view .LVU274
 955              	.LVL94:
 229:Middlewares/Third_Party/LibJPEG/source/jcdctmgr.c ****     case ((11 << 8) + 11):
 956              		.loc 1 229 7 view .LVU275
 228:Middlewares/Third_Party/LibJPEG/source/jcdctmgr.c ****       break;
 957              		.loc 1 228 14 is_stmt 0 view .LVU276
 958 034a 0023     		movs	r3, #0
 959 034c 0393     		str	r3, [sp, #12]
 229:Middlewares/Third_Party/LibJPEG/source/jcdctmgr.c ****     case ((11 << 8) + 11):
 960              		.loc 1 229 7 view .LVU277
 961 034e 86E7     		b	.L67
 962              	.LVL95:
 963              	.L61:
 239:Middlewares/Third_Party/LibJPEG/source/jcdctmgr.c ****       method = JDCT_ISLOW;	/* jfdctint uses islow-style table */
ARM GAS  /tmp/cc1h1B6M.s 			page 29


 964              		.loc 1 239 7 is_stmt 1 view .LVU278
 239:Middlewares/Third_Party/LibJPEG/source/jcdctmgr.c ****       method = JDCT_ISLOW;	/* jfdctint uses islow-style table */
 965              		.loc 1 239 24 is_stmt 0 view .LVU279
 966 0350 019B     		ldr	r3, [sp, #4]
 967 0352 0A33     		adds	r3, r3, #10
 968 0354 029A     		ldr	r2, [sp, #8]
 969 0356 02EB8303 		add	r3, r2, r3, lsl #2
 970 035a 9F4A     		ldr	r2, .L112+8
 971 035c 5A60     		str	r2, [r3, #4]
 240:Middlewares/Third_Party/LibJPEG/source/jcdctmgr.c ****       break;
 972              		.loc 1 240 7 is_stmt 1 view .LVU280
 973              	.LVL96:
 241:Middlewares/Third_Party/LibJPEG/source/jcdctmgr.c ****     case ((14 << 8) + 14):
 974              		.loc 1 241 7 view .LVU281
 240:Middlewares/Third_Party/LibJPEG/source/jcdctmgr.c ****       break;
 975              		.loc 1 240 14 is_stmt 0 view .LVU282
 976 035e 0023     		movs	r3, #0
 977 0360 0393     		str	r3, [sp, #12]
 241:Middlewares/Third_Party/LibJPEG/source/jcdctmgr.c ****     case ((14 << 8) + 14):
 978              		.loc 1 241 7 view .LVU283
 979 0362 7CE7     		b	.L67
 980              	.LVL97:
 981              	.L59:
 243:Middlewares/Third_Party/LibJPEG/source/jcdctmgr.c ****       method = JDCT_ISLOW;	/* jfdctint uses islow-style table */
 982              		.loc 1 243 7 is_stmt 1 view .LVU284
 243:Middlewares/Third_Party/LibJPEG/source/jcdctmgr.c ****       method = JDCT_ISLOW;	/* jfdctint uses islow-style table */
 983              		.loc 1 243 24 is_stmt 0 view .LVU285
 984 0364 019B     		ldr	r3, [sp, #4]
 985 0366 0A33     		adds	r3, r3, #10
 986 0368 029A     		ldr	r2, [sp, #8]
 987 036a 02EB8303 		add	r3, r2, r3, lsl #2
 988 036e 9B4A     		ldr	r2, .L112+12
 989 0370 5A60     		str	r2, [r3, #4]
 244:Middlewares/Third_Party/LibJPEG/source/jcdctmgr.c ****       break;
 990              		.loc 1 244 7 is_stmt 1 view .LVU286
 991              	.LVL98:
 245:Middlewares/Third_Party/LibJPEG/source/jcdctmgr.c ****     case ((15 << 8) + 15):
 992              		.loc 1 245 7 view .LVU287
 244:Middlewares/Third_Party/LibJPEG/source/jcdctmgr.c ****       break;
 993              		.loc 1 244 14 is_stmt 0 view .LVU288
 994 0372 0023     		movs	r3, #0
 995 0374 0393     		str	r3, [sp, #12]
 245:Middlewares/Third_Party/LibJPEG/source/jcdctmgr.c ****     case ((15 << 8) + 15):
 996              		.loc 1 245 7 view .LVU289
 997 0376 72E7     		b	.L67
 998              	.LVL99:
 999              	.L64:
 255:Middlewares/Third_Party/LibJPEG/source/jcdctmgr.c ****       method = JDCT_ISLOW;	/* jfdctint uses islow-style table */
 1000              		.loc 1 255 7 is_stmt 1 view .LVU290
 255:Middlewares/Third_Party/LibJPEG/source/jcdctmgr.c ****       method = JDCT_ISLOW;	/* jfdctint uses islow-style table */
 1001              		.loc 1 255 24 is_stmt 0 view .LVU291
 1002 0378 019B     		ldr	r3, [sp, #4]
 1003 037a 0A33     		adds	r3, r3, #10
 1004 037c 029A     		ldr	r2, [sp, #8]
 1005 037e 02EB8303 		add	r3, r2, r3, lsl #2
 1006 0382 974A     		ldr	r2, .L112+16
 1007 0384 5A60     		str	r2, [r3, #4]
ARM GAS  /tmp/cc1h1B6M.s 			page 30


 256:Middlewares/Third_Party/LibJPEG/source/jcdctmgr.c ****       break;
 1008              		.loc 1 256 7 is_stmt 1 view .LVU292
 1009              	.LVL100:
 257:Middlewares/Third_Party/LibJPEG/source/jcdctmgr.c ****     case ((14 << 8) + 7):
 1010              		.loc 1 257 7 view .LVU293
 256:Middlewares/Third_Party/LibJPEG/source/jcdctmgr.c ****       break;
 1011              		.loc 1 256 14 is_stmt 0 view .LVU294
 1012 0386 0023     		movs	r3, #0
 1013 0388 0393     		str	r3, [sp, #12]
 257:Middlewares/Third_Party/LibJPEG/source/jcdctmgr.c ****     case ((14 << 8) + 7):
 1014              		.loc 1 257 7 view .LVU295
 1015 038a 68E7     		b	.L67
 1016              	.LVL101:
 1017              	.L49:
 263:Middlewares/Third_Party/LibJPEG/source/jcdctmgr.c ****       method = JDCT_ISLOW;	/* jfdctint uses islow-style table */
 1018              		.loc 1 263 7 is_stmt 1 view .LVU296
 263:Middlewares/Third_Party/LibJPEG/source/jcdctmgr.c ****       method = JDCT_ISLOW;	/* jfdctint uses islow-style table */
 1019              		.loc 1 263 24 is_stmt 0 view .LVU297
 1020 038c 019B     		ldr	r3, [sp, #4]
 1021 038e 0A33     		adds	r3, r3, #10
 1022 0390 029A     		ldr	r2, [sp, #8]
 1023 0392 02EB8303 		add	r3, r2, r3, lsl #2
 1024 0396 934A     		ldr	r2, .L112+20
 1025 0398 5A60     		str	r2, [r3, #4]
 264:Middlewares/Third_Party/LibJPEG/source/jcdctmgr.c ****       break;
 1026              		.loc 1 264 7 is_stmt 1 view .LVU298
 1027              	.LVL102:
 265:Middlewares/Third_Party/LibJPEG/source/jcdctmgr.c ****     case ((10 << 8) + 5):
 1028              		.loc 1 265 7 view .LVU299
 264:Middlewares/Third_Party/LibJPEG/source/jcdctmgr.c ****       break;
 1029              		.loc 1 264 14 is_stmt 0 view .LVU300
 1030 039a 0023     		movs	r3, #0
 1031 039c 0393     		str	r3, [sp, #12]
 265:Middlewares/Third_Party/LibJPEG/source/jcdctmgr.c ****     case ((10 << 8) + 5):
 1032              		.loc 1 265 7 view .LVU301
 1033 039e 5EE7     		b	.L67
 1034              	.LVL103:
 1035              	.L41:
 275:Middlewares/Third_Party/LibJPEG/source/jcdctmgr.c ****       method = JDCT_ISLOW;	/* jfdctint uses islow-style table */
 1036              		.loc 1 275 7 is_stmt 1 view .LVU302
 275:Middlewares/Third_Party/LibJPEG/source/jcdctmgr.c ****       method = JDCT_ISLOW;	/* jfdctint uses islow-style table */
 1037              		.loc 1 275 24 is_stmt 0 view .LVU303
 1038 03a0 019B     		ldr	r3, [sp, #4]
 1039 03a2 0A33     		adds	r3, r3, #10
 1040 03a4 029A     		ldr	r2, [sp, #8]
 1041 03a6 02EB8303 		add	r3, r2, r3, lsl #2
 1042 03aa 8F4A     		ldr	r2, .L112+24
 1043 03ac 5A60     		str	r2, [r3, #4]
 276:Middlewares/Third_Party/LibJPEG/source/jcdctmgr.c ****       break;
 1044              		.loc 1 276 7 is_stmt 1 view .LVU304
 1045              	.LVL104:
 277:Middlewares/Third_Party/LibJPEG/source/jcdctmgr.c ****     case ((4 << 8) + 2):
 1046              		.loc 1 277 7 view .LVU305
 276:Middlewares/Third_Party/LibJPEG/source/jcdctmgr.c ****       break;
 1047              		.loc 1 276 14 is_stmt 0 view .LVU306
 1048 03ae 0023     		movs	r3, #0
 1049 03b0 0393     		str	r3, [sp, #12]
ARM GAS  /tmp/cc1h1B6M.s 			page 31


 277:Middlewares/Third_Party/LibJPEG/source/jcdctmgr.c ****     case ((4 << 8) + 2):
 1050              		.loc 1 277 7 view .LVU307
 1051 03b2 54E7     		b	.L67
 1052              	.LVL105:
 1053              	.L32:
 283:Middlewares/Third_Party/LibJPEG/source/jcdctmgr.c ****       method = JDCT_ISLOW;	/* jfdctint uses islow-style table */
 1054              		.loc 1 283 7 is_stmt 1 view .LVU308
 283:Middlewares/Third_Party/LibJPEG/source/jcdctmgr.c ****       method = JDCT_ISLOW;	/* jfdctint uses islow-style table */
 1055              		.loc 1 283 24 is_stmt 0 view .LVU309
 1056 03b4 019B     		ldr	r3, [sp, #4]
 1057 03b6 0A33     		adds	r3, r3, #10
 1058 03b8 029A     		ldr	r2, [sp, #8]
 1059 03ba 02EB8303 		add	r3, r2, r3, lsl #2
 1060 03be 8B4A     		ldr	r2, .L112+28
 1061 03c0 5A60     		str	r2, [r3, #4]
 284:Middlewares/Third_Party/LibJPEG/source/jcdctmgr.c ****       break;
 1062              		.loc 1 284 7 is_stmt 1 view .LVU310
 1063              	.LVL106:
 285:Middlewares/Third_Party/LibJPEG/source/jcdctmgr.c ****     case ((8 << 8) + 16):
 1064              		.loc 1 285 7 view .LVU311
 284:Middlewares/Third_Party/LibJPEG/source/jcdctmgr.c ****       break;
 1065              		.loc 1 284 14 is_stmt 0 view .LVU312
 1066 03c2 0023     		movs	r3, #0
 1067 03c4 0393     		str	r3, [sp, #12]
 285:Middlewares/Third_Party/LibJPEG/source/jcdctmgr.c ****     case ((8 << 8) + 16):
 1068              		.loc 1 285 7 view .LVU313
 1069 03c6 4AE7     		b	.L67
 1070              	.LVL107:
 1071              	.L26:
 291:Middlewares/Third_Party/LibJPEG/source/jcdctmgr.c ****       method = JDCT_ISLOW;	/* jfdctint uses islow-style table */
 1072              		.loc 1 291 7 is_stmt 1 view .LVU314
 291:Middlewares/Third_Party/LibJPEG/source/jcdctmgr.c ****       method = JDCT_ISLOW;	/* jfdctint uses islow-style table */
 1073              		.loc 1 291 24 is_stmt 0 view .LVU315
 1074 03c8 019B     		ldr	r3, [sp, #4]
 1075 03ca 0A33     		adds	r3, r3, #10
 1076 03cc 029A     		ldr	r2, [sp, #8]
 1077 03ce 02EB8303 		add	r3, r2, r3, lsl #2
 1078 03d2 874A     		ldr	r2, .L112+32
 1079 03d4 5A60     		str	r2, [r3, #4]
 292:Middlewares/Third_Party/LibJPEG/source/jcdctmgr.c ****       break;
 1080              		.loc 1 292 7 is_stmt 1 view .LVU316
 1081              	.LVL108:
 293:Middlewares/Third_Party/LibJPEG/source/jcdctmgr.c ****     case ((6 << 8) + 12):
 1082              		.loc 1 293 7 view .LVU317
 292:Middlewares/Third_Party/LibJPEG/source/jcdctmgr.c ****       break;
 1083              		.loc 1 292 14 is_stmt 0 view .LVU318
 1084 03d6 0023     		movs	r3, #0
 1085 03d8 0393     		str	r3, [sp, #12]
 293:Middlewares/Third_Party/LibJPEG/source/jcdctmgr.c ****     case ((6 << 8) + 12):
 1086              		.loc 1 293 7 view .LVU319
 1087 03da 40E7     		b	.L67
 1088              	.LVL109:
 1089              	.L46:
 295:Middlewares/Third_Party/LibJPEG/source/jcdctmgr.c ****       method = JDCT_ISLOW;	/* jfdctint uses islow-style table */
 1090              		.loc 1 295 7 is_stmt 1 view .LVU320
 295:Middlewares/Third_Party/LibJPEG/source/jcdctmgr.c ****       method = JDCT_ISLOW;	/* jfdctint uses islow-style table */
 1091              		.loc 1 295 24 is_stmt 0 view .LVU321
ARM GAS  /tmp/cc1h1B6M.s 			page 32


 1092 03dc 019B     		ldr	r3, [sp, #4]
 1093 03de 0A33     		adds	r3, r3, #10
 1094 03e0 029A     		ldr	r2, [sp, #8]
 1095 03e2 02EB8303 		add	r3, r2, r3, lsl #2
 1096 03e6 834A     		ldr	r2, .L112+36
 1097 03e8 5A60     		str	r2, [r3, #4]
 296:Middlewares/Third_Party/LibJPEG/source/jcdctmgr.c ****       break;
 1098              		.loc 1 296 7 is_stmt 1 view .LVU322
 1099              	.LVL110:
 297:Middlewares/Third_Party/LibJPEG/source/jcdctmgr.c ****     case ((5 << 8) + 10):
 1100              		.loc 1 297 7 view .LVU323
 296:Middlewares/Third_Party/LibJPEG/source/jcdctmgr.c ****       break;
 1101              		.loc 1 296 14 is_stmt 0 view .LVU324
 1102 03ea 0023     		movs	r3, #0
 1103 03ec 0393     		str	r3, [sp, #12]
 297:Middlewares/Third_Party/LibJPEG/source/jcdctmgr.c ****     case ((5 << 8) + 10):
 1104              		.loc 1 297 7 view .LVU325
 1105 03ee 36E7     		b	.L67
 1106              	.LVL111:
 1107              	.L38:
 307:Middlewares/Third_Party/LibJPEG/source/jcdctmgr.c ****       method = JDCT_ISLOW;	/* jfdctint uses islow-style table */
 1108              		.loc 1 307 7 is_stmt 1 view .LVU326
 307:Middlewares/Third_Party/LibJPEG/source/jcdctmgr.c ****       method = JDCT_ISLOW;	/* jfdctint uses islow-style table */
 1109              		.loc 1 307 24 is_stmt 0 view .LVU327
 1110 03f0 019B     		ldr	r3, [sp, #4]
 1111 03f2 0A33     		adds	r3, r3, #10
 1112 03f4 029A     		ldr	r2, [sp, #8]
 1113 03f6 02EB8303 		add	r3, r2, r3, lsl #2
 1114 03fa 7F4A     		ldr	r2, .L112+40
 1115 03fc 5A60     		str	r2, [r3, #4]
 308:Middlewares/Third_Party/LibJPEG/source/jcdctmgr.c ****       break;
 1116              		.loc 1 308 7 is_stmt 1 view .LVU328
 1117              	.LVL112:
 309:Middlewares/Third_Party/LibJPEG/source/jcdctmgr.c ****     case ((2 << 8) + 4):
 1118              		.loc 1 309 7 view .LVU329
 308:Middlewares/Third_Party/LibJPEG/source/jcdctmgr.c ****       break;
 1119              		.loc 1 308 14 is_stmt 0 view .LVU330
 1120 03fe 0023     		movs	r3, #0
 1121 0400 0393     		str	r3, [sp, #12]
 309:Middlewares/Third_Party/LibJPEG/source/jcdctmgr.c ****     case ((2 << 8) + 4):
 1122              		.loc 1 309 7 view .LVU331
 1123 0402 2CE7     		b	.L67
 1124              	.LVL113:
 1125              	.L30:
 311:Middlewares/Third_Party/LibJPEG/source/jcdctmgr.c ****       method = JDCT_ISLOW;	/* jfdctint uses islow-style table */
 1126              		.loc 1 311 7 is_stmt 1 view .LVU332
 311:Middlewares/Third_Party/LibJPEG/source/jcdctmgr.c ****       method = JDCT_ISLOW;	/* jfdctint uses islow-style table */
 1127              		.loc 1 311 24 is_stmt 0 view .LVU333
 1128 0404 019B     		ldr	r3, [sp, #4]
 1129 0406 0A33     		adds	r3, r3, #10
 1130 0408 029A     		ldr	r2, [sp, #8]
 1131 040a 02EB8303 		add	r3, r2, r3, lsl #2
 1132 040e 7B4A     		ldr	r2, .L112+44
 1133 0410 5A60     		str	r2, [r3, #4]
 312:Middlewares/Third_Party/LibJPEG/source/jcdctmgr.c ****       break;
 1134              		.loc 1 312 7 is_stmt 1 view .LVU334
 1135              	.LVL114:
ARM GAS  /tmp/cc1h1B6M.s 			page 33


 313:Middlewares/Third_Party/LibJPEG/source/jcdctmgr.c ****     case ((1 << 8) + 2):
 1136              		.loc 1 313 7 view .LVU335
 312:Middlewares/Third_Party/LibJPEG/source/jcdctmgr.c ****       break;
 1137              		.loc 1 312 14 is_stmt 0 view .LVU336
 1138 0412 0023     		movs	r3, #0
 1139 0414 0393     		str	r3, [sp, #12]
 313:Middlewares/Third_Party/LibJPEG/source/jcdctmgr.c ****     case ((1 << 8) + 2):
 1140              		.loc 1 313 7 view .LVU337
 1141 0416 22E7     		b	.L67
 1142              	.LVL115:
 1143              	.L53:
 320:Middlewares/Third_Party/LibJPEG/source/jcdctmgr.c **** #ifdef DCT_ISLOW_SUPPORTED
 1144              		.loc 1 320 7 is_stmt 1 view .LVU338
 320:Middlewares/Third_Party/LibJPEG/source/jcdctmgr.c **** #ifdef DCT_ISLOW_SUPPORTED
 1145              		.loc 1 320 20 is_stmt 0 view .LVU339
 1146 0418 9AF8E830 		ldrb	r3, [r10, #232]	@ zero_extendqisi2
 1147 041c 012B     		cmp	r3, #1
 1148 041e 16D0     		beq	.L68
 1149 0420 022B     		cmp	r3, #2
 1150 0422 1ED0     		beq	.L69
 1151 0424 4BB1     		cbz	r3, .L102
 340:Middlewares/Third_Party/LibJPEG/source/jcdctmgr.c **** 	break;
 1152              		.loc 1 340 2 is_stmt 1 view .LVU340
 1153 0426 DAF80030 		ldr	r3, [r10]
 1154 042a 3122     		movs	r2, #49
 1155 042c 5A61     		str	r2, [r3, #20]
 1156 042e DAF80030 		ldr	r3, [r10]
 1157 0432 1B68     		ldr	r3, [r3]
 1158 0434 5046     		mov	r0, r10
 1159 0436 9847     		blx	r3
 1160              	.LVL116:
 341:Middlewares/Third_Party/LibJPEG/source/jcdctmgr.c ****       }
 1161              		.loc 1 341 2 view .LVU341
 1162 0438 11E7     		b	.L67
 1163              	.L102:
 323:Middlewares/Third_Party/LibJPEG/source/jcdctmgr.c **** 	method = JDCT_ISLOW;
 1164              		.loc 1 323 2 view .LVU342
 323:Middlewares/Third_Party/LibJPEG/source/jcdctmgr.c **** 	method = JDCT_ISLOW;
 1165              		.loc 1 323 19 is_stmt 0 view .LVU343
 1166 043a 019B     		ldr	r3, [sp, #4]
 1167 043c 0A33     		adds	r3, r3, #10
 1168 043e 029A     		ldr	r2, [sp, #8]
 1169 0440 02EB8303 		add	r3, r2, r3, lsl #2
 1170 0444 6E4A     		ldr	r2, .L112+48
 1171 0446 5A60     		str	r2, [r3, #4]
 324:Middlewares/Third_Party/LibJPEG/source/jcdctmgr.c **** 	break;
 1172              		.loc 1 324 2 is_stmt 1 view .LVU344
 1173              	.LVL117:
 325:Middlewares/Third_Party/LibJPEG/source/jcdctmgr.c **** #endif
 1174              		.loc 1 325 2 view .LVU345
 324:Middlewares/Third_Party/LibJPEG/source/jcdctmgr.c **** 	break;
 1175              		.loc 1 324 9 is_stmt 0 view .LVU346
 1176 0448 0023     		movs	r3, #0
 1177 044a 0393     		str	r3, [sp, #12]
 325:Middlewares/Third_Party/LibJPEG/source/jcdctmgr.c **** #endif
 1178              		.loc 1 325 2 view .LVU347
 1179 044c 07E7     		b	.L67
ARM GAS  /tmp/cc1h1B6M.s 			page 34


 1180              	.LVL118:
 1181              	.L68:
 329:Middlewares/Third_Party/LibJPEG/source/jcdctmgr.c **** 	method = JDCT_IFAST;
 1182              		.loc 1 329 2 is_stmt 1 view .LVU348
 329:Middlewares/Third_Party/LibJPEG/source/jcdctmgr.c **** 	method = JDCT_IFAST;
 1183              		.loc 1 329 19 is_stmt 0 view .LVU349
 1184 044e 019B     		ldr	r3, [sp, #4]
 1185 0450 0A33     		adds	r3, r3, #10
 1186 0452 029A     		ldr	r2, [sp, #8]
 1187 0454 02EB8303 		add	r3, r2, r3, lsl #2
 1188 0458 6A4A     		ldr	r2, .L112+52
 1189 045a 5A60     		str	r2, [r3, #4]
 330:Middlewares/Third_Party/LibJPEG/source/jcdctmgr.c **** 	break;
 1190              		.loc 1 330 2 is_stmt 1 view .LVU350
 1191              	.LVL119:
 331:Middlewares/Third_Party/LibJPEG/source/jcdctmgr.c **** #endif
 1192              		.loc 1 331 2 view .LVU351
 330:Middlewares/Third_Party/LibJPEG/source/jcdctmgr.c **** 	break;
 1193              		.loc 1 330 9 is_stmt 0 view .LVU352
 1194 045c 0123     		movs	r3, #1
 1195 045e 0393     		str	r3, [sp, #12]
 331:Middlewares/Third_Party/LibJPEG/source/jcdctmgr.c **** #endif
 1196              		.loc 1 331 2 view .LVU353
 1197 0460 FDE6     		b	.L67
 1198              	.LVL120:
 1199              	.L69:
 335:Middlewares/Third_Party/LibJPEG/source/jcdctmgr.c **** 	method = JDCT_FLOAT;
 1200              		.loc 1 335 2 is_stmt 1 view .LVU354
 335:Middlewares/Third_Party/LibJPEG/source/jcdctmgr.c **** 	method = JDCT_FLOAT;
 1201              		.loc 1 335 25 is_stmt 0 view .LVU355
 1202 0462 019B     		ldr	r3, [sp, #4]
 1203 0464 1833     		adds	r3, r3, #24
 1204 0466 029A     		ldr	r2, [sp, #8]
 1205 0468 02EB8303 		add	r3, r2, r3, lsl #2
 1206 046c 664A     		ldr	r2, .L112+56
 1207 046e 5A60     		str	r2, [r3, #4]
 336:Middlewares/Third_Party/LibJPEG/source/jcdctmgr.c **** 	break;
 1208              		.loc 1 336 2 is_stmt 1 view .LVU356
 1209              	.LVL121:
 337:Middlewares/Third_Party/LibJPEG/source/jcdctmgr.c **** #endif
 1210              		.loc 1 337 2 view .LVU357
 336:Middlewares/Third_Party/LibJPEG/source/jcdctmgr.c **** 	break;
 1211              		.loc 1 336 9 is_stmt 0 view .LVU358
 1212 0470 0223     		movs	r3, #2
 1213 0472 0393     		str	r3, [sp, #12]
 337:Middlewares/Third_Party/LibJPEG/source/jcdctmgr.c **** #endif
 1214              		.loc 1 337 2 view .LVU359
 1215 0474 F3E6     		b	.L67
 1216              	.LVL122:
 1217              	.L36:
 345:Middlewares/Third_Party/LibJPEG/source/jcdctmgr.c **** 	       compptr->DCT_h_scaled_size, compptr->DCT_v_scaled_size);
 1218              		.loc 1 345 7 is_stmt 1 view .LVU360
 1219 0476 DAF80030 		ldr	r3, [r10]
 1220 047a 0722     		movs	r2, #7
 1221 047c 5A61     		str	r2, [r3, #20]
 1222 047e DAF80030 		ldr	r3, [r10]
 1223 0482 DBF82420 		ldr	r2, [fp, #36]
ARM GAS  /tmp/cc1h1B6M.s 			page 35


 1224 0486 9A61     		str	r2, [r3, #24]
 1225 0488 DAF80030 		ldr	r3, [r10]
 1226 048c DBF82820 		ldr	r2, [fp, #40]
 1227 0490 DA61     		str	r2, [r3, #28]
 1228 0492 DAF80030 		ldr	r3, [r10]
 1229 0496 1B68     		ldr	r3, [r3]
 1230 0498 5046     		mov	r0, r10
 1231 049a 9847     		blx	r3
 1232              	.LVL123:
 347:Middlewares/Third_Party/LibJPEG/source/jcdctmgr.c ****     }
 1233              		.loc 1 347 7 view .LVU361
 1234 049c DFE6     		b	.L67
 1235              	.LVL124:
 1236              	.L101:
 363:Middlewares/Third_Party/LibJPEG/source/jcdctmgr.c **** 	fdct->divisors[qtblno] = (DCTELEM *)
 1237              		.loc 1 363 7 view .LVU362
 363:Middlewares/Third_Party/LibJPEG/source/jcdctmgr.c **** 	fdct->divisors[qtblno] = (DCTELEM *)
 1238              		.loc 1 363 25 is_stmt 0 view .LVU363
 1239 049e 04F11403 		add	r3, r4, #20
 1240 04a2 029A     		ldr	r2, [sp, #8]
 1241 04a4 02EB8303 		add	r3, r2, r3, lsl #2
 1242 04a8 5B68     		ldr	r3, [r3, #4]
 363:Middlewares/Third_Party/LibJPEG/source/jcdctmgr.c **** 	fdct->divisors[qtblno] = (DCTELEM *)
 1243              		.loc 1 363 10 view .LVU364
 1244 04aa 3BB1     		cbz	r3, .L103
 1245              	.L76:
 368:Middlewares/Third_Party/LibJPEG/source/jcdctmgr.c ****       for (i = 0; i < DCTSIZE2; i++) {
 1246              		.loc 1 368 7 is_stmt 1 view .LVU365
 368:Middlewares/Third_Party/LibJPEG/source/jcdctmgr.c ****       for (i = 0; i < DCTSIZE2; i++) {
 1247              		.loc 1 368 12 is_stmt 0 view .LVU366
 1248 04ac 04F11403 		add	r3, r4, #20
 1249 04b0 029A     		ldr	r2, [sp, #8]
 1250 04b2 02EB8303 		add	r3, r2, r3, lsl #2
 1251 04b6 5968     		ldr	r1, [r3, #4]
 1252              	.LVL125:
 369:Middlewares/Third_Party/LibJPEG/source/jcdctmgr.c **** 	dtbl[i] = ((DCTELEM) qtbl->quantval[i]) << 3;
 1253              		.loc 1 369 7 is_stmt 1 view .LVU367
 369:Middlewares/Third_Party/LibJPEG/source/jcdctmgr.c **** 	dtbl[i] = ((DCTELEM) qtbl->quantval[i]) << 3;
 1254              		.loc 1 369 14 is_stmt 0 view .LVU368
 1255 04b8 039B     		ldr	r3, [sp, #12]
 369:Middlewares/Third_Party/LibJPEG/source/jcdctmgr.c **** 	dtbl[i] = ((DCTELEM) qtbl->quantval[i]) << 3;
 1256              		.loc 1 369 7 view .LVU369
 1257 04ba 14E0     		b	.L77
 1258              	.LVL126:
 1259              	.L103:
 364:Middlewares/Third_Party/LibJPEG/source/jcdctmgr.c **** 	  (*cinfo->mem->alloc_small) ((j_common_ptr) cinfo, JPOOL_IMAGE,
 1260              		.loc 1 364 2 is_stmt 1 view .LVU370
 365:Middlewares/Third_Party/LibJPEG/source/jcdctmgr.c **** 				      DCTSIZE2 * SIZEOF(DCTELEM));
 1261              		.loc 1 365 11 is_stmt 0 view .LVU371
 1262 04bc DAF80430 		ldr	r3, [r10, #4]
 365:Middlewares/Third_Party/LibJPEG/source/jcdctmgr.c **** 				      DCTSIZE2 * SIZEOF(DCTELEM));
 1263              		.loc 1 365 5 view .LVU372
 1264 04c0 1B68     		ldr	r3, [r3]
 1265 04c2 4FF48072 		mov	r2, #256
 1266 04c6 0121     		movs	r1, #1
 1267 04c8 5046     		mov	r0, r10
 1268 04ca 9847     		blx	r3
ARM GAS  /tmp/cc1h1B6M.s 			page 36


 1269              	.LVL127:
 364:Middlewares/Third_Party/LibJPEG/source/jcdctmgr.c **** 	  (*cinfo->mem->alloc_small) ((j_common_ptr) cinfo, JPOOL_IMAGE,
 1270              		.loc 1 364 25 view .LVU373
 1271 04cc 04F11403 		add	r3, r4, #20
 1272 04d0 029A     		ldr	r2, [sp, #8]
 1273 04d2 02EB8303 		add	r3, r2, r3, lsl #2
 1274 04d6 5860     		str	r0, [r3, #4]
 1275 04d8 E8E7     		b	.L76
 1276              	.LVL128:
 1277              	.L78:
 370:Middlewares/Third_Party/LibJPEG/source/jcdctmgr.c ****       }
 1278              		.loc 1 370 2 is_stmt 1 discriminator 3 view .LVU374
 370:Middlewares/Third_Party/LibJPEG/source/jcdctmgr.c ****       }
 1279              		.loc 1 370 37 is_stmt 0 discriminator 3 view .LVU375
 1280 04da 37F81320 		ldrh	r2, [r7, r3, lsl #1]
 370:Middlewares/Third_Party/LibJPEG/source/jcdctmgr.c ****       }
 1281              		.loc 1 370 42 discriminator 3 view .LVU376
 1282 04de D200     		lsls	r2, r2, #3
 370:Middlewares/Third_Party/LibJPEG/source/jcdctmgr.c ****       }
 1283              		.loc 1 370 10 discriminator 3 view .LVU377
 1284 04e0 41F82320 		str	r2, [r1, r3, lsl #2]
 369:Middlewares/Third_Party/LibJPEG/source/jcdctmgr.c **** 	dtbl[i] = ((DCTELEM) qtbl->quantval[i]) << 3;
 1285              		.loc 1 369 33 is_stmt 1 discriminator 3 view .LVU378
 369:Middlewares/Third_Party/LibJPEG/source/jcdctmgr.c **** 	dtbl[i] = ((DCTELEM) qtbl->quantval[i]) << 3;
 1286              		.loc 1 369 34 is_stmt 0 discriminator 3 view .LVU379
 1287 04e4 0133     		adds	r3, r3, #1
 1288              	.LVL129:
 1289              	.L77:
 369:Middlewares/Third_Party/LibJPEG/source/jcdctmgr.c **** 	dtbl[i] = ((DCTELEM) qtbl->quantval[i]) << 3;
 1290              		.loc 1 369 19 is_stmt 1 discriminator 1 view .LVU380
 369:Middlewares/Third_Party/LibJPEG/source/jcdctmgr.c **** 	dtbl[i] = ((DCTELEM) qtbl->quantval[i]) << 3;
 1291              		.loc 1 369 7 is_stmt 0 discriminator 1 view .LVU381
 1292 04e6 3F2B     		cmp	r3, #63
 1293 04e8 F7DD     		ble	.L78
 372:Middlewares/Third_Party/LibJPEG/source/jcdctmgr.c ****       break;
 1294              		.loc 1 372 7 is_stmt 1 view .LVU382
 372:Middlewares/Third_Party/LibJPEG/source/jcdctmgr.c ****       break;
 1295              		.loc 1 372 33 is_stmt 0 view .LVU383
 1296 04ea 029B     		ldr	r3, [sp, #8]
 1297              	.LVL130:
 372:Middlewares/Third_Party/LibJPEG/source/jcdctmgr.c ****       break;
 1298              		.loc 1 372 33 view .LVU384
 1299 04ec 019A     		ldr	r2, [sp, #4]
 1300 04ee 03EB8203 		add	r3, r3, r2, lsl #2
 1301 04f2 464A     		ldr	r2, .L112+60
 1302 04f4 5A60     		str	r2, [r3, #4]
 373:Middlewares/Third_Party/LibJPEG/source/jcdctmgr.c **** #endif
 1303              		.loc 1 373 7 is_stmt 1 view .LVU385
 1304              	.LVL131:
 1305              	.L79:
 190:Middlewares/Third_Party/LibJPEG/source/jcdctmgr.c ****     /* Select the proper DCT routine for this component's scaling */
 1306              		.loc 1 190 8 view .LVU386
 190:Middlewares/Third_Party/LibJPEG/source/jcdctmgr.c ****     /* Select the proper DCT routine for this component's scaling */
 1307              		.loc 1 190 10 is_stmt 0 view .LVU387
 1308 04f6 019B     		ldr	r3, [sp, #4]
 1309 04f8 0133     		adds	r3, r3, #1
 1310 04fa 0193     		str	r3, [sp, #4]
ARM GAS  /tmp/cc1h1B6M.s 			page 37


 1311              	.LVL132:
 190:Middlewares/Third_Party/LibJPEG/source/jcdctmgr.c ****     /* Select the proper DCT routine for this component's scaling */
 1312              		.loc 1 190 21 view .LVU388
 1313 04fc 0BF1580B 		add	fp, fp, #88
 1314              	.LVL133:
 1315              	.L25:
 189:Middlewares/Third_Party/LibJPEG/source/jcdctmgr.c ****        ci++, compptr++) {
 1316              		.loc 1 189 44 is_stmt 1 discriminator 1 view .LVU389
 189:Middlewares/Third_Party/LibJPEG/source/jcdctmgr.c ****        ci++, compptr++) {
 1317              		.loc 1 189 54 is_stmt 0 discriminator 1 view .LVU390
 1318 0500 DAF84C30 		ldr	r3, [r10, #76]
 189:Middlewares/Third_Party/LibJPEG/source/jcdctmgr.c ****        ci++, compptr++) {
 1319              		.loc 1 189 3 discriminator 1 view .LVU391
 1320 0504 019A     		ldr	r2, [sp, #4]
 1321 0506 9342     		cmp	r3, r2
 1322 0508 40F3D980 		ble	.L104
 192:Middlewares/Third_Party/LibJPEG/source/jcdctmgr.c **** #ifdef DCT_SCALING_SUPPORTED
 1323              		.loc 1 192 5 is_stmt 1 view .LVU392
 192:Middlewares/Third_Party/LibJPEG/source/jcdctmgr.c **** #ifdef DCT_SCALING_SUPPORTED
 1324              		.loc 1 192 21 is_stmt 0 view .LVU393
 1325 050c DBF82420 		ldr	r2, [fp, #36]
 192:Middlewares/Third_Party/LibJPEG/source/jcdctmgr.c **** #ifdef DCT_SCALING_SUPPORTED
 1326              		.loc 1 192 56 view .LVU394
 1327 0510 DBF82830 		ldr	r3, [fp, #40]
 192:Middlewares/Third_Party/LibJPEG/source/jcdctmgr.c **** #ifdef DCT_SCALING_SUPPORTED
 1328              		.loc 1 192 47 view .LVU395
 1329 0514 03EB0223 		add	r3, r3, r2, lsl #8
 192:Middlewares/Third_Party/LibJPEG/source/jcdctmgr.c **** #ifdef DCT_SCALING_SUPPORTED
 1330              		.loc 1 192 5 view .LVU396
 1331 0518 40F20E72 		movw	r2, #1806
 1332 051c 9342     		cmp	r3, r2
 1333 051e 3FF453AF 		beq	.L26
 1334 0522 3FF7FAAD 		bgt	.L27
 1335 0526 40F20442 		movw	r2, #1028
 1336 052a 9342     		cmp	r3, r2
 1337 052c 3FF4C4AE 		beq	.L28
 1338 0530 3FF7AAAD 		bgt	.L29
 1339 0534 B3F5017F 		cmp	r3, #516
 1340 0538 3FF464AF 		beq	.L30
 1341 053c 7FF76DAD 		ble	.L105
 1342 0540 40F20632 		movw	r2, #774
 1343 0544 9342     		cmp	r3, r2
 1344 0546 3FF453AF 		beq	.L38
 1345 054a 40F20242 		movw	r2, #1026
 1346 054e 9342     		cmp	r3, r2
 1347 0550 7FF48BAD 		bne	.L106
 279:Middlewares/Third_Party/LibJPEG/source/jcdctmgr.c ****       method = JDCT_ISLOW;	/* jfdctint uses islow-style table */
 1348              		.loc 1 279 7 is_stmt 1 view .LVU397
 279:Middlewares/Third_Party/LibJPEG/source/jcdctmgr.c ****       method = JDCT_ISLOW;	/* jfdctint uses islow-style table */
 1349              		.loc 1 279 24 is_stmt 0 view .LVU398
 1350 0554 019B     		ldr	r3, [sp, #4]
 1351 0556 0A33     		adds	r3, r3, #10
 1352 0558 029A     		ldr	r2, [sp, #8]
 1353 055a 02EB8303 		add	r3, r2, r3, lsl #2
 1354 055e 2C4A     		ldr	r2, .L112+64
 1355 0560 5A60     		str	r2, [r3, #4]
 280:Middlewares/Third_Party/LibJPEG/source/jcdctmgr.c ****       break;
ARM GAS  /tmp/cc1h1B6M.s 			page 38


 1356              		.loc 1 280 7 is_stmt 1 view .LVU399
 1357              	.LVL134:
 281:Middlewares/Third_Party/LibJPEG/source/jcdctmgr.c ****     case ((2 << 8) + 1):
 1358              		.loc 1 281 7 view .LVU400
 280:Middlewares/Third_Party/LibJPEG/source/jcdctmgr.c ****       break;
 1359              		.loc 1 280 14 is_stmt 0 view .LVU401
 1360 0562 0023     		movs	r3, #0
 1361 0564 0393     		str	r3, [sp, #12]
 281:Middlewares/Third_Party/LibJPEG/source/jcdctmgr.c ****     case ((2 << 8) + 1):
 1362              		.loc 1 281 7 view .LVU402
 1363 0566 7AE6     		b	.L67
 1364              	.LVL135:
 1365              	.L73:
 1366              	.LBB6:
 385:Middlewares/Third_Party/LibJPEG/source/jcdctmgr.c **** 	  /* precomputed values scaled up by 14 bits */
 1367              		.loc 1 385 2 is_stmt 1 view .LVU403
 398:Middlewares/Third_Party/LibJPEG/source/jcdctmgr.c **** 	  fdct->divisors[qtblno] = (DCTELEM *)
 1368              		.loc 1 398 2 view .LVU404
 398:Middlewares/Third_Party/LibJPEG/source/jcdctmgr.c **** 	  fdct->divisors[qtblno] = (DCTELEM *)
 1369              		.loc 1 398 20 is_stmt 0 view .LVU405
 1370 0568 04F11403 		add	r3, r4, #20
 1371 056c 029A     		ldr	r2, [sp, #8]
 1372 056e 02EB8303 		add	r3, r2, r3, lsl #2
 1373 0572 5B68     		ldr	r3, [r3, #4]
 398:Middlewares/Third_Party/LibJPEG/source/jcdctmgr.c **** 	  fdct->divisors[qtblno] = (DCTELEM *)
 1374              		.loc 1 398 5 view .LVU406
 1375 0574 3BB1     		cbz	r3, .L107
 1376              	.L80:
 403:Middlewares/Third_Party/LibJPEG/source/jcdctmgr.c **** 	for (i = 0; i < DCTSIZE2; i++) {
 1377              		.loc 1 403 2 is_stmt 1 view .LVU407
 403:Middlewares/Third_Party/LibJPEG/source/jcdctmgr.c **** 	for (i = 0; i < DCTSIZE2; i++) {
 1378              		.loc 1 403 7 is_stmt 0 view .LVU408
 1379 0576 04F11403 		add	r3, r4, #20
 1380 057a 029A     		ldr	r2, [sp, #8]
 1381 057c 02EB8303 		add	r3, r2, r3, lsl #2
 1382 0580 5868     		ldr	r0, [r3, #4]
 1383              	.LVL136:
 404:Middlewares/Third_Party/LibJPEG/source/jcdctmgr.c **** 	  dtbl[i] = (DCTELEM)
 1384              		.loc 1 404 2 is_stmt 1 view .LVU409
 404:Middlewares/Third_Party/LibJPEG/source/jcdctmgr.c **** 	  dtbl[i] = (DCTELEM)
 1385              		.loc 1 404 9 is_stmt 0 view .LVU410
 1386 0582 0022     		movs	r2, #0
 404:Middlewares/Third_Party/LibJPEG/source/jcdctmgr.c **** 	  dtbl[i] = (DCTELEM)
 1387              		.loc 1 404 2 view .LVU411
 1388 0584 1BE0     		b	.L81
 1389              	.LVL137:
 1390              	.L107:
 399:Middlewares/Third_Party/LibJPEG/source/jcdctmgr.c **** 	    (*cinfo->mem->alloc_small) ((j_common_ptr) cinfo, JPOOL_IMAGE,
 1391              		.loc 1 399 4 is_stmt 1 view .LVU412
 400:Middlewares/Third_Party/LibJPEG/source/jcdctmgr.c **** 					DCTSIZE2 * SIZEOF(DCTELEM));
 1392              		.loc 1 400 13 is_stmt 0 view .LVU413
 1393 0586 DAF80430 		ldr	r3, [r10, #4]
 400:Middlewares/Third_Party/LibJPEG/source/jcdctmgr.c **** 					DCTSIZE2 * SIZEOF(DCTELEM));
 1394              		.loc 1 400 7 view .LVU414
 1395 058a 1B68     		ldr	r3, [r3]
 1396 058c 4FF48072 		mov	r2, #256
 1397 0590 0121     		movs	r1, #1
ARM GAS  /tmp/cc1h1B6M.s 			page 39


 1398 0592 5046     		mov	r0, r10
 1399 0594 9847     		blx	r3
 1400              	.LVL138:
 399:Middlewares/Third_Party/LibJPEG/source/jcdctmgr.c **** 	    (*cinfo->mem->alloc_small) ((j_common_ptr) cinfo, JPOOL_IMAGE,
 1401              		.loc 1 399 27 view .LVU415
 1402 0596 04F11403 		add	r3, r4, #20
 1403 059a 029A     		ldr	r2, [sp, #8]
 1404 059c 02EB8303 		add	r3, r2, r3, lsl #2
 1405 05a0 5860     		str	r0, [r3, #4]
 1406 05a2 E8E7     		b	.L80
 1407              	.LVL139:
 1408              	.L82:
 405:Middlewares/Third_Party/LibJPEG/source/jcdctmgr.c **** 	    DESCALE(MULTIPLY16V16((INT32) qtbl->quantval[i],
 1409              		.loc 1 405 4 is_stmt 1 discriminator 3 view .LVU416
 406:Middlewares/Third_Party/LibJPEG/source/jcdctmgr.c **** 				  (INT32) aanscales[i]),
 1410              		.loc 1 406 6 is_stmt 0 discriminator 3 view .LVU417
 1411 05a4 37F81230 		ldrh	r3, [r7, r2, lsl #1]
 1412 05a8 1A49     		ldr	r1, .L112+68
 1413 05aa 31F91210 		ldrsh	r1, [r1, r2, lsl #1]
 1414 05ae 01FB03F3 		mul	r3, r1, r3
 1415 05b2 03F58063 		add	r3, r3, #1024
 1416 05b6 DB12     		asrs	r3, r3, #11
 405:Middlewares/Third_Party/LibJPEG/source/jcdctmgr.c **** 	    DESCALE(MULTIPLY16V16((INT32) qtbl->quantval[i],
 1417              		.loc 1 405 12 discriminator 3 view .LVU418
 1418 05b8 40F82230 		str	r3, [r0, r2, lsl #2]
 404:Middlewares/Third_Party/LibJPEG/source/jcdctmgr.c **** 	  dtbl[i] = (DCTELEM)
 1419              		.loc 1 404 28 is_stmt 1 discriminator 3 view .LVU419
 404:Middlewares/Third_Party/LibJPEG/source/jcdctmgr.c **** 	  dtbl[i] = (DCTELEM)
 1420              		.loc 1 404 29 is_stmt 0 discriminator 3 view .LVU420
 1421 05bc 0132     		adds	r2, r2, #1
 1422              	.LVL140:
 1423              	.L81:
 404:Middlewares/Third_Party/LibJPEG/source/jcdctmgr.c **** 	  dtbl[i] = (DCTELEM)
 1424              		.loc 1 404 14 is_stmt 1 discriminator 1 view .LVU421
 404:Middlewares/Third_Party/LibJPEG/source/jcdctmgr.c **** 	  dtbl[i] = (DCTELEM)
 1425              		.loc 1 404 2 is_stmt 0 discriminator 1 view .LVU422
 1426 05be 3F2A     		cmp	r2, #63
 1427 05c0 F0DD     		ble	.L82
 1428              	.LBE6:
 411:Middlewares/Third_Party/LibJPEG/source/jcdctmgr.c ****       break;
 1429              		.loc 1 411 7 is_stmt 1 view .LVU423
 411:Middlewares/Third_Party/LibJPEG/source/jcdctmgr.c ****       break;
 1430              		.loc 1 411 33 is_stmt 0 view .LVU424
 1431 05c2 029B     		ldr	r3, [sp, #8]
 1432 05c4 019A     		ldr	r2, [sp, #4]
 1433              	.LVL141:
 411:Middlewares/Third_Party/LibJPEG/source/jcdctmgr.c ****       break;
 1434              		.loc 1 411 33 view .LVU425
 1435 05c6 03EB8203 		add	r3, r3, r2, lsl #2
 1436 05ca 104A     		ldr	r2, .L112+60
 1437 05cc 5A60     		str	r2, [r3, #4]
 412:Middlewares/Third_Party/LibJPEG/source/jcdctmgr.c **** #endif
 1438              		.loc 1 412 7 is_stmt 1 view .LVU426
 1439 05ce 92E7     		b	.L79
 1440              	.L113:
 1441              		.align	2
 1442              	.L112:
ARM GAS  /tmp/cc1h1B6M.s 			page 40


 1443 05d0 00000000 		.word	jpeg_fdct_9x9
 1444 05d4 00000000 		.word	jpeg_fdct_10x10
 1445 05d8 00000000 		.word	jpeg_fdct_13x13
 1446 05dc 00000000 		.word	jpeg_fdct_14x14
 1447 05e0 00000000 		.word	jpeg_fdct_16x8
 1448 05e4 00000000 		.word	jpeg_fdct_12x6
 1449 05e8 00000000 		.word	jpeg_fdct_6x3
 1450 05ec 00000000 		.word	jpeg_fdct_2x1
 1451 05f0 00000000 		.word	jpeg_fdct_7x14
 1452 05f4 00000000 		.word	jpeg_fdct_6x12
 1453 05f8 00000000 		.word	jpeg_fdct_3x6
 1454 05fc 00000000 		.word	jpeg_fdct_2x4
 1455 0600 00000000 		.word	jpeg_fdct_islow
 1456 0604 00000000 		.word	jpeg_fdct_ifast
 1457 0608 00000000 		.word	jpeg_fdct_float
 1458 060c 00000000 		.word	forward_DCT
 1459 0610 00000000 		.word	jpeg_fdct_4x2
 1460 0614 00000000 		.word	.LANCHOR0
 1461              	.LVL142:
 1462              	.L74:
 1463              	.LBB7:
 425:Middlewares/Third_Party/LibJPEG/source/jcdctmgr.c **** 	int row, col;
 1464              		.loc 1 425 2 view .LVU427
 426:Middlewares/Third_Party/LibJPEG/source/jcdctmgr.c **** 	static const double aanscalefactor[DCTSIZE] = {
 1465              		.loc 1 426 2 view .LVU428
 427:Middlewares/Third_Party/LibJPEG/source/jcdctmgr.c **** 	  1.0, 1.387039845, 1.306562965, 1.175875602,
 1466              		.loc 1 427 2 view .LVU429
 432:Middlewares/Third_Party/LibJPEG/source/jcdctmgr.c **** 	  fdct->float_divisors[qtblno] = (FAST_FLOAT *)
 1467              		.loc 1 432 2 view .LVU430
 432:Middlewares/Third_Party/LibJPEG/source/jcdctmgr.c **** 	  fdct->float_divisors[qtblno] = (FAST_FLOAT *)
 1468              		.loc 1 432 26 is_stmt 0 view .LVU431
 1469 0618 04F12203 		add	r3, r4, #34
 1470 061c 029A     		ldr	r2, [sp, #8]
 1471 061e 02EB8303 		add	r3, r2, r3, lsl #2
 1472 0622 5B68     		ldr	r3, [r3, #4]
 432:Middlewares/Third_Party/LibJPEG/source/jcdctmgr.c **** 	  fdct->float_divisors[qtblno] = (FAST_FLOAT *)
 1473              		.loc 1 432 5 view .LVU432
 1474 0624 53B1     		cbz	r3, .L108
 1475              	.L83:
 437:Middlewares/Third_Party/LibJPEG/source/jcdctmgr.c **** 	i = 0;
 1476              		.loc 1 437 2 is_stmt 1 view .LVU433
 437:Middlewares/Third_Party/LibJPEG/source/jcdctmgr.c **** 	i = 0;
 1477              		.loc 1 437 8 is_stmt 0 view .LVU434
 1478 0626 04F12203 		add	r3, r4, #34
 1479 062a 029A     		ldr	r2, [sp, #8]
 1480 062c 02EB8303 		add	r3, r2, r3, lsl #2
 1481 0630 D3F80490 		ldr	r9, [r3, #4]
 1482              	.LVL143:
 438:Middlewares/Third_Party/LibJPEG/source/jcdctmgr.c **** 	for (row = 0; row < DCTSIZE; row++) {
 1483              		.loc 1 438 2 is_stmt 1 view .LVU435
 439:Middlewares/Third_Party/LibJPEG/source/jcdctmgr.c **** 	  for (col = 0; col < DCTSIZE; col++) {
 1484              		.loc 1 439 2 view .LVU436
 439:Middlewares/Third_Party/LibJPEG/source/jcdctmgr.c **** 	  for (col = 0; col < DCTSIZE; col++) {
 1485              		.loc 1 439 11 is_stmt 0 view .LVU437
 1486 0634 4FF00008 		mov	r8, #0
 438:Middlewares/Third_Party/LibJPEG/source/jcdctmgr.c **** 	for (row = 0; row < DCTSIZE; row++) {
 1487              		.loc 1 438 4 view .LVU438
ARM GAS  /tmp/cc1h1B6M.s 			page 41


 1488 0638 4646     		mov	r6, r8
 439:Middlewares/Third_Party/LibJPEG/source/jcdctmgr.c **** 	  for (col = 0; col < DCTSIZE; col++) {
 1489              		.loc 1 439 2 view .LVU439
 1490 063a 34E0     		b	.L84
 1491              	.LVL144:
 1492              	.L108:
 433:Middlewares/Third_Party/LibJPEG/source/jcdctmgr.c **** 	    (*cinfo->mem->alloc_small) ((j_common_ptr) cinfo, JPOOL_IMAGE,
 1493              		.loc 1 433 4 is_stmt 1 view .LVU440
 434:Middlewares/Third_Party/LibJPEG/source/jcdctmgr.c **** 					DCTSIZE2 * SIZEOF(FAST_FLOAT));
 1494              		.loc 1 434 13 is_stmt 0 view .LVU441
 1495 063c DAF80430 		ldr	r3, [r10, #4]
 434:Middlewares/Third_Party/LibJPEG/source/jcdctmgr.c **** 					DCTSIZE2 * SIZEOF(FAST_FLOAT));
 1496              		.loc 1 434 7 view .LVU442
 1497 0640 1B68     		ldr	r3, [r3]
 1498 0642 4FF48072 		mov	r2, #256
 1499 0646 0121     		movs	r1, #1
 1500 0648 5046     		mov	r0, r10
 1501 064a 9847     		blx	r3
 1502              	.LVL145:
 433:Middlewares/Third_Party/LibJPEG/source/jcdctmgr.c **** 	    (*cinfo->mem->alloc_small) ((j_common_ptr) cinfo, JPOOL_IMAGE,
 1503              		.loc 1 433 33 view .LVU443
 1504 064c 04F12203 		add	r3, r4, #34
 1505 0650 029A     		ldr	r2, [sp, #8]
 1506 0652 02EB8303 		add	r3, r2, r3, lsl #2
 1507 0656 5860     		str	r0, [r3, #4]
 1508 0658 E5E7     		b	.L83
 1509              	.LVL146:
 1510              	.L85:
 441:Middlewares/Third_Party/LibJPEG/source/jcdctmgr.c **** 	      (1.0 / (((double) qtbl->quantval[i] *
 1511              		.loc 1 441 6 is_stmt 1 discriminator 3 view .LVU444
 442:Middlewares/Third_Party/LibJPEG/source/jcdctmgr.c **** 		       aanscalefactor[row] * aanscalefactor[col] * 8.0)));
 1512              		.loc 1 442 17 is_stmt 0 discriminator 3 view .LVU445
 1513 065a 37F81600 		ldrh	r0, [r7, r6, lsl #1]
 1514 065e FFF7FEFF 		bl	__aeabi_ui2d
 1515              	.LVL147:
 443:Middlewares/Third_Party/LibJPEG/source/jcdctmgr.c **** 	    i++;
 1516              		.loc 1 443 24 discriminator 3 view .LVU446
 1517 0662 184C     		ldr	r4, .L114
 1518 0664 04EBC803 		add	r3, r4, r8, lsl #3
 442:Middlewares/Third_Party/LibJPEG/source/jcdctmgr.c **** 		       aanscalefactor[row] * aanscalefactor[col] * 8.0)));
 1519              		.loc 1 442 44 discriminator 3 view .LVU447
 1520 0668 D3E90023 		ldrd	r2, [r3]
 1521 066c FFF7FEFF 		bl	__aeabi_dmul
 1522              	.LVL148:
 443:Middlewares/Third_Party/LibJPEG/source/jcdctmgr.c **** 	    i++;
 1523              		.loc 1 443 46 discriminator 3 view .LVU448
 1524 0670 04EBC504 		add	r4, r4, r5, lsl #3
 443:Middlewares/Third_Party/LibJPEG/source/jcdctmgr.c **** 	    i++;
 1525              		.loc 1 443 30 discriminator 3 view .LVU449
 1526 0674 D4E90023 		ldrd	r2, [r4]
 1527 0678 FFF7FEFF 		bl	__aeabi_dmul
 1528              	.LVL149:
 443:Middlewares/Third_Party/LibJPEG/source/jcdctmgr.c **** 	    i++;
 1529              		.loc 1 443 52 discriminator 3 view .LVU450
 1530 067c 0022     		movs	r2, #0
 1531 067e 124B     		ldr	r3, .L114+4
 1532 0680 FFF7FEFF 		bl	__aeabi_dmul
ARM GAS  /tmp/cc1h1B6M.s 			page 42


 1533              	.LVL150:
 1534 0684 0246     		mov	r2, r0
 1535 0686 0B46     		mov	r3, r1
 442:Middlewares/Third_Party/LibJPEG/source/jcdctmgr.c **** 		       aanscalefactor[row] * aanscalefactor[col] * 8.0)));
 1536              		.loc 1 442 13 discriminator 3 view .LVU451
 1537 0688 0020     		movs	r0, #0
 1538 068a 1049     		ldr	r1, .L114+8
 1539 068c FFF7FEFF 		bl	__aeabi_ddiv
 1540              	.LVL151:
 441:Middlewares/Third_Party/LibJPEG/source/jcdctmgr.c **** 	      (1.0 / (((double) qtbl->quantval[i] *
 1541              		.loc 1 441 11 discriminator 3 view .LVU452
 1542 0690 09EB8604 		add	r4, r9, r6, lsl #2
 441:Middlewares/Third_Party/LibJPEG/source/jcdctmgr.c **** 	      (1.0 / (((double) qtbl->quantval[i] *
 1543              		.loc 1 441 17 discriminator 3 view .LVU453
 1544 0694 FFF7FEFF 		bl	__aeabi_d2f
 1545              	.LVL152:
 441:Middlewares/Third_Party/LibJPEG/source/jcdctmgr.c **** 	      (1.0 / (((double) qtbl->quantval[i] *
 1546              		.loc 1 441 15 discriminator 3 view .LVU454
 1547 0698 2060     		str	r0, [r4]	@ float
 444:Middlewares/Third_Party/LibJPEG/source/jcdctmgr.c **** 	  }
 1548              		.loc 1 444 6 is_stmt 1 discriminator 3 view .LVU455
 444:Middlewares/Third_Party/LibJPEG/source/jcdctmgr.c **** 	  }
 1549              		.loc 1 444 7 is_stmt 0 discriminator 3 view .LVU456
 1550 069a 0136     		adds	r6, r6, #1
 1551              	.LVL153:
 440:Middlewares/Third_Party/LibJPEG/source/jcdctmgr.c **** 	    fdtbl[i] = (FAST_FLOAT)
 1552              		.loc 1 440 33 is_stmt 1 discriminator 3 view .LVU457
 440:Middlewares/Third_Party/LibJPEG/source/jcdctmgr.c **** 	    fdtbl[i] = (FAST_FLOAT)
 1553              		.loc 1 440 36 is_stmt 0 discriminator 3 view .LVU458
 1554 069c 0135     		adds	r5, r5, #1
 1555              	.LVL154:
 1556              	.L86:
 440:Middlewares/Third_Party/LibJPEG/source/jcdctmgr.c **** 	    fdtbl[i] = (FAST_FLOAT)
 1557              		.loc 1 440 18 is_stmt 1 discriminator 1 view .LVU459
 440:Middlewares/Third_Party/LibJPEG/source/jcdctmgr.c **** 	    fdtbl[i] = (FAST_FLOAT)
 1558              		.loc 1 440 4 is_stmt 0 discriminator 1 view .LVU460
 1559 069e 072D     		cmp	r5, #7
 1560 06a0 DBDD     		ble	.L85
 439:Middlewares/Third_Party/LibJPEG/source/jcdctmgr.c **** 	  for (col = 0; col < DCTSIZE; col++) {
 1561              		.loc 1 439 31 is_stmt 1 discriminator 2 view .LVU461
 439:Middlewares/Third_Party/LibJPEG/source/jcdctmgr.c **** 	  for (col = 0; col < DCTSIZE; col++) {
 1562              		.loc 1 439 34 is_stmt 0 discriminator 2 view .LVU462
 1563 06a2 08F10108 		add	r8, r8, #1
 1564              	.LVL155:
 1565              	.L84:
 439:Middlewares/Third_Party/LibJPEG/source/jcdctmgr.c **** 	  for (col = 0; col < DCTSIZE; col++) {
 1566              		.loc 1 439 16 is_stmt 1 discriminator 1 view .LVU463
 439:Middlewares/Third_Party/LibJPEG/source/jcdctmgr.c **** 	  for (col = 0; col < DCTSIZE; col++) {
 1567              		.loc 1 439 2 is_stmt 0 discriminator 1 view .LVU464
 1568 06a6 B8F1070F 		cmp	r8, #7
 1569 06aa 01DC     		bgt	.L109
 440:Middlewares/Third_Party/LibJPEG/source/jcdctmgr.c **** 	    fdtbl[i] = (FAST_FLOAT)
 1570              		.loc 1 440 13 view .LVU465
 1571 06ac 0025     		movs	r5, #0
 1572 06ae F6E7     		b	.L86
 1573              	.L109:
 1574              	.LBE7:
ARM GAS  /tmp/cc1h1B6M.s 			page 43


 448:Middlewares/Third_Party/LibJPEG/source/jcdctmgr.c ****       break;
 1575              		.loc 1 448 7 is_stmt 1 view .LVU466
 448:Middlewares/Third_Party/LibJPEG/source/jcdctmgr.c ****       break;
 1576              		.loc 1 448 33 is_stmt 0 view .LVU467
 1577 06b0 029B     		ldr	r3, [sp, #8]
 1578 06b2 019A     		ldr	r2, [sp, #4]
 1579 06b4 03EB8203 		add	r3, r3, r2, lsl #2
 1580 06b8 054A     		ldr	r2, .L114+12
 1581 06ba 5A60     		str	r2, [r3, #4]
 449:Middlewares/Third_Party/LibJPEG/source/jcdctmgr.c **** #endif
 1582              		.loc 1 449 7 is_stmt 1 view .LVU468
 1583 06bc 1BE7     		b	.L79
 1584              	.LVL156:
 1585              	.L104:
 454:Middlewares/Third_Party/LibJPEG/source/jcdctmgr.c ****     }
 455:Middlewares/Third_Party/LibJPEG/source/jcdctmgr.c ****   }
 456:Middlewares/Third_Party/LibJPEG/source/jcdctmgr.c **** }
 1586              		.loc 1 456 1 is_stmt 0 view .LVU469
 1587 06be 05B0     		add	sp, sp, #20
 1588              	.LCFI8:
 1589              		.cfi_def_cfa_offset 36
 1590              		@ sp needed
 1591 06c0 BDE8F08F 		pop	{r4, r5, r6, r7, r8, r9, r10, fp, pc}
 1592              	.LVL157:
 1593              	.L115:
 1594              		.loc 1 456 1 view .LVU470
 1595              		.align	2
 1596              	.L114:
 1597 06c4 00000000 		.word	.LANCHOR1
 1598 06c8 00002040 		.word	1075838976
 1599 06cc 0000F03F 		.word	1072693248
 1600 06d0 00000000 		.word	forward_DCT_float
 1601              		.cfi_endproc
 1602              	.LFE9:
 1604              		.section	.text.jinit_forward_dct,"ax",%progbits
 1605              		.align	1
 1606              		.global	jinit_forward_dct
 1607              		.syntax unified
 1608              		.thumb
 1609              		.thumb_func
 1610              		.fpu fpv4-sp-d16
 1612              	jinit_forward_dct:
 1613              	.LVL158:
 1614              	.LFB10:
 457:Middlewares/Third_Party/LibJPEG/source/jcdctmgr.c **** 
 458:Middlewares/Third_Party/LibJPEG/source/jcdctmgr.c **** 
 459:Middlewares/Third_Party/LibJPEG/source/jcdctmgr.c **** /*
 460:Middlewares/Third_Party/LibJPEG/source/jcdctmgr.c ****  * Initialize FDCT manager.
 461:Middlewares/Third_Party/LibJPEG/source/jcdctmgr.c ****  */
 462:Middlewares/Third_Party/LibJPEG/source/jcdctmgr.c **** 
 463:Middlewares/Third_Party/LibJPEG/source/jcdctmgr.c **** GLOBAL(void)
 464:Middlewares/Third_Party/LibJPEG/source/jcdctmgr.c **** jinit_forward_dct (j_compress_ptr cinfo)
 465:Middlewares/Third_Party/LibJPEG/source/jcdctmgr.c **** {
 1615              		.loc 1 465 1 is_stmt 1 view -0
 1616              		.cfi_startproc
 1617              		@ args = 0, pretend = 0, frame = 0
 1618              		@ frame_needed = 0, uses_anonymous_args = 0
ARM GAS  /tmp/cc1h1B6M.s 			page 44


 1619              		.loc 1 465 1 is_stmt 0 view .LVU472
 1620 0000 10B5     		push	{r4, lr}
 1621              	.LCFI9:
 1622              		.cfi_def_cfa_offset 8
 1623              		.cfi_offset 4, -8
 1624              		.cfi_offset 14, -4
 1625 0002 0446     		mov	r4, r0
 466:Middlewares/Third_Party/LibJPEG/source/jcdctmgr.c ****   my_fdct_ptr fdct;
 1626              		.loc 1 466 3 is_stmt 1 view .LVU473
 467:Middlewares/Third_Party/LibJPEG/source/jcdctmgr.c ****   int i;
 1627              		.loc 1 467 3 view .LVU474
 468:Middlewares/Third_Party/LibJPEG/source/jcdctmgr.c **** 
 469:Middlewares/Third_Party/LibJPEG/source/jcdctmgr.c ****   fdct = (my_fdct_ptr)
 1628              		.loc 1 469 3 view .LVU475
 470:Middlewares/Third_Party/LibJPEG/source/jcdctmgr.c ****     (*cinfo->mem->alloc_small) ((j_common_ptr) cinfo, JPOOL_IMAGE,
 1629              		.loc 1 470 12 is_stmt 0 view .LVU476
 1630 0004 4368     		ldr	r3, [r0, #4]
 1631              		.loc 1 470 6 view .LVU477
 1632 0006 1B68     		ldr	r3, [r3]
 1633 0008 9C22     		movs	r2, #156
 1634 000a 0121     		movs	r1, #1
 1635 000c 9847     		blx	r3
 1636              	.LVL159:
 471:Middlewares/Third_Party/LibJPEG/source/jcdctmgr.c **** 				SIZEOF(my_fdct_controller));
 472:Middlewares/Third_Party/LibJPEG/source/jcdctmgr.c ****   cinfo->fdct = (struct jpeg_forward_dct *) fdct;
 1637              		.loc 1 472 3 is_stmt 1 view .LVU478
 1638              		.loc 1 472 15 is_stmt 0 view .LVU479
 1639 000e C4F8A001 		str	r0, [r4, #416]
 473:Middlewares/Third_Party/LibJPEG/source/jcdctmgr.c ****   fdct->pub.start_pass = start_pass_fdctmgr;
 1640              		.loc 1 473 3 is_stmt 1 view .LVU480
 1641              		.loc 1 473 24 is_stmt 0 view .LVU481
 1642 0012 094B     		ldr	r3, .L120
 1643 0014 0360     		str	r3, [r0]
 474:Middlewares/Third_Party/LibJPEG/source/jcdctmgr.c **** 
 475:Middlewares/Third_Party/LibJPEG/source/jcdctmgr.c ****   /* Mark divisor tables unallocated */
 476:Middlewares/Third_Party/LibJPEG/source/jcdctmgr.c ****   for (i = 0; i < NUM_QUANT_TBLS; i++) {
 1644              		.loc 1 476 3 is_stmt 1 view .LVU482
 1645              	.LVL160:
 1646              		.loc 1 476 10 is_stmt 0 view .LVU483
 1647 0016 0023     		movs	r3, #0
 1648              		.loc 1 476 3 view .LVU484
 1649 0018 0BE0     		b	.L117
 1650              	.LVL161:
 1651              	.L118:
 477:Middlewares/Third_Party/LibJPEG/source/jcdctmgr.c ****     fdct->divisors[i] = NULL;
 1652              		.loc 1 477 5 is_stmt 1 discriminator 3 view .LVU485
 1653              		.loc 1 477 23 is_stmt 0 discriminator 3 view .LVU486
 1654 001a 03F11402 		add	r2, r3, #20
 1655 001e 00EB8202 		add	r2, r0, r2, lsl #2
 1656 0022 0021     		movs	r1, #0
 1657 0024 5160     		str	r1, [r2, #4]
 478:Middlewares/Third_Party/LibJPEG/source/jcdctmgr.c **** #ifdef DCT_FLOAT_SUPPORTED
 479:Middlewares/Third_Party/LibJPEG/source/jcdctmgr.c ****     fdct->float_divisors[i] = NULL;
 1658              		.loc 1 479 5 is_stmt 1 discriminator 3 view .LVU487
 1659              		.loc 1 479 29 is_stmt 0 discriminator 3 view .LVU488
 1660 0026 03F12202 		add	r2, r3, #34
 1661 002a 00EB8202 		add	r2, r0, r2, lsl #2
ARM GAS  /tmp/cc1h1B6M.s 			page 45


 1662 002e 5160     		str	r1, [r2, #4]
 476:Middlewares/Third_Party/LibJPEG/source/jcdctmgr.c ****     fdct->divisors[i] = NULL;
 1663              		.loc 1 476 35 is_stmt 1 discriminator 3 view .LVU489
 476:Middlewares/Third_Party/LibJPEG/source/jcdctmgr.c ****     fdct->divisors[i] = NULL;
 1664              		.loc 1 476 36 is_stmt 0 discriminator 3 view .LVU490
 1665 0030 0133     		adds	r3, r3, #1
 1666              	.LVL162:
 1667              	.L117:
 476:Middlewares/Third_Party/LibJPEG/source/jcdctmgr.c ****     fdct->divisors[i] = NULL;
 1668              		.loc 1 476 15 is_stmt 1 discriminator 1 view .LVU491
 476:Middlewares/Third_Party/LibJPEG/source/jcdctmgr.c ****     fdct->divisors[i] = NULL;
 1669              		.loc 1 476 3 is_stmt 0 discriminator 1 view .LVU492
 1670 0032 032B     		cmp	r3, #3
 1671 0034 F1DD     		ble	.L118
 480:Middlewares/Third_Party/LibJPEG/source/jcdctmgr.c **** #endif
 481:Middlewares/Third_Party/LibJPEG/source/jcdctmgr.c ****   }
 482:Middlewares/Third_Party/LibJPEG/source/jcdctmgr.c **** }
 1672              		.loc 1 482 1 view .LVU493
 1673 0036 10BD     		pop	{r4, pc}
 1674              	.LVL163:
 1675              	.L121:
 1676              		.loc 1 482 1 view .LVU494
 1677              		.align	2
 1678              	.L120:
 1679 0038 00000000 		.word	start_pass_fdctmgr
 1680              		.cfi_endproc
 1681              	.LFE10:
 1683              		.section	.rodata.aanscalefactor.0,"a"
 1684              		.align	3
 1685              		.set	.LANCHOR1,. + 0
 1688              	aanscalefactor.0:
 1689 0000 00000000 		.word	0
 1690 0004 0000F03F 		.word	1072693248
 1691 0008 EF6148B1 		.word	-1320656401
 1692 000c 5031F63F 		.word	1073099088
 1693 0010 CA6F4D91 		.word	-1857196086
 1694 0014 AEE7F43F 		.word	1073014702
 1695 0018 AA116CEF 		.word	-278130262
 1696 001c 62D0F23F 		.word	1072877666
 1697 0020 00000000 		.word	0
 1698 0024 0000F03F 		.word	1072693248
 1699 0028 3BBFA7C0 		.word	-1062748357
 1700 002c 6924E93F 		.word	1072243817
 1701 0030 BB20C77B 		.word	2076647611
 1702 0034 7A51E13F 		.word	1071731066
 1703 0038 5DAB72DE 		.word	-562910371
 1704 003c 55A8D13F 		.word	1070704725
 1705              		.section	.rodata.aanscales.1,"a"
 1706              		.align	2
 1707              		.set	.LANCHOR0,. + 0
 1710              	aanscales.1:
 1711 0000 0040     		.short	16384
 1712 0002 C558     		.short	22725
 1713 0004 9F53     		.short	21407
 1714 0006 424B     		.short	19266
 1715 0008 0040     		.short	16384
 1716 000a 4932     		.short	12873
ARM GAS  /tmp/cc1h1B6M.s 			page 46


 1717 000c A322     		.short	8867
 1718 000e A811     		.short	4520
 1719 0010 C558     		.short	22725
 1720 0012 217B     		.short	31521
 1721 0014 FC73     		.short	29692
 1722 0016 6268     		.short	26722
 1723 0018 C558     		.short	22725
 1724 001a BF45     		.short	17855
 1725 001c 0B30     		.short	12299
 1726 001e 7E18     		.short	6270
 1727 0020 9F53     		.short	21407
 1728 0022 FC73     		.short	29692
 1729 0024 416D     		.short	27969
 1730 0026 5462     		.short	25172
 1731 0028 9F53     		.short	21407
 1732 002a B341     		.short	16819
 1733 002c 412D     		.short	11585
 1734 002e 1217     		.short	5906
 1735 0030 424B     		.short	19266
 1736 0032 6268     		.short	26722
 1737 0034 5462     		.short	25172
 1738 0036 7E58     		.short	22654
 1739 0038 424B     		.short	19266
 1740 003a 213B     		.short	15137
 1741 003c BA28     		.short	10426
 1742 003e C314     		.short	5315
 1743 0040 0040     		.short	16384
 1744 0042 C558     		.short	22725
 1745 0044 9F53     		.short	21407
 1746 0046 424B     		.short	19266
 1747 0048 0040     		.short	16384
 1748 004a 4932     		.short	12873
 1749 004c A322     		.short	8867
 1750 004e A811     		.short	4520
 1751 0050 4932     		.short	12873
 1752 0052 BF45     		.short	17855
 1753 0054 B341     		.short	16819
 1754 0056 213B     		.short	15137
 1755 0058 4932     		.short	12873
 1756 005a 8227     		.short	10114
 1757 005c 371B     		.short	6967
 1758 005e E00D     		.short	3552
 1759 0060 A322     		.short	8867
 1760 0062 0B30     		.short	12299
 1761 0064 412D     		.short	11585
 1762 0066 BA28     		.short	10426
 1763 0068 A322     		.short	8867
 1764 006a 371B     		.short	6967
 1765 006c BF12     		.short	4799
 1766 006e 8E09     		.short	2446
 1767 0070 A811     		.short	4520
 1768 0072 7E18     		.short	6270
 1769 0074 1217     		.short	5906
 1770 0076 C314     		.short	5315
 1771 0078 A811     		.short	4520
 1772 007a E00D     		.short	3552
 1773 007c 8E09     		.short	2446
ARM GAS  /tmp/cc1h1B6M.s 			page 47


 1774 007e DF04     		.short	1247
 1775              		.text
 1776              	.Letext0:
 1777              		.file 2 "/usr/lib/gcc/arm-none-eabi/10.3.1/include/stddef.h"
 1778              		.file 3 "LIBJPEG/Target/jmorecfg.h"
 1779              		.file 4 "Middlewares/Third_Party/LibJPEG/include/jpeglib.h"
 1780              		.file 5 "Middlewares/Third_Party/LibJPEG/include/jpegint.h"
 1781              		.file 6 "Middlewares/Third_Party/LibJPEG/include/jerror.h"
 1782              		.file 7 "Middlewares/Third_Party/LibJPEG/include/jdct.h"
ARM GAS  /tmp/cc1h1B6M.s 			page 48


DEFINED SYMBOLS
                            *ABS*:0000000000000000 jcdctmgr.c
     /tmp/cc1h1B6M.s:18     .text.forward_DCT:0000000000000000 $t
     /tmp/cc1h1B6M.s:25     .text.forward_DCT:0000000000000000 forward_DCT
     /tmp/cc1h1B6M.s:216    .text.forward_DCT_float:0000000000000000 $t
     /tmp/cc1h1B6M.s:222    .text.forward_DCT_float:0000000000000000 forward_DCT_float
     /tmp/cc1h1B6M.s:371    .text.forward_DCT_float:000000000000008c $d
     /tmp/cc1h1B6M.s:380    .text.start_pass_fdctmgr:0000000000000000 $t
     /tmp/cc1h1B6M.s:386    .text.start_pass_fdctmgr:0000000000000000 start_pass_fdctmgr
     /tmp/cc1h1B6M.s:908    .text.start_pass_fdctmgr:00000000000002e0 $d
     /tmp/cc1h1B6M.s:930    .text.start_pass_fdctmgr:0000000000000328 $t
     /tmp/cc1h1B6M.s:1443   .text.start_pass_fdctmgr:00000000000005d0 $d
     /tmp/cc1h1B6M.s:1469   .text.start_pass_fdctmgr:0000000000000618 $t
     /tmp/cc1h1B6M.s:1597   .text.start_pass_fdctmgr:00000000000006c4 $d
     /tmp/cc1h1B6M.s:1605   .text.jinit_forward_dct:0000000000000000 $t
     /tmp/cc1h1B6M.s:1612   .text.jinit_forward_dct:0000000000000000 jinit_forward_dct
     /tmp/cc1h1B6M.s:1679   .text.jinit_forward_dct:0000000000000038 $d
     /tmp/cc1h1B6M.s:1684   .rodata.aanscalefactor.0:0000000000000000 $d
     /tmp/cc1h1B6M.s:1688   .rodata.aanscalefactor.0:0000000000000000 aanscalefactor.0
     /tmp/cc1h1B6M.s:1706   .rodata.aanscales.1:0000000000000000 $d
     /tmp/cc1h1B6M.s:1710   .rodata.aanscales.1:0000000000000000 aanscales.1

UNDEFINED SYMBOLS
__aeabi_ui2d
__aeabi_dmul
__aeabi_ddiv
__aeabi_d2f
jpeg_fdct_2x2
jpeg_fdct_1x2
jpeg_fdct_3x3
jpeg_fdct_7x7
jpeg_fdct_5x10
jpeg_fdct_4x8
jpeg_fdct_6x6
jpeg_fdct_16x16
jpeg_fdct_11x11
jpeg_fdct_8x16
jpeg_fdct_8x4
jpeg_fdct_10x5
jpeg_fdct_14x7
jpeg_fdct_12x12
jpeg_fdct_15x15
jpeg_fdct_1x1
jpeg_fdct_4x4
jpeg_fdct_5x5
jpeg_fdct_9x9
jpeg_fdct_10x10
jpeg_fdct_13x13
jpeg_fdct_14x14
jpeg_fdct_16x8
jpeg_fdct_12x6
jpeg_fdct_6x3
jpeg_fdct_2x1
jpeg_fdct_7x14
jpeg_fdct_6x12
jpeg_fdct_3x6
jpeg_fdct_2x4
ARM GAS  /tmp/cc1h1B6M.s 			page 49


jpeg_fdct_islow
jpeg_fdct_ifast
jpeg_fdct_float
jpeg_fdct_4x2
