ARM GAS  /tmp/ccRJf3no.s 			page 1


   1              		.cpu cortex-m4
   2              		.eabi_attribute 27, 1
   3              		.eabi_attribute 28, 1
   4              		.eabi_attribute 20, 1
   5              		.eabi_attribute 21, 1
   6              		.eabi_attribute 23, 3
   7              		.eabi_attribute 24, 1
   8              		.eabi_attribute 25, 1
   9              		.eabi_attribute 26, 1
  10              		.eabi_attribute 30, 1
  11              		.eabi_attribute 34, 1
  12              		.eabi_attribute 18, 4
  13              		.file	"jdarith.c"
  14              		.text
  15              	.Ltext0:
  16              		.cfi_sections	.debug_frame
  17              		.section	.text.get_byte,"ax",%progbits
  18              		.align	1
  19              		.arch armv7e-m
  20              		.syntax unified
  21              		.thumb
  22              		.thumb_func
  23              		.fpu fpv4-sp-d16
  25              	get_byte:
  26              	.LVL0:
  27              	.LFB7:
  28              		.file 1 "Middlewares/Third_Party/LibJPEG/source/jdarith.c"
   1:Middlewares/Third_Party/LibJPEG/source/jdarith.c **** /*
   2:Middlewares/Third_Party/LibJPEG/source/jdarith.c ****  * jdarith.c
   3:Middlewares/Third_Party/LibJPEG/source/jdarith.c ****  *
   4:Middlewares/Third_Party/LibJPEG/source/jdarith.c ****  * Developed 1997-2011 by Guido Vollbeding.
   5:Middlewares/Third_Party/LibJPEG/source/jdarith.c ****  * This file is part of the Independent JPEG Group's software.
   6:Middlewares/Third_Party/LibJPEG/source/jdarith.c ****  * For conditions of distribution and use, see the accompanying README file.
   7:Middlewares/Third_Party/LibJPEG/source/jdarith.c ****  *
   8:Middlewares/Third_Party/LibJPEG/source/jdarith.c ****  * This file contains portable arithmetic entropy decoding routines for JPEG
   9:Middlewares/Third_Party/LibJPEG/source/jdarith.c ****  * (implementing the ISO/IEC IS 10918-1 and CCITT Recommendation ITU-T T.81).
  10:Middlewares/Third_Party/LibJPEG/source/jdarith.c ****  *
  11:Middlewares/Third_Party/LibJPEG/source/jdarith.c ****  * Both sequential and progressive modes are supported in this single module.
  12:Middlewares/Third_Party/LibJPEG/source/jdarith.c ****  *
  13:Middlewares/Third_Party/LibJPEG/source/jdarith.c ****  * Suspension is not currently supported in this module.
  14:Middlewares/Third_Party/LibJPEG/source/jdarith.c ****  */
  15:Middlewares/Third_Party/LibJPEG/source/jdarith.c **** 
  16:Middlewares/Third_Party/LibJPEG/source/jdarith.c **** #define JPEG_INTERNALS
  17:Middlewares/Third_Party/LibJPEG/source/jdarith.c **** #include "jinclude.h"
  18:Middlewares/Third_Party/LibJPEG/source/jdarith.c **** #include "jpeglib.h"
  19:Middlewares/Third_Party/LibJPEG/source/jdarith.c **** 
  20:Middlewares/Third_Party/LibJPEG/source/jdarith.c **** 
  21:Middlewares/Third_Party/LibJPEG/source/jdarith.c **** /* Expanded entropy decoder object for arithmetic decoding. */
  22:Middlewares/Third_Party/LibJPEG/source/jdarith.c **** 
  23:Middlewares/Third_Party/LibJPEG/source/jdarith.c **** typedef struct {
  24:Middlewares/Third_Party/LibJPEG/source/jdarith.c ****   struct jpeg_entropy_decoder pub; /* public fields */
  25:Middlewares/Third_Party/LibJPEG/source/jdarith.c **** 
  26:Middlewares/Third_Party/LibJPEG/source/jdarith.c ****   INT32 c;       /* C register, base of coding interval + input bit buffer */
  27:Middlewares/Third_Party/LibJPEG/source/jdarith.c ****   INT32 a;               /* A register, normalized size of coding interval */
  28:Middlewares/Third_Party/LibJPEG/source/jdarith.c ****   int ct;     /* bit shift counter, # of bits left in bit buffer part of C */
  29:Middlewares/Third_Party/LibJPEG/source/jdarith.c ****                                                          /* init: ct = -16 */
  30:Middlewares/Third_Party/LibJPEG/source/jdarith.c ****                                                          /* run: ct = 0..7 */
ARM GAS  /tmp/ccRJf3no.s 			page 2


  31:Middlewares/Third_Party/LibJPEG/source/jdarith.c ****                                                          /* error: ct = -1 */
  32:Middlewares/Third_Party/LibJPEG/source/jdarith.c ****   int last_dc_val[MAX_COMPS_IN_SCAN]; /* last DC coef for each component */
  33:Middlewares/Third_Party/LibJPEG/source/jdarith.c ****   int dc_context[MAX_COMPS_IN_SCAN]; /* context index for DC conditioning */
  34:Middlewares/Third_Party/LibJPEG/source/jdarith.c **** 
  35:Middlewares/Third_Party/LibJPEG/source/jdarith.c ****   unsigned int restarts_to_go;	/* MCUs left in this restart interval */
  36:Middlewares/Third_Party/LibJPEG/source/jdarith.c **** 
  37:Middlewares/Third_Party/LibJPEG/source/jdarith.c ****   /* Pointers to statistics areas (these workspaces have image lifespan) */
  38:Middlewares/Third_Party/LibJPEG/source/jdarith.c ****   unsigned char * dc_stats[NUM_ARITH_TBLS];
  39:Middlewares/Third_Party/LibJPEG/source/jdarith.c ****   unsigned char * ac_stats[NUM_ARITH_TBLS];
  40:Middlewares/Third_Party/LibJPEG/source/jdarith.c **** 
  41:Middlewares/Third_Party/LibJPEG/source/jdarith.c ****   /* Statistics bin for coding with fixed probability 0.5 */
  42:Middlewares/Third_Party/LibJPEG/source/jdarith.c ****   unsigned char fixed_bin[4];
  43:Middlewares/Third_Party/LibJPEG/source/jdarith.c **** } arith_entropy_decoder;
  44:Middlewares/Third_Party/LibJPEG/source/jdarith.c **** 
  45:Middlewares/Third_Party/LibJPEG/source/jdarith.c **** typedef arith_entropy_decoder * arith_entropy_ptr;
  46:Middlewares/Third_Party/LibJPEG/source/jdarith.c **** 
  47:Middlewares/Third_Party/LibJPEG/source/jdarith.c **** /* The following two definitions specify the allocation chunk size
  48:Middlewares/Third_Party/LibJPEG/source/jdarith.c ****  * for the statistics area.
  49:Middlewares/Third_Party/LibJPEG/source/jdarith.c ****  * According to sections F.1.4.4.1.3 and F.1.4.4.2, we need at least
  50:Middlewares/Third_Party/LibJPEG/source/jdarith.c ****  * 49 statistics bins for DC, and 245 statistics bins for AC coding.
  51:Middlewares/Third_Party/LibJPEG/source/jdarith.c ****  *
  52:Middlewares/Third_Party/LibJPEG/source/jdarith.c ****  * We use a compact representation with 1 byte per statistics bin,
  53:Middlewares/Third_Party/LibJPEG/source/jdarith.c ****  * thus the numbers directly represent byte sizes.
  54:Middlewares/Third_Party/LibJPEG/source/jdarith.c ****  * This 1 byte per statistics bin contains the meaning of the MPS
  55:Middlewares/Third_Party/LibJPEG/source/jdarith.c ****  * (more probable symbol) in the highest bit (mask 0x80), and the
  56:Middlewares/Third_Party/LibJPEG/source/jdarith.c ****  * index into the probability estimation state machine table
  57:Middlewares/Third_Party/LibJPEG/source/jdarith.c ****  * in the lower bits (mask 0x7F).
  58:Middlewares/Third_Party/LibJPEG/source/jdarith.c ****  */
  59:Middlewares/Third_Party/LibJPEG/source/jdarith.c **** 
  60:Middlewares/Third_Party/LibJPEG/source/jdarith.c **** #define DC_STAT_BINS 64
  61:Middlewares/Third_Party/LibJPEG/source/jdarith.c **** #define AC_STAT_BINS 256
  62:Middlewares/Third_Party/LibJPEG/source/jdarith.c **** 
  63:Middlewares/Third_Party/LibJPEG/source/jdarith.c **** 
  64:Middlewares/Third_Party/LibJPEG/source/jdarith.c **** LOCAL(int)
  65:Middlewares/Third_Party/LibJPEG/source/jdarith.c **** get_byte (j_decompress_ptr cinfo)
  66:Middlewares/Third_Party/LibJPEG/source/jdarith.c **** /* Read next input byte; we do not support suspension in this module. */
  67:Middlewares/Third_Party/LibJPEG/source/jdarith.c **** {
  29              		.loc 1 67 1 view -0
  30              		.cfi_startproc
  31              		@ args = 0, pretend = 0, frame = 0
  32              		@ frame_needed = 0, uses_anonymous_args = 0
  33              		.loc 1 67 1 is_stmt 0 view .LVU1
  34 0000 38B5     		push	{r3, r4, r5, lr}
  35              	.LCFI0:
  36              		.cfi_def_cfa_offset 16
  37              		.cfi_offset 3, -16
  38              		.cfi_offset 4, -12
  39              		.cfi_offset 5, -8
  40              		.cfi_offset 14, -4
  68:Middlewares/Third_Party/LibJPEG/source/jdarith.c ****   struct jpeg_source_mgr * src = cinfo->src;
  41              		.loc 1 68 3 is_stmt 1 view .LVU2
  42              		.loc 1 68 28 is_stmt 0 view .LVU3
  43 0002 8469     		ldr	r4, [r0, #24]
  44              	.LVL1:
  69:Middlewares/Third_Party/LibJPEG/source/jdarith.c **** 
  70:Middlewares/Third_Party/LibJPEG/source/jdarith.c ****   if (src->bytes_in_buffer == 0)
  45              		.loc 1 70 3 is_stmt 1 view .LVU4
ARM GAS  /tmp/ccRJf3no.s 			page 3


  46              		.loc 1 70 10 is_stmt 0 view .LVU5
  47 0004 6368     		ldr	r3, [r4, #4]
  48              		.loc 1 70 6 view .LVU6
  49 0006 53B9     		cbnz	r3, .L2
  50 0008 0546     		mov	r5, r0
  71:Middlewares/Third_Party/LibJPEG/source/jdarith.c ****     if (! (*src->fill_input_buffer) (cinfo))
  51              		.loc 1 71 5 is_stmt 1 view .LVU7
  52              		.loc 1 71 12 is_stmt 0 view .LVU8
  53 000a E368     		ldr	r3, [r4, #12]
  54 000c 9847     		blx	r3
  55              	.LVL2:
  56              		.loc 1 71 8 view .LVU9
  57 000e 30B9     		cbnz	r0, .L2
  72:Middlewares/Third_Party/LibJPEG/source/jdarith.c ****       ERREXIT(cinfo, JERR_CANT_SUSPEND);
  58              		.loc 1 72 7 is_stmt 1 view .LVU10
  59 0010 2B68     		ldr	r3, [r5]
  60 0012 1922     		movs	r2, #25
  61 0014 5A61     		str	r2, [r3, #20]
  62 0016 2B68     		ldr	r3, [r5]
  63 0018 1B68     		ldr	r3, [r3]
  64 001a 2846     		mov	r0, r5
  65 001c 9847     		blx	r3
  66              	.LVL3:
  67              	.L2:
  73:Middlewares/Third_Party/LibJPEG/source/jdarith.c ****   src->bytes_in_buffer--;
  68              		.loc 1 73 3 view .LVU11
  69              		.loc 1 73 6 is_stmt 0 view .LVU12
  70 001e 6368     		ldr	r3, [r4, #4]
  71              		.loc 1 73 23 view .LVU13
  72 0020 013B     		subs	r3, r3, #1
  73 0022 6360     		str	r3, [r4, #4]
  74:Middlewares/Third_Party/LibJPEG/source/jdarith.c ****   return GETJOCTET(*src->next_input_byte++);
  74              		.loc 1 74 3 is_stmt 1 view .LVU14
  75              		.loc 1 74 10 is_stmt 0 view .LVU15
  76 0024 2368     		ldr	r3, [r4]
  77 0026 5A1C     		adds	r2, r3, #1
  78 0028 2260     		str	r2, [r4]
  75:Middlewares/Third_Party/LibJPEG/source/jdarith.c **** }
  79              		.loc 1 75 1 view .LVU16
  80 002a 1878     		ldrb	r0, [r3]	@ zero_extendqisi2
  81 002c 38BD     		pop	{r3, r4, r5, pc}
  82              		.loc 1 75 1 view .LVU17
  83              		.cfi_endproc
  84              	.LFE7:
  86              		.section	.text.arith_decode,"ax",%progbits
  87              		.align	1
  88              		.syntax unified
  89              		.thumb
  90              		.thumb_func
  91              		.fpu fpv4-sp-d16
  93              	arith_decode:
  94              	.LVL4:
  95              	.LFB8:
  76:Middlewares/Third_Party/LibJPEG/source/jdarith.c **** 
  77:Middlewares/Third_Party/LibJPEG/source/jdarith.c **** 
  78:Middlewares/Third_Party/LibJPEG/source/jdarith.c **** /*
  79:Middlewares/Third_Party/LibJPEG/source/jdarith.c ****  * The core arithmetic decoding routine (common in JPEG and JBIG).
ARM GAS  /tmp/ccRJf3no.s 			page 4


  80:Middlewares/Third_Party/LibJPEG/source/jdarith.c ****  * This needs to go as fast as possible.
  81:Middlewares/Third_Party/LibJPEG/source/jdarith.c ****  * Machine-dependent optimization facilities
  82:Middlewares/Third_Party/LibJPEG/source/jdarith.c ****  * are not utilized in this portable implementation.
  83:Middlewares/Third_Party/LibJPEG/source/jdarith.c ****  * However, this code should be fairly efficient and
  84:Middlewares/Third_Party/LibJPEG/source/jdarith.c ****  * may be a good base for further optimizations anyway.
  85:Middlewares/Third_Party/LibJPEG/source/jdarith.c ****  *
  86:Middlewares/Third_Party/LibJPEG/source/jdarith.c ****  * Return value is 0 or 1 (binary decision).
  87:Middlewares/Third_Party/LibJPEG/source/jdarith.c ****  *
  88:Middlewares/Third_Party/LibJPEG/source/jdarith.c ****  * Note: I've changed the handling of the code base & bit
  89:Middlewares/Third_Party/LibJPEG/source/jdarith.c ****  * buffer register C compared to other implementations
  90:Middlewares/Third_Party/LibJPEG/source/jdarith.c ****  * based on the standards layout & procedures.
  91:Middlewares/Third_Party/LibJPEG/source/jdarith.c ****  * While it also contains both the actual base of the
  92:Middlewares/Third_Party/LibJPEG/source/jdarith.c ****  * coding interval (16 bits) and the next-bits buffer,
  93:Middlewares/Third_Party/LibJPEG/source/jdarith.c ****  * the cut-point between these two parts is floating
  94:Middlewares/Third_Party/LibJPEG/source/jdarith.c ****  * (instead of fixed) with the bit shift counter CT.
  95:Middlewares/Third_Party/LibJPEG/source/jdarith.c ****  * Thus, we also need only one (variable instead of
  96:Middlewares/Third_Party/LibJPEG/source/jdarith.c ****  * fixed size) shift for the LPS/MPS decision, and
  97:Middlewares/Third_Party/LibJPEG/source/jdarith.c ****  * we can get away with any renormalization update
  98:Middlewares/Third_Party/LibJPEG/source/jdarith.c ****  * of C (except for new data insertion, of course).
  99:Middlewares/Third_Party/LibJPEG/source/jdarith.c ****  *
 100:Middlewares/Third_Party/LibJPEG/source/jdarith.c ****  * I've also introduced a new scheme for accessing
 101:Middlewares/Third_Party/LibJPEG/source/jdarith.c ****  * the probability estimation state machine table,
 102:Middlewares/Third_Party/LibJPEG/source/jdarith.c ****  * derived from Markus Kuhn's JBIG implementation.
 103:Middlewares/Third_Party/LibJPEG/source/jdarith.c ****  */
 104:Middlewares/Third_Party/LibJPEG/source/jdarith.c **** 
 105:Middlewares/Third_Party/LibJPEG/source/jdarith.c **** LOCAL(int)
 106:Middlewares/Third_Party/LibJPEG/source/jdarith.c **** arith_decode (j_decompress_ptr cinfo, unsigned char *st)
 107:Middlewares/Third_Party/LibJPEG/source/jdarith.c **** {
  96              		.loc 1 107 1 is_stmt 1 view -0
  97              		.cfi_startproc
  98              		@ args = 0, pretend = 0, frame = 0
  99              		@ frame_needed = 0, uses_anonymous_args = 0
 100              		.loc 1 107 1 is_stmt 0 view .LVU19
 101 0000 2DE9F041 		push	{r4, r5, r6, r7, r8, lr}
 102              	.LCFI1:
 103              		.cfi_def_cfa_offset 24
 104              		.cfi_offset 4, -24
 105              		.cfi_offset 5, -20
 106              		.cfi_offset 6, -16
 107              		.cfi_offset 7, -12
 108              		.cfi_offset 8, -8
 109              		.cfi_offset 14, -4
 110 0004 0646     		mov	r6, r0
 111 0006 0D46     		mov	r5, r1
 108:Middlewares/Third_Party/LibJPEG/source/jdarith.c ****   register arith_entropy_ptr e = (arith_entropy_ptr) cinfo->entropy;
 112              		.loc 1 108 3 is_stmt 1 view .LVU20
 113              		.loc 1 108 30 is_stmt 0 view .LVU21
 114 0008 D0F8D041 		ldr	r4, [r0, #464]
 115              	.LVL5:
 109:Middlewares/Third_Party/LibJPEG/source/jdarith.c ****   register unsigned char nl, nm;
 116              		.loc 1 109 3 is_stmt 1 view .LVU22
 110:Middlewares/Third_Party/LibJPEG/source/jdarith.c ****   register INT32 qe, temp;
 117              		.loc 1 110 3 view .LVU23
 111:Middlewares/Third_Party/LibJPEG/source/jdarith.c ****   register int sv, data;
 118              		.loc 1 111 3 view .LVU24
 112:Middlewares/Third_Party/LibJPEG/source/jdarith.c **** 
 113:Middlewares/Third_Party/LibJPEG/source/jdarith.c ****   /* Renormalization & data input per section D.2.6 */
ARM GAS  /tmp/ccRJf3no.s 			page 5


 114:Middlewares/Third_Party/LibJPEG/source/jdarith.c ****   while (e->a < 0x8000L) {
 119              		.loc 1 114 3 view .LVU25
 120              		.loc 1 114 9 is_stmt 0 view .LVU26
 121 000c 12E0     		b	.L5
 122              	.LVL6:
 123              	.L17:
 115:Middlewares/Third_Party/LibJPEG/source/jdarith.c ****     if (--e->ct < 0) {
 116:Middlewares/Third_Party/LibJPEG/source/jdarith.c ****       /* Need to fetch next data byte */
 117:Middlewares/Third_Party/LibJPEG/source/jdarith.c ****       if (cinfo->unread_marker)
 118:Middlewares/Third_Party/LibJPEG/source/jdarith.c **** 	data = 0;		/* stuff zero data */
 119:Middlewares/Third_Party/LibJPEG/source/jdarith.c ****       else {
 120:Middlewares/Third_Party/LibJPEG/source/jdarith.c **** 	data = get_byte(cinfo);	/* read next input byte */
 124              		.loc 1 120 2 is_stmt 1 view .LVU27
 125              		.loc 1 120 9 is_stmt 0 view .LVU28
 126 000e 3046     		mov	r0, r6
 127 0010 FFF7FEFF 		bl	get_byte
 128              	.LVL7:
 129 0014 0746     		mov	r7, r0
 130              	.LVL8:
 121:Middlewares/Third_Party/LibJPEG/source/jdarith.c **** 	if (data == 0xFF) {	/* zero stuff or marker code */
 131              		.loc 1 121 2 is_stmt 1 view .LVU29
 132              		.loc 1 121 5 is_stmt 0 view .LVU30
 133 0016 FF28     		cmp	r0, #255
 134 0018 1BD1     		bne	.L7
 135              	.L8:
 122:Middlewares/Third_Party/LibJPEG/source/jdarith.c **** 	  do data = get_byte(cinfo);
 136              		.loc 1 122 4 is_stmt 1 discriminator 1 view .LVU31
 137              		.loc 1 122 7 discriminator 1 view .LVU32
 138              		.loc 1 122 14 is_stmt 0 discriminator 1 view .LVU33
 139 001a 3046     		mov	r0, r6
 140              	.LVL9:
 141              		.loc 1 122 14 discriminator 1 view .LVU34
 142 001c FFF7FEFF 		bl	get_byte
 143              	.LVL10:
 123:Middlewares/Third_Party/LibJPEG/source/jdarith.c **** 	  while (data == 0xFF);	/* swallow extra 0xFF bytes */
 144              		.loc 1 123 10 is_stmt 1 discriminator 1 view .LVU35
 145              		.loc 1 123 4 is_stmt 0 discriminator 1 view .LVU36
 146 0020 FF28     		cmp	r0, #255
 147 0022 FAD0     		beq	.L8
 124:Middlewares/Third_Party/LibJPEG/source/jdarith.c **** 	  if (data == 0)
 148              		.loc 1 124 4 is_stmt 1 view .LVU37
 149              		.loc 1 124 7 is_stmt 0 view .LVU38
 150 0024 A8B1     		cbz	r0, .L7
 125:Middlewares/Third_Party/LibJPEG/source/jdarith.c **** 	    data = 0xFF;	/* discard stuffed zero byte */
 126:Middlewares/Third_Party/LibJPEG/source/jdarith.c **** 	  else {
 127:Middlewares/Third_Party/LibJPEG/source/jdarith.c **** 	    /* Note: Different from the Huffman decoder, hitting
 128:Middlewares/Third_Party/LibJPEG/source/jdarith.c **** 	     * a marker while processing the compressed data
 129:Middlewares/Third_Party/LibJPEG/source/jdarith.c **** 	     * segment is legal in arithmetic coding.
 130:Middlewares/Third_Party/LibJPEG/source/jdarith.c **** 	     * The convention is to supply zero data
 131:Middlewares/Third_Party/LibJPEG/source/jdarith.c **** 	     * then until decoding is complete.
 132:Middlewares/Third_Party/LibJPEG/source/jdarith.c **** 	     */
 133:Middlewares/Third_Party/LibJPEG/source/jdarith.c **** 	    cinfo->unread_marker = data;
 151              		.loc 1 133 6 is_stmt 1 view .LVU39
 152              		.loc 1 133 27 is_stmt 0 view .LVU40
 153 0026 C6F8B401 		str	r0, [r6, #436]
 134:Middlewares/Third_Party/LibJPEG/source/jdarith.c **** 	    data = 0;
 154              		.loc 1 134 6 is_stmt 1 view .LVU41
ARM GAS  /tmp/ccRJf3no.s 			page 6


 155              	.LVL11:
 156              		.loc 1 134 11 is_stmt 0 view .LVU42
 157 002a 4746     		mov	r7, r8
 158 002c 11E0     		b	.L7
 159              	.LVL12:
 160              	.L6:
 135:Middlewares/Third_Party/LibJPEG/source/jdarith.c **** 	  }
 136:Middlewares/Third_Party/LibJPEG/source/jdarith.c **** 	}
 137:Middlewares/Third_Party/LibJPEG/source/jdarith.c ****       }
 138:Middlewares/Third_Party/LibJPEG/source/jdarith.c ****       e->c = (e->c << 8) | data; /* insert data into C register */
 139:Middlewares/Third_Party/LibJPEG/source/jdarith.c ****       if ((e->ct += 8) < 0)	 /* update bit shift counter */
 140:Middlewares/Third_Party/LibJPEG/source/jdarith.c **** 	/* Need more initial bytes */
 141:Middlewares/Third_Party/LibJPEG/source/jdarith.c **** 	if (++e->ct == 0)
 142:Middlewares/Third_Party/LibJPEG/source/jdarith.c **** 	  /* Got 2 initial bytes -> re-init A and exit loop */
 143:Middlewares/Third_Party/LibJPEG/source/jdarith.c **** 	  e->a = 0x8000L; /* => e->a = 0x10000L after loop exit */
 144:Middlewares/Third_Party/LibJPEG/source/jdarith.c ****     }
 145:Middlewares/Third_Party/LibJPEG/source/jdarith.c ****     e->a <<= 1;
 161              		.loc 1 145 5 is_stmt 1 view .LVU43
 162              		.loc 1 145 10 is_stmt 0 view .LVU44
 163 002e E368     		ldr	r3, [r4, #12]
 164 0030 5B00     		lsls	r3, r3, #1
 165 0032 E360     		str	r3, [r4, #12]
 166              	.L5:
 114:Middlewares/Third_Party/LibJPEG/source/jdarith.c ****     if (--e->ct < 0) {
 167              		.loc 1 114 9 is_stmt 1 view .LVU45
 114:Middlewares/Third_Party/LibJPEG/source/jdarith.c ****     if (--e->ct < 0) {
 168              		.loc 1 114 11 is_stmt 0 view .LVU46
 169 0034 E368     		ldr	r3, [r4, #12]
 114:Middlewares/Third_Party/LibJPEG/source/jdarith.c ****     if (--e->ct < 0) {
 170              		.loc 1 114 9 view .LVU47
 171 0036 B3F5004F 		cmp	r3, #32768
 172 003a 1BDA     		bge	.L16
 115:Middlewares/Third_Party/LibJPEG/source/jdarith.c ****       /* Need to fetch next data byte */
 173              		.loc 1 115 5 is_stmt 1 view .LVU48
 115:Middlewares/Third_Party/LibJPEG/source/jdarith.c ****       /* Need to fetch next data byte */
 174              		.loc 1 115 12 is_stmt 0 view .LVU49
 175 003c 2369     		ldr	r3, [r4, #16]
 115:Middlewares/Third_Party/LibJPEG/source/jdarith.c ****       /* Need to fetch next data byte */
 176              		.loc 1 115 9 view .LVU50
 177 003e 013B     		subs	r3, r3, #1
 115:Middlewares/Third_Party/LibJPEG/source/jdarith.c ****       /* Need to fetch next data byte */
 178              		.loc 1 115 8 view .LVU51
 179 0040 2361     		str	r3, [r4, #16]
 180 0042 002B     		cmp	r3, #0
 181 0044 F3DA     		bge	.L6
 117:Middlewares/Third_Party/LibJPEG/source/jdarith.c **** 	data = 0;		/* stuff zero data */
 182              		.loc 1 117 7 is_stmt 1 view .LVU52
 117:Middlewares/Third_Party/LibJPEG/source/jdarith.c **** 	data = 0;		/* stuff zero data */
 183              		.loc 1 117 16 is_stmt 0 view .LVU53
 184 0046 D6F8B481 		ldr	r8, [r6, #436]
 117:Middlewares/Third_Party/LibJPEG/source/jdarith.c **** 	data = 0;		/* stuff zero data */
 185              		.loc 1 117 10 view .LVU54
 186 004a B8F1000F 		cmp	r8, #0
 187 004e DED0     		beq	.L17
 118:Middlewares/Third_Party/LibJPEG/source/jdarith.c ****       else {
 188              		.loc 1 118 7 view .LVU55
 189 0050 0027     		movs	r7, #0
ARM GAS  /tmp/ccRJf3no.s 			page 7


 190              	.L7:
 191              	.LVL13:
 138:Middlewares/Third_Party/LibJPEG/source/jdarith.c ****       if ((e->ct += 8) < 0)	 /* update bit shift counter */
 192              		.loc 1 138 7 is_stmt 1 view .LVU56
 138:Middlewares/Third_Party/LibJPEG/source/jdarith.c ****       if ((e->ct += 8) < 0)	 /* update bit shift counter */
 193              		.loc 1 138 16 is_stmt 0 view .LVU57
 194 0052 A068     		ldr	r0, [r4, #8]
 138:Middlewares/Third_Party/LibJPEG/source/jdarith.c ****       if ((e->ct += 8) < 0)	 /* update bit shift counter */
 195              		.loc 1 138 26 view .LVU58
 196 0054 47EA0027 		orr	r7, r7, r0, lsl #8
 197              	.LVL14:
 138:Middlewares/Third_Party/LibJPEG/source/jdarith.c ****       if ((e->ct += 8) < 0)	 /* update bit shift counter */
 198              		.loc 1 138 12 view .LVU59
 199 0058 A760     		str	r7, [r4, #8]
 139:Middlewares/Third_Party/LibJPEG/source/jdarith.c **** 	/* Need more initial bytes */
 200              		.loc 1 139 7 is_stmt 1 view .LVU60
 139:Middlewares/Third_Party/LibJPEG/source/jdarith.c **** 	/* Need more initial bytes */
 201              		.loc 1 139 18 is_stmt 0 view .LVU61
 202 005a 2369     		ldr	r3, [r4, #16]
 203 005c 0833     		adds	r3, r3, #8
 204 005e 2361     		str	r3, [r4, #16]
 139:Middlewares/Third_Party/LibJPEG/source/jdarith.c **** 	/* Need more initial bytes */
 205              		.loc 1 139 10 view .LVU62
 206 0060 002B     		cmp	r3, #0
 207 0062 E4DA     		bge	.L6
 141:Middlewares/Third_Party/LibJPEG/source/jdarith.c **** 	  /* Got 2 initial bytes -> re-init A and exit loop */
 208              		.loc 1 141 2 is_stmt 1 view .LVU63
 141:Middlewares/Third_Party/LibJPEG/source/jdarith.c **** 	  /* Got 2 initial bytes -> re-init A and exit loop */
 209              		.loc 1 141 6 is_stmt 0 view .LVU64
 210 0064 0133     		adds	r3, r3, #1
 141:Middlewares/Third_Party/LibJPEG/source/jdarith.c **** 	  /* Got 2 initial bytes -> re-init A and exit loop */
 211              		.loc 1 141 5 view .LVU65
 212 0066 2361     		str	r3, [r4, #16]
 213 0068 002B     		cmp	r3, #0
 214 006a E0D1     		bne	.L6
 143:Middlewares/Third_Party/LibJPEG/source/jdarith.c ****     }
 215              		.loc 1 143 4 is_stmt 1 view .LVU66
 143:Middlewares/Third_Party/LibJPEG/source/jdarith.c ****     }
 216              		.loc 1 143 9 is_stmt 0 view .LVU67
 217 006c 4FF40043 		mov	r3, #32768
 218 0070 E360     		str	r3, [r4, #12]
 219 0072 DCE7     		b	.L6
 220              	.L16:
 146:Middlewares/Third_Party/LibJPEG/source/jdarith.c ****   }
 147:Middlewares/Third_Party/LibJPEG/source/jdarith.c **** 
 148:Middlewares/Third_Party/LibJPEG/source/jdarith.c ****   /* Fetch values from our compact representation of Table D.3(D.2):
 149:Middlewares/Third_Party/LibJPEG/source/jdarith.c ****    * Qe values and probability estimation state machine
 150:Middlewares/Third_Party/LibJPEG/source/jdarith.c ****    */
 151:Middlewares/Third_Party/LibJPEG/source/jdarith.c ****   sv = *st;
 221              		.loc 1 151 3 is_stmt 1 view .LVU68
 222              		.loc 1 151 8 is_stmt 0 view .LVU69
 223 0074 2A78     		ldrb	r2, [r5]	@ zero_extendqisi2
 224              		.loc 1 151 6 view .LVU70
 225 0076 1046     		mov	r0, r2
 226              	.LVL15:
 152:Middlewares/Third_Party/LibJPEG/source/jdarith.c ****   qe = jpeg_aritab[sv & 0x7F];	/* => Qe_Value */
 227              		.loc 1 152 3 is_stmt 1 view .LVU71
ARM GAS  /tmp/ccRJf3no.s 			page 8


 228              		.loc 1 152 23 is_stmt 0 view .LVU72
 229 0078 02F07F06 		and	r6, r2, #127
 230              	.LVL16:
 231              		.loc 1 152 6 view .LVU73
 232 007c 1E49     		ldr	r1, .L18
 233 007e 51F82660 		ldr	r6, [r1, r6, lsl #2]
 234              	.LVL17:
 153:Middlewares/Third_Party/LibJPEG/source/jdarith.c ****   nl = qe & 0xFF; qe >>= 8;	/* Next_Index_LPS + Switch_MPS */
 235              		.loc 1 153 3 is_stmt 1 view .LVU74
 236              		.loc 1 153 19 view .LVU75
 237              		.loc 1 153 22 is_stmt 0 view .LVU76
 238 0082 4FEA262C 		asr	ip, r6, #8
 239              	.LVL18:
 154:Middlewares/Third_Party/LibJPEG/source/jdarith.c ****   nm = qe & 0xFF; qe >>= 8;	/* Next_Index_MPS */
 240              		.loc 1 154 3 is_stmt 1 view .LVU77
 241              		.loc 1 154 19 view .LVU78
 242              		.loc 1 154 22 is_stmt 0 view .LVU79
 243 0086 4FEA264E 		asr	lr, r6, #16
 244              	.LVL19:
 155:Middlewares/Third_Party/LibJPEG/source/jdarith.c **** 
 156:Middlewares/Third_Party/LibJPEG/source/jdarith.c ****   /* Decode & estimation procedures per sections D.2.4 & D.2.5 */
 157:Middlewares/Third_Party/LibJPEG/source/jdarith.c ****   temp = e->a - qe;
 245              		.loc 1 157 3 is_stmt 1 view .LVU80
 246              		.loc 1 157 8 is_stmt 0 view .LVU81
 247 008a A3EB2643 		sub	r3, r3, r6, asr #16
 248              	.LVL20:
 158:Middlewares/Third_Party/LibJPEG/source/jdarith.c ****   e->a = temp;
 249              		.loc 1 158 3 is_stmt 1 view .LVU82
 250              		.loc 1 158 8 is_stmt 0 view .LVU83
 251 008e E360     		str	r3, [r4, #12]
 159:Middlewares/Third_Party/LibJPEG/source/jdarith.c ****   temp <<= e->ct;
 252              		.loc 1 159 3 is_stmt 1 view .LVU84
 253              		.loc 1 159 13 is_stmt 0 view .LVU85
 254 0090 2169     		ldr	r1, [r4, #16]
 255              		.loc 1 159 8 view .LVU86
 256 0092 03FA01F1 		lsl	r1, r3, r1
 257              	.LVL21:
 160:Middlewares/Third_Party/LibJPEG/source/jdarith.c ****   if (e->c >= temp) {
 258              		.loc 1 160 3 is_stmt 1 view .LVU87
 259              		.loc 1 160 8 is_stmt 0 view .LVU88
 260 0096 A768     		ldr	r7, [r4, #8]
 261              		.loc 1 160 6 view .LVU89
 262 0098 8F42     		cmp	r7, r1
 263 009a 18DB     		blt	.L10
 161:Middlewares/Third_Party/LibJPEG/source/jdarith.c ****     e->c -= temp;
 264              		.loc 1 161 5 is_stmt 1 view .LVU90
 265              		.loc 1 161 10 is_stmt 0 view .LVU91
 266 009c 791A     		subs	r1, r7, r1
 267              	.LVL22:
 268              		.loc 1 161 10 view .LVU92
 269 009e A160     		str	r1, [r4, #8]
 162:Middlewares/Third_Party/LibJPEG/source/jdarith.c ****     /* Conditional LPS (less probable symbol) exchange */
 163:Middlewares/Third_Party/LibJPEG/source/jdarith.c ****     if (e->a < qe) {
 270              		.loc 1 163 5 is_stmt 1 view .LVU93
 271              		.loc 1 163 8 is_stmt 0 view .LVU94
 272 00a0 9E45     		cmp	lr, r3
 273 00a2 0ADD     		ble	.L11
ARM GAS  /tmp/ccRJf3no.s 			page 9


 164:Middlewares/Third_Party/LibJPEG/source/jdarith.c ****       e->a = qe;
 274              		.loc 1 164 7 is_stmt 1 view .LVU95
 275              		.loc 1 164 12 is_stmt 0 view .LVU96
 276 00a4 C4F80CE0 		str	lr, [r4, #12]
 165:Middlewares/Third_Party/LibJPEG/source/jdarith.c ****       *st = (sv & 0x80) ^ nm;	/* Estimate_after_MPS */
 277              		.loc 1 165 7 is_stmt 1 view .LVU97
 278              		.loc 1 165 17 is_stmt 0 view .LVU98
 279 00a8 22F07F03 		bic	r3, r2, #127
 280              	.LVL23:
 281              		.loc 1 165 17 view .LVU99
 282 00ac 5BB2     		sxtb	r3, r3
 283              		.loc 1 165 25 view .LVU100
 284 00ae 83EA0C03 		eor	r3, r3, ip
 285              		.loc 1 165 11 view .LVU101
 286 00b2 2B70     		strb	r3, [r5]
 287              	.LVL24:
 288              	.L12:
 166:Middlewares/Third_Party/LibJPEG/source/jdarith.c ****     } else {
 167:Middlewares/Third_Party/LibJPEG/source/jdarith.c ****       e->a = qe;
 168:Middlewares/Third_Party/LibJPEG/source/jdarith.c ****       *st = (sv & 0x80) ^ nl;	/* Estimate_after_LPS */
 169:Middlewares/Third_Party/LibJPEG/source/jdarith.c ****       sv ^= 0x80;		/* Exchange LPS/MPS */
 170:Middlewares/Third_Party/LibJPEG/source/jdarith.c ****     }
 171:Middlewares/Third_Party/LibJPEG/source/jdarith.c ****   } else if (e->a < 0x8000L) {
 172:Middlewares/Third_Party/LibJPEG/source/jdarith.c ****     /* Conditional MPS (more probable symbol) exchange */
 173:Middlewares/Third_Party/LibJPEG/source/jdarith.c ****     if (e->a < qe) {
 174:Middlewares/Third_Party/LibJPEG/source/jdarith.c ****       *st = (sv & 0x80) ^ nl;	/* Estimate_after_LPS */
 175:Middlewares/Third_Party/LibJPEG/source/jdarith.c ****       sv ^= 0x80;		/* Exchange LPS/MPS */
 176:Middlewares/Third_Party/LibJPEG/source/jdarith.c ****     } else {
 177:Middlewares/Third_Party/LibJPEG/source/jdarith.c ****       *st = (sv & 0x80) ^ nm;	/* Estimate_after_MPS */
 178:Middlewares/Third_Party/LibJPEG/source/jdarith.c ****     }
 179:Middlewares/Third_Party/LibJPEG/source/jdarith.c ****   }
 180:Middlewares/Third_Party/LibJPEG/source/jdarith.c **** 
 181:Middlewares/Third_Party/LibJPEG/source/jdarith.c ****   return sv >> 7;
 289              		.loc 1 181 3 is_stmt 1 view .LVU102
 182:Middlewares/Third_Party/LibJPEG/source/jdarith.c **** }
 290              		.loc 1 182 1 is_stmt 0 view .LVU103
 291 00b4 C011     		asrs	r0, r0, #7
 292              	.LVL25:
 293              		.loc 1 182 1 view .LVU104
 294 00b6 BDE8F081 		pop	{r4, r5, r6, r7, r8, pc}
 295              	.LVL26:
 296              	.L11:
 167:Middlewares/Third_Party/LibJPEG/source/jdarith.c ****       *st = (sv & 0x80) ^ nl;	/* Estimate_after_LPS */
 297              		.loc 1 167 7 is_stmt 1 view .LVU105
 167:Middlewares/Third_Party/LibJPEG/source/jdarith.c ****       *st = (sv & 0x80) ^ nl;	/* Estimate_after_LPS */
 298              		.loc 1 167 12 is_stmt 0 view .LVU106
 299 00ba C4F80CE0 		str	lr, [r4, #12]
 168:Middlewares/Third_Party/LibJPEG/source/jdarith.c ****       sv ^= 0x80;		/* Exchange LPS/MPS */
 300              		.loc 1 168 7 is_stmt 1 view .LVU107
 168:Middlewares/Third_Party/LibJPEG/source/jdarith.c ****       sv ^= 0x80;		/* Exchange LPS/MPS */
 301              		.loc 1 168 17 is_stmt 0 view .LVU108
 302 00be 22F07F03 		bic	r3, r2, #127
 303              	.LVL27:
 168:Middlewares/Third_Party/LibJPEG/source/jdarith.c ****       sv ^= 0x80;		/* Exchange LPS/MPS */
 304              		.loc 1 168 17 view .LVU109
 305 00c2 5BB2     		sxtb	r3, r3
 168:Middlewares/Third_Party/LibJPEG/source/jdarith.c ****       sv ^= 0x80;		/* Exchange LPS/MPS */
ARM GAS  /tmp/ccRJf3no.s 			page 10


 306              		.loc 1 168 25 view .LVU110
 307 00c4 5E40     		eors	r6, r6, r3
 308              	.LVL28:
 168:Middlewares/Third_Party/LibJPEG/source/jdarith.c ****       sv ^= 0x80;		/* Exchange LPS/MPS */
 309              		.loc 1 168 11 view .LVU111
 310 00c6 2E70     		strb	r6, [r5]
 169:Middlewares/Third_Party/LibJPEG/source/jdarith.c ****     }
 311              		.loc 1 169 7 is_stmt 1 view .LVU112
 169:Middlewares/Third_Party/LibJPEG/source/jdarith.c ****     }
 312              		.loc 1 169 10 is_stmt 0 view .LVU113
 313 00c8 82F08000 		eor	r0, r2, #128
 314              	.LVL29:
 169:Middlewares/Third_Party/LibJPEG/source/jdarith.c ****     }
 315              		.loc 1 169 10 view .LVU114
 316 00cc F2E7     		b	.L12
 317              	.LVL30:
 318              	.L10:
 171:Middlewares/Third_Party/LibJPEG/source/jdarith.c ****     /* Conditional MPS (more probable symbol) exchange */
 319              		.loc 1 171 10 is_stmt 1 view .LVU115
 171:Middlewares/Third_Party/LibJPEG/source/jdarith.c ****     /* Conditional MPS (more probable symbol) exchange */
 320              		.loc 1 171 13 is_stmt 0 view .LVU116
 321 00ce B3F5004F 		cmp	r3, #32768
 322 00d2 EFDA     		bge	.L12
 173:Middlewares/Third_Party/LibJPEG/source/jdarith.c ****       *st = (sv & 0x80) ^ nl;	/* Estimate_after_LPS */
 323              		.loc 1 173 5 is_stmt 1 view .LVU117
 173:Middlewares/Third_Party/LibJPEG/source/jdarith.c ****       *st = (sv & 0x80) ^ nl;	/* Estimate_after_LPS */
 324              		.loc 1 173 8 is_stmt 0 view .LVU118
 325 00d4 9E45     		cmp	lr, r3
 326 00d6 07DD     		ble	.L13
 174:Middlewares/Third_Party/LibJPEG/source/jdarith.c ****       sv ^= 0x80;		/* Exchange LPS/MPS */
 327              		.loc 1 174 7 is_stmt 1 view .LVU119
 174:Middlewares/Third_Party/LibJPEG/source/jdarith.c ****       sv ^= 0x80;		/* Exchange LPS/MPS */
 328              		.loc 1 174 17 is_stmt 0 view .LVU120
 329 00d8 22F07F03 		bic	r3, r2, #127
 330 00dc 5BB2     		sxtb	r3, r3
 174:Middlewares/Third_Party/LibJPEG/source/jdarith.c ****       sv ^= 0x80;		/* Exchange LPS/MPS */
 331              		.loc 1 174 25 view .LVU121
 332 00de 5E40     		eors	r6, r6, r3
 333              	.LVL31:
 174:Middlewares/Third_Party/LibJPEG/source/jdarith.c ****       sv ^= 0x80;		/* Exchange LPS/MPS */
 334              		.loc 1 174 11 view .LVU122
 335 00e0 2E70     		strb	r6, [r5]
 175:Middlewares/Third_Party/LibJPEG/source/jdarith.c ****     } else {
 336              		.loc 1 175 7 is_stmt 1 view .LVU123
 175:Middlewares/Third_Party/LibJPEG/source/jdarith.c ****     } else {
 337              		.loc 1 175 10 is_stmt 0 view .LVU124
 338 00e2 82F08000 		eor	r0, r2, #128
 339              	.LVL32:
 175:Middlewares/Third_Party/LibJPEG/source/jdarith.c ****     } else {
 340              		.loc 1 175 10 view .LVU125
 341 00e6 E5E7     		b	.L12
 342              	.LVL33:
 343              	.L13:
 177:Middlewares/Third_Party/LibJPEG/source/jdarith.c ****     }
 344              		.loc 1 177 7 is_stmt 1 view .LVU126
 177:Middlewares/Third_Party/LibJPEG/source/jdarith.c ****     }
 345              		.loc 1 177 17 is_stmt 0 view .LVU127
ARM GAS  /tmp/ccRJf3no.s 			page 11


 346 00e8 22F07F03 		bic	r3, r2, #127
 347 00ec 5BB2     		sxtb	r3, r3
 177:Middlewares/Third_Party/LibJPEG/source/jdarith.c ****     }
 348              		.loc 1 177 25 view .LVU128
 349 00ee 83EA0C03 		eor	r3, r3, ip
 177:Middlewares/Third_Party/LibJPEG/source/jdarith.c ****     }
 350              		.loc 1 177 11 view .LVU129
 351 00f2 2B70     		strb	r3, [r5]
 352 00f4 DEE7     		b	.L12
 353              	.L19:
 354 00f6 00BF     		.align	2
 355              	.L18:
 356 00f8 00000000 		.word	jpeg_aritab
 357              		.cfi_endproc
 358              	.LFE8:
 360              		.section	.text.start_pass,"ax",%progbits
 361              		.align	1
 362              		.syntax unified
 363              		.thumb
 364              		.thumb_func
 365              		.fpu fpv4-sp-d16
 367              	start_pass:
 368              	.LVL34:
 369              	.LFB15:
 183:Middlewares/Third_Party/LibJPEG/source/jdarith.c **** 
 184:Middlewares/Third_Party/LibJPEG/source/jdarith.c **** 
 185:Middlewares/Third_Party/LibJPEG/source/jdarith.c **** /*
 186:Middlewares/Third_Party/LibJPEG/source/jdarith.c ****  * Check for a restart marker & resynchronize decoder.
 187:Middlewares/Third_Party/LibJPEG/source/jdarith.c ****  */
 188:Middlewares/Third_Party/LibJPEG/source/jdarith.c **** 
 189:Middlewares/Third_Party/LibJPEG/source/jdarith.c **** LOCAL(void)
 190:Middlewares/Third_Party/LibJPEG/source/jdarith.c **** process_restart (j_decompress_ptr cinfo)
 191:Middlewares/Third_Party/LibJPEG/source/jdarith.c **** {
 192:Middlewares/Third_Party/LibJPEG/source/jdarith.c ****   arith_entropy_ptr entropy = (arith_entropy_ptr) cinfo->entropy;
 193:Middlewares/Third_Party/LibJPEG/source/jdarith.c ****   int ci;
 194:Middlewares/Third_Party/LibJPEG/source/jdarith.c ****   jpeg_component_info * compptr;
 195:Middlewares/Third_Party/LibJPEG/source/jdarith.c **** 
 196:Middlewares/Third_Party/LibJPEG/source/jdarith.c ****   /* Advance past the RSTn marker */
 197:Middlewares/Third_Party/LibJPEG/source/jdarith.c ****   if (! (*cinfo->marker->read_restart_marker) (cinfo))
 198:Middlewares/Third_Party/LibJPEG/source/jdarith.c ****     ERREXIT(cinfo, JERR_CANT_SUSPEND);
 199:Middlewares/Third_Party/LibJPEG/source/jdarith.c **** 
 200:Middlewares/Third_Party/LibJPEG/source/jdarith.c ****   /* Re-initialize statistics areas */
 201:Middlewares/Third_Party/LibJPEG/source/jdarith.c ****   for (ci = 0; ci < cinfo->comps_in_scan; ci++) {
 202:Middlewares/Third_Party/LibJPEG/source/jdarith.c ****     compptr = cinfo->cur_comp_info[ci];
 203:Middlewares/Third_Party/LibJPEG/source/jdarith.c ****     if (! cinfo->progressive_mode || (cinfo->Ss == 0 && cinfo->Ah == 0)) {
 204:Middlewares/Third_Party/LibJPEG/source/jdarith.c ****       MEMZERO(entropy->dc_stats[compptr->dc_tbl_no], DC_STAT_BINS);
 205:Middlewares/Third_Party/LibJPEG/source/jdarith.c ****       /* Reset DC predictions to 0 */
 206:Middlewares/Third_Party/LibJPEG/source/jdarith.c ****       entropy->last_dc_val[ci] = 0;
 207:Middlewares/Third_Party/LibJPEG/source/jdarith.c ****       entropy->dc_context[ci] = 0;
 208:Middlewares/Third_Party/LibJPEG/source/jdarith.c ****     }
 209:Middlewares/Third_Party/LibJPEG/source/jdarith.c ****     if ((! cinfo->progressive_mode && cinfo->lim_Se) ||
 210:Middlewares/Third_Party/LibJPEG/source/jdarith.c **** 	(cinfo->progressive_mode && cinfo->Ss)) {
 211:Middlewares/Third_Party/LibJPEG/source/jdarith.c ****       MEMZERO(entropy->ac_stats[compptr->ac_tbl_no], AC_STAT_BINS);
 212:Middlewares/Third_Party/LibJPEG/source/jdarith.c ****     }
 213:Middlewares/Third_Party/LibJPEG/source/jdarith.c ****   }
 214:Middlewares/Third_Party/LibJPEG/source/jdarith.c **** 
 215:Middlewares/Third_Party/LibJPEG/source/jdarith.c ****   /* Reset arithmetic decoding variables */
ARM GAS  /tmp/ccRJf3no.s 			page 12


 216:Middlewares/Third_Party/LibJPEG/source/jdarith.c ****   entropy->c = 0;
 217:Middlewares/Third_Party/LibJPEG/source/jdarith.c ****   entropy->a = 0;
 218:Middlewares/Third_Party/LibJPEG/source/jdarith.c ****   entropy->ct = -16;	/* force reading 2 initial bytes to fill C */
 219:Middlewares/Third_Party/LibJPEG/source/jdarith.c **** 
 220:Middlewares/Third_Party/LibJPEG/source/jdarith.c ****   /* Reset restart counter */
 221:Middlewares/Third_Party/LibJPEG/source/jdarith.c ****   entropy->restarts_to_go = cinfo->restart_interval;
 222:Middlewares/Third_Party/LibJPEG/source/jdarith.c **** }
 223:Middlewares/Third_Party/LibJPEG/source/jdarith.c **** 
 224:Middlewares/Third_Party/LibJPEG/source/jdarith.c **** 
 225:Middlewares/Third_Party/LibJPEG/source/jdarith.c **** /*
 226:Middlewares/Third_Party/LibJPEG/source/jdarith.c ****  * Arithmetic MCU decoding.
 227:Middlewares/Third_Party/LibJPEG/source/jdarith.c ****  * Each of these routines decodes and returns one MCU's worth of
 228:Middlewares/Third_Party/LibJPEG/source/jdarith.c ****  * arithmetic-compressed coefficients.
 229:Middlewares/Third_Party/LibJPEG/source/jdarith.c ****  * The coefficients are reordered from zigzag order into natural array order,
 230:Middlewares/Third_Party/LibJPEG/source/jdarith.c ****  * but are not dequantized.
 231:Middlewares/Third_Party/LibJPEG/source/jdarith.c ****  *
 232:Middlewares/Third_Party/LibJPEG/source/jdarith.c ****  * The i'th block of the MCU is stored into the block pointed to by
 233:Middlewares/Third_Party/LibJPEG/source/jdarith.c ****  * MCU_data[i].  WE ASSUME THIS AREA IS INITIALLY ZEROED BY THE CALLER.
 234:Middlewares/Third_Party/LibJPEG/source/jdarith.c ****  */
 235:Middlewares/Third_Party/LibJPEG/source/jdarith.c **** 
 236:Middlewares/Third_Party/LibJPEG/source/jdarith.c **** /*
 237:Middlewares/Third_Party/LibJPEG/source/jdarith.c ****  * MCU decoding for DC initial scan (either spectral selection,
 238:Middlewares/Third_Party/LibJPEG/source/jdarith.c ****  * or first pass of successive approximation).
 239:Middlewares/Third_Party/LibJPEG/source/jdarith.c ****  */
 240:Middlewares/Third_Party/LibJPEG/source/jdarith.c **** 
 241:Middlewares/Third_Party/LibJPEG/source/jdarith.c **** METHODDEF(boolean)
 242:Middlewares/Third_Party/LibJPEG/source/jdarith.c **** decode_mcu_DC_first (j_decompress_ptr cinfo, JBLOCKROW *MCU_data)
 243:Middlewares/Third_Party/LibJPEG/source/jdarith.c **** {
 244:Middlewares/Third_Party/LibJPEG/source/jdarith.c ****   arith_entropy_ptr entropy = (arith_entropy_ptr) cinfo->entropy;
 245:Middlewares/Third_Party/LibJPEG/source/jdarith.c ****   JBLOCKROW block;
 246:Middlewares/Third_Party/LibJPEG/source/jdarith.c ****   unsigned char *st;
 247:Middlewares/Third_Party/LibJPEG/source/jdarith.c ****   int blkn, ci, tbl, sign;
 248:Middlewares/Third_Party/LibJPEG/source/jdarith.c ****   int v, m;
 249:Middlewares/Third_Party/LibJPEG/source/jdarith.c **** 
 250:Middlewares/Third_Party/LibJPEG/source/jdarith.c ****   /* Process restart marker if needed */
 251:Middlewares/Third_Party/LibJPEG/source/jdarith.c ****   if (cinfo->restart_interval) {
 252:Middlewares/Third_Party/LibJPEG/source/jdarith.c ****     if (entropy->restarts_to_go == 0)
 253:Middlewares/Third_Party/LibJPEG/source/jdarith.c ****       process_restart(cinfo);
 254:Middlewares/Third_Party/LibJPEG/source/jdarith.c ****     entropy->restarts_to_go--;
 255:Middlewares/Third_Party/LibJPEG/source/jdarith.c ****   }
 256:Middlewares/Third_Party/LibJPEG/source/jdarith.c **** 
 257:Middlewares/Third_Party/LibJPEG/source/jdarith.c ****   if (entropy->ct == -1) return TRUE;	/* if error do nothing */
 258:Middlewares/Third_Party/LibJPEG/source/jdarith.c **** 
 259:Middlewares/Third_Party/LibJPEG/source/jdarith.c ****   /* Outer loop handles each block in the MCU */
 260:Middlewares/Third_Party/LibJPEG/source/jdarith.c **** 
 261:Middlewares/Third_Party/LibJPEG/source/jdarith.c ****   for (blkn = 0; blkn < cinfo->blocks_in_MCU; blkn++) {
 262:Middlewares/Third_Party/LibJPEG/source/jdarith.c ****     block = MCU_data[blkn];
 263:Middlewares/Third_Party/LibJPEG/source/jdarith.c ****     ci = cinfo->MCU_membership[blkn];
 264:Middlewares/Third_Party/LibJPEG/source/jdarith.c ****     tbl = cinfo->cur_comp_info[ci]->dc_tbl_no;
 265:Middlewares/Third_Party/LibJPEG/source/jdarith.c **** 
 266:Middlewares/Third_Party/LibJPEG/source/jdarith.c ****     /* Sections F.2.4.1 & F.1.4.4.1: Decoding of DC coefficients */
 267:Middlewares/Third_Party/LibJPEG/source/jdarith.c **** 
 268:Middlewares/Third_Party/LibJPEG/source/jdarith.c ****     /* Table F.4: Point to statistics bin S0 for DC coefficient coding */
 269:Middlewares/Third_Party/LibJPEG/source/jdarith.c ****     st = entropy->dc_stats[tbl] + entropy->dc_context[ci];
 270:Middlewares/Third_Party/LibJPEG/source/jdarith.c **** 
 271:Middlewares/Third_Party/LibJPEG/source/jdarith.c ****     /* Figure F.19: Decode_DC_DIFF */
 272:Middlewares/Third_Party/LibJPEG/source/jdarith.c ****     if (arith_decode(cinfo, st) == 0)
ARM GAS  /tmp/ccRJf3no.s 			page 13


 273:Middlewares/Third_Party/LibJPEG/source/jdarith.c ****       entropy->dc_context[ci] = 0;
 274:Middlewares/Third_Party/LibJPEG/source/jdarith.c ****     else {
 275:Middlewares/Third_Party/LibJPEG/source/jdarith.c ****       /* Figure F.21: Decoding nonzero value v */
 276:Middlewares/Third_Party/LibJPEG/source/jdarith.c ****       /* Figure F.22: Decoding the sign of v */
 277:Middlewares/Third_Party/LibJPEG/source/jdarith.c ****       sign = arith_decode(cinfo, st + 1);
 278:Middlewares/Third_Party/LibJPEG/source/jdarith.c ****       st += 2; st += sign;
 279:Middlewares/Third_Party/LibJPEG/source/jdarith.c ****       /* Figure F.23: Decoding the magnitude category of v */
 280:Middlewares/Third_Party/LibJPEG/source/jdarith.c ****       if ((m = arith_decode(cinfo, st)) != 0) {
 281:Middlewares/Third_Party/LibJPEG/source/jdarith.c **** 	st = entropy->dc_stats[tbl] + 20;	/* Table F.4: X1 = 20 */
 282:Middlewares/Third_Party/LibJPEG/source/jdarith.c **** 	while (arith_decode(cinfo, st)) {
 283:Middlewares/Third_Party/LibJPEG/source/jdarith.c **** 	  if ((m <<= 1) == 0x8000) {
 284:Middlewares/Third_Party/LibJPEG/source/jdarith.c **** 	    WARNMS(cinfo, JWRN_ARITH_BAD_CODE);
 285:Middlewares/Third_Party/LibJPEG/source/jdarith.c **** 	    entropy->ct = -1;			/* magnitude overflow */
 286:Middlewares/Third_Party/LibJPEG/source/jdarith.c **** 	    return TRUE;
 287:Middlewares/Third_Party/LibJPEG/source/jdarith.c **** 	  }
 288:Middlewares/Third_Party/LibJPEG/source/jdarith.c **** 	  st += 1;
 289:Middlewares/Third_Party/LibJPEG/source/jdarith.c **** 	}
 290:Middlewares/Third_Party/LibJPEG/source/jdarith.c ****       }
 291:Middlewares/Third_Party/LibJPEG/source/jdarith.c ****       /* Section F.1.4.4.1.2: Establish dc_context conditioning category */
 292:Middlewares/Third_Party/LibJPEG/source/jdarith.c ****       if (m < (int) ((1L << cinfo->arith_dc_L[tbl]) >> 1))
 293:Middlewares/Third_Party/LibJPEG/source/jdarith.c **** 	entropy->dc_context[ci] = 0;		   /* zero diff category */
 294:Middlewares/Third_Party/LibJPEG/source/jdarith.c ****       else if (m > (int) ((1L << cinfo->arith_dc_U[tbl]) >> 1))
 295:Middlewares/Third_Party/LibJPEG/source/jdarith.c **** 	entropy->dc_context[ci] = 12 + (sign * 4); /* large diff category */
 296:Middlewares/Third_Party/LibJPEG/source/jdarith.c ****       else
 297:Middlewares/Third_Party/LibJPEG/source/jdarith.c **** 	entropy->dc_context[ci] = 4 + (sign * 4);  /* small diff category */
 298:Middlewares/Third_Party/LibJPEG/source/jdarith.c ****       v = m;
 299:Middlewares/Third_Party/LibJPEG/source/jdarith.c ****       /* Figure F.24: Decoding the magnitude bit pattern of v */
 300:Middlewares/Third_Party/LibJPEG/source/jdarith.c ****       st += 14;
 301:Middlewares/Third_Party/LibJPEG/source/jdarith.c ****       while (m >>= 1)
 302:Middlewares/Third_Party/LibJPEG/source/jdarith.c **** 	if (arith_decode(cinfo, st)) v |= m;
 303:Middlewares/Third_Party/LibJPEG/source/jdarith.c ****       v += 1; if (sign) v = -v;
 304:Middlewares/Third_Party/LibJPEG/source/jdarith.c ****       entropy->last_dc_val[ci] += v;
 305:Middlewares/Third_Party/LibJPEG/source/jdarith.c ****     }
 306:Middlewares/Third_Party/LibJPEG/source/jdarith.c **** 
 307:Middlewares/Third_Party/LibJPEG/source/jdarith.c ****     /* Scale and output the DC coefficient (assumes jpeg_natural_order[0]=0) */
 308:Middlewares/Third_Party/LibJPEG/source/jdarith.c ****     (*block)[0] = (JCOEF) (entropy->last_dc_val[ci] << cinfo->Al);
 309:Middlewares/Third_Party/LibJPEG/source/jdarith.c ****   }
 310:Middlewares/Third_Party/LibJPEG/source/jdarith.c **** 
 311:Middlewares/Third_Party/LibJPEG/source/jdarith.c ****   return TRUE;
 312:Middlewares/Third_Party/LibJPEG/source/jdarith.c **** }
 313:Middlewares/Third_Party/LibJPEG/source/jdarith.c **** 
 314:Middlewares/Third_Party/LibJPEG/source/jdarith.c **** 
 315:Middlewares/Third_Party/LibJPEG/source/jdarith.c **** /*
 316:Middlewares/Third_Party/LibJPEG/source/jdarith.c ****  * MCU decoding for AC initial scan (either spectral selection,
 317:Middlewares/Third_Party/LibJPEG/source/jdarith.c ****  * or first pass of successive approximation).
 318:Middlewares/Third_Party/LibJPEG/source/jdarith.c ****  */
 319:Middlewares/Third_Party/LibJPEG/source/jdarith.c **** 
 320:Middlewares/Third_Party/LibJPEG/source/jdarith.c **** METHODDEF(boolean)
 321:Middlewares/Third_Party/LibJPEG/source/jdarith.c **** decode_mcu_AC_first (j_decompress_ptr cinfo, JBLOCKROW *MCU_data)
 322:Middlewares/Third_Party/LibJPEG/source/jdarith.c **** {
 323:Middlewares/Third_Party/LibJPEG/source/jdarith.c ****   arith_entropy_ptr entropy = (arith_entropy_ptr) cinfo->entropy;
 324:Middlewares/Third_Party/LibJPEG/source/jdarith.c ****   JBLOCKROW block;
 325:Middlewares/Third_Party/LibJPEG/source/jdarith.c ****   unsigned char *st;
 326:Middlewares/Third_Party/LibJPEG/source/jdarith.c ****   int tbl, sign, k;
 327:Middlewares/Third_Party/LibJPEG/source/jdarith.c ****   int v, m;
 328:Middlewares/Third_Party/LibJPEG/source/jdarith.c ****   const int * natural_order;
 329:Middlewares/Third_Party/LibJPEG/source/jdarith.c **** 
ARM GAS  /tmp/ccRJf3no.s 			page 14


 330:Middlewares/Third_Party/LibJPEG/source/jdarith.c ****   /* Process restart marker if needed */
 331:Middlewares/Third_Party/LibJPEG/source/jdarith.c ****   if (cinfo->restart_interval) {
 332:Middlewares/Third_Party/LibJPEG/source/jdarith.c ****     if (entropy->restarts_to_go == 0)
 333:Middlewares/Third_Party/LibJPEG/source/jdarith.c ****       process_restart(cinfo);
 334:Middlewares/Third_Party/LibJPEG/source/jdarith.c ****     entropy->restarts_to_go--;
 335:Middlewares/Third_Party/LibJPEG/source/jdarith.c ****   }
 336:Middlewares/Third_Party/LibJPEG/source/jdarith.c **** 
 337:Middlewares/Third_Party/LibJPEG/source/jdarith.c ****   if (entropy->ct == -1) return TRUE;	/* if error do nothing */
 338:Middlewares/Third_Party/LibJPEG/source/jdarith.c **** 
 339:Middlewares/Third_Party/LibJPEG/source/jdarith.c ****   natural_order = cinfo->natural_order;
 340:Middlewares/Third_Party/LibJPEG/source/jdarith.c **** 
 341:Middlewares/Third_Party/LibJPEG/source/jdarith.c ****   /* There is always only one block per MCU */
 342:Middlewares/Third_Party/LibJPEG/source/jdarith.c ****   block = MCU_data[0];
 343:Middlewares/Third_Party/LibJPEG/source/jdarith.c ****   tbl = cinfo->cur_comp_info[0]->ac_tbl_no;
 344:Middlewares/Third_Party/LibJPEG/source/jdarith.c **** 
 345:Middlewares/Third_Party/LibJPEG/source/jdarith.c ****   /* Sections F.2.4.2 & F.1.4.4.2: Decoding of AC coefficients */
 346:Middlewares/Third_Party/LibJPEG/source/jdarith.c **** 
 347:Middlewares/Third_Party/LibJPEG/source/jdarith.c ****   /* Figure F.20: Decode_AC_coefficients */
 348:Middlewares/Third_Party/LibJPEG/source/jdarith.c ****   for (k = cinfo->Ss; k <= cinfo->Se; k++) {
 349:Middlewares/Third_Party/LibJPEG/source/jdarith.c ****     st = entropy->ac_stats[tbl] + 3 * (k - 1);
 350:Middlewares/Third_Party/LibJPEG/source/jdarith.c ****     if (arith_decode(cinfo, st)) break;		/* EOB flag */
 351:Middlewares/Third_Party/LibJPEG/source/jdarith.c ****     while (arith_decode(cinfo, st + 1) == 0) {
 352:Middlewares/Third_Party/LibJPEG/source/jdarith.c ****       st += 3; k++;
 353:Middlewares/Third_Party/LibJPEG/source/jdarith.c ****       if (k > cinfo->Se) {
 354:Middlewares/Third_Party/LibJPEG/source/jdarith.c **** 	WARNMS(cinfo, JWRN_ARITH_BAD_CODE);
 355:Middlewares/Third_Party/LibJPEG/source/jdarith.c **** 	entropy->ct = -1;			/* spectral overflow */
 356:Middlewares/Third_Party/LibJPEG/source/jdarith.c **** 	return TRUE;
 357:Middlewares/Third_Party/LibJPEG/source/jdarith.c ****       }
 358:Middlewares/Third_Party/LibJPEG/source/jdarith.c ****     }
 359:Middlewares/Third_Party/LibJPEG/source/jdarith.c ****     /* Figure F.21: Decoding nonzero value v */
 360:Middlewares/Third_Party/LibJPEG/source/jdarith.c ****     /* Figure F.22: Decoding the sign of v */
 361:Middlewares/Third_Party/LibJPEG/source/jdarith.c ****     sign = arith_decode(cinfo, entropy->fixed_bin);
 362:Middlewares/Third_Party/LibJPEG/source/jdarith.c ****     st += 2;
 363:Middlewares/Third_Party/LibJPEG/source/jdarith.c ****     /* Figure F.23: Decoding the magnitude category of v */
 364:Middlewares/Third_Party/LibJPEG/source/jdarith.c ****     if ((m = arith_decode(cinfo, st)) != 0) {
 365:Middlewares/Third_Party/LibJPEG/source/jdarith.c ****       if (arith_decode(cinfo, st)) {
 366:Middlewares/Third_Party/LibJPEG/source/jdarith.c **** 	m <<= 1;
 367:Middlewares/Third_Party/LibJPEG/source/jdarith.c **** 	st = entropy->ac_stats[tbl] +
 368:Middlewares/Third_Party/LibJPEG/source/jdarith.c **** 	     (k <= cinfo->arith_ac_K[tbl] ? 189 : 217);
 369:Middlewares/Third_Party/LibJPEG/source/jdarith.c **** 	while (arith_decode(cinfo, st)) {
 370:Middlewares/Third_Party/LibJPEG/source/jdarith.c **** 	  if ((m <<= 1) == 0x8000) {
 371:Middlewares/Third_Party/LibJPEG/source/jdarith.c **** 	    WARNMS(cinfo, JWRN_ARITH_BAD_CODE);
 372:Middlewares/Third_Party/LibJPEG/source/jdarith.c **** 	    entropy->ct = -1;			/* magnitude overflow */
 373:Middlewares/Third_Party/LibJPEG/source/jdarith.c **** 	    return TRUE;
 374:Middlewares/Third_Party/LibJPEG/source/jdarith.c **** 	  }
 375:Middlewares/Third_Party/LibJPEG/source/jdarith.c **** 	  st += 1;
 376:Middlewares/Third_Party/LibJPEG/source/jdarith.c **** 	}
 377:Middlewares/Third_Party/LibJPEG/source/jdarith.c ****       }
 378:Middlewares/Third_Party/LibJPEG/source/jdarith.c ****     }
 379:Middlewares/Third_Party/LibJPEG/source/jdarith.c ****     v = m;
 380:Middlewares/Third_Party/LibJPEG/source/jdarith.c ****     /* Figure F.24: Decoding the magnitude bit pattern of v */
 381:Middlewares/Third_Party/LibJPEG/source/jdarith.c ****     st += 14;
 382:Middlewares/Third_Party/LibJPEG/source/jdarith.c ****     while (m >>= 1)
 383:Middlewares/Third_Party/LibJPEG/source/jdarith.c ****       if (arith_decode(cinfo, st)) v |= m;
 384:Middlewares/Third_Party/LibJPEG/source/jdarith.c ****     v += 1; if (sign) v = -v;
 385:Middlewares/Third_Party/LibJPEG/source/jdarith.c ****     /* Scale and output coefficient in natural (dezigzagged) order */
 386:Middlewares/Third_Party/LibJPEG/source/jdarith.c ****     (*block)[natural_order[k]] = (JCOEF) (v << cinfo->Al);
ARM GAS  /tmp/ccRJf3no.s 			page 15


 387:Middlewares/Third_Party/LibJPEG/source/jdarith.c ****   }
 388:Middlewares/Third_Party/LibJPEG/source/jdarith.c **** 
 389:Middlewares/Third_Party/LibJPEG/source/jdarith.c ****   return TRUE;
 390:Middlewares/Third_Party/LibJPEG/source/jdarith.c **** }
 391:Middlewares/Third_Party/LibJPEG/source/jdarith.c **** 
 392:Middlewares/Third_Party/LibJPEG/source/jdarith.c **** 
 393:Middlewares/Third_Party/LibJPEG/source/jdarith.c **** /*
 394:Middlewares/Third_Party/LibJPEG/source/jdarith.c ****  * MCU decoding for DC successive approximation refinement scan.
 395:Middlewares/Third_Party/LibJPEG/source/jdarith.c ****  */
 396:Middlewares/Third_Party/LibJPEG/source/jdarith.c **** 
 397:Middlewares/Third_Party/LibJPEG/source/jdarith.c **** METHODDEF(boolean)
 398:Middlewares/Third_Party/LibJPEG/source/jdarith.c **** decode_mcu_DC_refine (j_decompress_ptr cinfo, JBLOCKROW *MCU_data)
 399:Middlewares/Third_Party/LibJPEG/source/jdarith.c **** {
 400:Middlewares/Third_Party/LibJPEG/source/jdarith.c ****   arith_entropy_ptr entropy = (arith_entropy_ptr) cinfo->entropy;
 401:Middlewares/Third_Party/LibJPEG/source/jdarith.c ****   unsigned char *st;
 402:Middlewares/Third_Party/LibJPEG/source/jdarith.c ****   int p1, blkn;
 403:Middlewares/Third_Party/LibJPEG/source/jdarith.c **** 
 404:Middlewares/Third_Party/LibJPEG/source/jdarith.c ****   /* Process restart marker if needed */
 405:Middlewares/Third_Party/LibJPEG/source/jdarith.c ****   if (cinfo->restart_interval) {
 406:Middlewares/Third_Party/LibJPEG/source/jdarith.c ****     if (entropy->restarts_to_go == 0)
 407:Middlewares/Third_Party/LibJPEG/source/jdarith.c ****       process_restart(cinfo);
 408:Middlewares/Third_Party/LibJPEG/source/jdarith.c ****     entropy->restarts_to_go--;
 409:Middlewares/Third_Party/LibJPEG/source/jdarith.c ****   }
 410:Middlewares/Third_Party/LibJPEG/source/jdarith.c **** 
 411:Middlewares/Third_Party/LibJPEG/source/jdarith.c ****   st = entropy->fixed_bin;	/* use fixed probability estimation */
 412:Middlewares/Third_Party/LibJPEG/source/jdarith.c ****   p1 = 1 << cinfo->Al;		/* 1 in the bit position being coded */
 413:Middlewares/Third_Party/LibJPEG/source/jdarith.c **** 
 414:Middlewares/Third_Party/LibJPEG/source/jdarith.c ****   /* Outer loop handles each block in the MCU */
 415:Middlewares/Third_Party/LibJPEG/source/jdarith.c **** 
 416:Middlewares/Third_Party/LibJPEG/source/jdarith.c ****   for (blkn = 0; blkn < cinfo->blocks_in_MCU; blkn++) {
 417:Middlewares/Third_Party/LibJPEG/source/jdarith.c ****     /* Encoded data is simply the next bit of the two's-complement DC value */
 418:Middlewares/Third_Party/LibJPEG/source/jdarith.c ****     if (arith_decode(cinfo, st))
 419:Middlewares/Third_Party/LibJPEG/source/jdarith.c ****       MCU_data[blkn][0][0] |= p1;
 420:Middlewares/Third_Party/LibJPEG/source/jdarith.c ****   }
 421:Middlewares/Third_Party/LibJPEG/source/jdarith.c **** 
 422:Middlewares/Third_Party/LibJPEG/source/jdarith.c ****   return TRUE;
 423:Middlewares/Third_Party/LibJPEG/source/jdarith.c **** }
 424:Middlewares/Third_Party/LibJPEG/source/jdarith.c **** 
 425:Middlewares/Third_Party/LibJPEG/source/jdarith.c **** 
 426:Middlewares/Third_Party/LibJPEG/source/jdarith.c **** /*
 427:Middlewares/Third_Party/LibJPEG/source/jdarith.c ****  * MCU decoding for AC successive approximation refinement scan.
 428:Middlewares/Third_Party/LibJPEG/source/jdarith.c ****  */
 429:Middlewares/Third_Party/LibJPEG/source/jdarith.c **** 
 430:Middlewares/Third_Party/LibJPEG/source/jdarith.c **** METHODDEF(boolean)
 431:Middlewares/Third_Party/LibJPEG/source/jdarith.c **** decode_mcu_AC_refine (j_decompress_ptr cinfo, JBLOCKROW *MCU_data)
 432:Middlewares/Third_Party/LibJPEG/source/jdarith.c **** {
 433:Middlewares/Third_Party/LibJPEG/source/jdarith.c ****   arith_entropy_ptr entropy = (arith_entropy_ptr) cinfo->entropy;
 434:Middlewares/Third_Party/LibJPEG/source/jdarith.c ****   JBLOCKROW block;
 435:Middlewares/Third_Party/LibJPEG/source/jdarith.c ****   JCOEFPTR thiscoef;
 436:Middlewares/Third_Party/LibJPEG/source/jdarith.c ****   unsigned char *st;
 437:Middlewares/Third_Party/LibJPEG/source/jdarith.c ****   int tbl, k, kex;
 438:Middlewares/Third_Party/LibJPEG/source/jdarith.c ****   int p1, m1;
 439:Middlewares/Third_Party/LibJPEG/source/jdarith.c ****   const int * natural_order;
 440:Middlewares/Third_Party/LibJPEG/source/jdarith.c **** 
 441:Middlewares/Third_Party/LibJPEG/source/jdarith.c ****   /* Process restart marker if needed */
 442:Middlewares/Third_Party/LibJPEG/source/jdarith.c ****   if (cinfo->restart_interval) {
 443:Middlewares/Third_Party/LibJPEG/source/jdarith.c ****     if (entropy->restarts_to_go == 0)
ARM GAS  /tmp/ccRJf3no.s 			page 16


 444:Middlewares/Third_Party/LibJPEG/source/jdarith.c ****       process_restart(cinfo);
 445:Middlewares/Third_Party/LibJPEG/source/jdarith.c ****     entropy->restarts_to_go--;
 446:Middlewares/Third_Party/LibJPEG/source/jdarith.c ****   }
 447:Middlewares/Third_Party/LibJPEG/source/jdarith.c **** 
 448:Middlewares/Third_Party/LibJPEG/source/jdarith.c ****   if (entropy->ct == -1) return TRUE;	/* if error do nothing */
 449:Middlewares/Third_Party/LibJPEG/source/jdarith.c **** 
 450:Middlewares/Third_Party/LibJPEG/source/jdarith.c ****   natural_order = cinfo->natural_order;
 451:Middlewares/Third_Party/LibJPEG/source/jdarith.c **** 
 452:Middlewares/Third_Party/LibJPEG/source/jdarith.c ****   /* There is always only one block per MCU */
 453:Middlewares/Third_Party/LibJPEG/source/jdarith.c ****   block = MCU_data[0];
 454:Middlewares/Third_Party/LibJPEG/source/jdarith.c ****   tbl = cinfo->cur_comp_info[0]->ac_tbl_no;
 455:Middlewares/Third_Party/LibJPEG/source/jdarith.c **** 
 456:Middlewares/Third_Party/LibJPEG/source/jdarith.c ****   p1 = 1 << cinfo->Al;		/* 1 in the bit position being coded */
 457:Middlewares/Third_Party/LibJPEG/source/jdarith.c ****   m1 = (-1) << cinfo->Al;	/* -1 in the bit position being coded */
 458:Middlewares/Third_Party/LibJPEG/source/jdarith.c **** 
 459:Middlewares/Third_Party/LibJPEG/source/jdarith.c ****   /* Establish EOBx (previous stage end-of-block) index */
 460:Middlewares/Third_Party/LibJPEG/source/jdarith.c ****   for (kex = cinfo->Se; kex > 0; kex--)
 461:Middlewares/Third_Party/LibJPEG/source/jdarith.c ****     if ((*block)[natural_order[kex]]) break;
 462:Middlewares/Third_Party/LibJPEG/source/jdarith.c **** 
 463:Middlewares/Third_Party/LibJPEG/source/jdarith.c ****   for (k = cinfo->Ss; k <= cinfo->Se; k++) {
 464:Middlewares/Third_Party/LibJPEG/source/jdarith.c ****     st = entropy->ac_stats[tbl] + 3 * (k - 1);
 465:Middlewares/Third_Party/LibJPEG/source/jdarith.c ****     if (k > kex)
 466:Middlewares/Third_Party/LibJPEG/source/jdarith.c ****       if (arith_decode(cinfo, st)) break;	/* EOB flag */
 467:Middlewares/Third_Party/LibJPEG/source/jdarith.c ****     for (;;) {
 468:Middlewares/Third_Party/LibJPEG/source/jdarith.c ****       thiscoef = *block + natural_order[k];
 469:Middlewares/Third_Party/LibJPEG/source/jdarith.c ****       if (*thiscoef) {				/* previously nonzero coef */
 470:Middlewares/Third_Party/LibJPEG/source/jdarith.c **** 	if (arith_decode(cinfo, st + 2)) {
 471:Middlewares/Third_Party/LibJPEG/source/jdarith.c **** 	  if (*thiscoef < 0)
 472:Middlewares/Third_Party/LibJPEG/source/jdarith.c **** 	    *thiscoef += m1;
 473:Middlewares/Third_Party/LibJPEG/source/jdarith.c **** 	  else
 474:Middlewares/Third_Party/LibJPEG/source/jdarith.c **** 	    *thiscoef += p1;
 475:Middlewares/Third_Party/LibJPEG/source/jdarith.c **** 	}
 476:Middlewares/Third_Party/LibJPEG/source/jdarith.c **** 	break;
 477:Middlewares/Third_Party/LibJPEG/source/jdarith.c ****       }
 478:Middlewares/Third_Party/LibJPEG/source/jdarith.c ****       if (arith_decode(cinfo, st + 1)) {	/* newly nonzero coef */
 479:Middlewares/Third_Party/LibJPEG/source/jdarith.c **** 	if (arith_decode(cinfo, entropy->fixed_bin))
 480:Middlewares/Third_Party/LibJPEG/source/jdarith.c **** 	  *thiscoef = m1;
 481:Middlewares/Third_Party/LibJPEG/source/jdarith.c **** 	else
 482:Middlewares/Third_Party/LibJPEG/source/jdarith.c **** 	  *thiscoef = p1;
 483:Middlewares/Third_Party/LibJPEG/source/jdarith.c **** 	break;
 484:Middlewares/Third_Party/LibJPEG/source/jdarith.c ****       }
 485:Middlewares/Third_Party/LibJPEG/source/jdarith.c ****       st += 3; k++;
 486:Middlewares/Third_Party/LibJPEG/source/jdarith.c ****       if (k > cinfo->Se) {
 487:Middlewares/Third_Party/LibJPEG/source/jdarith.c **** 	WARNMS(cinfo, JWRN_ARITH_BAD_CODE);
 488:Middlewares/Third_Party/LibJPEG/source/jdarith.c **** 	entropy->ct = -1;			/* spectral overflow */
 489:Middlewares/Third_Party/LibJPEG/source/jdarith.c **** 	return TRUE;
 490:Middlewares/Third_Party/LibJPEG/source/jdarith.c ****       }
 491:Middlewares/Third_Party/LibJPEG/source/jdarith.c ****     }
 492:Middlewares/Third_Party/LibJPEG/source/jdarith.c ****   }
 493:Middlewares/Third_Party/LibJPEG/source/jdarith.c **** 
 494:Middlewares/Third_Party/LibJPEG/source/jdarith.c ****   return TRUE;
 495:Middlewares/Third_Party/LibJPEG/source/jdarith.c **** }
 496:Middlewares/Third_Party/LibJPEG/source/jdarith.c **** 
 497:Middlewares/Third_Party/LibJPEG/source/jdarith.c **** 
 498:Middlewares/Third_Party/LibJPEG/source/jdarith.c **** /*
 499:Middlewares/Third_Party/LibJPEG/source/jdarith.c ****  * Decode one MCU's worth of arithmetic-compressed coefficients.
 500:Middlewares/Third_Party/LibJPEG/source/jdarith.c ****  */
ARM GAS  /tmp/ccRJf3no.s 			page 17


 501:Middlewares/Third_Party/LibJPEG/source/jdarith.c **** 
 502:Middlewares/Third_Party/LibJPEG/source/jdarith.c **** METHODDEF(boolean)
 503:Middlewares/Third_Party/LibJPEG/source/jdarith.c **** decode_mcu (j_decompress_ptr cinfo, JBLOCKROW *MCU_data)
 504:Middlewares/Third_Party/LibJPEG/source/jdarith.c **** {
 505:Middlewares/Third_Party/LibJPEG/source/jdarith.c ****   arith_entropy_ptr entropy = (arith_entropy_ptr) cinfo->entropy;
 506:Middlewares/Third_Party/LibJPEG/source/jdarith.c ****   jpeg_component_info * compptr;
 507:Middlewares/Third_Party/LibJPEG/source/jdarith.c ****   JBLOCKROW block;
 508:Middlewares/Third_Party/LibJPEG/source/jdarith.c ****   unsigned char *st;
 509:Middlewares/Third_Party/LibJPEG/source/jdarith.c ****   int blkn, ci, tbl, sign, k;
 510:Middlewares/Third_Party/LibJPEG/source/jdarith.c ****   int v, m;
 511:Middlewares/Third_Party/LibJPEG/source/jdarith.c ****   const int * natural_order;
 512:Middlewares/Third_Party/LibJPEG/source/jdarith.c **** 
 513:Middlewares/Third_Party/LibJPEG/source/jdarith.c ****   /* Process restart marker if needed */
 514:Middlewares/Third_Party/LibJPEG/source/jdarith.c ****   if (cinfo->restart_interval) {
 515:Middlewares/Third_Party/LibJPEG/source/jdarith.c ****     if (entropy->restarts_to_go == 0)
 516:Middlewares/Third_Party/LibJPEG/source/jdarith.c ****       process_restart(cinfo);
 517:Middlewares/Third_Party/LibJPEG/source/jdarith.c ****     entropy->restarts_to_go--;
 518:Middlewares/Third_Party/LibJPEG/source/jdarith.c ****   }
 519:Middlewares/Third_Party/LibJPEG/source/jdarith.c **** 
 520:Middlewares/Third_Party/LibJPEG/source/jdarith.c ****   if (entropy->ct == -1) return TRUE;	/* if error do nothing */
 521:Middlewares/Third_Party/LibJPEG/source/jdarith.c **** 
 522:Middlewares/Third_Party/LibJPEG/source/jdarith.c ****   natural_order = cinfo->natural_order;
 523:Middlewares/Third_Party/LibJPEG/source/jdarith.c **** 
 524:Middlewares/Third_Party/LibJPEG/source/jdarith.c ****   /* Outer loop handles each block in the MCU */
 525:Middlewares/Third_Party/LibJPEG/source/jdarith.c **** 
 526:Middlewares/Third_Party/LibJPEG/source/jdarith.c ****   for (blkn = 0; blkn < cinfo->blocks_in_MCU; blkn++) {
 527:Middlewares/Third_Party/LibJPEG/source/jdarith.c ****     block = MCU_data[blkn];
 528:Middlewares/Third_Party/LibJPEG/source/jdarith.c ****     ci = cinfo->MCU_membership[blkn];
 529:Middlewares/Third_Party/LibJPEG/source/jdarith.c ****     compptr = cinfo->cur_comp_info[ci];
 530:Middlewares/Third_Party/LibJPEG/source/jdarith.c **** 
 531:Middlewares/Third_Party/LibJPEG/source/jdarith.c ****     /* Sections F.2.4.1 & F.1.4.4.1: Decoding of DC coefficients */
 532:Middlewares/Third_Party/LibJPEG/source/jdarith.c **** 
 533:Middlewares/Third_Party/LibJPEG/source/jdarith.c ****     tbl = compptr->dc_tbl_no;
 534:Middlewares/Third_Party/LibJPEG/source/jdarith.c **** 
 535:Middlewares/Third_Party/LibJPEG/source/jdarith.c ****     /* Table F.4: Point to statistics bin S0 for DC coefficient coding */
 536:Middlewares/Third_Party/LibJPEG/source/jdarith.c ****     st = entropy->dc_stats[tbl] + entropy->dc_context[ci];
 537:Middlewares/Third_Party/LibJPEG/source/jdarith.c **** 
 538:Middlewares/Third_Party/LibJPEG/source/jdarith.c ****     /* Figure F.19: Decode_DC_DIFF */
 539:Middlewares/Third_Party/LibJPEG/source/jdarith.c ****     if (arith_decode(cinfo, st) == 0)
 540:Middlewares/Third_Party/LibJPEG/source/jdarith.c ****       entropy->dc_context[ci] = 0;
 541:Middlewares/Third_Party/LibJPEG/source/jdarith.c ****     else {
 542:Middlewares/Third_Party/LibJPEG/source/jdarith.c ****       /* Figure F.21: Decoding nonzero value v */
 543:Middlewares/Third_Party/LibJPEG/source/jdarith.c ****       /* Figure F.22: Decoding the sign of v */
 544:Middlewares/Third_Party/LibJPEG/source/jdarith.c ****       sign = arith_decode(cinfo, st + 1);
 545:Middlewares/Third_Party/LibJPEG/source/jdarith.c ****       st += 2; st += sign;
 546:Middlewares/Third_Party/LibJPEG/source/jdarith.c ****       /* Figure F.23: Decoding the magnitude category of v */
 547:Middlewares/Third_Party/LibJPEG/source/jdarith.c ****       if ((m = arith_decode(cinfo, st)) != 0) {
 548:Middlewares/Third_Party/LibJPEG/source/jdarith.c **** 	st = entropy->dc_stats[tbl] + 20;	/* Table F.4: X1 = 20 */
 549:Middlewares/Third_Party/LibJPEG/source/jdarith.c **** 	while (arith_decode(cinfo, st)) {
 550:Middlewares/Third_Party/LibJPEG/source/jdarith.c **** 	  if ((m <<= 1) == 0x8000) {
 551:Middlewares/Third_Party/LibJPEG/source/jdarith.c **** 	    WARNMS(cinfo, JWRN_ARITH_BAD_CODE);
 552:Middlewares/Third_Party/LibJPEG/source/jdarith.c **** 	    entropy->ct = -1;			/* magnitude overflow */
 553:Middlewares/Third_Party/LibJPEG/source/jdarith.c **** 	    return TRUE;
 554:Middlewares/Third_Party/LibJPEG/source/jdarith.c **** 	  }
 555:Middlewares/Third_Party/LibJPEG/source/jdarith.c **** 	  st += 1;
 556:Middlewares/Third_Party/LibJPEG/source/jdarith.c **** 	}
 557:Middlewares/Third_Party/LibJPEG/source/jdarith.c ****       }
ARM GAS  /tmp/ccRJf3no.s 			page 18


 558:Middlewares/Third_Party/LibJPEG/source/jdarith.c ****       /* Section F.1.4.4.1.2: Establish dc_context conditioning category */
 559:Middlewares/Third_Party/LibJPEG/source/jdarith.c ****       if (m < (int) ((1L << cinfo->arith_dc_L[tbl]) >> 1))
 560:Middlewares/Third_Party/LibJPEG/source/jdarith.c **** 	entropy->dc_context[ci] = 0;		   /* zero diff category */
 561:Middlewares/Third_Party/LibJPEG/source/jdarith.c ****       else if (m > (int) ((1L << cinfo->arith_dc_U[tbl]) >> 1))
 562:Middlewares/Third_Party/LibJPEG/source/jdarith.c **** 	entropy->dc_context[ci] = 12 + (sign * 4); /* large diff category */
 563:Middlewares/Third_Party/LibJPEG/source/jdarith.c ****       else
 564:Middlewares/Third_Party/LibJPEG/source/jdarith.c **** 	entropy->dc_context[ci] = 4 + (sign * 4);  /* small diff category */
 565:Middlewares/Third_Party/LibJPEG/source/jdarith.c ****       v = m;
 566:Middlewares/Third_Party/LibJPEG/source/jdarith.c ****       /* Figure F.24: Decoding the magnitude bit pattern of v */
 567:Middlewares/Third_Party/LibJPEG/source/jdarith.c ****       st += 14;
 568:Middlewares/Third_Party/LibJPEG/source/jdarith.c ****       while (m >>= 1)
 569:Middlewares/Third_Party/LibJPEG/source/jdarith.c **** 	if (arith_decode(cinfo, st)) v |= m;
 570:Middlewares/Third_Party/LibJPEG/source/jdarith.c ****       v += 1; if (sign) v = -v;
 571:Middlewares/Third_Party/LibJPEG/source/jdarith.c ****       entropy->last_dc_val[ci] += v;
 572:Middlewares/Third_Party/LibJPEG/source/jdarith.c ****     }
 573:Middlewares/Third_Party/LibJPEG/source/jdarith.c **** 
 574:Middlewares/Third_Party/LibJPEG/source/jdarith.c ****     (*block)[0] = (JCOEF) entropy->last_dc_val[ci];
 575:Middlewares/Third_Party/LibJPEG/source/jdarith.c **** 
 576:Middlewares/Third_Party/LibJPEG/source/jdarith.c ****     /* Sections F.2.4.2 & F.1.4.4.2: Decoding of AC coefficients */
 577:Middlewares/Third_Party/LibJPEG/source/jdarith.c **** 
 578:Middlewares/Third_Party/LibJPEG/source/jdarith.c ****     if (cinfo->lim_Se == 0) continue;
 579:Middlewares/Third_Party/LibJPEG/source/jdarith.c ****     tbl = compptr->ac_tbl_no;
 580:Middlewares/Third_Party/LibJPEG/source/jdarith.c ****     k = 0;
 581:Middlewares/Third_Party/LibJPEG/source/jdarith.c **** 
 582:Middlewares/Third_Party/LibJPEG/source/jdarith.c ****     /* Figure F.20: Decode_AC_coefficients */
 583:Middlewares/Third_Party/LibJPEG/source/jdarith.c ****     do {
 584:Middlewares/Third_Party/LibJPEG/source/jdarith.c ****       st = entropy->ac_stats[tbl] + 3 * k;
 585:Middlewares/Third_Party/LibJPEG/source/jdarith.c ****       if (arith_decode(cinfo, st)) break;	/* EOB flag */
 586:Middlewares/Third_Party/LibJPEG/source/jdarith.c ****       for (;;) {
 587:Middlewares/Third_Party/LibJPEG/source/jdarith.c **** 	k++;
 588:Middlewares/Third_Party/LibJPEG/source/jdarith.c **** 	if (arith_decode(cinfo, st + 1)) break;
 589:Middlewares/Third_Party/LibJPEG/source/jdarith.c **** 	st += 3;
 590:Middlewares/Third_Party/LibJPEG/source/jdarith.c **** 	if (k >= cinfo->lim_Se) {
 591:Middlewares/Third_Party/LibJPEG/source/jdarith.c **** 	  WARNMS(cinfo, JWRN_ARITH_BAD_CODE);
 592:Middlewares/Third_Party/LibJPEG/source/jdarith.c **** 	  entropy->ct = -1;			/* spectral overflow */
 593:Middlewares/Third_Party/LibJPEG/source/jdarith.c **** 	  return TRUE;
 594:Middlewares/Third_Party/LibJPEG/source/jdarith.c **** 	}
 595:Middlewares/Third_Party/LibJPEG/source/jdarith.c ****       }
 596:Middlewares/Third_Party/LibJPEG/source/jdarith.c ****       /* Figure F.21: Decoding nonzero value v */
 597:Middlewares/Third_Party/LibJPEG/source/jdarith.c ****       /* Figure F.22: Decoding the sign of v */
 598:Middlewares/Third_Party/LibJPEG/source/jdarith.c ****       sign = arith_decode(cinfo, entropy->fixed_bin);
 599:Middlewares/Third_Party/LibJPEG/source/jdarith.c ****       st += 2;
 600:Middlewares/Third_Party/LibJPEG/source/jdarith.c ****       /* Figure F.23: Decoding the magnitude category of v */
 601:Middlewares/Third_Party/LibJPEG/source/jdarith.c ****       if ((m = arith_decode(cinfo, st)) != 0) {
 602:Middlewares/Third_Party/LibJPEG/source/jdarith.c **** 	if (arith_decode(cinfo, st)) {
 603:Middlewares/Third_Party/LibJPEG/source/jdarith.c **** 	  m <<= 1;
 604:Middlewares/Third_Party/LibJPEG/source/jdarith.c **** 	  st = entropy->ac_stats[tbl] +
 605:Middlewares/Third_Party/LibJPEG/source/jdarith.c **** 	       (k <= cinfo->arith_ac_K[tbl] ? 189 : 217);
 606:Middlewares/Third_Party/LibJPEG/source/jdarith.c **** 	  while (arith_decode(cinfo, st)) {
 607:Middlewares/Third_Party/LibJPEG/source/jdarith.c **** 	    if ((m <<= 1) == 0x8000) {
 608:Middlewares/Third_Party/LibJPEG/source/jdarith.c **** 	      WARNMS(cinfo, JWRN_ARITH_BAD_CODE);
 609:Middlewares/Third_Party/LibJPEG/source/jdarith.c **** 	      entropy->ct = -1;			/* magnitude overflow */
 610:Middlewares/Third_Party/LibJPEG/source/jdarith.c **** 	      return TRUE;
 611:Middlewares/Third_Party/LibJPEG/source/jdarith.c **** 	    }
 612:Middlewares/Third_Party/LibJPEG/source/jdarith.c **** 	    st += 1;
 613:Middlewares/Third_Party/LibJPEG/source/jdarith.c **** 	  }
 614:Middlewares/Third_Party/LibJPEG/source/jdarith.c **** 	}
ARM GAS  /tmp/ccRJf3no.s 			page 19


 615:Middlewares/Third_Party/LibJPEG/source/jdarith.c ****       }
 616:Middlewares/Third_Party/LibJPEG/source/jdarith.c ****       v = m;
 617:Middlewares/Third_Party/LibJPEG/source/jdarith.c ****       /* Figure F.24: Decoding the magnitude bit pattern of v */
 618:Middlewares/Third_Party/LibJPEG/source/jdarith.c ****       st += 14;
 619:Middlewares/Third_Party/LibJPEG/source/jdarith.c ****       while (m >>= 1)
 620:Middlewares/Third_Party/LibJPEG/source/jdarith.c **** 	if (arith_decode(cinfo, st)) v |= m;
 621:Middlewares/Third_Party/LibJPEG/source/jdarith.c ****       v += 1; if (sign) v = -v;
 622:Middlewares/Third_Party/LibJPEG/source/jdarith.c ****       (*block)[natural_order[k]] = (JCOEF) v;
 623:Middlewares/Third_Party/LibJPEG/source/jdarith.c ****     } while (k < cinfo->lim_Se);
 624:Middlewares/Third_Party/LibJPEG/source/jdarith.c ****   }
 625:Middlewares/Third_Party/LibJPEG/source/jdarith.c **** 
 626:Middlewares/Third_Party/LibJPEG/source/jdarith.c ****   return TRUE;
 627:Middlewares/Third_Party/LibJPEG/source/jdarith.c **** }
 628:Middlewares/Third_Party/LibJPEG/source/jdarith.c **** 
 629:Middlewares/Third_Party/LibJPEG/source/jdarith.c **** 
 630:Middlewares/Third_Party/LibJPEG/source/jdarith.c **** /*
 631:Middlewares/Third_Party/LibJPEG/source/jdarith.c ****  * Initialize for an arithmetic-compressed scan.
 632:Middlewares/Third_Party/LibJPEG/source/jdarith.c ****  */
 633:Middlewares/Third_Party/LibJPEG/source/jdarith.c **** 
 634:Middlewares/Third_Party/LibJPEG/source/jdarith.c **** METHODDEF(void)
 635:Middlewares/Third_Party/LibJPEG/source/jdarith.c **** start_pass (j_decompress_ptr cinfo)
 636:Middlewares/Third_Party/LibJPEG/source/jdarith.c **** {
 370              		.loc 1 636 1 is_stmt 1 view -0
 371              		.cfi_startproc
 372              		@ args = 0, pretend = 0, frame = 0
 373              		@ frame_needed = 0, uses_anonymous_args = 0
 374              		.loc 1 636 1 is_stmt 0 view .LVU131
 375 0000 2DE9F047 		push	{r4, r5, r6, r7, r8, r9, r10, lr}
 376              	.LCFI2:
 377              		.cfi_def_cfa_offset 32
 378              		.cfi_offset 4, -32
 379              		.cfi_offset 5, -28
 380              		.cfi_offset 6, -24
 381              		.cfi_offset 7, -20
 382              		.cfi_offset 8, -16
 383              		.cfi_offset 9, -12
 384              		.cfi_offset 10, -8
 385              		.cfi_offset 14, -4
 386 0004 0446     		mov	r4, r0
 637:Middlewares/Third_Party/LibJPEG/source/jdarith.c ****   arith_entropy_ptr entropy = (arith_entropy_ptr) cinfo->entropy;
 387              		.loc 1 637 3 is_stmt 1 view .LVU132
 388              		.loc 1 637 21 is_stmt 0 view .LVU133
 389 0006 D0F8D081 		ldr	r8, [r0, #464]
 390              	.LVL35:
 638:Middlewares/Third_Party/LibJPEG/source/jdarith.c ****   int ci, tbl;
 391              		.loc 1 638 3 is_stmt 1 view .LVU134
 639:Middlewares/Third_Party/LibJPEG/source/jdarith.c ****   jpeg_component_info * compptr;
 392              		.loc 1 639 3 view .LVU135
 640:Middlewares/Third_Party/LibJPEG/source/jdarith.c **** 
 641:Middlewares/Third_Party/LibJPEG/source/jdarith.c ****   if (cinfo->progressive_mode) {
 393              		.loc 1 641 3 view .LVU136
 394              		.loc 1 641 12 is_stmt 0 view .LVU137
 395 000a D0F8E030 		ldr	r3, [r0, #224]
 396              		.loc 1 641 6 view .LVU138
 397 000e 002B     		cmp	r3, #0
 398 0010 00F09E80 		beq	.L21
 642:Middlewares/Third_Party/LibJPEG/source/jdarith.c ****     /* Validate progressive scan parameters */
ARM GAS  /tmp/ccRJf3no.s 			page 20


 643:Middlewares/Third_Party/LibJPEG/source/jdarith.c ****     if (cinfo->Ss == 0) {
 399              		.loc 1 643 5 is_stmt 1 view .LVU139
 400              		.loc 1 643 14 is_stmt 0 view .LVU140
 401 0014 D0F89831 		ldr	r3, [r0, #408]
 402              		.loc 1 643 8 view .LVU141
 403 0018 43BB     		cbnz	r3, .L22
 644:Middlewares/Third_Party/LibJPEG/source/jdarith.c ****       if (cinfo->Se != 0)
 404              		.loc 1 644 7 is_stmt 1 view .LVU142
 405              		.loc 1 644 16 is_stmt 0 view .LVU143
 406 001a D0F89C31 		ldr	r3, [r0, #412]
 407              		.loc 1 644 10 view .LVU144
 408 001e 5BB9     		cbnz	r3, .L23
 409              	.L24:
 645:Middlewares/Third_Party/LibJPEG/source/jdarith.c **** 	goto bad;
 646:Middlewares/Third_Party/LibJPEG/source/jdarith.c ****     } else {
 647:Middlewares/Third_Party/LibJPEG/source/jdarith.c ****       /* need not check Ss/Se < 0 since they came from unsigned bytes */
 648:Middlewares/Third_Party/LibJPEG/source/jdarith.c ****       if (cinfo->Se < cinfo->Ss || cinfo->Se > cinfo->lim_Se)
 649:Middlewares/Third_Party/LibJPEG/source/jdarith.c **** 	goto bad;
 650:Middlewares/Third_Party/LibJPEG/source/jdarith.c ****       /* AC scans may have only one component */
 651:Middlewares/Third_Party/LibJPEG/source/jdarith.c ****       if (cinfo->comps_in_scan != 1)
 652:Middlewares/Third_Party/LibJPEG/source/jdarith.c **** 	goto bad;
 653:Middlewares/Third_Party/LibJPEG/source/jdarith.c ****     }
 654:Middlewares/Third_Party/LibJPEG/source/jdarith.c ****     if (cinfo->Ah != 0) {
 410              		.loc 1 654 5 is_stmt 1 view .LVU145
 411              		.loc 1 654 14 is_stmt 0 view .LVU146
 412 0020 D4F8A031 		ldr	r3, [r4, #416]
 413              		.loc 1 654 8 view .LVU147
 414 0024 23B1     		cbz	r3, .L25
 655:Middlewares/Third_Party/LibJPEG/source/jdarith.c ****       /* Successive approximation refinement scan: must have Al = Ah-1. */
 656:Middlewares/Third_Party/LibJPEG/source/jdarith.c ****       if (cinfo->Ah-1 != cinfo->Al)
 415              		.loc 1 656 7 is_stmt 1 view .LVU148
 416              		.loc 1 656 20 is_stmt 0 view .LVU149
 417 0026 013B     		subs	r3, r3, #1
 418              		.loc 1 656 31 view .LVU150
 419 0028 D4F8A421 		ldr	r2, [r4, #420]
 420              		.loc 1 656 10 view .LVU151
 421 002c 9342     		cmp	r3, r2
 422 002e 03D1     		bne	.L23
 423              	.L25:
 657:Middlewares/Third_Party/LibJPEG/source/jdarith.c **** 	goto bad;
 658:Middlewares/Third_Party/LibJPEG/source/jdarith.c ****     }
 659:Middlewares/Third_Party/LibJPEG/source/jdarith.c ****     if (cinfo->Al > 13) {	/* need not check for < 0 */
 424              		.loc 1 659 5 is_stmt 1 view .LVU152
 425              		.loc 1 659 14 is_stmt 0 view .LVU153
 426 0030 D4F8A431 		ldr	r3, [r4, #420]
 427              		.loc 1 659 8 view .LVU154
 428 0034 0D2B     		cmp	r3, #13
 429 0036 16DD     		ble	.L26
 430              	.L23:
 660:Middlewares/Third_Party/LibJPEG/source/jdarith.c ****       bad:
 661:Middlewares/Third_Party/LibJPEG/source/jdarith.c ****       ERREXIT4(cinfo, JERR_BAD_PROGRESSION,
 431              		.loc 1 661 7 is_stmt 1 view .LVU155
 432 0038 2368     		ldr	r3, [r4]
 433 003a 1122     		movs	r2, #17
 434 003c 5A61     		str	r2, [r3, #20]
 435 003e 2368     		ldr	r3, [r4]
 436 0040 D4F89821 		ldr	r2, [r4, #408]
ARM GAS  /tmp/ccRJf3no.s 			page 21


 437 0044 9A61     		str	r2, [r3, #24]
 438 0046 2368     		ldr	r3, [r4]
 439 0048 D4F89C21 		ldr	r2, [r4, #412]
 440 004c DA61     		str	r2, [r3, #28]
 441 004e 2368     		ldr	r3, [r4]
 442 0050 D4F8A021 		ldr	r2, [r4, #416]
 443 0054 1A62     		str	r2, [r3, #32]
 444 0056 2368     		ldr	r3, [r4]
 445 0058 D4F8A421 		ldr	r2, [r4, #420]
 446 005c 5A62     		str	r2, [r3, #36]
 447 005e 2368     		ldr	r3, [r4]
 448 0060 1B68     		ldr	r3, [r3]
 449 0062 2046     		mov	r0, r4
 450              	.LVL36:
 451              		.loc 1 661 7 is_stmt 0 view .LVU156
 452 0064 9847     		blx	r3
 453              	.LVL37:
 454              	.L26:
 636:Middlewares/Third_Party/LibJPEG/source/jdarith.c ****   arith_entropy_ptr entropy = (arith_entropy_ptr) cinfo->entropy;
 455              		.loc 1 636 1 discriminator 1 view .LVU157
 456 0066 4FF0000A 		mov	r10, #0
 457 006a 3EE0     		b	.L27
 458              	.LVL38:
 459              	.L22:
 648:Middlewares/Third_Party/LibJPEG/source/jdarith.c **** 	goto bad;
 460              		.loc 1 648 7 is_stmt 1 view .LVU158
 648:Middlewares/Third_Party/LibJPEG/source/jdarith.c **** 	goto bad;
 461              		.loc 1 648 16 is_stmt 0 view .LVU159
 462 006c D0F89C21 		ldr	r2, [r0, #412]
 648:Middlewares/Third_Party/LibJPEG/source/jdarith.c **** 	goto bad;
 463              		.loc 1 648 10 view .LVU160
 464 0070 9342     		cmp	r3, r2
 465 0072 E1DC     		bgt	.L23
 648:Middlewares/Third_Party/LibJPEG/source/jdarith.c **** 	goto bad;
 466              		.loc 1 648 53 discriminator 1 view .LVU161
 467 0074 D0F8B031 		ldr	r3, [r0, #432]
 648:Middlewares/Third_Party/LibJPEG/source/jdarith.c **** 	goto bad;
 468              		.loc 1 648 33 discriminator 1 view .LVU162
 469 0078 9A42     		cmp	r2, r3
 470 007a DDDC     		bgt	.L23
 651:Middlewares/Third_Party/LibJPEG/source/jdarith.c **** 	goto bad;
 471              		.loc 1 651 7 is_stmt 1 view .LVU163
 651:Middlewares/Third_Party/LibJPEG/source/jdarith.c **** 	goto bad;
 472              		.loc 1 651 16 is_stmt 0 view .LVU164
 473 007c D0F85031 		ldr	r3, [r0, #336]
 651:Middlewares/Third_Party/LibJPEG/source/jdarith.c **** 	goto bad;
 474              		.loc 1 651 10 view .LVU165
 475 0080 012B     		cmp	r3, #1
 476 0082 D9D1     		bne	.L23
 477 0084 CCE7     		b	.L24
 478              	.LVL39:
 479              	.L54:
 480              	.LBB2:
 662:Middlewares/Third_Party/LibJPEG/source/jdarith.c **** 	       cinfo->Ss, cinfo->Se, cinfo->Ah, cinfo->Al);
 663:Middlewares/Third_Party/LibJPEG/source/jdarith.c ****     }
 664:Middlewares/Third_Party/LibJPEG/source/jdarith.c ****     /* Update progression status, and verify that scan order is legal.
 665:Middlewares/Third_Party/LibJPEG/source/jdarith.c ****      * Note that inter-scan inconsistencies are treated as warnings
ARM GAS  /tmp/ccRJf3no.s 			page 22


 666:Middlewares/Third_Party/LibJPEG/source/jdarith.c ****      * not fatal errors ... not clear if this is right way to behave.
 667:Middlewares/Third_Party/LibJPEG/source/jdarith.c ****      */
 668:Middlewares/Third_Party/LibJPEG/source/jdarith.c ****     for (ci = 0; ci < cinfo->comps_in_scan; ci++) {
 669:Middlewares/Third_Party/LibJPEG/source/jdarith.c ****       int coefi, cindex = cinfo->cur_comp_info[ci]->component_index;
 670:Middlewares/Third_Party/LibJPEG/source/jdarith.c ****       int *coef_bit_ptr = & cinfo->coef_bits[cindex][0];
 671:Middlewares/Third_Party/LibJPEG/source/jdarith.c ****       if (cinfo->Ss && coef_bit_ptr[0] < 0) /* AC without prior DC scan */
 672:Middlewares/Third_Party/LibJPEG/source/jdarith.c **** 	WARNMS2(cinfo, JWRN_BOGUS_PROGRESSION, cindex, 0);
 481              		.loc 1 672 2 is_stmt 1 view .LVU166
 482 0086 2368     		ldr	r3, [r4]
 483 0088 7622     		movs	r2, #118
 484 008a 5A61     		str	r2, [r3, #20]
 485 008c 2368     		ldr	r3, [r4]
 486 008e C3F81890 		str	r9, [r3, #24]
 487 0092 2368     		ldr	r3, [r4]
 488 0094 0022     		movs	r2, #0
 489 0096 DA61     		str	r2, [r3, #28]
 490 0098 2368     		ldr	r3, [r4]
 491 009a 5B68     		ldr	r3, [r3, #4]
 492 009c 4FF0FF31 		mov	r1, #-1
 493 00a0 2046     		mov	r0, r4
 494 00a2 9847     		blx	r3
 495              	.LVL40:
 496 00a4 38E0     		b	.L28
 497              	.LVL41:
 498              	.L52:
 499              	.LBB3:
 673:Middlewares/Third_Party/LibJPEG/source/jdarith.c ****       for (coefi = cinfo->Ss; coefi <= cinfo->Se; coefi++) {
 674:Middlewares/Third_Party/LibJPEG/source/jdarith.c **** 	int expected = (coef_bit_ptr[coefi] < 0) ? 0 : coef_bit_ptr[coefi];
 675:Middlewares/Third_Party/LibJPEG/source/jdarith.c **** 	if (cinfo->Ah != expected)
 676:Middlewares/Third_Party/LibJPEG/source/jdarith.c **** 	  WARNMS2(cinfo, JWRN_BOGUS_PROGRESSION, cindex, coefi);
 500              		.loc 1 676 4 view .LVU167
 501 00a6 2368     		ldr	r3, [r4]
 502              	.LVL42:
 503              		.loc 1 676 4 is_stmt 0 view .LVU168
 504 00a8 7622     		movs	r2, #118
 505 00aa 5A61     		str	r2, [r3, #20]
 506              	.LVL43:
 507              		.loc 1 676 4 view .LVU169
 508 00ac 2368     		ldr	r3, [r4]
 509 00ae C3F81890 		str	r9, [r3, #24]
 510 00b2 2368     		ldr	r3, [r4]
 511 00b4 DD61     		str	r5, [r3, #28]
 512 00b6 2368     		ldr	r3, [r4]
 513 00b8 5B68     		ldr	r3, [r3, #4]
 514 00ba 4FF0FF31 		mov	r1, #-1
 515 00be 2046     		mov	r0, r4
 516 00c0 9847     		blx	r3
 517              	.LVL44:
 518              	.L30:
 677:Middlewares/Third_Party/LibJPEG/source/jdarith.c **** 	coef_bit_ptr[coefi] = cinfo->Al;
 519              		.loc 1 677 2 is_stmt 1 discriminator 2 view .LVU170
 520              		.loc 1 677 29 is_stmt 0 discriminator 2 view .LVU171
 521 00c2 D4F8A431 		ldr	r3, [r4, #420]
 522              		.loc 1 677 22 discriminator 2 view .LVU172
 523 00c6 F351     		str	r3, [r6, r7]
 524              	.LBE3:
 673:Middlewares/Third_Party/LibJPEG/source/jdarith.c ****       for (coefi = cinfo->Ss; coefi <= cinfo->Se; coefi++) {
ARM GAS  /tmp/ccRJf3no.s 			page 23


 525              		.loc 1 673 51 is_stmt 1 discriminator 2 view .LVU173
 673:Middlewares/Third_Party/LibJPEG/source/jdarith.c ****       for (coefi = cinfo->Ss; coefi <= cinfo->Se; coefi++) {
 526              		.loc 1 673 56 is_stmt 0 discriminator 2 view .LVU174
 527 00c8 0135     		adds	r5, r5, #1
 528              	.LVL45:
 529              	.L29:
 673:Middlewares/Third_Party/LibJPEG/source/jdarith.c ****       for (coefi = cinfo->Ss; coefi <= cinfo->Se; coefi++) {
 530              		.loc 1 673 31 is_stmt 1 discriminator 1 view .LVU175
 673:Middlewares/Third_Party/LibJPEG/source/jdarith.c ****       for (coefi = cinfo->Ss; coefi <= cinfo->Se; coefi++) {
 531              		.loc 1 673 45 is_stmt 0 discriminator 1 view .LVU176
 532 00ca D4F89C31 		ldr	r3, [r4, #412]
 673:Middlewares/Third_Party/LibJPEG/source/jdarith.c ****       for (coefi = cinfo->Ss; coefi <= cinfo->Se; coefi++) {
 533              		.loc 1 673 7 discriminator 1 view .LVU177
 534 00ce AB42     		cmp	r3, r5
 535 00d0 09DB     		blt	.L51
 536              	.LBB4:
 674:Middlewares/Third_Party/LibJPEG/source/jdarith.c **** 	if (cinfo->Ah != expected)
 537              		.loc 1 674 2 is_stmt 1 view .LVU178
 674:Middlewares/Third_Party/LibJPEG/source/jdarith.c **** 	if (cinfo->Ah != expected)
 538              		.loc 1 674 30 is_stmt 0 view .LVU179
 539 00d2 AF00     		lsls	r7, r5, #2
 540 00d4 56F82530 		ldr	r3, [r6, r5, lsl #2]
 674:Middlewares/Third_Party/LibJPEG/source/jdarith.c **** 	if (cinfo->Ah != expected)
 541              		.loc 1 674 6 view .LVU180
 542 00d8 23EAE373 		bic	r3, r3, r3, asr #31
 543              	.LVL46:
 675:Middlewares/Third_Party/LibJPEG/source/jdarith.c **** 	  WARNMS2(cinfo, JWRN_BOGUS_PROGRESSION, cindex, coefi);
 544              		.loc 1 675 2 is_stmt 1 view .LVU181
 675:Middlewares/Third_Party/LibJPEG/source/jdarith.c **** 	  WARNMS2(cinfo, JWRN_BOGUS_PROGRESSION, cindex, coefi);
 545              		.loc 1 675 11 is_stmt 0 view .LVU182
 546 00dc D4F8A021 		ldr	r2, [r4, #416]
 675:Middlewares/Third_Party/LibJPEG/source/jdarith.c **** 	  WARNMS2(cinfo, JWRN_BOGUS_PROGRESSION, cindex, coefi);
 547              		.loc 1 675 5 view .LVU183
 548 00e0 9A42     		cmp	r2, r3
 549 00e2 E0D1     		bne	.L52
 675:Middlewares/Third_Party/LibJPEG/source/jdarith.c **** 	  WARNMS2(cinfo, JWRN_BOGUS_PROGRESSION, cindex, coefi);
 550              		.loc 1 675 5 view .LVU184
 551 00e4 EDE7     		b	.L30
 552              	.LVL47:
 553              	.L51:
 675:Middlewares/Third_Party/LibJPEG/source/jdarith.c **** 	  WARNMS2(cinfo, JWRN_BOGUS_PROGRESSION, cindex, coefi);
 554              		.loc 1 675 5 view .LVU185
 555              	.LBE4:
 556              	.LBE2:
 668:Middlewares/Third_Party/LibJPEG/source/jdarith.c ****       int coefi, cindex = cinfo->cur_comp_info[ci]->component_index;
 557              		.loc 1 668 45 is_stmt 1 discriminator 2 view .LVU186
 668:Middlewares/Third_Party/LibJPEG/source/jdarith.c ****       int coefi, cindex = cinfo->cur_comp_info[ci]->component_index;
 558              		.loc 1 668 47 is_stmt 0 discriminator 2 view .LVU187
 559 00e6 0AF1010A 		add	r10, r10, #1
 560              	.LVL48:
 561              	.L27:
 668:Middlewares/Third_Party/LibJPEG/source/jdarith.c ****       int coefi, cindex = cinfo->cur_comp_info[ci]->component_index;
 562              		.loc 1 668 18 is_stmt 1 discriminator 1 view .LVU188
 668:Middlewares/Third_Party/LibJPEG/source/jdarith.c ****       int coefi, cindex = cinfo->cur_comp_info[ci]->component_index;
 563              		.loc 1 668 28 is_stmt 0 discriminator 1 view .LVU189
 564 00ea D4F85031 		ldr	r3, [r4, #336]
 668:Middlewares/Third_Party/LibJPEG/source/jdarith.c ****       int coefi, cindex = cinfo->cur_comp_info[ci]->component_index;
ARM GAS  /tmp/ccRJf3no.s 			page 24


 565              		.loc 1 668 5 discriminator 1 view .LVU190
 566 00ee 5345     		cmp	r3, r10
 567 00f0 15DD     		ble	.L53
 568              	.LBB5:
 669:Middlewares/Third_Party/LibJPEG/source/jdarith.c ****       int *coef_bit_ptr = & cinfo->coef_bits[cindex][0];
 569              		.loc 1 669 7 is_stmt 1 view .LVU191
 669:Middlewares/Third_Party/LibJPEG/source/jdarith.c ****       int *coef_bit_ptr = & cinfo->coef_bits[cindex][0];
 570              		.loc 1 669 47 is_stmt 0 view .LVU192
 571 00f2 0AF15403 		add	r3, r10, #84
 572 00f6 04EB8303 		add	r3, r4, r3, lsl #2
 573 00fa 5B68     		ldr	r3, [r3, #4]
 669:Middlewares/Third_Party/LibJPEG/source/jdarith.c ****       int *coef_bit_ptr = & cinfo->coef_bits[cindex][0];
 574              		.loc 1 669 18 view .LVU193
 575 00fc D3F80490 		ldr	r9, [r3, #4]
 576              	.LVL49:
 670:Middlewares/Third_Party/LibJPEG/source/jdarith.c ****       if (cinfo->Ss && coef_bit_ptr[0] < 0) /* AC without prior DC scan */
 577              		.loc 1 670 7 is_stmt 1 view .LVU194
 670:Middlewares/Third_Party/LibJPEG/source/jdarith.c ****       if (cinfo->Ss && coef_bit_ptr[0] < 0) /* AC without prior DC scan */
 578              		.loc 1 670 34 is_stmt 0 view .LVU195
 579 0100 D4F8A030 		ldr	r3, [r4, #160]
 670:Middlewares/Third_Party/LibJPEG/source/jdarith.c ****       if (cinfo->Ss && coef_bit_ptr[0] < 0) /* AC without prior DC scan */
 580              		.loc 1 670 45 view .LVU196
 581 0104 4FEA0921 		lsl	r1, r9, #8
 582 0108 03EB0926 		add	r6, r3, r9, lsl #8
 583              	.LVL50:
 671:Middlewares/Third_Party/LibJPEG/source/jdarith.c **** 	WARNMS2(cinfo, JWRN_BOGUS_PROGRESSION, cindex, 0);
 584              		.loc 1 671 7 is_stmt 1 view .LVU197
 671:Middlewares/Third_Party/LibJPEG/source/jdarith.c **** 	WARNMS2(cinfo, JWRN_BOGUS_PROGRESSION, cindex, 0);
 585              		.loc 1 671 16 is_stmt 0 view .LVU198
 586 010c D4F89821 		ldr	r2, [r4, #408]
 671:Middlewares/Third_Party/LibJPEG/source/jdarith.c **** 	WARNMS2(cinfo, JWRN_BOGUS_PROGRESSION, cindex, 0);
 587              		.loc 1 671 10 view .LVU199
 588 0110 12B1     		cbz	r2, .L28
 671:Middlewares/Third_Party/LibJPEG/source/jdarith.c **** 	WARNMS2(cinfo, JWRN_BOGUS_PROGRESSION, cindex, 0);
 589              		.loc 1 671 36 discriminator 1 view .LVU200
 590 0112 5B58     		ldr	r3, [r3, r1]
 671:Middlewares/Third_Party/LibJPEG/source/jdarith.c **** 	WARNMS2(cinfo, JWRN_BOGUS_PROGRESSION, cindex, 0);
 591              		.loc 1 671 21 discriminator 1 view .LVU201
 592 0114 002B     		cmp	r3, #0
 593 0116 B6DB     		blt	.L54
 594              	.L28:
 673:Middlewares/Third_Party/LibJPEG/source/jdarith.c **** 	int expected = (coef_bit_ptr[coefi] < 0) ? 0 : coef_bit_ptr[coefi];
 595              		.loc 1 673 7 is_stmt 1 view .LVU202
 673:Middlewares/Third_Party/LibJPEG/source/jdarith.c **** 	int expected = (coef_bit_ptr[coefi] < 0) ? 0 : coef_bit_ptr[coefi];
 596              		.loc 1 673 18 is_stmt 0 view .LVU203
 597 0118 D4F89851 		ldr	r5, [r4, #408]
 598              	.LVL51:
 673:Middlewares/Third_Party/LibJPEG/source/jdarith.c **** 	int expected = (coef_bit_ptr[coefi] < 0) ? 0 : coef_bit_ptr[coefi];
 599              		.loc 1 673 7 view .LVU204
 600 011c D5E7     		b	.L29
 601              	.LVL52:
 602              	.L53:
 673:Middlewares/Third_Party/LibJPEG/source/jdarith.c **** 	int expected = (coef_bit_ptr[coefi] < 0) ? 0 : coef_bit_ptr[coefi];
 603              		.loc 1 673 7 view .LVU205
 604              	.LBE5:
 678:Middlewares/Third_Party/LibJPEG/source/jdarith.c ****       }
 679:Middlewares/Third_Party/LibJPEG/source/jdarith.c ****     }
ARM GAS  /tmp/ccRJf3no.s 			page 25


 680:Middlewares/Third_Party/LibJPEG/source/jdarith.c ****     /* Select MCU decoding routine */
 681:Middlewares/Third_Party/LibJPEG/source/jdarith.c ****     if (cinfo->Ah == 0) {
 605              		.loc 1 681 5 is_stmt 1 view .LVU206
 606              		.loc 1 681 14 is_stmt 0 view .LVU207
 607 011e D4F8A031 		ldr	r3, [r4, #416]
 608              		.loc 1 681 8 view .LVU208
 609 0122 53B9     		cbnz	r3, .L33
 682:Middlewares/Third_Party/LibJPEG/source/jdarith.c ****       if (cinfo->Ss == 0)
 610              		.loc 1 682 7 is_stmt 1 view .LVU209
 611              		.loc 1 682 16 is_stmt 0 view .LVU210
 612 0124 D4F89831 		ldr	r3, [r4, #408]
 613              		.loc 1 682 10 view .LVU211
 614 0128 1BB9     		cbnz	r3, .L34
 683:Middlewares/Third_Party/LibJPEG/source/jdarith.c **** 	entropy->pub.decode_mcu = decode_mcu_DC_first;
 615              		.loc 1 683 2 is_stmt 1 view .LVU212
 616              		.loc 1 683 26 is_stmt 0 view .LVU213
 617 012a 5A4B     		ldr	r3, .L58
 618 012c C8F80430 		str	r3, [r8, #4]
 619 0130 2BE0     		b	.L35
 620              	.L34:
 684:Middlewares/Third_Party/LibJPEG/source/jdarith.c ****       else
 685:Middlewares/Third_Party/LibJPEG/source/jdarith.c **** 	entropy->pub.decode_mcu = decode_mcu_AC_first;
 621              		.loc 1 685 2 is_stmt 1 view .LVU214
 622              		.loc 1 685 26 is_stmt 0 view .LVU215
 623 0132 594B     		ldr	r3, .L58+4
 624 0134 C8F80430 		str	r3, [r8, #4]
 625 0138 27E0     		b	.L35
 626              	.L33:
 686:Middlewares/Third_Party/LibJPEG/source/jdarith.c ****     } else {
 687:Middlewares/Third_Party/LibJPEG/source/jdarith.c ****       if (cinfo->Ss == 0)
 627              		.loc 1 687 7 is_stmt 1 view .LVU216
 628              		.loc 1 687 16 is_stmt 0 view .LVU217
 629 013a D4F89831 		ldr	r3, [r4, #408]
 630              		.loc 1 687 10 view .LVU218
 631 013e 1BB9     		cbnz	r3, .L37
 688:Middlewares/Third_Party/LibJPEG/source/jdarith.c **** 	entropy->pub.decode_mcu = decode_mcu_DC_refine;
 632              		.loc 1 688 2 is_stmt 1 view .LVU219
 633              		.loc 1 688 26 is_stmt 0 view .LVU220
 634 0140 564B     		ldr	r3, .L58+8
 635 0142 C8F80430 		str	r3, [r8, #4]
 636 0146 20E0     		b	.L35
 637              	.L37:
 689:Middlewares/Third_Party/LibJPEG/source/jdarith.c ****       else
 690:Middlewares/Third_Party/LibJPEG/source/jdarith.c **** 	entropy->pub.decode_mcu = decode_mcu_AC_refine;
 638              		.loc 1 690 2 is_stmt 1 view .LVU221
 639              		.loc 1 690 26 is_stmt 0 view .LVU222
 640 0148 554B     		ldr	r3, .L58+12
 641 014a C8F80430 		str	r3, [r8, #4]
 642 014e 1CE0     		b	.L35
 643              	.LVL53:
 644              	.L21:
 691:Middlewares/Third_Party/LibJPEG/source/jdarith.c ****     }
 692:Middlewares/Third_Party/LibJPEG/source/jdarith.c ****   } else {
 693:Middlewares/Third_Party/LibJPEG/source/jdarith.c ****     /* Check that the scan parameters Ss, Se, Ah/Al are OK for sequential JPEG.
 694:Middlewares/Third_Party/LibJPEG/source/jdarith.c ****      * This ought to be an error condition, but we make it a warning.
 695:Middlewares/Third_Party/LibJPEG/source/jdarith.c ****      */
 696:Middlewares/Third_Party/LibJPEG/source/jdarith.c ****     if (cinfo->Ss != 0 || cinfo->Ah != 0 || cinfo->Al != 0 ||
ARM GAS  /tmp/ccRJf3no.s 			page 26


 645              		.loc 1 696 5 is_stmt 1 view .LVU223
 646              		.loc 1 696 14 is_stmt 0 view .LVU224
 647 0150 D0F89831 		ldr	r3, [r0, #408]
 648              		.loc 1 696 8 view .LVU225
 649 0154 6BB9     		cbnz	r3, .L38
 650              		.loc 1 696 32 discriminator 1 view .LVU226
 651 0156 D0F8A031 		ldr	r3, [r0, #416]
 652              		.loc 1 696 24 discriminator 1 view .LVU227
 653 015a 53B9     		cbnz	r3, .L38
 654              		.loc 1 696 50 discriminator 2 view .LVU228
 655 015c D0F8A431 		ldr	r3, [r0, #420]
 656              		.loc 1 696 42 discriminator 2 view .LVU229
 657 0160 3BB9     		cbnz	r3, .L38
 697:Middlewares/Third_Party/LibJPEG/source/jdarith.c **** 	(cinfo->Se < DCTSIZE2 && cinfo->Se != cinfo->lim_Se))
 658              		.loc 1 697 8 discriminator 3 view .LVU230
 659 0162 D0F89C31 		ldr	r3, [r0, #412]
 696:Middlewares/Third_Party/LibJPEG/source/jdarith.c **** 	(cinfo->Se < DCTSIZE2 && cinfo->Se != cinfo->lim_Se))
 660              		.loc 1 696 60 discriminator 3 view .LVU231
 661 0166 3F2B     		cmp	r3, #63
 662 0168 0CDC     		bgt	.L39
 663              		.loc 1 697 45 view .LVU232
 664 016a D0F8B021 		ldr	r2, [r0, #432]
 665              		.loc 1 697 24 view .LVU233
 666 016e 9342     		cmp	r3, r2
 667 0170 08D0     		beq	.L39
 668              	.L38:
 698:Middlewares/Third_Party/LibJPEG/source/jdarith.c ****       WARNMS(cinfo, JWRN_NOT_SEQUENTIAL);
 669              		.loc 1 698 7 is_stmt 1 view .LVU234
 670 0172 2368     		ldr	r3, [r4]
 671 0174 7D22     		movs	r2, #125
 672 0176 5A61     		str	r2, [r3, #20]
 673 0178 2368     		ldr	r3, [r4]
 674 017a 5B68     		ldr	r3, [r3, #4]
 675 017c 4FF0FF31 		mov	r1, #-1
 676 0180 2046     		mov	r0, r4
 677              	.LVL54:
 678              		.loc 1 698 7 is_stmt 0 view .LVU235
 679 0182 9847     		blx	r3
 680              	.LVL55:
 681              	.L39:
 699:Middlewares/Third_Party/LibJPEG/source/jdarith.c ****     /* Select MCU decoding routine */
 700:Middlewares/Third_Party/LibJPEG/source/jdarith.c ****     entropy->pub.decode_mcu = decode_mcu;
 682              		.loc 1 700 5 is_stmt 1 view .LVU236
 683              		.loc 1 700 29 is_stmt 0 view .LVU237
 684 0184 474B     		ldr	r3, .L58+16
 685 0186 C8F80430 		str	r3, [r8, #4]
 686              	.L35:
 636:Middlewares/Third_Party/LibJPEG/source/jdarith.c ****   arith_entropy_ptr entropy = (arith_entropy_ptr) cinfo->entropy;
 687              		.loc 1 636 1 discriminator 1 view .LVU238
 688 018a 0025     		movs	r5, #0
 689 018c 46E0     		b	.L36
 690              	.LVL56:
 691              	.L40:
 701:Middlewares/Third_Party/LibJPEG/source/jdarith.c ****   }
 702:Middlewares/Third_Party/LibJPEG/source/jdarith.c **** 
 703:Middlewares/Third_Party/LibJPEG/source/jdarith.c ****   /* Allocate & initialize requested statistics areas */
 704:Middlewares/Third_Party/LibJPEG/source/jdarith.c ****   for (ci = 0; ci < cinfo->comps_in_scan; ci++) {
ARM GAS  /tmp/ccRJf3no.s 			page 27


 705:Middlewares/Third_Party/LibJPEG/source/jdarith.c ****     compptr = cinfo->cur_comp_info[ci];
 706:Middlewares/Third_Party/LibJPEG/source/jdarith.c ****     if (! cinfo->progressive_mode || (cinfo->Ss == 0 && cinfo->Ah == 0)) {
 707:Middlewares/Third_Party/LibJPEG/source/jdarith.c ****       tbl = compptr->dc_tbl_no;
 692              		.loc 1 707 7 is_stmt 1 view .LVU239
 693              		.loc 1 707 11 is_stmt 0 view .LVU240
 694 018e 7E69     		ldr	r6, [r7, #20]
 695              	.LVL57:
 708:Middlewares/Third_Party/LibJPEG/source/jdarith.c ****       if (tbl < 0 || tbl >= NUM_ARITH_TBLS)
 696              		.loc 1 708 7 is_stmt 1 view .LVU241
 697              		.loc 1 708 10 is_stmt 0 view .LVU242
 698 0190 0F2E     		cmp	r6, #15
 699 0192 08D9     		bls	.L42
 709:Middlewares/Third_Party/LibJPEG/source/jdarith.c **** 	ERREXIT1(cinfo, JERR_NO_ARITH_TABLE, tbl);
 700              		.loc 1 709 2 is_stmt 1 view .LVU243
 701 0194 2368     		ldr	r3, [r4]
 702 0196 3222     		movs	r2, #50
 703 0198 5A61     		str	r2, [r3, #20]
 704 019a 2368     		ldr	r3, [r4]
 705 019c 9E61     		str	r6, [r3, #24]
 706 019e 2368     		ldr	r3, [r4]
 707 01a0 1B68     		ldr	r3, [r3]
 708 01a2 2046     		mov	r0, r4
 709 01a4 9847     		blx	r3
 710              	.LVL58:
 711              	.L42:
 710:Middlewares/Third_Party/LibJPEG/source/jdarith.c ****       if (entropy->dc_stats[tbl] == NULL)
 712              		.loc 1 710 7 view .LVU244
 713              		.loc 1 710 28 is_stmt 0 view .LVU245
 714 01a6 06F10E03 		add	r3, r6, #14
 715 01aa 58F82330 		ldr	r3, [r8, r3, lsl #2]
 716              		.loc 1 710 10 view .LVU246
 717 01ae 002B     		cmp	r3, #0
 718 01b0 4AD0     		beq	.L55
 719              	.L43:
 711:Middlewares/Third_Party/LibJPEG/source/jdarith.c **** 	entropy->dc_stats[tbl] = (unsigned char *) (*cinfo->mem->alloc_small)
 712:Middlewares/Third_Party/LibJPEG/source/jdarith.c **** 	  ((j_common_ptr) cinfo, JPOOL_IMAGE, DC_STAT_BINS);
 713:Middlewares/Third_Party/LibJPEG/source/jdarith.c ****       MEMZERO(entropy->dc_stats[tbl], DC_STAT_BINS);
 720              		.loc 1 713 7 is_stmt 1 view .LVU247
 721 01b2 0E36     		adds	r6, r6, #14
 722              	.LVL59:
 723              		.loc 1 713 7 is_stmt 0 view .LVU248
 724 01b4 4022     		movs	r2, #64
 725 01b6 0021     		movs	r1, #0
 726 01b8 58F82600 		ldr	r0, [r8, r6, lsl #2]
 727 01bc FFF7FEFF 		bl	memset
 728              	.LVL60:
 714:Middlewares/Third_Party/LibJPEG/source/jdarith.c ****       /* Initialize DC predictions to 0 */
 715:Middlewares/Third_Party/LibJPEG/source/jdarith.c ****       entropy->last_dc_val[ci] = 0;
 729              		.loc 1 715 7 is_stmt 1 view .LVU249
 730              		.loc 1 715 32 is_stmt 0 view .LVU250
 731 01c0 2B1D     		adds	r3, r5, #4
 732 01c2 08EB8303 		add	r3, r8, r3, lsl #2
 733 01c6 0022     		movs	r2, #0
 734 01c8 5A60     		str	r2, [r3, #4]
 716:Middlewares/Third_Party/LibJPEG/source/jdarith.c ****       entropy->dc_context[ci] = 0;
 735              		.loc 1 716 7 is_stmt 1 view .LVU251
 736              		.loc 1 716 31 is_stmt 0 view .LVU252
ARM GAS  /tmp/ccRJf3no.s 			page 28


 737 01ca 05F10803 		add	r3, r5, #8
 738 01ce 08EB8303 		add	r3, r8, r3, lsl #2
 739 01d2 5A60     		str	r2, [r3, #4]
 740              	.LVL61:
 741              	.L41:
 717:Middlewares/Third_Party/LibJPEG/source/jdarith.c ****     }
 718:Middlewares/Third_Party/LibJPEG/source/jdarith.c ****     if ((! cinfo->progressive_mode && cinfo->lim_Se) ||
 742              		.loc 1 718 5 is_stmt 1 view .LVU253
 743              		.loc 1 718 17 is_stmt 0 view .LVU254
 744 01d4 D4F8E030 		ldr	r3, [r4, #224]
 745              		.loc 1 718 8 view .LVU255
 746 01d8 13B9     		cbnz	r3, .L44
 747              		.loc 1 718 44 discriminator 1 view .LVU256
 748 01da D4F8B021 		ldr	r2, [r4, #432]
 749              		.loc 1 718 36 discriminator 1 view .LVU257
 750 01de 1AB9     		cbnz	r2, .L45
 751              	.L44:
 752              		.loc 1 718 54 discriminator 3 view .LVU258
 753 01e0 DBB1     		cbz	r3, .L46
 719:Middlewares/Third_Party/LibJPEG/source/jdarith.c **** 	(cinfo->progressive_mode && cinfo->Ss)) {
 754              		.loc 1 719 35 view .LVU259
 755 01e2 D4F89831 		ldr	r3, [r4, #408]
 756              		.loc 1 719 27 view .LVU260
 757 01e6 C3B1     		cbz	r3, .L46
 758              	.L45:
 720:Middlewares/Third_Party/LibJPEG/source/jdarith.c ****       tbl = compptr->ac_tbl_no;
 759              		.loc 1 720 7 is_stmt 1 view .LVU261
 760              		.loc 1 720 11 is_stmt 0 view .LVU262
 761 01e8 BE69     		ldr	r6, [r7, #24]
 762              	.LVL62:
 721:Middlewares/Third_Party/LibJPEG/source/jdarith.c ****       if (tbl < 0 || tbl >= NUM_ARITH_TBLS)
 763              		.loc 1 721 7 is_stmt 1 view .LVU263
 764              		.loc 1 721 10 is_stmt 0 view .LVU264
 765 01ea 0F2E     		cmp	r6, #15
 766 01ec 08D9     		bls	.L47
 722:Middlewares/Third_Party/LibJPEG/source/jdarith.c **** 	ERREXIT1(cinfo, JERR_NO_ARITH_TABLE, tbl);
 767              		.loc 1 722 2 is_stmt 1 view .LVU265
 768 01ee 2368     		ldr	r3, [r4]
 769 01f0 3222     		movs	r2, #50
 770 01f2 5A61     		str	r2, [r3, #20]
 771 01f4 2368     		ldr	r3, [r4]
 772 01f6 9E61     		str	r6, [r3, #24]
 773 01f8 2368     		ldr	r3, [r4]
 774 01fa 1B68     		ldr	r3, [r3]
 775 01fc 2046     		mov	r0, r4
 776 01fe 9847     		blx	r3
 777              	.LVL63:
 778              	.L47:
 723:Middlewares/Third_Party/LibJPEG/source/jdarith.c ****       if (entropy->ac_stats[tbl] == NULL)
 779              		.loc 1 723 7 view .LVU266
 780              		.loc 1 723 28 is_stmt 0 view .LVU267
 781 0200 06F11E03 		add	r3, r6, #30
 782 0204 58F82330 		ldr	r3, [r8, r3, lsl #2]
 783              		.loc 1 723 10 view .LVU268
 784 0208 4BB3     		cbz	r3, .L56
 785              	.L48:
 724:Middlewares/Third_Party/LibJPEG/source/jdarith.c **** 	entropy->ac_stats[tbl] = (unsigned char *) (*cinfo->mem->alloc_small)
ARM GAS  /tmp/ccRJf3no.s 			page 29


 725:Middlewares/Third_Party/LibJPEG/source/jdarith.c **** 	  ((j_common_ptr) cinfo, JPOOL_IMAGE, AC_STAT_BINS);
 726:Middlewares/Third_Party/LibJPEG/source/jdarith.c ****       MEMZERO(entropy->ac_stats[tbl], AC_STAT_BINS);
 786              		.loc 1 726 7 is_stmt 1 view .LVU269
 787 020a 1E36     		adds	r6, r6, #30
 788              	.LVL64:
 789              		.loc 1 726 7 is_stmt 0 view .LVU270
 790 020c 4FF48072 		mov	r2, #256
 791 0210 0021     		movs	r1, #0
 792 0212 58F82600 		ldr	r0, [r8, r6, lsl #2]
 793 0216 FFF7FEFF 		bl	memset
 794              	.LVL65:
 795              	.L46:
 704:Middlewares/Third_Party/LibJPEG/source/jdarith.c ****     compptr = cinfo->cur_comp_info[ci];
 796              		.loc 1 704 43 is_stmt 1 discriminator 2 view .LVU271
 704:Middlewares/Third_Party/LibJPEG/source/jdarith.c ****     compptr = cinfo->cur_comp_info[ci];
 797              		.loc 1 704 45 is_stmt 0 discriminator 2 view .LVU272
 798 021a 0135     		adds	r5, r5, #1
 799              	.LVL66:
 800              	.L36:
 704:Middlewares/Third_Party/LibJPEG/source/jdarith.c ****     compptr = cinfo->cur_comp_info[ci];
 801              		.loc 1 704 16 is_stmt 1 discriminator 1 view .LVU273
 704:Middlewares/Third_Party/LibJPEG/source/jdarith.c ****     compptr = cinfo->cur_comp_info[ci];
 802              		.loc 1 704 26 is_stmt 0 discriminator 1 view .LVU274
 803 021c D4F85031 		ldr	r3, [r4, #336]
 704:Middlewares/Third_Party/LibJPEG/source/jdarith.c ****     compptr = cinfo->cur_comp_info[ci];
 804              		.loc 1 704 3 discriminator 1 view .LVU275
 805 0220 AB42     		cmp	r3, r5
 806 0222 28DD     		ble	.L57
 705:Middlewares/Third_Party/LibJPEG/source/jdarith.c ****     if (! cinfo->progressive_mode || (cinfo->Ss == 0 && cinfo->Ah == 0)) {
 807              		.loc 1 705 5 is_stmt 1 view .LVU276
 705:Middlewares/Third_Party/LibJPEG/source/jdarith.c ****     if (! cinfo->progressive_mode || (cinfo->Ss == 0 && cinfo->Ah == 0)) {
 808              		.loc 1 705 13 is_stmt 0 view .LVU277
 809 0224 05F15403 		add	r3, r5, #84
 810 0228 04EB8303 		add	r3, r4, r3, lsl #2
 811 022c 5F68     		ldr	r7, [r3, #4]
 812              	.LVL67:
 706:Middlewares/Third_Party/LibJPEG/source/jdarith.c ****       tbl = compptr->dc_tbl_no;
 813              		.loc 1 706 5 is_stmt 1 view .LVU278
 706:Middlewares/Third_Party/LibJPEG/source/jdarith.c ****       tbl = compptr->dc_tbl_no;
 814              		.loc 1 706 16 is_stmt 0 view .LVU279
 815 022e D4F8E030 		ldr	r3, [r4, #224]
 706:Middlewares/Third_Party/LibJPEG/source/jdarith.c ****       tbl = compptr->dc_tbl_no;
 816              		.loc 1 706 8 view .LVU280
 817 0232 002B     		cmp	r3, #0
 818 0234 ABD0     		beq	.L40
 706:Middlewares/Third_Party/LibJPEG/source/jdarith.c ****       tbl = compptr->dc_tbl_no;
 819              		.loc 1 706 44 discriminator 1 view .LVU281
 820 0236 D4F89831 		ldr	r3, [r4, #408]
 706:Middlewares/Third_Party/LibJPEG/source/jdarith.c ****       tbl = compptr->dc_tbl_no;
 821              		.loc 1 706 35 discriminator 1 view .LVU282
 822 023a 002B     		cmp	r3, #0
 823 023c CAD1     		bne	.L41
 706:Middlewares/Third_Party/LibJPEG/source/jdarith.c ****       tbl = compptr->dc_tbl_no;
 824              		.loc 1 706 62 discriminator 2 view .LVU283
 825 023e D4F8A031 		ldr	r3, [r4, #416]
 706:Middlewares/Third_Party/LibJPEG/source/jdarith.c ****       tbl = compptr->dc_tbl_no;
 826              		.loc 1 706 54 discriminator 2 view .LVU284
ARM GAS  /tmp/ccRJf3no.s 			page 30


 827 0242 002B     		cmp	r3, #0
 828 0244 C6D1     		bne	.L41
 829 0246 A2E7     		b	.L40
 830              	.LVL68:
 831              	.L55:
 711:Middlewares/Third_Party/LibJPEG/source/jdarith.c **** 	  ((j_common_ptr) cinfo, JPOOL_IMAGE, DC_STAT_BINS);
 832              		.loc 1 711 2 is_stmt 1 view .LVU285
 711:Middlewares/Third_Party/LibJPEG/source/jdarith.c **** 	  ((j_common_ptr) cinfo, JPOOL_IMAGE, DC_STAT_BINS);
 833              		.loc 1 711 52 is_stmt 0 view .LVU286
 834 0248 6368     		ldr	r3, [r4, #4]
 711:Middlewares/Third_Party/LibJPEG/source/jdarith.c **** 	  ((j_common_ptr) cinfo, JPOOL_IMAGE, DC_STAT_BINS);
 835              		.loc 1 711 46 view .LVU287
 836 024a 1B68     		ldr	r3, [r3]
 837 024c 4022     		movs	r2, #64
 838 024e 0121     		movs	r1, #1
 839 0250 2046     		mov	r0, r4
 840 0252 9847     		blx	r3
 841              	.LVL69:
 711:Middlewares/Third_Party/LibJPEG/source/jdarith.c **** 	  ((j_common_ptr) cinfo, JPOOL_IMAGE, DC_STAT_BINS);
 842              		.loc 1 711 25 view .LVU288
 843 0254 06F10E03 		add	r3, r6, #14
 844 0258 48F82300 		str	r0, [r8, r3, lsl #2]
 845 025c A9E7     		b	.L43
 846              	.L56:
 724:Middlewares/Third_Party/LibJPEG/source/jdarith.c **** 	  ((j_common_ptr) cinfo, JPOOL_IMAGE, AC_STAT_BINS);
 847              		.loc 1 724 2 is_stmt 1 view .LVU289
 724:Middlewares/Third_Party/LibJPEG/source/jdarith.c **** 	  ((j_common_ptr) cinfo, JPOOL_IMAGE, AC_STAT_BINS);
 848              		.loc 1 724 52 is_stmt 0 view .LVU290
 849 025e 6368     		ldr	r3, [r4, #4]
 724:Middlewares/Third_Party/LibJPEG/source/jdarith.c **** 	  ((j_common_ptr) cinfo, JPOOL_IMAGE, AC_STAT_BINS);
 850              		.loc 1 724 46 view .LVU291
 851 0260 1B68     		ldr	r3, [r3]
 852 0262 4FF48072 		mov	r2, #256
 853 0266 0121     		movs	r1, #1
 854 0268 2046     		mov	r0, r4
 855 026a 9847     		blx	r3
 856              	.LVL70:
 724:Middlewares/Third_Party/LibJPEG/source/jdarith.c **** 	  ((j_common_ptr) cinfo, JPOOL_IMAGE, AC_STAT_BINS);
 857              		.loc 1 724 25 view .LVU292
 858 026c 06F11E03 		add	r3, r6, #30
 859 0270 48F82300 		str	r0, [r8, r3, lsl #2]
 860 0274 C9E7     		b	.L48
 861              	.LVL71:
 862              	.L57:
 727:Middlewares/Third_Party/LibJPEG/source/jdarith.c ****     }
 728:Middlewares/Third_Party/LibJPEG/source/jdarith.c ****   }
 729:Middlewares/Third_Party/LibJPEG/source/jdarith.c **** 
 730:Middlewares/Third_Party/LibJPEG/source/jdarith.c ****   /* Initialize arithmetic decoding variables */
 731:Middlewares/Third_Party/LibJPEG/source/jdarith.c ****   entropy->c = 0;
 863              		.loc 1 731 3 is_stmt 1 view .LVU293
 864              		.loc 1 731 14 is_stmt 0 view .LVU294
 865 0276 0023     		movs	r3, #0
 866 0278 C8F80830 		str	r3, [r8, #8]
 732:Middlewares/Third_Party/LibJPEG/source/jdarith.c ****   entropy->a = 0;
 867              		.loc 1 732 3 is_stmt 1 view .LVU295
 868              		.loc 1 732 14 is_stmt 0 view .LVU296
 869 027c C8F80C30 		str	r3, [r8, #12]
ARM GAS  /tmp/ccRJf3no.s 			page 31


 733:Middlewares/Third_Party/LibJPEG/source/jdarith.c ****   entropy->ct = -16;	/* force reading 2 initial bytes to fill C */
 870              		.loc 1 733 3 is_stmt 1 view .LVU297
 871              		.loc 1 733 15 is_stmt 0 view .LVU298
 872 0280 6FF00F03 		mvn	r3, #15
 873 0284 C8F81030 		str	r3, [r8, #16]
 734:Middlewares/Third_Party/LibJPEG/source/jdarith.c **** 
 735:Middlewares/Third_Party/LibJPEG/source/jdarith.c ****   /* Initialize restart counter */
 736:Middlewares/Third_Party/LibJPEG/source/jdarith.c ****   entropy->restarts_to_go = cinfo->restart_interval;
 874              		.loc 1 736 3 is_stmt 1 view .LVU299
 875              		.loc 1 736 34 is_stmt 0 view .LVU300
 876 0288 D4F81831 		ldr	r3, [r4, #280]
 877              		.loc 1 736 27 view .LVU301
 878 028c C8F83430 		str	r3, [r8, #52]
 737:Middlewares/Third_Party/LibJPEG/source/jdarith.c **** }
 879              		.loc 1 737 1 view .LVU302
 880 0290 BDE8F087 		pop	{r4, r5, r6, r7, r8, r9, r10, pc}
 881              	.LVL72:
 882              	.L59:
 883              		.loc 1 737 1 view .LVU303
 884              		.align	2
 885              	.L58:
 886 0294 00000000 		.word	decode_mcu_DC_first
 887 0298 00000000 		.word	decode_mcu_AC_first
 888 029c 00000000 		.word	decode_mcu_DC_refine
 889 02a0 00000000 		.word	decode_mcu_AC_refine
 890 02a4 00000000 		.word	decode_mcu
 891              		.cfi_endproc
 892              	.LFE15:
 894              		.section	.text.process_restart,"ax",%progbits
 895              		.align	1
 896              		.syntax unified
 897              		.thumb
 898              		.thumb_func
 899              		.fpu fpv4-sp-d16
 901              	process_restart:
 902              	.LVL73:
 903              	.LFB9:
 191:Middlewares/Third_Party/LibJPEG/source/jdarith.c ****   arith_entropy_ptr entropy = (arith_entropy_ptr) cinfo->entropy;
 904              		.loc 1 191 1 is_stmt 1 view -0
 905              		.cfi_startproc
 906              		@ args = 0, pretend = 0, frame = 0
 907              		@ frame_needed = 0, uses_anonymous_args = 0
 191:Middlewares/Third_Party/LibJPEG/source/jdarith.c ****   arith_entropy_ptr entropy = (arith_entropy_ptr) cinfo->entropy;
 908              		.loc 1 191 1 is_stmt 0 view .LVU305
 909 0000 F8B5     		push	{r3, r4, r5, r6, r7, lr}
 910              	.LCFI3:
 911              		.cfi_def_cfa_offset 24
 912              		.cfi_offset 3, -24
 913              		.cfi_offset 4, -20
 914              		.cfi_offset 5, -16
 915              		.cfi_offset 6, -12
 916              		.cfi_offset 7, -8
 917              		.cfi_offset 14, -4
 918 0002 0446     		mov	r4, r0
 192:Middlewares/Third_Party/LibJPEG/source/jdarith.c ****   int ci;
 919              		.loc 1 192 3 is_stmt 1 view .LVU306
 192:Middlewares/Third_Party/LibJPEG/source/jdarith.c ****   int ci;
ARM GAS  /tmp/ccRJf3no.s 			page 32


 920              		.loc 1 192 21 is_stmt 0 view .LVU307
 921 0004 D0F8D061 		ldr	r6, [r0, #464]
 922              	.LVL74:
 193:Middlewares/Third_Party/LibJPEG/source/jdarith.c ****   jpeg_component_info * compptr;
 923              		.loc 1 193 3 is_stmt 1 view .LVU308
 194:Middlewares/Third_Party/LibJPEG/source/jdarith.c **** 
 924              		.loc 1 194 3 view .LVU309
 197:Middlewares/Third_Party/LibJPEG/source/jdarith.c ****     ERREXIT(cinfo, JERR_CANT_SUSPEND);
 925              		.loc 1 197 3 view .LVU310
 197:Middlewares/Third_Party/LibJPEG/source/jdarith.c ****     ERREXIT(cinfo, JERR_CANT_SUSPEND);
 926              		.loc 1 197 16 is_stmt 0 view .LVU311
 927 0008 D0F8CC31 		ldr	r3, [r0, #460]
 197:Middlewares/Third_Party/LibJPEG/source/jdarith.c ****     ERREXIT(cinfo, JERR_CANT_SUSPEND);
 928              		.loc 1 197 10 view .LVU312
 929 000c 9B68     		ldr	r3, [r3, #8]
 930 000e 9847     		blx	r3
 931              	.LVL75:
 197:Middlewares/Third_Party/LibJPEG/source/jdarith.c ****     ERREXIT(cinfo, JERR_CANT_SUSPEND);
 932              		.loc 1 197 6 view .LVU313
 933 0010 30B9     		cbnz	r0, .L61
 198:Middlewares/Third_Party/LibJPEG/source/jdarith.c **** 
 934              		.loc 1 198 5 is_stmt 1 view .LVU314
 935 0012 2368     		ldr	r3, [r4]
 936 0014 1922     		movs	r2, #25
 937 0016 5A61     		str	r2, [r3, #20]
 938 0018 2368     		ldr	r3, [r4]
 939 001a 1B68     		ldr	r3, [r3]
 940 001c 2046     		mov	r0, r4
 941 001e 9847     		blx	r3
 942              	.LVL76:
 943              	.L61:
 191:Middlewares/Third_Party/LibJPEG/source/jdarith.c ****   arith_entropy_ptr entropy = (arith_entropy_ptr) cinfo->entropy;
 944              		.loc 1 191 1 is_stmt 0 discriminator 1 view .LVU315
 945 0020 0025     		movs	r5, #0
 946 0022 25E0     		b	.L62
 947              	.LVL77:
 948              	.L63:
 204:Middlewares/Third_Party/LibJPEG/source/jdarith.c ****       /* Reset DC predictions to 0 */
 949              		.loc 1 204 7 is_stmt 1 view .LVU316
 950 0024 7B69     		ldr	r3, [r7, #20]
 951 0026 0E33     		adds	r3, r3, #14
 952 0028 4022     		movs	r2, #64
 953 002a 0021     		movs	r1, #0
 954 002c 56F82300 		ldr	r0, [r6, r3, lsl #2]
 955 0030 FFF7FEFF 		bl	memset
 956              	.LVL78:
 206:Middlewares/Third_Party/LibJPEG/source/jdarith.c ****       entropy->dc_context[ci] = 0;
 957              		.loc 1 206 7 view .LVU317
 206:Middlewares/Third_Party/LibJPEG/source/jdarith.c ****       entropy->dc_context[ci] = 0;
 958              		.loc 1 206 32 is_stmt 0 view .LVU318
 959 0034 2B1D     		adds	r3, r5, #4
 960 0036 06EB8303 		add	r3, r6, r3, lsl #2
 961 003a 0022     		movs	r2, #0
 962 003c 5A60     		str	r2, [r3, #4]
 207:Middlewares/Third_Party/LibJPEG/source/jdarith.c ****     }
 963              		.loc 1 207 7 is_stmt 1 view .LVU319
 207:Middlewares/Third_Party/LibJPEG/source/jdarith.c ****     }
ARM GAS  /tmp/ccRJf3no.s 			page 33


 964              		.loc 1 207 31 is_stmt 0 view .LVU320
 965 003e 05F10803 		add	r3, r5, #8
 966 0042 06EB8303 		add	r3, r6, r3, lsl #2
 967 0046 5A60     		str	r2, [r3, #4]
 968              	.L64:
 209:Middlewares/Third_Party/LibJPEG/source/jdarith.c **** 	(cinfo->progressive_mode && cinfo->Ss)) {
 969              		.loc 1 209 5 is_stmt 1 view .LVU321
 209:Middlewares/Third_Party/LibJPEG/source/jdarith.c **** 	(cinfo->progressive_mode && cinfo->Ss)) {
 970              		.loc 1 209 17 is_stmt 0 view .LVU322
 971 0048 D4F8E030 		ldr	r3, [r4, #224]
 209:Middlewares/Third_Party/LibJPEG/source/jdarith.c **** 	(cinfo->progressive_mode && cinfo->Ss)) {
 972              		.loc 1 209 8 view .LVU323
 973 004c 13B9     		cbnz	r3, .L65
 209:Middlewares/Third_Party/LibJPEG/source/jdarith.c **** 	(cinfo->progressive_mode && cinfo->Ss)) {
 974              		.loc 1 209 44 discriminator 1 view .LVU324
 975 004e D4F8B021 		ldr	r2, [r4, #432]
 209:Middlewares/Third_Party/LibJPEG/source/jdarith.c **** 	(cinfo->progressive_mode && cinfo->Ss)) {
 976              		.loc 1 209 36 discriminator 1 view .LVU325
 977 0052 1AB9     		cbnz	r2, .L66
 978              	.L65:
 209:Middlewares/Third_Party/LibJPEG/source/jdarith.c **** 	(cinfo->progressive_mode && cinfo->Ss)) {
 979              		.loc 1 209 54 discriminator 3 view .LVU326
 980 0054 5BB1     		cbz	r3, .L67
 210:Middlewares/Third_Party/LibJPEG/source/jdarith.c ****       MEMZERO(entropy->ac_stats[compptr->ac_tbl_no], AC_STAT_BINS);
 981              		.loc 1 210 35 view .LVU327
 982 0056 D4F89831 		ldr	r3, [r4, #408]
 210:Middlewares/Third_Party/LibJPEG/source/jdarith.c ****       MEMZERO(entropy->ac_stats[compptr->ac_tbl_no], AC_STAT_BINS);
 983              		.loc 1 210 27 view .LVU328
 984 005a 43B1     		cbz	r3, .L67
 985              	.L66:
 211:Middlewares/Third_Party/LibJPEG/source/jdarith.c ****     }
 986              		.loc 1 211 7 is_stmt 1 view .LVU329
 987 005c BB69     		ldr	r3, [r7, #24]
 988 005e 1E33     		adds	r3, r3, #30
 989 0060 4FF48072 		mov	r2, #256
 990 0064 0021     		movs	r1, #0
 991 0066 56F82300 		ldr	r0, [r6, r3, lsl #2]
 992 006a FFF7FEFF 		bl	memset
 993              	.LVL79:
 994              	.L67:
 201:Middlewares/Third_Party/LibJPEG/source/jdarith.c ****     compptr = cinfo->cur_comp_info[ci];
 995              		.loc 1 201 43 discriminator 2 view .LVU330
 201:Middlewares/Third_Party/LibJPEG/source/jdarith.c ****     compptr = cinfo->cur_comp_info[ci];
 996              		.loc 1 201 45 is_stmt 0 discriminator 2 view .LVU331
 997 006e 0135     		adds	r5, r5, #1
 998              	.LVL80:
 999              	.L62:
 201:Middlewares/Third_Party/LibJPEG/source/jdarith.c ****     compptr = cinfo->cur_comp_info[ci];
 1000              		.loc 1 201 16 is_stmt 1 discriminator 1 view .LVU332
 201:Middlewares/Third_Party/LibJPEG/source/jdarith.c ****     compptr = cinfo->cur_comp_info[ci];
 1001              		.loc 1 201 26 is_stmt 0 discriminator 1 view .LVU333
 1002 0070 D4F85031 		ldr	r3, [r4, #336]
 201:Middlewares/Third_Party/LibJPEG/source/jdarith.c ****     compptr = cinfo->cur_comp_info[ci];
 1003              		.loc 1 201 3 discriminator 1 view .LVU334
 1004 0074 AB42     		cmp	r3, r5
 1005 0076 11DD     		ble	.L70
 202:Middlewares/Third_Party/LibJPEG/source/jdarith.c ****     if (! cinfo->progressive_mode || (cinfo->Ss == 0 && cinfo->Ah == 0)) {
ARM GAS  /tmp/ccRJf3no.s 			page 34


 1006              		.loc 1 202 5 is_stmt 1 view .LVU335
 202:Middlewares/Third_Party/LibJPEG/source/jdarith.c ****     if (! cinfo->progressive_mode || (cinfo->Ss == 0 && cinfo->Ah == 0)) {
 1007              		.loc 1 202 13 is_stmt 0 view .LVU336
 1008 0078 05F15403 		add	r3, r5, #84
 1009 007c 04EB8303 		add	r3, r4, r3, lsl #2
 1010 0080 5F68     		ldr	r7, [r3, #4]
 1011              	.LVL81:
 203:Middlewares/Third_Party/LibJPEG/source/jdarith.c ****       MEMZERO(entropy->dc_stats[compptr->dc_tbl_no], DC_STAT_BINS);
 1012              		.loc 1 203 5 is_stmt 1 view .LVU337
 203:Middlewares/Third_Party/LibJPEG/source/jdarith.c ****       MEMZERO(entropy->dc_stats[compptr->dc_tbl_no], DC_STAT_BINS);
 1013              		.loc 1 203 16 is_stmt 0 view .LVU338
 1014 0082 D4F8E030 		ldr	r3, [r4, #224]
 203:Middlewares/Third_Party/LibJPEG/source/jdarith.c ****       MEMZERO(entropy->dc_stats[compptr->dc_tbl_no], DC_STAT_BINS);
 1015              		.loc 1 203 8 view .LVU339
 1016 0086 002B     		cmp	r3, #0
 1017 0088 CCD0     		beq	.L63
 203:Middlewares/Third_Party/LibJPEG/source/jdarith.c ****       MEMZERO(entropy->dc_stats[compptr->dc_tbl_no], DC_STAT_BINS);
 1018              		.loc 1 203 44 discriminator 1 view .LVU340
 1019 008a D4F89831 		ldr	r3, [r4, #408]
 203:Middlewares/Third_Party/LibJPEG/source/jdarith.c ****       MEMZERO(entropy->dc_stats[compptr->dc_tbl_no], DC_STAT_BINS);
 1020              		.loc 1 203 35 discriminator 1 view .LVU341
 1021 008e 002B     		cmp	r3, #0
 1022 0090 DAD1     		bne	.L64
 203:Middlewares/Third_Party/LibJPEG/source/jdarith.c ****       MEMZERO(entropy->dc_stats[compptr->dc_tbl_no], DC_STAT_BINS);
 1023              		.loc 1 203 62 discriminator 2 view .LVU342
 1024 0092 D4F8A031 		ldr	r3, [r4, #416]
 203:Middlewares/Third_Party/LibJPEG/source/jdarith.c ****       MEMZERO(entropy->dc_stats[compptr->dc_tbl_no], DC_STAT_BINS);
 1025              		.loc 1 203 54 discriminator 2 view .LVU343
 1026 0096 002B     		cmp	r3, #0
 1027 0098 D6D1     		bne	.L64
 1028 009a C3E7     		b	.L63
 1029              	.LVL82:
 1030              	.L70:
 216:Middlewares/Third_Party/LibJPEG/source/jdarith.c ****   entropy->a = 0;
 1031              		.loc 1 216 3 is_stmt 1 view .LVU344
 216:Middlewares/Third_Party/LibJPEG/source/jdarith.c ****   entropy->a = 0;
 1032              		.loc 1 216 14 is_stmt 0 view .LVU345
 1033 009c 0023     		movs	r3, #0
 1034 009e B360     		str	r3, [r6, #8]
 217:Middlewares/Third_Party/LibJPEG/source/jdarith.c ****   entropy->ct = -16;	/* force reading 2 initial bytes to fill C */
 1035              		.loc 1 217 3 is_stmt 1 view .LVU346
 217:Middlewares/Third_Party/LibJPEG/source/jdarith.c ****   entropy->ct = -16;	/* force reading 2 initial bytes to fill C */
 1036              		.loc 1 217 14 is_stmt 0 view .LVU347
 1037 00a0 F360     		str	r3, [r6, #12]
 218:Middlewares/Third_Party/LibJPEG/source/jdarith.c **** 
 1038              		.loc 1 218 3 is_stmt 1 view .LVU348
 218:Middlewares/Third_Party/LibJPEG/source/jdarith.c **** 
 1039              		.loc 1 218 15 is_stmt 0 view .LVU349
 1040 00a2 6FF00F03 		mvn	r3, #15
 1041 00a6 3361     		str	r3, [r6, #16]
 221:Middlewares/Third_Party/LibJPEG/source/jdarith.c **** }
 1042              		.loc 1 221 3 is_stmt 1 view .LVU350
 221:Middlewares/Third_Party/LibJPEG/source/jdarith.c **** }
 1043              		.loc 1 221 34 is_stmt 0 view .LVU351
 1044 00a8 D4F81831 		ldr	r3, [r4, #280]
 221:Middlewares/Third_Party/LibJPEG/source/jdarith.c **** }
 1045              		.loc 1 221 27 view .LVU352
ARM GAS  /tmp/ccRJf3no.s 			page 35


 1046 00ac 7363     		str	r3, [r6, #52]
 222:Middlewares/Third_Party/LibJPEG/source/jdarith.c **** 
 1047              		.loc 1 222 1 view .LVU353
 1048 00ae F8BD     		pop	{r3, r4, r5, r6, r7, pc}
 222:Middlewares/Third_Party/LibJPEG/source/jdarith.c **** 
 1049              		.loc 1 222 1 view .LVU354
 1050              		.cfi_endproc
 1051              	.LFE9:
 1053              		.section	.text.decode_mcu,"ax",%progbits
 1054              		.align	1
 1055              		.syntax unified
 1056              		.thumb
 1057              		.thumb_func
 1058              		.fpu fpv4-sp-d16
 1060              	decode_mcu:
 1061              	.LVL83:
 1062              	.LFB14:
 504:Middlewares/Third_Party/LibJPEG/source/jdarith.c ****   arith_entropy_ptr entropy = (arith_entropy_ptr) cinfo->entropy;
 1063              		.loc 1 504 1 is_stmt 1 view -0
 1064              		.cfi_startproc
 1065              		@ args = 0, pretend = 0, frame = 16
 1066              		@ frame_needed = 0, uses_anonymous_args = 0
 504:Middlewares/Third_Party/LibJPEG/source/jdarith.c ****   arith_entropy_ptr entropy = (arith_entropy_ptr) cinfo->entropy;
 1067              		.loc 1 504 1 is_stmt 0 view .LVU356
 1068 0000 2DE9F04F 		push	{r4, r5, r6, r7, r8, r9, r10, fp, lr}
 1069              	.LCFI4:
 1070              		.cfi_def_cfa_offset 36
 1071              		.cfi_offset 4, -36
 1072              		.cfi_offset 5, -32
 1073              		.cfi_offset 6, -28
 1074              		.cfi_offset 7, -24
 1075              		.cfi_offset 8, -20
 1076              		.cfi_offset 9, -16
 1077              		.cfi_offset 10, -12
 1078              		.cfi_offset 11, -8
 1079              		.cfi_offset 14, -4
 1080 0004 85B0     		sub	sp, sp, #20
 1081              	.LCFI5:
 1082              		.cfi_def_cfa_offset 56
 1083 0006 0446     		mov	r4, r0
 1084 0008 0191     		str	r1, [sp, #4]
 505:Middlewares/Third_Party/LibJPEG/source/jdarith.c ****   jpeg_component_info * compptr;
 1085              		.loc 1 505 3 is_stmt 1 view .LVU357
 505:Middlewares/Third_Party/LibJPEG/source/jdarith.c ****   jpeg_component_info * compptr;
 1086              		.loc 1 505 21 is_stmt 0 view .LVU358
 1087 000a D0F8D071 		ldr	r7, [r0, #464]
 1088              	.LVL84:
 506:Middlewares/Third_Party/LibJPEG/source/jdarith.c ****   JBLOCKROW block;
 1089              		.loc 1 506 3 is_stmt 1 view .LVU359
 507:Middlewares/Third_Party/LibJPEG/source/jdarith.c ****   unsigned char *st;
 1090              		.loc 1 507 3 view .LVU360
 508:Middlewares/Third_Party/LibJPEG/source/jdarith.c ****   int blkn, ci, tbl, sign, k;
 1091              		.loc 1 508 3 view .LVU361
 509:Middlewares/Third_Party/LibJPEG/source/jdarith.c ****   int v, m;
 1092              		.loc 1 509 3 view .LVU362
 510:Middlewares/Third_Party/LibJPEG/source/jdarith.c ****   const int * natural_order;
 1093              		.loc 1 510 3 view .LVU363
ARM GAS  /tmp/ccRJf3no.s 			page 36


 511:Middlewares/Third_Party/LibJPEG/source/jdarith.c **** 
 1094              		.loc 1 511 3 view .LVU364
 514:Middlewares/Third_Party/LibJPEG/source/jdarith.c ****     if (entropy->restarts_to_go == 0)
 1095              		.loc 1 514 3 view .LVU365
 514:Middlewares/Third_Party/LibJPEG/source/jdarith.c ****     if (entropy->restarts_to_go == 0)
 1096              		.loc 1 514 12 is_stmt 0 view .LVU366
 1097 000e D0F81831 		ldr	r3, [r0, #280]
 514:Middlewares/Third_Party/LibJPEG/source/jdarith.c ****     if (entropy->restarts_to_go == 0)
 1098              		.loc 1 514 6 view .LVU367
 1099 0012 23B1     		cbz	r3, .L72
 515:Middlewares/Third_Party/LibJPEG/source/jdarith.c ****       process_restart(cinfo);
 1100              		.loc 1 515 5 is_stmt 1 view .LVU368
 515:Middlewares/Third_Party/LibJPEG/source/jdarith.c ****       process_restart(cinfo);
 1101              		.loc 1 515 16 is_stmt 0 view .LVU369
 1102 0014 7B6B     		ldr	r3, [r7, #52]
 515:Middlewares/Third_Party/LibJPEG/source/jdarith.c ****       process_restart(cinfo);
 1103              		.loc 1 515 8 view .LVU370
 1104 0016 6BB1     		cbz	r3, .L106
 1105              	.LVL85:
 1106              	.L73:
 517:Middlewares/Third_Party/LibJPEG/source/jdarith.c ****   }
 1107              		.loc 1 517 5 is_stmt 1 view .LVU371
 517:Middlewares/Third_Party/LibJPEG/source/jdarith.c ****   }
 1108              		.loc 1 517 12 is_stmt 0 view .LVU372
 1109 0018 7B6B     		ldr	r3, [r7, #52]
 517:Middlewares/Third_Party/LibJPEG/source/jdarith.c ****   }
 1110              		.loc 1 517 28 view .LVU373
 1111 001a 013B     		subs	r3, r3, #1
 1112 001c 7B63     		str	r3, [r7, #52]
 1113              	.L72:
 520:Middlewares/Third_Party/LibJPEG/source/jdarith.c **** 
 1114              		.loc 1 520 3 is_stmt 1 view .LVU374
 520:Middlewares/Third_Party/LibJPEG/source/jdarith.c **** 
 1115              		.loc 1 520 14 is_stmt 0 view .LVU375
 1116 001e 3B69     		ldr	r3, [r7, #16]
 520:Middlewares/Third_Party/LibJPEG/source/jdarith.c **** 
 1117              		.loc 1 520 6 view .LVU376
 1118 0020 B3F1FF3F 		cmp	r3, #-1
 1119 0024 00F03581 		beq	.L74
 522:Middlewares/Third_Party/LibJPEG/source/jdarith.c **** 
 1120              		.loc 1 522 3 is_stmt 1 view .LVU377
 522:Middlewares/Third_Party/LibJPEG/source/jdarith.c **** 
 1121              		.loc 1 522 17 is_stmt 0 view .LVU378
 1122 0028 D4F8AC31 		ldr	r3, [r4, #428]
 1123 002c 0293     		str	r3, [sp, #8]
 1124              	.LVL86:
 526:Middlewares/Third_Party/LibJPEG/source/jdarith.c ****     block = MCU_data[blkn];
 1125              		.loc 1 526 3 is_stmt 1 view .LVU379
 526:Middlewares/Third_Party/LibJPEG/source/jdarith.c ****     block = MCU_data[blkn];
 1126              		.loc 1 526 13 is_stmt 0 view .LVU380
 1127 002e 4FF0000A 		mov	r10, #0
 526:Middlewares/Third_Party/LibJPEG/source/jdarith.c ****     block = MCU_data[blkn];
 1128              		.loc 1 526 3 view .LVU381
 1129 0032 CFE0     		b	.L75
 1130              	.LVL87:
 1131              	.L106:
 516:Middlewares/Third_Party/LibJPEG/source/jdarith.c ****     entropy->restarts_to_go--;
ARM GAS  /tmp/ccRJf3no.s 			page 37


 1132              		.loc 1 516 7 is_stmt 1 view .LVU382
 1133 0034 FFF7FEFF 		bl	process_restart
 1134              	.LVL88:
 516:Middlewares/Third_Party/LibJPEG/source/jdarith.c ****     entropy->restarts_to_go--;
 1135              		.loc 1 516 7 is_stmt 0 view .LVU383
 1136 0038 EEE7     		b	.L73
 1137              	.LVL89:
 1138              	.L76:
 544:Middlewares/Third_Party/LibJPEG/source/jdarith.c ****       st += 2; st += sign;
 1139              		.loc 1 544 7 is_stmt 1 view .LVU384
 544:Middlewares/Third_Party/LibJPEG/source/jdarith.c ****       st += 2; st += sign;
 1140              		.loc 1 544 14 is_stmt 0 view .LVU385
 1141 003a 691C     		adds	r1, r5, #1
 1142 003c 2046     		mov	r0, r4
 1143 003e FFF7FEFF 		bl	arith_decode
 1144              	.LVL90:
 1145 0042 0346     		mov	r3, r0
 1146 0044 0390     		str	r0, [sp, #12]
 1147              	.LVL91:
 545:Middlewares/Third_Party/LibJPEG/source/jdarith.c ****       /* Figure F.23: Decoding the magnitude category of v */
 1148              		.loc 1 545 7 is_stmt 1 view .LVU386
 545:Middlewares/Third_Party/LibJPEG/source/jdarith.c ****       /* Figure F.23: Decoding the magnitude category of v */
 1149              		.loc 1 545 16 view .LVU387
 545:Middlewares/Third_Party/LibJPEG/source/jdarith.c ****       /* Figure F.23: Decoding the magnitude category of v */
 1150              		.loc 1 545 19 is_stmt 0 view .LVU388
 1151 0046 0233     		adds	r3, r3, #2
 1152 0048 1D44     		add	r5, r5, r3
 1153              	.LVL92:
 547:Middlewares/Third_Party/LibJPEG/source/jdarith.c **** 	st = entropy->dc_stats[tbl] + 20;	/* Table F.4: X1 = 20 */
 1154              		.loc 1 547 7 is_stmt 1 view .LVU389
 547:Middlewares/Third_Party/LibJPEG/source/jdarith.c **** 	st = entropy->dc_stats[tbl] + 20;	/* Table F.4: X1 = 20 */
 1155              		.loc 1 547 16 is_stmt 0 view .LVU390
 1156 004a 2946     		mov	r1, r5
 1157 004c 2046     		mov	r0, r4
 1158              	.LVL93:
 547:Middlewares/Third_Party/LibJPEG/source/jdarith.c **** 	st = entropy->dc_stats[tbl] + 20;	/* Table F.4: X1 = 20 */
 1159              		.loc 1 547 16 view .LVU391
 1160 004e FFF7FEFF 		bl	arith_decode
 1161              	.LVL94:
 547:Middlewares/Third_Party/LibJPEG/source/jdarith.c **** 	st = entropy->dc_stats[tbl] + 20;	/* Table F.4: X1 = 20 */
 1162              		.loc 1 547 10 view .LVU392
 1163 0052 8046     		mov	r8, r0
 1164 0054 E8B1     		cbz	r0, .L78
 548:Middlewares/Third_Party/LibJPEG/source/jdarith.c **** 	while (arith_decode(cinfo, st)) {
 1165              		.loc 1 548 2 is_stmt 1 view .LVU393
 548:Middlewares/Third_Party/LibJPEG/source/jdarith.c **** 	while (arith_decode(cinfo, st)) {
 1166              		.loc 1 548 24 is_stmt 0 view .LVU394
 1167 0056 0BF10E03 		add	r3, fp, #14
 1168 005a 57F82350 		ldr	r5, [r7, r3, lsl #2]
 1169              	.LVL95:
 548:Middlewares/Third_Party/LibJPEG/source/jdarith.c **** 	while (arith_decode(cinfo, st)) {
 1170              		.loc 1 548 5 view .LVU395
 1171 005e 1435     		adds	r5, r5, #20
 1172              	.LVL96:
 549:Middlewares/Third_Party/LibJPEG/source/jdarith.c **** 	  if ((m <<= 1) == 0x8000) {
 1173              		.loc 1 549 2 is_stmt 1 view .LVU396
 1174              	.L79:
ARM GAS  /tmp/ccRJf3no.s 			page 38


 549:Middlewares/Third_Party/LibJPEG/source/jdarith.c **** 	  if ((m <<= 1) == 0x8000) {
 1175              		.loc 1 549 8 view .LVU397
 549:Middlewares/Third_Party/LibJPEG/source/jdarith.c **** 	  if ((m <<= 1) == 0x8000) {
 1176              		.loc 1 549 9 is_stmt 0 view .LVU398
 1177 0060 2946     		mov	r1, r5
 1178 0062 2046     		mov	r0, r4
 1179 0064 FFF7FEFF 		bl	arith_decode
 1180              	.LVL97:
 549:Middlewares/Third_Party/LibJPEG/source/jdarith.c **** 	  if ((m <<= 1) == 0x8000) {
 1181              		.loc 1 549 8 view .LVU399
 1182 0068 98B1     		cbz	r0, .L78
 550:Middlewares/Third_Party/LibJPEG/source/jdarith.c **** 	    WARNMS(cinfo, JWRN_ARITH_BAD_CODE);
 1183              		.loc 1 550 4 is_stmt 1 view .LVU400
 550:Middlewares/Third_Party/LibJPEG/source/jdarith.c **** 	    WARNMS(cinfo, JWRN_ARITH_BAD_CODE);
 1184              		.loc 1 550 11 is_stmt 0 view .LVU401
 1185 006a 4FEA4808 		lsl	r8, r8, #1
 1186              	.LVL98:
 550:Middlewares/Third_Party/LibJPEG/source/jdarith.c **** 	    WARNMS(cinfo, JWRN_ARITH_BAD_CODE);
 1187              		.loc 1 550 7 view .LVU402
 1188 006e B8F5004F 		cmp	r8, #32768
 1189 0072 01D0     		beq	.L107
 555:Middlewares/Third_Party/LibJPEG/source/jdarith.c **** 	}
 1190              		.loc 1 555 4 is_stmt 1 view .LVU403
 555:Middlewares/Third_Party/LibJPEG/source/jdarith.c **** 	}
 1191              		.loc 1 555 7 is_stmt 0 view .LVU404
 1192 0074 0135     		adds	r5, r5, #1
 1193              	.LVL99:
 555:Middlewares/Third_Party/LibJPEG/source/jdarith.c **** 	}
 1194              		.loc 1 555 7 view .LVU405
 1195 0076 F3E7     		b	.L79
 1196              	.L107:
 551:Middlewares/Third_Party/LibJPEG/source/jdarith.c **** 	    entropy->ct = -1;			/* magnitude overflow */
 1197              		.loc 1 551 6 is_stmt 1 view .LVU406
 1198 0078 2368     		ldr	r3, [r4]
 1199 007a 7522     		movs	r2, #117
 1200 007c 5A61     		str	r2, [r3, #20]
 1201 007e 2368     		ldr	r3, [r4]
 1202 0080 5B68     		ldr	r3, [r3, #4]
 1203 0082 4FF0FF31 		mov	r1, #-1
 1204 0086 2046     		mov	r0, r4
 1205 0088 9847     		blx	r3
 1206              	.LVL100:
 552:Middlewares/Third_Party/LibJPEG/source/jdarith.c **** 	    return TRUE;
 1207              		.loc 1 552 6 view .LVU407
 552:Middlewares/Third_Party/LibJPEG/source/jdarith.c **** 	    return TRUE;
 1208              		.loc 1 552 18 is_stmt 0 view .LVU408
 1209 008a 4FF0FF33 		mov	r3, #-1
 1210 008e 3B61     		str	r3, [r7, #16]
 553:Middlewares/Third_Party/LibJPEG/source/jdarith.c **** 	  }
 1211              		.loc 1 553 6 is_stmt 1 view .LVU409
 553:Middlewares/Third_Party/LibJPEG/source/jdarith.c **** 	  }
 1212              		.loc 1 553 13 is_stmt 0 view .LVU410
 1213 0090 FFE0     		b	.L74
 1214              	.L78:
 559:Middlewares/Third_Party/LibJPEG/source/jdarith.c **** 	entropy->dc_context[ci] = 0;		   /* zero diff category */
 1215              		.loc 1 559 7 is_stmt 1 view .LVU411
 559:Middlewares/Third_Party/LibJPEG/source/jdarith.c **** 	entropy->dc_context[ci] = 0;		   /* zero diff category */
ARM GAS  /tmp/ccRJf3no.s 			page 39


 1216              		.loc 1 559 46 is_stmt 0 view .LVU412
 1217 0092 04EB0B03 		add	r3, r4, fp
 1218 0096 93F8E820 		ldrb	r2, [r3, #232]	@ zero_extendqisi2
 559:Middlewares/Third_Party/LibJPEG/source/jdarith.c **** 	entropy->dc_context[ci] = 0;		   /* zero diff category */
 1219              		.loc 1 559 26 view .LVU413
 1220 009a 0123     		movs	r3, #1
 1221 009c 9340     		lsls	r3, r3, r2
 559:Middlewares/Third_Party/LibJPEG/source/jdarith.c **** 	entropy->dc_context[ci] = 0;		   /* zero diff category */
 1222              		.loc 1 559 10 view .LVU414
 1223 009e B8EB630F 		cmp	r8, r3, asr #1
 1224 00a2 13DA     		bge	.L82
 560:Middlewares/Third_Party/LibJPEG/source/jdarith.c ****       else if (m > (int) ((1L << cinfo->arith_dc_U[tbl]) >> 1))
 1225              		.loc 1 560 2 is_stmt 1 view .LVU415
 560:Middlewares/Third_Party/LibJPEG/source/jdarith.c ****       else if (m > (int) ((1L << cinfo->arith_dc_U[tbl]) >> 1))
 1226              		.loc 1 560 26 is_stmt 0 view .LVU416
 1227 00a4 06F10803 		add	r3, r6, #8
 1228 00a8 07EB8303 		add	r3, r7, r3, lsl #2
 1229 00ac 0022     		movs	r2, #0
 1230 00ae 5A60     		str	r2, [r3, #4]
 1231              	.LVL101:
 1232              	.L83:
 565:Middlewares/Third_Party/LibJPEG/source/jdarith.c ****       /* Figure F.24: Decoding the magnitude bit pattern of v */
 1233              		.loc 1 565 7 is_stmt 1 view .LVU417
 567:Middlewares/Third_Party/LibJPEG/source/jdarith.c ****       while (m >>= 1)
 1234              		.loc 1 567 7 view .LVU418
 567:Middlewares/Third_Party/LibJPEG/source/jdarith.c ****       while (m >>= 1)
 1235              		.loc 1 567 10 is_stmt 0 view .LVU419
 1236 00b0 0E35     		adds	r5, r5, #14
 1237              	.LVL102:
 568:Middlewares/Third_Party/LibJPEG/source/jdarith.c **** 	if (arith_decode(cinfo, st)) v |= m;
 1238              		.loc 1 568 7 is_stmt 1 view .LVU420
 568:Middlewares/Third_Party/LibJPEG/source/jdarith.c **** 	if (arith_decode(cinfo, st)) v |= m;
 1239              		.loc 1 568 13 is_stmt 0 view .LVU421
 1240 00b2 C346     		mov	fp, r8
 1241              	.LVL103:
 1242              	.L85:
 568:Middlewares/Third_Party/LibJPEG/source/jdarith.c **** 	if (arith_decode(cinfo, st)) v |= m;
 1243              		.loc 1 568 13 is_stmt 1 view .LVU422
 568:Middlewares/Third_Party/LibJPEG/source/jdarith.c **** 	if (arith_decode(cinfo, st)) v |= m;
 1244              		.loc 1 568 13 is_stmt 0 view .LVU423
 1245 00b4 5FEA6B0B 		asrs	fp, fp, #1
 1246              	.LVL104:
 568:Middlewares/Third_Party/LibJPEG/source/jdarith.c **** 	if (arith_decode(cinfo, st)) v |= m;
 1247              		.loc 1 568 13 view .LVU424
 1248 00b8 22D0     		beq	.L108
 569:Middlewares/Third_Party/LibJPEG/source/jdarith.c ****       v += 1; if (sign) v = -v;
 1249              		.loc 1 569 2 is_stmt 1 view .LVU425
 569:Middlewares/Third_Party/LibJPEG/source/jdarith.c ****       v += 1; if (sign) v = -v;
 1250              		.loc 1 569 6 is_stmt 0 view .LVU426
 1251 00ba 2946     		mov	r1, r5
 1252 00bc 2046     		mov	r0, r4
 1253 00be FFF7FEFF 		bl	arith_decode
 1254              	.LVL105:
 569:Middlewares/Third_Party/LibJPEG/source/jdarith.c ****       v += 1; if (sign) v = -v;
 1255              		.loc 1 569 5 view .LVU427
 1256 00c2 0028     		cmp	r0, #0
 1257 00c4 F6D0     		beq	.L85
ARM GAS  /tmp/ccRJf3no.s 			page 40


 569:Middlewares/Third_Party/LibJPEG/source/jdarith.c ****       v += 1; if (sign) v = -v;
 1258              		.loc 1 569 31 is_stmt 1 discriminator 1 view .LVU428
 569:Middlewares/Third_Party/LibJPEG/source/jdarith.c ****       v += 1; if (sign) v = -v;
 1259              		.loc 1 569 33 is_stmt 0 discriminator 1 view .LVU429
 1260 00c6 48EA0B08 		orr	r8, r8, fp
 1261              	.LVL106:
 569:Middlewares/Third_Party/LibJPEG/source/jdarith.c ****       v += 1; if (sign) v = -v;
 1262              		.loc 1 569 33 discriminator 1 view .LVU430
 1263 00ca F3E7     		b	.L85
 1264              	.LVL107:
 1265              	.L82:
 561:Middlewares/Third_Party/LibJPEG/source/jdarith.c **** 	entropy->dc_context[ci] = 12 + (sign * 4); /* large diff category */
 1266              		.loc 1 561 12 is_stmt 1 view .LVU431
 561:Middlewares/Third_Party/LibJPEG/source/jdarith.c **** 	entropy->dc_context[ci] = 12 + (sign * 4); /* large diff category */
 1267              		.loc 1 561 51 is_stmt 0 view .LVU432
 1268 00cc A344     		add	fp, fp, r4
 1269              	.LVL108:
 561:Middlewares/Third_Party/LibJPEG/source/jdarith.c **** 	entropy->dc_context[ci] = 12 + (sign * 4); /* large diff category */
 1270              		.loc 1 561 51 view .LVU433
 1271 00ce 9BF8F820 		ldrb	r2, [fp, #248]	@ zero_extendqisi2
 561:Middlewares/Third_Party/LibJPEG/source/jdarith.c **** 	entropy->dc_context[ci] = 12 + (sign * 4); /* large diff category */
 1272              		.loc 1 561 31 view .LVU434
 1273 00d2 0123     		movs	r3, #1
 1274 00d4 9340     		lsls	r3, r3, r2
 561:Middlewares/Third_Party/LibJPEG/source/jdarith.c **** 	entropy->dc_context[ci] = 12 + (sign * 4); /* large diff category */
 1275              		.loc 1 561 15 view .LVU435
 1276 00d6 B8EB630F 		cmp	r8, r3, asr #1
 1277 00da 08DD     		ble	.L84
 562:Middlewares/Third_Party/LibJPEG/source/jdarith.c ****       else
 1278              		.loc 1 562 2 is_stmt 1 view .LVU436
 562:Middlewares/Third_Party/LibJPEG/source/jdarith.c ****       else
 1279              		.loc 1 562 31 is_stmt 0 view .LVU437
 1280 00dc 039B     		ldr	r3, [sp, #12]
 1281 00de DA1C     		adds	r2, r3, #3
 1282 00e0 9200     		lsls	r2, r2, #2
 562:Middlewares/Third_Party/LibJPEG/source/jdarith.c ****       else
 1283              		.loc 1 562 26 view .LVU438
 1284 00e2 06F10803 		add	r3, r6, #8
 1285 00e6 07EB8303 		add	r3, r7, r3, lsl #2
 1286 00ea 5A60     		str	r2, [r3, #4]
 1287 00ec E0E7     		b	.L83
 1288              	.L84:
 564:Middlewares/Third_Party/LibJPEG/source/jdarith.c ****       v = m;
 1289              		.loc 1 564 2 is_stmt 1 view .LVU439
 564:Middlewares/Third_Party/LibJPEG/source/jdarith.c ****       v = m;
 1290              		.loc 1 564 30 is_stmt 0 view .LVU440
 1291 00ee 039B     		ldr	r3, [sp, #12]
 1292 00f0 5A1C     		adds	r2, r3, #1
 1293 00f2 9200     		lsls	r2, r2, #2
 564:Middlewares/Third_Party/LibJPEG/source/jdarith.c ****       v = m;
 1294              		.loc 1 564 26 view .LVU441
 1295 00f4 06F10803 		add	r3, r6, #8
 1296 00f8 07EB8303 		add	r3, r7, r3, lsl #2
 1297 00fc 5A60     		str	r2, [r3, #4]
 1298 00fe D7E7     		b	.L83
 1299              	.LVL109:
 1300              	.L108:
ARM GAS  /tmp/ccRJf3no.s 			page 41


 570:Middlewares/Third_Party/LibJPEG/source/jdarith.c ****       entropy->last_dc_val[ci] += v;
 1301              		.loc 1 570 7 is_stmt 1 view .LVU442
 570:Middlewares/Third_Party/LibJPEG/source/jdarith.c ****       entropy->last_dc_val[ci] += v;
 1302              		.loc 1 570 9 is_stmt 0 view .LVU443
 1303 0100 08F10101 		add	r1, r8, #1
 1304              	.LVL110:
 570:Middlewares/Third_Party/LibJPEG/source/jdarith.c ****       entropy->last_dc_val[ci] += v;
 1305              		.loc 1 570 15 is_stmt 1 view .LVU444
 570:Middlewares/Third_Party/LibJPEG/source/jdarith.c ****       entropy->last_dc_val[ci] += v;
 1306              		.loc 1 570 18 is_stmt 0 view .LVU445
 1307 0104 039B     		ldr	r3, [sp, #12]
 1308 0106 0BB1     		cbz	r3, .L88
 570:Middlewares/Third_Party/LibJPEG/source/jdarith.c ****       entropy->last_dc_val[ci] += v;
 1309              		.loc 1 570 25 is_stmt 1 discriminator 1 view .LVU446
 570:Middlewares/Third_Party/LibJPEG/source/jdarith.c ****       entropy->last_dc_val[ci] += v;
 1310              		.loc 1 570 27 is_stmt 0 discriminator 1 view .LVU447
 1311 0108 6FEA0801 		mvn	r1, r8
 1312              	.LVL111:
 1313              	.L88:
 571:Middlewares/Third_Party/LibJPEG/source/jdarith.c ****     }
 1314              		.loc 1 571 7 is_stmt 1 view .LVU448
 571:Middlewares/Third_Party/LibJPEG/source/jdarith.c ****     }
 1315              		.loc 1 571 32 is_stmt 0 view .LVU449
 1316 010c 331D     		adds	r3, r6, #4
 1317 010e 07EB8303 		add	r3, r7, r3, lsl #2
 1318 0112 5A68     		ldr	r2, [r3, #4]
 1319 0114 0A44     		add	r2, r2, r1
 1320 0116 5A60     		str	r2, [r3, #4]
 1321 0118 87E0     		b	.L77
 1322              	.LVL112:
 1323              	.L90:
 598:Middlewares/Third_Party/LibJPEG/source/jdarith.c ****       st += 2;
 1324              		.loc 1 598 7 is_stmt 1 view .LVU450
 598:Middlewares/Third_Party/LibJPEG/source/jdarith.c ****       st += 2;
 1325              		.loc 1 598 14 is_stmt 0 view .LVU451
 1326 011a 07F1B801 		add	r1, r7, #184
 1327 011e 2046     		mov	r0, r4
 1328 0120 FFF7FEFF 		bl	arith_decode
 1329              	.LVL113:
 1330 0124 0390     		str	r0, [sp, #12]
 1331              	.LVL114:
 599:Middlewares/Third_Party/LibJPEG/source/jdarith.c ****       /* Figure F.23: Decoding the magnitude category of v */
 1332              		.loc 1 599 7 is_stmt 1 view .LVU452
 599:Middlewares/Third_Party/LibJPEG/source/jdarith.c ****       /* Figure F.23: Decoding the magnitude category of v */
 1333              		.loc 1 599 10 is_stmt 0 view .LVU453
 1334 0126 0235     		adds	r5, r5, #2
 1335              	.LVL115:
 601:Middlewares/Third_Party/LibJPEG/source/jdarith.c **** 	if (arith_decode(cinfo, st)) {
 1336              		.loc 1 601 7 is_stmt 1 view .LVU454
 601:Middlewares/Third_Party/LibJPEG/source/jdarith.c **** 	if (arith_decode(cinfo, st)) {
 1337              		.loc 1 601 16 is_stmt 0 view .LVU455
 1338 0128 2946     		mov	r1, r5
 1339 012a 2046     		mov	r0, r4
 1340              	.LVL116:
 601:Middlewares/Third_Party/LibJPEG/source/jdarith.c **** 	if (arith_decode(cinfo, st)) {
 1341              		.loc 1 601 16 view .LVU456
 1342 012c FFF7FEFF 		bl	arith_decode
ARM GAS  /tmp/ccRJf3no.s 			page 42


 1343              	.LVL117:
 601:Middlewares/Third_Party/LibJPEG/source/jdarith.c **** 	if (arith_decode(cinfo, st)) {
 1344              		.loc 1 601 10 view .LVU457
 1345 0130 8146     		mov	r9, r0
 1346 0132 68B9     		cbnz	r0, .L109
 1347              	.LVL118:
 1348              	.L92:
 616:Middlewares/Third_Party/LibJPEG/source/jdarith.c ****       /* Figure F.24: Decoding the magnitude bit pattern of v */
 1349              		.loc 1 616 7 is_stmt 1 view .LVU458
 618:Middlewares/Third_Party/LibJPEG/source/jdarith.c ****       while (m >>= 1)
 1350              		.loc 1 618 7 view .LVU459
 618:Middlewares/Third_Party/LibJPEG/source/jdarith.c ****       while (m >>= 1)
 1351              		.loc 1 618 10 is_stmt 0 view .LVU460
 1352 0134 0E35     		adds	r5, r5, #14
 1353              	.LVL119:
 619:Middlewares/Third_Party/LibJPEG/source/jdarith.c **** 	if (arith_decode(cinfo, st)) v |= m;
 1354              		.loc 1 619 7 is_stmt 1 view .LVU461
 619:Middlewares/Third_Party/LibJPEG/source/jdarith.c **** 	if (arith_decode(cinfo, st)) v |= m;
 1355              		.loc 1 619 13 is_stmt 0 view .LVU462
 1356 0136 C846     		mov	r8, r9
 1357              	.LVL120:
 1358              	.L97:
 619:Middlewares/Third_Party/LibJPEG/source/jdarith.c **** 	if (arith_decode(cinfo, st)) v |= m;
 1359              		.loc 1 619 13 is_stmt 1 view .LVU463
 619:Middlewares/Third_Party/LibJPEG/source/jdarith.c **** 	if (arith_decode(cinfo, st)) v |= m;
 1360              		.loc 1 619 13 is_stmt 0 view .LVU464
 1361 0138 5FEA6808 		asrs	r8, r8, #1
 1362              	.LVL121:
 619:Middlewares/Third_Party/LibJPEG/source/jdarith.c **** 	if (arith_decode(cinfo, st)) v |= m;
 1363              		.loc 1 619 13 view .LVU465
 1364 013c 38D0     		beq	.L110
 620:Middlewares/Third_Party/LibJPEG/source/jdarith.c ****       v += 1; if (sign) v = -v;
 1365              		.loc 1 620 2 is_stmt 1 view .LVU466
 620:Middlewares/Third_Party/LibJPEG/source/jdarith.c ****       v += 1; if (sign) v = -v;
 1366              		.loc 1 620 6 is_stmt 0 view .LVU467
 1367 013e 2946     		mov	r1, r5
 1368 0140 2046     		mov	r0, r4
 1369 0142 FFF7FEFF 		bl	arith_decode
 1370              	.LVL122:
 620:Middlewares/Third_Party/LibJPEG/source/jdarith.c ****       v += 1; if (sign) v = -v;
 1371              		.loc 1 620 5 view .LVU468
 1372 0146 0028     		cmp	r0, #0
 1373 0148 F6D0     		beq	.L97
 620:Middlewares/Third_Party/LibJPEG/source/jdarith.c ****       v += 1; if (sign) v = -v;
 1374              		.loc 1 620 31 is_stmt 1 discriminator 1 view .LVU469
 620:Middlewares/Third_Party/LibJPEG/source/jdarith.c ****       v += 1; if (sign) v = -v;
 1375              		.loc 1 620 33 is_stmt 0 discriminator 1 view .LVU470
 1376 014a 49EA0809 		orr	r9, r9, r8
 1377              	.LVL123:
 620:Middlewares/Third_Party/LibJPEG/source/jdarith.c ****       v += 1; if (sign) v = -v;
 1378              		.loc 1 620 33 discriminator 1 view .LVU471
 1379 014e F3E7     		b	.L97
 1380              	.LVL124:
 1381              	.L109:
 602:Middlewares/Third_Party/LibJPEG/source/jdarith.c **** 	  m <<= 1;
 1382              		.loc 1 602 2 is_stmt 1 view .LVU472
 602:Middlewares/Third_Party/LibJPEG/source/jdarith.c **** 	  m <<= 1;
ARM GAS  /tmp/ccRJf3no.s 			page 43


 1383              		.loc 1 602 6 is_stmt 0 view .LVU473
 1384 0150 2946     		mov	r1, r5
 1385 0152 2046     		mov	r0, r4
 1386              	.LVL125:
 602:Middlewares/Third_Party/LibJPEG/source/jdarith.c **** 	  m <<= 1;
 1387              		.loc 1 602 6 view .LVU474
 1388 0154 FFF7FEFF 		bl	arith_decode
 1389              	.LVL126:
 602:Middlewares/Third_Party/LibJPEG/source/jdarith.c **** 	  m <<= 1;
 1390              		.loc 1 602 5 view .LVU475
 1391 0158 0028     		cmp	r0, #0
 1392 015a EBD0     		beq	.L92
 603:Middlewares/Third_Party/LibJPEG/source/jdarith.c **** 	  st = entropy->ac_stats[tbl] +
 1393              		.loc 1 603 4 is_stmt 1 view .LVU476
 603:Middlewares/Third_Party/LibJPEG/source/jdarith.c **** 	  st = entropy->ac_stats[tbl] +
 1394              		.loc 1 603 6 is_stmt 0 view .LVU477
 1395 015c 4FEA4909 		lsl	r9, r9, #1
 1396              	.LVL127:
 604:Middlewares/Third_Party/LibJPEG/source/jdarith.c **** 	       (k <= cinfo->arith_ac_K[tbl] ? 189 : 217);
 1397              		.loc 1 604 4 is_stmt 1 view .LVU478
 604:Middlewares/Third_Party/LibJPEG/source/jdarith.c **** 	       (k <= cinfo->arith_ac_K[tbl] ? 189 : 217);
 1398              		.loc 1 604 26 is_stmt 0 view .LVU479
 1399 0160 0BF11E03 		add	r3, fp, #30
 1400 0164 57F82350 		ldr	r5, [r7, r3, lsl #2]
 1401              	.LVL128:
 605:Middlewares/Third_Party/LibJPEG/source/jdarith.c **** 	  while (arith_decode(cinfo, st)) {
 1402              		.loc 1 605 32 view .LVU480
 1403 0168 04EB0B03 		add	r3, r4, fp
 1404 016c 93F80831 		ldrb	r3, [r3, #264]	@ zero_extendqisi2
 605:Middlewares/Third_Party/LibJPEG/source/jdarith.c **** 	  while (arith_decode(cinfo, st)) {
 1405              		.loc 1 605 44 view .LVU481
 1406 0170 B342     		cmp	r3, r6
 1407 0172 0EDB     		blt	.L103
 605:Middlewares/Third_Party/LibJPEG/source/jdarith.c **** 	  while (arith_decode(cinfo, st)) {
 1408              		.loc 1 605 44 view .LVU482
 1409 0174 BD23     		movs	r3, #189
 1410              	.L93:
 604:Middlewares/Third_Party/LibJPEG/source/jdarith.c **** 	       (k <= cinfo->arith_ac_K[tbl] ? 189 : 217);
 1411              		.loc 1 604 7 view .LVU483
 1412 0176 1D44     		add	r5, r5, r3
 1413              	.LVL129:
 606:Middlewares/Third_Party/LibJPEG/source/jdarith.c **** 	    if ((m <<= 1) == 0x8000) {
 1414              		.loc 1 606 4 is_stmt 1 view .LVU484
 1415              	.L94:
 606:Middlewares/Third_Party/LibJPEG/source/jdarith.c **** 	    if ((m <<= 1) == 0x8000) {
 1416              		.loc 1 606 10 view .LVU485
 606:Middlewares/Third_Party/LibJPEG/source/jdarith.c **** 	    if ((m <<= 1) == 0x8000) {
 1417              		.loc 1 606 11 is_stmt 0 view .LVU486
 1418 0178 2946     		mov	r1, r5
 1419 017a 2046     		mov	r0, r4
 1420 017c FFF7FEFF 		bl	arith_decode
 1421              	.LVL130:
 606:Middlewares/Third_Party/LibJPEG/source/jdarith.c **** 	    if ((m <<= 1) == 0x8000) {
 1422              		.loc 1 606 10 view .LVU487
 1423 0180 0028     		cmp	r0, #0
 1424 0182 D7D0     		beq	.L92
 607:Middlewares/Third_Party/LibJPEG/source/jdarith.c **** 	      WARNMS(cinfo, JWRN_ARITH_BAD_CODE);
ARM GAS  /tmp/ccRJf3no.s 			page 44


 1425              		.loc 1 607 6 is_stmt 1 view .LVU488
 607:Middlewares/Third_Party/LibJPEG/source/jdarith.c **** 	      WARNMS(cinfo, JWRN_ARITH_BAD_CODE);
 1426              		.loc 1 607 13 is_stmt 0 view .LVU489
 1427 0184 4FEA4909 		lsl	r9, r9, #1
 1428              	.LVL131:
 607:Middlewares/Third_Party/LibJPEG/source/jdarith.c **** 	      WARNMS(cinfo, JWRN_ARITH_BAD_CODE);
 1429              		.loc 1 607 9 view .LVU490
 1430 0188 B9F5004F 		cmp	r9, #32768
 1431 018c 03D0     		beq	.L111
 612:Middlewares/Third_Party/LibJPEG/source/jdarith.c **** 	  }
 1432              		.loc 1 612 6 is_stmt 1 view .LVU491
 612:Middlewares/Third_Party/LibJPEG/source/jdarith.c **** 	  }
 1433              		.loc 1 612 9 is_stmt 0 view .LVU492
 1434 018e 0135     		adds	r5, r5, #1
 1435              	.LVL132:
 612:Middlewares/Third_Party/LibJPEG/source/jdarith.c **** 	  }
 1436              		.loc 1 612 9 view .LVU493
 1437 0190 F2E7     		b	.L94
 1438              	.LVL133:
 1439              	.L103:
 605:Middlewares/Third_Party/LibJPEG/source/jdarith.c **** 	  while (arith_decode(cinfo, st)) {
 1440              		.loc 1 605 44 view .LVU494
 1441 0192 D923     		movs	r3, #217
 1442 0194 EFE7     		b	.L93
 1443              	.LVL134:
 1444              	.L111:
 608:Middlewares/Third_Party/LibJPEG/source/jdarith.c **** 	      entropy->ct = -1;			/* magnitude overflow */
 1445              		.loc 1 608 8 is_stmt 1 view .LVU495
 1446 0196 2368     		ldr	r3, [r4]
 1447 0198 7522     		movs	r2, #117
 1448 019a 5A61     		str	r2, [r3, #20]
 1449 019c 2368     		ldr	r3, [r4]
 1450 019e 5B68     		ldr	r3, [r3, #4]
 1451 01a0 4FF0FF31 		mov	r1, #-1
 1452 01a4 2046     		mov	r0, r4
 1453 01a6 9847     		blx	r3
 1454              	.LVL135:
 609:Middlewares/Third_Party/LibJPEG/source/jdarith.c **** 	      return TRUE;
 1455              		.loc 1 609 8 view .LVU496
 609:Middlewares/Third_Party/LibJPEG/source/jdarith.c **** 	      return TRUE;
 1456              		.loc 1 609 20 is_stmt 0 view .LVU497
 1457 01a8 4FF0FF33 		mov	r3, #-1
 1458 01ac 3B61     		str	r3, [r7, #16]
 610:Middlewares/Third_Party/LibJPEG/source/jdarith.c **** 	    }
 1459              		.loc 1 610 8 is_stmt 1 view .LVU498
 610:Middlewares/Third_Party/LibJPEG/source/jdarith.c **** 	    }
 1460              		.loc 1 610 15 is_stmt 0 view .LVU499
 1461 01ae 70E0     		b	.L74
 1462              	.LVL136:
 1463              	.L110:
 621:Middlewares/Third_Party/LibJPEG/source/jdarith.c ****       (*block)[natural_order[k]] = (JCOEF) v;
 1464              		.loc 1 621 7 is_stmt 1 view .LVU500
 621:Middlewares/Third_Party/LibJPEG/source/jdarith.c ****       (*block)[natural_order[k]] = (JCOEF) v;
 1465              		.loc 1 621 9 is_stmt 0 view .LVU501
 1466 01b0 09F10103 		add	r3, r9, #1
 1467              	.LVL137:
 621:Middlewares/Third_Party/LibJPEG/source/jdarith.c ****       (*block)[natural_order[k]] = (JCOEF) v;
ARM GAS  /tmp/ccRJf3no.s 			page 45


 1468              		.loc 1 621 15 is_stmt 1 view .LVU502
 621:Middlewares/Third_Party/LibJPEG/source/jdarith.c ****       (*block)[natural_order[k]] = (JCOEF) v;
 1469              		.loc 1 621 18 is_stmt 0 view .LVU503
 1470 01b4 039A     		ldr	r2, [sp, #12]
 1471 01b6 0AB1     		cbz	r2, .L100
 621:Middlewares/Third_Party/LibJPEG/source/jdarith.c ****       (*block)[natural_order[k]] = (JCOEF) v;
 1472              		.loc 1 621 25 is_stmt 1 discriminator 1 view .LVU504
 621:Middlewares/Third_Party/LibJPEG/source/jdarith.c ****       (*block)[natural_order[k]] = (JCOEF) v;
 1473              		.loc 1 621 27 is_stmt 0 discriminator 1 view .LVU505
 1474 01b8 6FEA0903 		mvn	r3, r9
 1475              	.LVL138:
 1476              	.L100:
 622:Middlewares/Third_Party/LibJPEG/source/jdarith.c ****     } while (k < cinfo->lim_Se);
 1477              		.loc 1 622 7 is_stmt 1 view .LVU506
 622:Middlewares/Third_Party/LibJPEG/source/jdarith.c ****     } while (k < cinfo->lim_Se);
 1478              		.loc 1 622 29 is_stmt 0 view .LVU507
 1479 01bc 029A     		ldr	r2, [sp, #8]
 1480 01be 52F82620 		ldr	r2, [r2, r6, lsl #2]
 622:Middlewares/Third_Party/LibJPEG/source/jdarith.c ****     } while (k < cinfo->lim_Se);
 1481              		.loc 1 622 34 view .LVU508
 1482 01c2 0099     		ldr	r1, [sp]
 1483 01c4 21F81230 		strh	r3, [r1, r2, lsl #1]	@ movhi
 623:Middlewares/Third_Party/LibJPEG/source/jdarith.c ****   }
 1484              		.loc 1 623 13 is_stmt 1 view .LVU509
 623:Middlewares/Third_Party/LibJPEG/source/jdarith.c ****   }
 1485              		.loc 1 623 23 is_stmt 0 view .LVU510
 1486 01c8 D4F8B031 		ldr	r3, [r4, #432]
 1487              	.LVL139:
 623:Middlewares/Third_Party/LibJPEG/source/jdarith.c ****   }
 1488              		.loc 1 623 5 view .LVU511
 1489 01cc B342     		cmp	r3, r6
 1490 01ce 3ADC     		bgt	.L101
 1491              	.LVL140:
 1492              	.L89:
 526:Middlewares/Third_Party/LibJPEG/source/jdarith.c ****     block = MCU_data[blkn];
 1493              		.loc 1 526 47 is_stmt 1 discriminator 2 view .LVU512
 526:Middlewares/Third_Party/LibJPEG/source/jdarith.c ****     block = MCU_data[blkn];
 1494              		.loc 1 526 51 is_stmt 0 discriminator 2 view .LVU513
 1495 01d0 0AF1010A 		add	r10, r10, #1
 1496              	.LVL141:
 1497              	.L75:
 526:Middlewares/Third_Party/LibJPEG/source/jdarith.c ****     block = MCU_data[blkn];
 1498              		.loc 1 526 18 is_stmt 1 discriminator 1 view .LVU514
 526:Middlewares/Third_Party/LibJPEG/source/jdarith.c ****     block = MCU_data[blkn];
 1499              		.loc 1 526 30 is_stmt 0 discriminator 1 view .LVU515
 1500 01d4 D4F86C31 		ldr	r3, [r4, #364]
 526:Middlewares/Third_Party/LibJPEG/source/jdarith.c ****     block = MCU_data[blkn];
 1501              		.loc 1 526 3 discriminator 1 view .LVU516
 1502 01d8 5345     		cmp	r3, r10
 1503 01da 5ADD     		ble	.L74
 527:Middlewares/Third_Party/LibJPEG/source/jdarith.c ****     ci = cinfo->MCU_membership[blkn];
 1504              		.loc 1 527 5 is_stmt 1 view .LVU517
 527:Middlewares/Third_Party/LibJPEG/source/jdarith.c ****     ci = cinfo->MCU_membership[blkn];
 1505              		.loc 1 527 11 is_stmt 0 view .LVU518
 1506 01dc 019B     		ldr	r3, [sp, #4]
 1507 01de 53F82A30 		ldr	r3, [r3, r10, lsl #2]
 1508 01e2 0093     		str	r3, [sp]
ARM GAS  /tmp/ccRJf3no.s 			page 46


 1509              	.LVL142:
 528:Middlewares/Third_Party/LibJPEG/source/jdarith.c ****     compptr = cinfo->cur_comp_info[ci];
 1510              		.loc 1 528 5 is_stmt 1 view .LVU519
 528:Middlewares/Third_Party/LibJPEG/source/jdarith.c ****     compptr = cinfo->cur_comp_info[ci];
 1511              		.loc 1 528 8 is_stmt 0 view .LVU520
 1512 01e4 0AF15C03 		add	r3, r10, #92
 1513              	.LVL143:
 528:Middlewares/Third_Party/LibJPEG/source/jdarith.c ****     compptr = cinfo->cur_comp_info[ci];
 1514              		.loc 1 528 8 view .LVU521
 1515 01e8 54F82360 		ldr	r6, [r4, r3, lsl #2]
 1516              	.LVL144:
 529:Middlewares/Third_Party/LibJPEG/source/jdarith.c **** 
 1517              		.loc 1 529 5 is_stmt 1 view .LVU522
 529:Middlewares/Third_Party/LibJPEG/source/jdarith.c **** 
 1518              		.loc 1 529 13 is_stmt 0 view .LVU523
 1519 01ec 06F15403 		add	r3, r6, #84
 1520 01f0 04EB8303 		add	r3, r4, r3, lsl #2
 1521 01f4 D3F80490 		ldr	r9, [r3, #4]
 1522              	.LVL145:
 533:Middlewares/Third_Party/LibJPEG/source/jdarith.c **** 
 1523              		.loc 1 533 5 is_stmt 1 view .LVU524
 533:Middlewares/Third_Party/LibJPEG/source/jdarith.c **** 
 1524              		.loc 1 533 9 is_stmt 0 view .LVU525
 1525 01f8 D9F814B0 		ldr	fp, [r9, #20]
 1526              	.LVL146:
 536:Middlewares/Third_Party/LibJPEG/source/jdarith.c **** 
 1527              		.loc 1 536 5 is_stmt 1 view .LVU526
 536:Middlewares/Third_Party/LibJPEG/source/jdarith.c **** 
 1528              		.loc 1 536 27 is_stmt 0 view .LVU527
 1529 01fc 0BF10E03 		add	r3, fp, #14
 1530 0200 57F82350 		ldr	r5, [r7, r3, lsl #2]
 536:Middlewares/Third_Party/LibJPEG/source/jdarith.c **** 
 1531              		.loc 1 536 54 view .LVU528
 1532 0204 06F10803 		add	r3, r6, #8
 1533 0208 07EB8303 		add	r3, r7, r3, lsl #2
 1534 020c 5B68     		ldr	r3, [r3, #4]
 536:Middlewares/Third_Party/LibJPEG/source/jdarith.c **** 
 1535              		.loc 1 536 8 view .LVU529
 1536 020e 1D44     		add	r5, r5, r3
 1537              	.LVL147:
 539:Middlewares/Third_Party/LibJPEG/source/jdarith.c ****       entropy->dc_context[ci] = 0;
 1538              		.loc 1 539 5 is_stmt 1 view .LVU530
 539:Middlewares/Third_Party/LibJPEG/source/jdarith.c ****       entropy->dc_context[ci] = 0;
 1539              		.loc 1 539 9 is_stmt 0 view .LVU531
 1540 0210 2946     		mov	r1, r5
 1541 0212 2046     		mov	r0, r4
 1542 0214 FFF7FEFF 		bl	arith_decode
 1543              	.LVL148:
 539:Middlewares/Third_Party/LibJPEG/source/jdarith.c ****       entropy->dc_context[ci] = 0;
 1544              		.loc 1 539 8 view .LVU532
 1545 0218 0028     		cmp	r0, #0
 1546 021a 7FF40EAF 		bne	.L76
 540:Middlewares/Third_Party/LibJPEG/source/jdarith.c ****     else {
 1547              		.loc 1 540 7 is_stmt 1 view .LVU533
 540:Middlewares/Third_Party/LibJPEG/source/jdarith.c ****     else {
 1548              		.loc 1 540 31 is_stmt 0 view .LVU534
 1549 021e 06F10803 		add	r3, r6, #8
ARM GAS  /tmp/ccRJf3no.s 			page 47


 1550 0222 07EB8303 		add	r3, r7, r3, lsl #2
 1551 0226 0022     		movs	r2, #0
 1552 0228 5A60     		str	r2, [r3, #4]
 1553              	.LVL149:
 1554              	.L77:
 574:Middlewares/Third_Party/LibJPEG/source/jdarith.c **** 
 1555              		.loc 1 574 5 is_stmt 1 view .LVU535
 574:Middlewares/Third_Party/LibJPEG/source/jdarith.c **** 
 1556              		.loc 1 574 47 is_stmt 0 view .LVU536
 1557 022a 0436     		adds	r6, r6, #4
 1558              	.LVL150:
 574:Middlewares/Third_Party/LibJPEG/source/jdarith.c **** 
 1559              		.loc 1 574 47 view .LVU537
 1560 022c 07EB8606 		add	r6, r7, r6, lsl #2
 1561              	.LVL151:
 574:Middlewares/Third_Party/LibJPEG/source/jdarith.c **** 
 1562              		.loc 1 574 19 view .LVU538
 1563 0230 B6F90430 		ldrsh	r3, [r6, #4]
 574:Middlewares/Third_Party/LibJPEG/source/jdarith.c **** 
 1564              		.loc 1 574 17 view .LVU539
 1565 0234 009A     		ldr	r2, [sp]
 1566 0236 1380     		strh	r3, [r2]	@ movhi
 578:Middlewares/Third_Party/LibJPEG/source/jdarith.c ****     tbl = compptr->ac_tbl_no;
 1567              		.loc 1 578 5 is_stmt 1 view .LVU540
 578:Middlewares/Third_Party/LibJPEG/source/jdarith.c ****     tbl = compptr->ac_tbl_no;
 1568              		.loc 1 578 14 is_stmt 0 view .LVU541
 1569 0238 D4F8B031 		ldr	r3, [r4, #432]
 578:Middlewares/Third_Party/LibJPEG/source/jdarith.c ****     tbl = compptr->ac_tbl_no;
 1570              		.loc 1 578 8 view .LVU542
 1571 023c 002B     		cmp	r3, #0
 1572 023e C7D0     		beq	.L89
 579:Middlewares/Third_Party/LibJPEG/source/jdarith.c ****     k = 0;
 1573              		.loc 1 579 5 is_stmt 1 view .LVU543
 579:Middlewares/Third_Party/LibJPEG/source/jdarith.c ****     k = 0;
 1574              		.loc 1 579 9 is_stmt 0 view .LVU544
 1575 0240 D9F818B0 		ldr	fp, [r9, #24]
 1576              	.LVL152:
 580:Middlewares/Third_Party/LibJPEG/source/jdarith.c **** 
 1577              		.loc 1 580 5 is_stmt 1 view .LVU545
 580:Middlewares/Third_Party/LibJPEG/source/jdarith.c **** 
 1578              		.loc 1 580 7 is_stmt 0 view .LVU546
 1579 0244 0026     		movs	r6, #0
 1580              	.LVL153:
 1581              	.L101:
 583:Middlewares/Third_Party/LibJPEG/source/jdarith.c ****       st = entropy->ac_stats[tbl] + 3 * k;
 1582              		.loc 1 583 5 is_stmt 1 view .LVU547
 584:Middlewares/Third_Party/LibJPEG/source/jdarith.c ****       if (arith_decode(cinfo, st)) break;	/* EOB flag */
 1583              		.loc 1 584 7 view .LVU548
 584:Middlewares/Third_Party/LibJPEG/source/jdarith.c ****       if (arith_decode(cinfo, st)) break;	/* EOB flag */
 1584              		.loc 1 584 29 is_stmt 0 view .LVU549
 1585 0246 0BF11E03 		add	r3, fp, #30
 1586 024a 57F82350 		ldr	r5, [r7, r3, lsl #2]
 1587              	.LVL154:
 584:Middlewares/Third_Party/LibJPEG/source/jdarith.c ****       if (arith_decode(cinfo, st)) break;	/* EOB flag */
 1588              		.loc 1 584 39 view .LVU550
 1589 024e 06EB4603 		add	r3, r6, r6, lsl #1
 584:Middlewares/Third_Party/LibJPEG/source/jdarith.c ****       if (arith_decode(cinfo, st)) break;	/* EOB flag */
ARM GAS  /tmp/ccRJf3no.s 			page 48


 1590              		.loc 1 584 10 view .LVU551
 1591 0252 1D44     		add	r5, r5, r3
 1592              	.LVL155:
 585:Middlewares/Third_Party/LibJPEG/source/jdarith.c ****       for (;;) {
 1593              		.loc 1 585 7 is_stmt 1 view .LVU552
 585:Middlewares/Third_Party/LibJPEG/source/jdarith.c ****       for (;;) {
 1594              		.loc 1 585 11 is_stmt 0 view .LVU553
 1595 0254 2946     		mov	r1, r5
 1596 0256 2046     		mov	r0, r4
 1597 0258 FFF7FEFF 		bl	arith_decode
 1598              	.LVL156:
 585:Middlewares/Third_Party/LibJPEG/source/jdarith.c ****       for (;;) {
 1599              		.loc 1 585 10 view .LVU554
 1600 025c 0028     		cmp	r0, #0
 1601 025e B7D1     		bne	.L89
 1602              	.L91:
 586:Middlewares/Third_Party/LibJPEG/source/jdarith.c **** 	k++;
 1603              		.loc 1 586 7 is_stmt 1 view .LVU555
 587:Middlewares/Third_Party/LibJPEG/source/jdarith.c **** 	if (arith_decode(cinfo, st + 1)) break;
 1604              		.loc 1 587 2 view .LVU556
 587:Middlewares/Third_Party/LibJPEG/source/jdarith.c **** 	if (arith_decode(cinfo, st + 1)) break;
 1605              		.loc 1 587 3 is_stmt 0 view .LVU557
 1606 0260 0136     		adds	r6, r6, #1
 1607              	.LVL157:
 588:Middlewares/Third_Party/LibJPEG/source/jdarith.c **** 	st += 3;
 1608              		.loc 1 588 2 is_stmt 1 view .LVU558
 588:Middlewares/Third_Party/LibJPEG/source/jdarith.c **** 	st += 3;
 1609              		.loc 1 588 6 is_stmt 0 view .LVU559
 1610 0262 691C     		adds	r1, r5, #1
 1611 0264 2046     		mov	r0, r4
 1612 0266 FFF7FEFF 		bl	arith_decode
 1613              	.LVL158:
 588:Middlewares/Third_Party/LibJPEG/source/jdarith.c **** 	st += 3;
 1614              		.loc 1 588 5 view .LVU560
 1615 026a 0028     		cmp	r0, #0
 1616 026c 7FF455AF 		bne	.L90
 589:Middlewares/Third_Party/LibJPEG/source/jdarith.c **** 	if (k >= cinfo->lim_Se) {
 1617              		.loc 1 589 2 is_stmt 1 view .LVU561
 589:Middlewares/Third_Party/LibJPEG/source/jdarith.c **** 	if (k >= cinfo->lim_Se) {
 1618              		.loc 1 589 5 is_stmt 0 view .LVU562
 1619 0270 0335     		adds	r5, r5, #3
 1620              	.LVL159:
 590:Middlewares/Third_Party/LibJPEG/source/jdarith.c **** 	  WARNMS(cinfo, JWRN_ARITH_BAD_CODE);
 1621              		.loc 1 590 2 is_stmt 1 view .LVU563
 590:Middlewares/Third_Party/LibJPEG/source/jdarith.c **** 	  WARNMS(cinfo, JWRN_ARITH_BAD_CODE);
 1622              		.loc 1 590 16 is_stmt 0 view .LVU564
 1623 0272 D4F8B031 		ldr	r3, [r4, #432]
 590:Middlewares/Third_Party/LibJPEG/source/jdarith.c **** 	  WARNMS(cinfo, JWRN_ARITH_BAD_CODE);
 1624              		.loc 1 590 5 view .LVU565
 1625 0276 B342     		cmp	r3, r6
 1626 0278 F2DC     		bgt	.L91
 591:Middlewares/Third_Party/LibJPEG/source/jdarith.c **** 	  entropy->ct = -1;			/* spectral overflow */
 1627              		.loc 1 591 4 is_stmt 1 view .LVU566
 1628 027a 2368     		ldr	r3, [r4]
 1629 027c 7522     		movs	r2, #117
 1630 027e 5A61     		str	r2, [r3, #20]
 1631 0280 2368     		ldr	r3, [r4]
ARM GAS  /tmp/ccRJf3no.s 			page 49


 1632 0282 5B68     		ldr	r3, [r3, #4]
 1633 0284 4FF0FF31 		mov	r1, #-1
 1634 0288 2046     		mov	r0, r4
 1635 028a 9847     		blx	r3
 1636              	.LVL160:
 592:Middlewares/Third_Party/LibJPEG/source/jdarith.c **** 	  return TRUE;
 1637              		.loc 1 592 4 view .LVU567
 592:Middlewares/Third_Party/LibJPEG/source/jdarith.c **** 	  return TRUE;
 1638              		.loc 1 592 16 is_stmt 0 view .LVU568
 1639 028c 4FF0FF33 		mov	r3, #-1
 1640 0290 3B61     		str	r3, [r7, #16]
 593:Middlewares/Third_Party/LibJPEG/source/jdarith.c **** 	}
 1641              		.loc 1 593 4 is_stmt 1 view .LVU569
 1642              	.LVL161:
 1643              	.L74:
 627:Middlewares/Third_Party/LibJPEG/source/jdarith.c **** 
 1644              		.loc 1 627 1 is_stmt 0 view .LVU570
 1645 0292 0120     		movs	r0, #1
 1646 0294 05B0     		add	sp, sp, #20
 1647              	.LCFI6:
 1648              		.cfi_def_cfa_offset 36
 1649              		@ sp needed
 1650 0296 BDE8F08F 		pop	{r4, r5, r6, r7, r8, r9, r10, fp, pc}
 627:Middlewares/Third_Party/LibJPEG/source/jdarith.c **** 
 1651              		.loc 1 627 1 view .LVU571
 1652              		.cfi_endproc
 1653              	.LFE14:
 1655              		.section	.text.decode_mcu_AC_refine,"ax",%progbits
 1656              		.align	1
 1657              		.syntax unified
 1658              		.thumb
 1659              		.thumb_func
 1660              		.fpu fpv4-sp-d16
 1662              	decode_mcu_AC_refine:
 1663              	.LVL162:
 1664              	.LFB13:
 432:Middlewares/Third_Party/LibJPEG/source/jdarith.c ****   arith_entropy_ptr entropy = (arith_entropy_ptr) cinfo->entropy;
 1665              		.loc 1 432 1 is_stmt 1 view -0
 1666              		.cfi_startproc
 1667              		@ args = 0, pretend = 0, frame = 16
 1668              		@ frame_needed = 0, uses_anonymous_args = 0
 432:Middlewares/Third_Party/LibJPEG/source/jdarith.c ****   arith_entropy_ptr entropy = (arith_entropy_ptr) cinfo->entropy;
 1669              		.loc 1 432 1 is_stmt 0 view .LVU573
 1670 0000 2DE9F04F 		push	{r4, r5, r6, r7, r8, r9, r10, fp, lr}
 1671              	.LCFI7:
 1672              		.cfi_def_cfa_offset 36
 1673              		.cfi_offset 4, -36
 1674              		.cfi_offset 5, -32
 1675              		.cfi_offset 6, -28
 1676              		.cfi_offset 7, -24
 1677              		.cfi_offset 8, -20
 1678              		.cfi_offset 9, -16
 1679              		.cfi_offset 10, -12
 1680              		.cfi_offset 11, -8
 1681              		.cfi_offset 14, -4
 1682 0004 85B0     		sub	sp, sp, #20
 1683              	.LCFI8:
ARM GAS  /tmp/ccRJf3no.s 			page 50


 1684              		.cfi_def_cfa_offset 56
 1685 0006 0646     		mov	r6, r0
 1686 0008 0C46     		mov	r4, r1
 433:Middlewares/Third_Party/LibJPEG/source/jdarith.c ****   JBLOCKROW block;
 1687              		.loc 1 433 3 is_stmt 1 view .LVU574
 433:Middlewares/Third_Party/LibJPEG/source/jdarith.c ****   JBLOCKROW block;
 1688              		.loc 1 433 21 is_stmt 0 view .LVU575
 1689 000a D0F8D0B1 		ldr	fp, [r0, #464]
 1690              	.LVL163:
 434:Middlewares/Third_Party/LibJPEG/source/jdarith.c ****   JCOEFPTR thiscoef;
 1691              		.loc 1 434 3 is_stmt 1 view .LVU576
 435:Middlewares/Third_Party/LibJPEG/source/jdarith.c ****   unsigned char *st;
 1692              		.loc 1 435 3 view .LVU577
 436:Middlewares/Third_Party/LibJPEG/source/jdarith.c ****   int tbl, k, kex;
 1693              		.loc 1 436 3 view .LVU578
 437:Middlewares/Third_Party/LibJPEG/source/jdarith.c ****   int p1, m1;
 1694              		.loc 1 437 3 view .LVU579
 438:Middlewares/Third_Party/LibJPEG/source/jdarith.c ****   const int * natural_order;
 1695              		.loc 1 438 3 view .LVU580
 439:Middlewares/Third_Party/LibJPEG/source/jdarith.c **** 
 1696              		.loc 1 439 3 view .LVU581
 442:Middlewares/Third_Party/LibJPEG/source/jdarith.c ****     if (entropy->restarts_to_go == 0)
 1697              		.loc 1 442 3 view .LVU582
 442:Middlewares/Third_Party/LibJPEG/source/jdarith.c ****     if (entropy->restarts_to_go == 0)
 1698              		.loc 1 442 12 is_stmt 0 view .LVU583
 1699 000e D0F81831 		ldr	r3, [r0, #280]
 442:Middlewares/Third_Party/LibJPEG/source/jdarith.c ****     if (entropy->restarts_to_go == 0)
 1700              		.loc 1 442 6 view .LVU584
 1701 0012 3BB1     		cbz	r3, .L113
 443:Middlewares/Third_Party/LibJPEG/source/jdarith.c ****       process_restart(cinfo);
 1702              		.loc 1 443 5 is_stmt 1 view .LVU585
 443:Middlewares/Third_Party/LibJPEG/source/jdarith.c ****       process_restart(cinfo);
 1703              		.loc 1 443 16 is_stmt 0 view .LVU586
 1704 0014 DBF83430 		ldr	r3, [fp, #52]
 443:Middlewares/Third_Party/LibJPEG/source/jdarith.c ****       process_restart(cinfo);
 1705              		.loc 1 443 8 view .LVU587
 1706 0018 3BB3     		cbz	r3, .L130
 1707              	.LVL164:
 1708              	.L114:
 445:Middlewares/Third_Party/LibJPEG/source/jdarith.c ****   }
 1709              		.loc 1 445 5 is_stmt 1 view .LVU588
 445:Middlewares/Third_Party/LibJPEG/source/jdarith.c ****   }
 1710              		.loc 1 445 12 is_stmt 0 view .LVU589
 1711 001a DBF83430 		ldr	r3, [fp, #52]
 445:Middlewares/Third_Party/LibJPEG/source/jdarith.c ****   }
 1712              		.loc 1 445 28 view .LVU590
 1713 001e 013B     		subs	r3, r3, #1
 1714 0020 CBF83430 		str	r3, [fp, #52]
 1715              	.L113:
 448:Middlewares/Third_Party/LibJPEG/source/jdarith.c **** 
 1716              		.loc 1 448 3 is_stmt 1 view .LVU591
 448:Middlewares/Third_Party/LibJPEG/source/jdarith.c **** 
 1717              		.loc 1 448 14 is_stmt 0 view .LVU592
 1718 0024 DBF81030 		ldr	r3, [fp, #16]
 448:Middlewares/Third_Party/LibJPEG/source/jdarith.c **** 
 1719              		.loc 1 448 6 view .LVU593
 1720 0028 B3F1FF3F 		cmp	r3, #-1
ARM GAS  /tmp/ccRJf3no.s 			page 51


 1721 002c 76D0     		beq	.L115
 450:Middlewares/Third_Party/LibJPEG/source/jdarith.c **** 
 1722              		.loc 1 450 3 is_stmt 1 view .LVU594
 450:Middlewares/Third_Party/LibJPEG/source/jdarith.c **** 
 1723              		.loc 1 450 17 is_stmt 0 view .LVU595
 1724 002e D6F8AC91 		ldr	r9, [r6, #428]
 1725              	.LVL165:
 453:Middlewares/Third_Party/LibJPEG/source/jdarith.c ****   tbl = cinfo->cur_comp_info[0]->ac_tbl_no;
 1726              		.loc 1 453 3 is_stmt 1 view .LVU596
 453:Middlewares/Third_Party/LibJPEG/source/jdarith.c ****   tbl = cinfo->cur_comp_info[0]->ac_tbl_no;
 1727              		.loc 1 453 9 is_stmt 0 view .LVU597
 1728 0032 2768     		ldr	r7, [r4]
 1729              	.LVL166:
 454:Middlewares/Third_Party/LibJPEG/source/jdarith.c **** 
 1730              		.loc 1 454 3 is_stmt 1 view .LVU598
 454:Middlewares/Third_Party/LibJPEG/source/jdarith.c **** 
 1731              		.loc 1 454 29 is_stmt 0 view .LVU599
 1732 0034 D6F85431 		ldr	r3, [r6, #340]
 454:Middlewares/Third_Party/LibJPEG/source/jdarith.c **** 
 1733              		.loc 1 454 7 view .LVU600
 1734 0038 9B69     		ldr	r3, [r3, #24]
 1735 003a 0193     		str	r3, [sp, #4]
 1736              	.LVL167:
 456:Middlewares/Third_Party/LibJPEG/source/jdarith.c ****   m1 = (-1) << cinfo->Al;	/* -1 in the bit position being coded */
 1737              		.loc 1 456 3 is_stmt 1 view .LVU601
 456:Middlewares/Third_Party/LibJPEG/source/jdarith.c ****   m1 = (-1) << cinfo->Al;	/* -1 in the bit position being coded */
 1738              		.loc 1 456 18 is_stmt 0 view .LVU602
 1739 003c D6F8A431 		ldr	r3, [r6, #420]
 1740              	.LVL168:
 456:Middlewares/Third_Party/LibJPEG/source/jdarith.c ****   m1 = (-1) << cinfo->Al;	/* -1 in the bit position being coded */
 1741              		.loc 1 456 6 view .LVU603
 1742 0040 0122     		movs	r2, #1
 1743 0042 9A40     		lsls	r2, r2, r3
 1744 0044 0292     		str	r2, [sp, #8]
 1745              	.LVL169:
 457:Middlewares/Third_Party/LibJPEG/source/jdarith.c **** 
 1746              		.loc 1 457 3 is_stmt 1 view .LVU604
 457:Middlewares/Third_Party/LibJPEG/source/jdarith.c **** 
 1747              		.loc 1 457 6 is_stmt 0 view .LVU605
 1748 0046 4FF0FF32 		mov	r2, #-1
 1749              	.LVL170:
 457:Middlewares/Third_Party/LibJPEG/source/jdarith.c **** 
 1750              		.loc 1 457 6 view .LVU606
 1751 004a 02FA03F3 		lsl	r3, r2, r3
 1752 004e 0393     		str	r3, [sp, #12]
 1753              	.LVL171:
 460:Middlewares/Third_Party/LibJPEG/source/jdarith.c ****     if ((*block)[natural_order[kex]]) break;
 1754              		.loc 1 460 3 is_stmt 1 view .LVU607
 460:Middlewares/Third_Party/LibJPEG/source/jdarith.c ****     if ((*block)[natural_order[kex]]) break;
 1755              		.loc 1 460 12 is_stmt 0 view .LVU608
 1756 0050 D6F89C81 		ldr	r8, [r6, #412]
 1757              	.LVL172:
 1758              	.L116:
 460:Middlewares/Third_Party/LibJPEG/source/jdarith.c ****     if ((*block)[natural_order[kex]]) break;
 1759              		.loc 1 460 25 is_stmt 1 discriminator 1 view .LVU609
 460:Middlewares/Third_Party/LibJPEG/source/jdarith.c ****     if ((*block)[natural_order[kex]]) break;
 1760              		.loc 1 460 3 is_stmt 0 discriminator 1 view .LVU610
ARM GAS  /tmp/ccRJf3no.s 			page 52


 1761 0054 B8F1000F 		cmp	r8, #0
 1762 0058 0ADD     		ble	.L117
 461:Middlewares/Third_Party/LibJPEG/source/jdarith.c **** 
 1763              		.loc 1 461 5 is_stmt 1 view .LVU611
 461:Middlewares/Third_Party/LibJPEG/source/jdarith.c **** 
 1764              		.loc 1 461 31 is_stmt 0 view .LVU612
 1765 005a 59F82830 		ldr	r3, [r9, r8, lsl #2]
 461:Middlewares/Third_Party/LibJPEG/source/jdarith.c **** 
 1766              		.loc 1 461 17 view .LVU613
 1767 005e 37F91330 		ldrsh	r3, [r7, r3, lsl #1]
 461:Middlewares/Third_Party/LibJPEG/source/jdarith.c **** 
 1768              		.loc 1 461 8 view .LVU614
 1769 0062 2BB9     		cbnz	r3, .L117
 460:Middlewares/Third_Party/LibJPEG/source/jdarith.c ****     if ((*block)[natural_order[kex]]) break;
 1770              		.loc 1 460 34 is_stmt 1 discriminator 2 view .LVU615
 460:Middlewares/Third_Party/LibJPEG/source/jdarith.c ****     if ((*block)[natural_order[kex]]) break;
 1771              		.loc 1 460 37 is_stmt 0 discriminator 2 view .LVU616
 1772 0064 08F1FF38 		add	r8, r8, #-1
 1773              	.LVL173:
 460:Middlewares/Third_Party/LibJPEG/source/jdarith.c ****     if ((*block)[natural_order[kex]]) break;
 1774              		.loc 1 460 37 discriminator 2 view .LVU617
 1775 0068 F4E7     		b	.L116
 1776              	.LVL174:
 1777              	.L130:
 444:Middlewares/Third_Party/LibJPEG/source/jdarith.c ****     entropy->restarts_to_go--;
 1778              		.loc 1 444 7 is_stmt 1 view .LVU618
 1779 006a FFF7FEFF 		bl	process_restart
 1780              	.LVL175:
 444:Middlewares/Third_Party/LibJPEG/source/jdarith.c ****     entropy->restarts_to_go--;
 1781              		.loc 1 444 7 is_stmt 0 view .LVU619
 1782 006e D4E7     		b	.L114
 1783              	.LVL176:
 1784              	.L117:
 463:Middlewares/Third_Party/LibJPEG/source/jdarith.c ****     st = entropy->ac_stats[tbl] + 3 * (k - 1);
 1785              		.loc 1 463 3 is_stmt 1 view .LVU620
 463:Middlewares/Third_Party/LibJPEG/source/jdarith.c ****     st = entropy->ac_stats[tbl] + 3 * (k - 1);
 1786              		.loc 1 463 10 is_stmt 0 view .LVU621
 1787 0070 D6F89841 		ldr	r4, [r6, #408]
 1788              	.LVL177:
 463:Middlewares/Third_Party/LibJPEG/source/jdarith.c ****     st = entropy->ac_stats[tbl] + 3 * (k - 1);
 1789              		.loc 1 463 3 view .LVU622
 1790 0074 23E0     		b	.L119
 1791              	.LVL178:
 1792              	.L132:
 466:Middlewares/Third_Party/LibJPEG/source/jdarith.c ****     for (;;) {
 1793              		.loc 1 466 7 is_stmt 1 view .LVU623
 466:Middlewares/Third_Party/LibJPEG/source/jdarith.c ****     for (;;) {
 1794              		.loc 1 466 11 is_stmt 0 view .LVU624
 1795 0076 2946     		mov	r1, r5
 1796 0078 3046     		mov	r0, r6
 1797 007a FFF7FEFF 		bl	arith_decode
 1798              	.LVL179:
 466:Middlewares/Third_Party/LibJPEG/source/jdarith.c ****     for (;;) {
 1799              		.loc 1 466 10 view .LVU625
 1800 007e 60B3     		cbz	r0, .L126
 466:Middlewares/Third_Party/LibJPEG/source/jdarith.c ****     for (;;) {
 1801              		.loc 1 466 10 view .LVU626
ARM GAS  /tmp/ccRJf3no.s 			page 53


 1802 0080 4CE0     		b	.L115
 1803              	.LVL180:
 1804              	.L133:
 470:Middlewares/Third_Party/LibJPEG/source/jdarith.c **** 	  if (*thiscoef < 0)
 1805              		.loc 1 470 2 is_stmt 1 view .LVU627
 470:Middlewares/Third_Party/LibJPEG/source/jdarith.c **** 	  if (*thiscoef < 0)
 1806              		.loc 1 470 6 is_stmt 0 view .LVU628
 1807 0082 A91C     		adds	r1, r5, #2
 1808 0084 3046     		mov	r0, r6
 1809 0086 FFF7FEFF 		bl	arith_decode
 1810              	.LVL181:
 470:Middlewares/Third_Party/LibJPEG/source/jdarith.c **** 	  if (*thiscoef < 0)
 1811              		.loc 1 470 5 view .LVU629
 1812 008a B8B1     		cbz	r0, .L122
 471:Middlewares/Third_Party/LibJPEG/source/jdarith.c **** 	    *thiscoef += m1;
 1813              		.loc 1 471 4 is_stmt 1 view .LVU630
 471:Middlewares/Third_Party/LibJPEG/source/jdarith.c **** 	    *thiscoef += m1;
 1814              		.loc 1 471 8 is_stmt 0 view .LVU631
 1815 008c BAF90030 		ldrsh	r3, [r10]
 471:Middlewares/Third_Party/LibJPEG/source/jdarith.c **** 	    *thiscoef += m1;
 1816              		.loc 1 471 7 view .LVU632
 1817 0090 002B     		cmp	r3, #0
 1818 0092 04DB     		blt	.L131
 474:Middlewares/Third_Party/LibJPEG/source/jdarith.c **** 	}
 1819              		.loc 1 474 6 is_stmt 1 view .LVU633
 474:Middlewares/Third_Party/LibJPEG/source/jdarith.c **** 	}
 1820              		.loc 1 474 16 is_stmt 0 view .LVU634
 1821 0094 029A     		ldr	r2, [sp, #8]
 1822 0096 1344     		add	r3, r3, r2
 1823 0098 AAF80030 		strh	r3, [r10]	@ movhi
 1824 009c 0EE0     		b	.L122
 1825              	.L131:
 472:Middlewares/Third_Party/LibJPEG/source/jdarith.c **** 	  else
 1826              		.loc 1 472 6 is_stmt 1 view .LVU635
 472:Middlewares/Third_Party/LibJPEG/source/jdarith.c **** 	  else
 1827              		.loc 1 472 16 is_stmt 0 view .LVU636
 1828 009e 039A     		ldr	r2, [sp, #12]
 1829 00a0 1344     		add	r3, r3, r2
 1830 00a2 AAF80030 		strh	r3, [r10]	@ movhi
 1831 00a6 09E0     		b	.L122
 1832              	.L134:
 479:Middlewares/Third_Party/LibJPEG/source/jdarith.c **** 	  *thiscoef = m1;
 1833              		.loc 1 479 2 is_stmt 1 view .LVU637
 479:Middlewares/Third_Party/LibJPEG/source/jdarith.c **** 	  *thiscoef = m1;
 1834              		.loc 1 479 6 is_stmt 0 view .LVU638
 1835 00a8 0BF1B801 		add	r1, fp, #184
 1836 00ac 3046     		mov	r0, r6
 1837 00ae FFF7FEFF 		bl	arith_decode
 1838              	.LVL182:
 479:Middlewares/Third_Party/LibJPEG/source/jdarith.c **** 	  *thiscoef = m1;
 1839              		.loc 1 479 5 view .LVU639
 1840 00b2 0028     		cmp	r0, #0
 1841 00b4 36D0     		beq	.L125
 480:Middlewares/Third_Party/LibJPEG/source/jdarith.c **** 	else
 1842              		.loc 1 480 4 is_stmt 1 view .LVU640
 480:Middlewares/Third_Party/LibJPEG/source/jdarith.c **** 	else
 1843              		.loc 1 480 14 is_stmt 0 view .LVU641
ARM GAS  /tmp/ccRJf3no.s 			page 54


 1844 00b6 039B     		ldr	r3, [sp, #12]
 1845 00b8 AAF80030 		strh	r3, [r10]	@ movhi
 1846              	.L122:
 463:Middlewares/Third_Party/LibJPEG/source/jdarith.c ****     st = entropy->ac_stats[tbl] + 3 * (k - 1);
 1847              		.loc 1 463 39 is_stmt 1 discriminator 2 view .LVU642
 463:Middlewares/Third_Party/LibJPEG/source/jdarith.c ****     st = entropy->ac_stats[tbl] + 3 * (k - 1);
 1848              		.loc 1 463 40 is_stmt 0 discriminator 2 view .LVU643
 1849 00bc 0134     		adds	r4, r4, #1
 1850              	.LVL183:
 1851              	.L119:
 463:Middlewares/Third_Party/LibJPEG/source/jdarith.c ****     st = entropy->ac_stats[tbl] + 3 * (k - 1);
 1852              		.loc 1 463 23 is_stmt 1 discriminator 1 view .LVU644
 463:Middlewares/Third_Party/LibJPEG/source/jdarith.c ****     st = entropy->ac_stats[tbl] + 3 * (k - 1);
 1853              		.loc 1 463 33 is_stmt 0 discriminator 1 view .LVU645
 1854 00be D6F89C31 		ldr	r3, [r6, #412]
 463:Middlewares/Third_Party/LibJPEG/source/jdarith.c ****     st = entropy->ac_stats[tbl] + 3 * (k - 1);
 1855              		.loc 1 463 3 discriminator 1 view .LVU646
 1856 00c2 A342     		cmp	r3, r4
 1857 00c4 2ADB     		blt	.L115
 464:Middlewares/Third_Party/LibJPEG/source/jdarith.c ****     if (k > kex)
 1858              		.loc 1 464 5 is_stmt 1 view .LVU647
 464:Middlewares/Third_Party/LibJPEG/source/jdarith.c ****     if (k > kex)
 1859              		.loc 1 464 27 is_stmt 0 view .LVU648
 1860 00c6 019B     		ldr	r3, [sp, #4]
 1861 00c8 1E33     		adds	r3, r3, #30
 1862 00ca 5BF82350 		ldr	r5, [fp, r3, lsl #2]
 464:Middlewares/Third_Party/LibJPEG/source/jdarith.c ****     if (k > kex)
 1863              		.loc 1 464 42 view .LVU649
 1864 00ce 631E     		subs	r3, r4, #1
 464:Middlewares/Third_Party/LibJPEG/source/jdarith.c ****     if (k > kex)
 1865              		.loc 1 464 37 view .LVU650
 1866 00d0 03EB4303 		add	r3, r3, r3, lsl #1
 464:Middlewares/Third_Party/LibJPEG/source/jdarith.c ****     if (k > kex)
 1867              		.loc 1 464 8 view .LVU651
 1868 00d4 1D44     		add	r5, r5, r3
 1869              	.LVL184:
 465:Middlewares/Third_Party/LibJPEG/source/jdarith.c ****       if (arith_decode(cinfo, st)) break;	/* EOB flag */
 1870              		.loc 1 465 5 is_stmt 1 view .LVU652
 465:Middlewares/Third_Party/LibJPEG/source/jdarith.c ****       if (arith_decode(cinfo, st)) break;	/* EOB flag */
 1871              		.loc 1 465 8 is_stmt 0 view .LVU653
 1872 00d6 4445     		cmp	r4, r8
 1873 00d8 CDDC     		bgt	.L132
 1874              	.L126:
 467:Middlewares/Third_Party/LibJPEG/source/jdarith.c ****       thiscoef = *block + natural_order[k];
 1875              		.loc 1 467 5 is_stmt 1 view .LVU654
 468:Middlewares/Third_Party/LibJPEG/source/jdarith.c ****       if (*thiscoef) {				/* previously nonzero coef */
 1876              		.loc 1 468 7 view .LVU655
 468:Middlewares/Third_Party/LibJPEG/source/jdarith.c ****       if (*thiscoef) {				/* previously nonzero coef */
 1877              		.loc 1 468 40 is_stmt 0 view .LVU656
 1878 00da 59F82430 		ldr	r3, [r9, r4, lsl #2]
 468:Middlewares/Third_Party/LibJPEG/source/jdarith.c ****       if (*thiscoef) {				/* previously nonzero coef */
 1879              		.loc 1 468 16 view .LVU657
 1880 00de 07EB430A 		add	r10, r7, r3, lsl #1
 1881              	.LVL185:
 469:Middlewares/Third_Party/LibJPEG/source/jdarith.c **** 	if (arith_decode(cinfo, st + 2)) {
 1882              		.loc 1 469 7 is_stmt 1 view .LVU658
 469:Middlewares/Third_Party/LibJPEG/source/jdarith.c **** 	if (arith_decode(cinfo, st + 2)) {
ARM GAS  /tmp/ccRJf3no.s 			page 55


 1883              		.loc 1 469 11 is_stmt 0 view .LVU659
 1884 00e2 37F91330 		ldrsh	r3, [r7, r3, lsl #1]
 469:Middlewares/Third_Party/LibJPEG/source/jdarith.c **** 	if (arith_decode(cinfo, st + 2)) {
 1885              		.loc 1 469 10 view .LVU660
 1886 00e6 002B     		cmp	r3, #0
 1887 00e8 CBD1     		bne	.L133
 478:Middlewares/Third_Party/LibJPEG/source/jdarith.c **** 	if (arith_decode(cinfo, entropy->fixed_bin))
 1888              		.loc 1 478 7 is_stmt 1 view .LVU661
 478:Middlewares/Third_Party/LibJPEG/source/jdarith.c **** 	if (arith_decode(cinfo, entropy->fixed_bin))
 1889              		.loc 1 478 11 is_stmt 0 view .LVU662
 1890 00ea 691C     		adds	r1, r5, #1
 1891 00ec 3046     		mov	r0, r6
 1892 00ee FFF7FEFF 		bl	arith_decode
 1893              	.LVL186:
 478:Middlewares/Third_Party/LibJPEG/source/jdarith.c **** 	if (arith_decode(cinfo, entropy->fixed_bin))
 1894              		.loc 1 478 10 view .LVU663
 1895 00f2 0028     		cmp	r0, #0
 1896 00f4 D8D1     		bne	.L134
 485:Middlewares/Third_Party/LibJPEG/source/jdarith.c ****       if (k > cinfo->Se) {
 1897              		.loc 1 485 7 is_stmt 1 view .LVU664
 485:Middlewares/Third_Party/LibJPEG/source/jdarith.c ****       if (k > cinfo->Se) {
 1898              		.loc 1 485 10 is_stmt 0 view .LVU665
 1899 00f6 0335     		adds	r5, r5, #3
 1900              	.LVL187:
 485:Middlewares/Third_Party/LibJPEG/source/jdarith.c ****       if (k > cinfo->Se) {
 1901              		.loc 1 485 16 is_stmt 1 view .LVU666
 485:Middlewares/Third_Party/LibJPEG/source/jdarith.c ****       if (k > cinfo->Se) {
 1902              		.loc 1 485 17 is_stmt 0 view .LVU667
 1903 00f8 0134     		adds	r4, r4, #1
 1904              	.LVL188:
 486:Middlewares/Third_Party/LibJPEG/source/jdarith.c **** 	WARNMS(cinfo, JWRN_ARITH_BAD_CODE);
 1905              		.loc 1 486 7 is_stmt 1 view .LVU668
 486:Middlewares/Third_Party/LibJPEG/source/jdarith.c **** 	WARNMS(cinfo, JWRN_ARITH_BAD_CODE);
 1906              		.loc 1 486 20 is_stmt 0 view .LVU669
 1907 00fa D6F89C31 		ldr	r3, [r6, #412]
 486:Middlewares/Third_Party/LibJPEG/source/jdarith.c **** 	WARNMS(cinfo, JWRN_ARITH_BAD_CODE);
 1908              		.loc 1 486 10 view .LVU670
 1909 00fe A342     		cmp	r3, r4
 1910 0100 EBDA     		bge	.L126
 487:Middlewares/Third_Party/LibJPEG/source/jdarith.c **** 	entropy->ct = -1;			/* spectral overflow */
 1911              		.loc 1 487 2 is_stmt 1 view .LVU671
 1912 0102 3368     		ldr	r3, [r6]
 1913 0104 7522     		movs	r2, #117
 1914 0106 5A61     		str	r2, [r3, #20]
 1915 0108 3368     		ldr	r3, [r6]
 1916 010a 5B68     		ldr	r3, [r3, #4]
 1917 010c 4FF0FF31 		mov	r1, #-1
 1918 0110 3046     		mov	r0, r6
 1919 0112 9847     		blx	r3
 1920              	.LVL189:
 488:Middlewares/Third_Party/LibJPEG/source/jdarith.c **** 	return TRUE;
 1921              		.loc 1 488 2 view .LVU672
 488:Middlewares/Third_Party/LibJPEG/source/jdarith.c **** 	return TRUE;
 1922              		.loc 1 488 14 is_stmt 0 view .LVU673
 1923 0114 4FF0FF33 		mov	r3, #-1
 1924 0118 CBF81030 		str	r3, [fp, #16]
 489:Middlewares/Third_Party/LibJPEG/source/jdarith.c ****       }
ARM GAS  /tmp/ccRJf3no.s 			page 56


 1925              		.loc 1 489 2 is_stmt 1 view .LVU674
 1926              	.LVL190:
 1927              	.L115:
 495:Middlewares/Third_Party/LibJPEG/source/jdarith.c **** 
 1928              		.loc 1 495 1 is_stmt 0 view .LVU675
 1929 011c 0120     		movs	r0, #1
 1930 011e 05B0     		add	sp, sp, #20
 1931              	.LCFI9:
 1932              		.cfi_remember_state
 1933              		.cfi_def_cfa_offset 36
 1934              		@ sp needed
 1935 0120 BDE8F08F 		pop	{r4, r5, r6, r7, r8, r9, r10, fp, pc}
 1936              	.LVL191:
 1937              	.L125:
 1938              	.LCFI10:
 1939              		.cfi_restore_state
 482:Middlewares/Third_Party/LibJPEG/source/jdarith.c **** 	break;
 1940              		.loc 1 482 4 is_stmt 1 view .LVU676
 482:Middlewares/Third_Party/LibJPEG/source/jdarith.c **** 	break;
 1941              		.loc 1 482 14 is_stmt 0 view .LVU677
 1942 0124 029B     		ldr	r3, [sp, #8]
 1943 0126 AAF80030 		strh	r3, [r10]	@ movhi
 1944 012a C7E7     		b	.L122
 1945              		.cfi_endproc
 1946              	.LFE13:
 1948              		.section	.text.decode_mcu_DC_refine,"ax",%progbits
 1949              		.align	1
 1950              		.syntax unified
 1951              		.thumb
 1952              		.thumb_func
 1953              		.fpu fpv4-sp-d16
 1955              	decode_mcu_DC_refine:
 1956              	.LVL192:
 1957              	.LFB12:
 399:Middlewares/Third_Party/LibJPEG/source/jdarith.c ****   arith_entropy_ptr entropy = (arith_entropy_ptr) cinfo->entropy;
 1958              		.loc 1 399 1 is_stmt 1 view -0
 1959              		.cfi_startproc
 1960              		@ args = 0, pretend = 0, frame = 0
 1961              		@ frame_needed = 0, uses_anonymous_args = 0
 399:Middlewares/Third_Party/LibJPEG/source/jdarith.c ****   arith_entropy_ptr entropy = (arith_entropy_ptr) cinfo->entropy;
 1962              		.loc 1 399 1 is_stmt 0 view .LVU679
 1963 0000 2DE9F041 		push	{r4, r5, r6, r7, r8, lr}
 1964              	.LCFI11:
 1965              		.cfi_def_cfa_offset 24
 1966              		.cfi_offset 4, -24
 1967              		.cfi_offset 5, -20
 1968              		.cfi_offset 6, -16
 1969              		.cfi_offset 7, -12
 1970              		.cfi_offset 8, -8
 1971              		.cfi_offset 14, -4
 1972 0004 0546     		mov	r5, r0
 1973 0006 8846     		mov	r8, r1
 400:Middlewares/Third_Party/LibJPEG/source/jdarith.c ****   unsigned char *st;
 1974              		.loc 1 400 3 is_stmt 1 view .LVU680
 400:Middlewares/Third_Party/LibJPEG/source/jdarith.c ****   unsigned char *st;
 1975              		.loc 1 400 21 is_stmt 0 view .LVU681
 1976 0008 D0F8D061 		ldr	r6, [r0, #464]
ARM GAS  /tmp/ccRJf3no.s 			page 57


 1977              	.LVL193:
 401:Middlewares/Third_Party/LibJPEG/source/jdarith.c ****   int p1, blkn;
 1978              		.loc 1 401 3 is_stmt 1 view .LVU682
 402:Middlewares/Third_Party/LibJPEG/source/jdarith.c **** 
 1979              		.loc 1 402 3 view .LVU683
 405:Middlewares/Third_Party/LibJPEG/source/jdarith.c ****     if (entropy->restarts_to_go == 0)
 1980              		.loc 1 405 3 view .LVU684
 405:Middlewares/Third_Party/LibJPEG/source/jdarith.c ****     if (entropy->restarts_to_go == 0)
 1981              		.loc 1 405 12 is_stmt 0 view .LVU685
 1982 000c D0F81831 		ldr	r3, [r0, #280]
 405:Middlewares/Third_Party/LibJPEG/source/jdarith.c ****     if (entropy->restarts_to_go == 0)
 1983              		.loc 1 405 6 view .LVU686
 1984 0010 23B1     		cbz	r3, .L136
 406:Middlewares/Third_Party/LibJPEG/source/jdarith.c ****       process_restart(cinfo);
 1985              		.loc 1 406 5 is_stmt 1 view .LVU687
 406:Middlewares/Third_Party/LibJPEG/source/jdarith.c ****       process_restart(cinfo);
 1986              		.loc 1 406 16 is_stmt 0 view .LVU688
 1987 0012 736B     		ldr	r3, [r6, #52]
 406:Middlewares/Third_Party/LibJPEG/source/jdarith.c ****       process_restart(cinfo);
 1988              		.loc 1 406 8 view .LVU689
 1989 0014 4BB1     		cbz	r3, .L142
 1990              	.LVL194:
 1991              	.L137:
 408:Middlewares/Third_Party/LibJPEG/source/jdarith.c ****   }
 1992              		.loc 1 408 5 is_stmt 1 view .LVU690
 408:Middlewares/Third_Party/LibJPEG/source/jdarith.c ****   }
 1993              		.loc 1 408 12 is_stmt 0 view .LVU691
 1994 0016 736B     		ldr	r3, [r6, #52]
 408:Middlewares/Third_Party/LibJPEG/source/jdarith.c ****   }
 1995              		.loc 1 408 28 view .LVU692
 1996 0018 013B     		subs	r3, r3, #1
 1997 001a 7363     		str	r3, [r6, #52]
 1998              	.L136:
 411:Middlewares/Third_Party/LibJPEG/source/jdarith.c ****   p1 = 1 << cinfo->Al;		/* 1 in the bit position being coded */
 1999              		.loc 1 411 3 is_stmt 1 view .LVU693
 411:Middlewares/Third_Party/LibJPEG/source/jdarith.c ****   p1 = 1 << cinfo->Al;		/* 1 in the bit position being coded */
 2000              		.loc 1 411 6 is_stmt 0 view .LVU694
 2001 001c B836     		adds	r6, r6, #184
 2002              	.LVL195:
 412:Middlewares/Third_Party/LibJPEG/source/jdarith.c **** 
 2003              		.loc 1 412 3 is_stmt 1 view .LVU695
 412:Middlewares/Third_Party/LibJPEG/source/jdarith.c **** 
 2004              		.loc 1 412 18 is_stmt 0 view .LVU696
 2005 001e D5F8A431 		ldr	r3, [r5, #420]
 412:Middlewares/Third_Party/LibJPEG/source/jdarith.c **** 
 2006              		.loc 1 412 6 view .LVU697
 2007 0022 0127     		movs	r7, #1
 2008 0024 9F40     		lsls	r7, r7, r3
 2009              	.LVL196:
 416:Middlewares/Third_Party/LibJPEG/source/jdarith.c ****     /* Encoded data is simply the next bit of the two's-complement DC value */
 2010              		.loc 1 416 3 is_stmt 1 view .LVU698
 416:Middlewares/Third_Party/LibJPEG/source/jdarith.c ****     /* Encoded data is simply the next bit of the two's-complement DC value */
 2011              		.loc 1 416 13 is_stmt 0 view .LVU699
 2012 0026 0024     		movs	r4, #0
 416:Middlewares/Third_Party/LibJPEG/source/jdarith.c ****     /* Encoded data is simply the next bit of the two's-complement DC value */
 2013              		.loc 1 416 3 view .LVU700
 2014 0028 03E0     		b	.L138
ARM GAS  /tmp/ccRJf3no.s 			page 58


 2015              	.LVL197:
 2016              	.L142:
 407:Middlewares/Third_Party/LibJPEG/source/jdarith.c ****     entropy->restarts_to_go--;
 2017              		.loc 1 407 7 is_stmt 1 view .LVU701
 2018 002a FFF7FEFF 		bl	process_restart
 2019              	.LVL198:
 407:Middlewares/Third_Party/LibJPEG/source/jdarith.c ****     entropy->restarts_to_go--;
 2020              		.loc 1 407 7 is_stmt 0 view .LVU702
 2021 002e F2E7     		b	.L137
 2022              	.LVL199:
 2023              	.L139:
 416:Middlewares/Third_Party/LibJPEG/source/jdarith.c ****     /* Encoded data is simply the next bit of the two's-complement DC value */
 2024              		.loc 1 416 47 is_stmt 1 discriminator 2 view .LVU703
 416:Middlewares/Third_Party/LibJPEG/source/jdarith.c ****     /* Encoded data is simply the next bit of the two's-complement DC value */
 2025              		.loc 1 416 51 is_stmt 0 discriminator 2 view .LVU704
 2026 0030 0134     		adds	r4, r4, #1
 2027              	.LVL200:
 2028              	.L138:
 416:Middlewares/Third_Party/LibJPEG/source/jdarith.c ****     /* Encoded data is simply the next bit of the two's-complement DC value */
 2029              		.loc 1 416 18 is_stmt 1 discriminator 1 view .LVU705
 416:Middlewares/Third_Party/LibJPEG/source/jdarith.c ****     /* Encoded data is simply the next bit of the two's-complement DC value */
 2030              		.loc 1 416 30 is_stmt 0 discriminator 1 view .LVU706
 2031 0032 D5F86C31 		ldr	r3, [r5, #364]
 416:Middlewares/Third_Party/LibJPEG/source/jdarith.c ****     /* Encoded data is simply the next bit of the two's-complement DC value */
 2032              		.loc 1 416 3 discriminator 1 view .LVU707
 2033 0036 A342     		cmp	r3, r4
 2034 0038 0BDD     		ble	.L143
 418:Middlewares/Third_Party/LibJPEG/source/jdarith.c ****       MCU_data[blkn][0][0] |= p1;
 2035              		.loc 1 418 5 is_stmt 1 view .LVU708
 418:Middlewares/Third_Party/LibJPEG/source/jdarith.c ****       MCU_data[blkn][0][0] |= p1;
 2036              		.loc 1 418 9 is_stmt 0 view .LVU709
 2037 003a 3146     		mov	r1, r6
 2038 003c 2846     		mov	r0, r5
 2039 003e FFF7FEFF 		bl	arith_decode
 2040              	.LVL201:
 418:Middlewares/Third_Party/LibJPEG/source/jdarith.c ****       MCU_data[blkn][0][0] |= p1;
 2041              		.loc 1 418 8 view .LVU710
 2042 0042 0028     		cmp	r0, #0
 2043 0044 F4D0     		beq	.L139
 419:Middlewares/Third_Party/LibJPEG/source/jdarith.c ****   }
 2044              		.loc 1 419 7 is_stmt 1 view .LVU711
 419:Middlewares/Third_Party/LibJPEG/source/jdarith.c ****   }
 2045              		.loc 1 419 15 is_stmt 0 view .LVU712
 2046 0046 58F82420 		ldr	r2, [r8, r4, lsl #2]
 419:Middlewares/Third_Party/LibJPEG/source/jdarith.c ****   }
 2047              		.loc 1 419 28 view .LVU713
 2048 004a 1388     		ldrh	r3, [r2]
 2049 004c 3B43     		orrs	r3, r3, r7
 2050 004e 1380     		strh	r3, [r2]	@ movhi
 2051 0050 EEE7     		b	.L139
 2052              	.L143:
 422:Middlewares/Third_Party/LibJPEG/source/jdarith.c **** }
 2053              		.loc 1 422 3 is_stmt 1 view .LVU714
 423:Middlewares/Third_Party/LibJPEG/source/jdarith.c **** 
 2054              		.loc 1 423 1 is_stmt 0 view .LVU715
 2055 0052 0120     		movs	r0, #1
 2056 0054 BDE8F081 		pop	{r4, r5, r6, r7, r8, pc}
ARM GAS  /tmp/ccRJf3no.s 			page 59


 423:Middlewares/Third_Party/LibJPEG/source/jdarith.c **** 
 2057              		.loc 1 423 1 view .LVU716
 2058              		.cfi_endproc
 2059              	.LFE12:
 2061              		.section	.text.decode_mcu_AC_first,"ax",%progbits
 2062              		.align	1
 2063              		.syntax unified
 2064              		.thumb
 2065              		.thumb_func
 2066              		.fpu fpv4-sp-d16
 2068              	decode_mcu_AC_first:
 2069              	.LVL202:
 2070              	.LFB11:
 322:Middlewares/Third_Party/LibJPEG/source/jdarith.c ****   arith_entropy_ptr entropy = (arith_entropy_ptr) cinfo->entropy;
 2071              		.loc 1 322 1 is_stmt 1 view -0
 2072              		.cfi_startproc
 2073              		@ args = 0, pretend = 0, frame = 8
 2074              		@ frame_needed = 0, uses_anonymous_args = 0
 322:Middlewares/Third_Party/LibJPEG/source/jdarith.c ****   arith_entropy_ptr entropy = (arith_entropy_ptr) cinfo->entropy;
 2075              		.loc 1 322 1 is_stmt 0 view .LVU718
 2076 0000 2DE9F04F 		push	{r4, r5, r6, r7, r8, r9, r10, fp, lr}
 2077              	.LCFI12:
 2078              		.cfi_def_cfa_offset 36
 2079              		.cfi_offset 4, -36
 2080              		.cfi_offset 5, -32
 2081              		.cfi_offset 6, -28
 2082              		.cfi_offset 7, -24
 2083              		.cfi_offset 8, -20
 2084              		.cfi_offset 9, -16
 2085              		.cfi_offset 10, -12
 2086              		.cfi_offset 11, -8
 2087              		.cfi_offset 14, -4
 2088 0004 83B0     		sub	sp, sp, #12
 2089              	.LCFI13:
 2090              		.cfi_def_cfa_offset 48
 2091 0006 0546     		mov	r5, r0
 2092 0008 0C46     		mov	r4, r1
 323:Middlewares/Third_Party/LibJPEG/source/jdarith.c ****   JBLOCKROW block;
 2093              		.loc 1 323 3 is_stmt 1 view .LVU719
 323:Middlewares/Third_Party/LibJPEG/source/jdarith.c ****   JBLOCKROW block;
 2094              		.loc 1 323 21 is_stmt 0 view .LVU720
 2095 000a D0F8D091 		ldr	r9, [r0, #464]
 2096              	.LVL203:
 324:Middlewares/Third_Party/LibJPEG/source/jdarith.c ****   unsigned char *st;
 2097              		.loc 1 324 3 is_stmt 1 view .LVU721
 325:Middlewares/Third_Party/LibJPEG/source/jdarith.c ****   int tbl, sign, k;
 2098              		.loc 1 325 3 view .LVU722
 326:Middlewares/Third_Party/LibJPEG/source/jdarith.c ****   int v, m;
 2099              		.loc 1 326 3 view .LVU723
 327:Middlewares/Third_Party/LibJPEG/source/jdarith.c ****   const int * natural_order;
 2100              		.loc 1 327 3 view .LVU724
 328:Middlewares/Third_Party/LibJPEG/source/jdarith.c **** 
 2101              		.loc 1 328 3 view .LVU725
 331:Middlewares/Third_Party/LibJPEG/source/jdarith.c ****     if (entropy->restarts_to_go == 0)
 2102              		.loc 1 331 3 view .LVU726
 331:Middlewares/Third_Party/LibJPEG/source/jdarith.c ****     if (entropy->restarts_to_go == 0)
 2103              		.loc 1 331 12 is_stmt 0 view .LVU727
ARM GAS  /tmp/ccRJf3no.s 			page 60


 2104 000e D0F81831 		ldr	r3, [r0, #280]
 331:Middlewares/Third_Party/LibJPEG/source/jdarith.c ****     if (entropy->restarts_to_go == 0)
 2105              		.loc 1 331 6 view .LVU728
 2106 0012 43B1     		cbz	r3, .L145
 332:Middlewares/Third_Party/LibJPEG/source/jdarith.c ****       process_restart(cinfo);
 2107              		.loc 1 332 5 is_stmt 1 view .LVU729
 332:Middlewares/Third_Party/LibJPEG/source/jdarith.c ****       process_restart(cinfo);
 2108              		.loc 1 332 16 is_stmt 0 view .LVU730
 2109 0014 D9F83430 		ldr	r3, [r9, #52]
 332:Middlewares/Third_Party/LibJPEG/source/jdarith.c ****       process_restart(cinfo);
 2110              		.loc 1 332 8 view .LVU731
 2111 0018 002B     		cmp	r3, #0
 2112 001a 40D0     		beq	.L163
 2113              	.LVL204:
 2114              	.L146:
 334:Middlewares/Third_Party/LibJPEG/source/jdarith.c ****   }
 2115              		.loc 1 334 5 is_stmt 1 view .LVU732
 334:Middlewares/Third_Party/LibJPEG/source/jdarith.c ****   }
 2116              		.loc 1 334 12 is_stmt 0 view .LVU733
 2117 001c D9F83430 		ldr	r3, [r9, #52]
 334:Middlewares/Third_Party/LibJPEG/source/jdarith.c ****   }
 2118              		.loc 1 334 28 view .LVU734
 2119 0020 013B     		subs	r3, r3, #1
 2120 0022 C9F83430 		str	r3, [r9, #52]
 2121              	.L145:
 337:Middlewares/Third_Party/LibJPEG/source/jdarith.c **** 
 2122              		.loc 1 337 3 is_stmt 1 view .LVU735
 337:Middlewares/Third_Party/LibJPEG/source/jdarith.c **** 
 2123              		.loc 1 337 14 is_stmt 0 view .LVU736
 2124 0026 D9F81030 		ldr	r3, [r9, #16]
 337:Middlewares/Third_Party/LibJPEG/source/jdarith.c **** 
 2125              		.loc 1 337 6 view .LVU737
 2126 002a B3F1FF3F 		cmp	r3, #-1
 2127 002e 32D0     		beq	.L147
 339:Middlewares/Third_Party/LibJPEG/source/jdarith.c **** 
 2128              		.loc 1 339 3 is_stmt 1 view .LVU738
 339:Middlewares/Third_Party/LibJPEG/source/jdarith.c **** 
 2129              		.loc 1 339 17 is_stmt 0 view .LVU739
 2130 0030 D5F8ACB1 		ldr	fp, [r5, #428]
 2131              	.LVL205:
 342:Middlewares/Third_Party/LibJPEG/source/jdarith.c ****   tbl = cinfo->cur_comp_info[0]->ac_tbl_no;
 2132              		.loc 1 342 3 is_stmt 1 view .LVU740
 342:Middlewares/Third_Party/LibJPEG/source/jdarith.c ****   tbl = cinfo->cur_comp_info[0]->ac_tbl_no;
 2133              		.loc 1 342 9 is_stmt 0 view .LVU741
 2134 0034 2368     		ldr	r3, [r4]
 2135 0036 0093     		str	r3, [sp]
 2136              	.LVL206:
 343:Middlewares/Third_Party/LibJPEG/source/jdarith.c **** 
 2137              		.loc 1 343 3 is_stmt 1 view .LVU742
 343:Middlewares/Third_Party/LibJPEG/source/jdarith.c **** 
 2138              		.loc 1 343 29 is_stmt 0 view .LVU743
 2139 0038 D5F85431 		ldr	r3, [r5, #340]
 2140              	.LVL207:
 343:Middlewares/Third_Party/LibJPEG/source/jdarith.c **** 
 2141              		.loc 1 343 7 view .LVU744
 2142 003c D3F818A0 		ldr	r10, [r3, #24]
 2143              	.LVL208:
ARM GAS  /tmp/ccRJf3no.s 			page 61


 348:Middlewares/Third_Party/LibJPEG/source/jdarith.c ****     st = entropy->ac_stats[tbl] + 3 * (k - 1);
 2144              		.loc 1 348 3 is_stmt 1 view .LVU745
 348:Middlewares/Third_Party/LibJPEG/source/jdarith.c ****     st = entropy->ac_stats[tbl] + 3 * (k - 1);
 2145              		.loc 1 348 10 is_stmt 0 view .LVU746
 2146 0040 D5F89861 		ldr	r6, [r5, #408]
 2147              	.LVL209:
 2148              	.L148:
 348:Middlewares/Third_Party/LibJPEG/source/jdarith.c ****     st = entropy->ac_stats[tbl] + 3 * (k - 1);
 2149              		.loc 1 348 23 is_stmt 1 discriminator 1 view .LVU747
 348:Middlewares/Third_Party/LibJPEG/source/jdarith.c ****     st = entropy->ac_stats[tbl] + 3 * (k - 1);
 2150              		.loc 1 348 33 is_stmt 0 discriminator 1 view .LVU748
 2151 0044 D5F89C31 		ldr	r3, [r5, #412]
 348:Middlewares/Third_Party/LibJPEG/source/jdarith.c ****     st = entropy->ac_stats[tbl] + 3 * (k - 1);
 2152              		.loc 1 348 3 discriminator 1 view .LVU749
 2153 0048 B342     		cmp	r3, r6
 2154 004a 24DB     		blt	.L147
 349:Middlewares/Third_Party/LibJPEG/source/jdarith.c ****     if (arith_decode(cinfo, st)) break;		/* EOB flag */
 2155              		.loc 1 349 5 is_stmt 1 view .LVU750
 349:Middlewares/Third_Party/LibJPEG/source/jdarith.c ****     if (arith_decode(cinfo, st)) break;		/* EOB flag */
 2156              		.loc 1 349 27 is_stmt 0 view .LVU751
 2157 004c 0AF11E03 		add	r3, r10, #30
 2158 0050 59F82340 		ldr	r4, [r9, r3, lsl #2]
 349:Middlewares/Third_Party/LibJPEG/source/jdarith.c ****     if (arith_decode(cinfo, st)) break;		/* EOB flag */
 2159              		.loc 1 349 42 view .LVU752
 2160 0054 731E     		subs	r3, r6, #1
 349:Middlewares/Third_Party/LibJPEG/source/jdarith.c ****     if (arith_decode(cinfo, st)) break;		/* EOB flag */
 2161              		.loc 1 349 37 view .LVU753
 2162 0056 03EB4303 		add	r3, r3, r3, lsl #1
 349:Middlewares/Third_Party/LibJPEG/source/jdarith.c ****     if (arith_decode(cinfo, st)) break;		/* EOB flag */
 2163              		.loc 1 349 8 view .LVU754
 2164 005a 1C44     		add	r4, r4, r3
 2165              	.LVL210:
 350:Middlewares/Third_Party/LibJPEG/source/jdarith.c ****     while (arith_decode(cinfo, st + 1) == 0) {
 2166              		.loc 1 350 5 is_stmt 1 view .LVU755
 350:Middlewares/Third_Party/LibJPEG/source/jdarith.c ****     while (arith_decode(cinfo, st + 1) == 0) {
 2167              		.loc 1 350 9 is_stmt 0 view .LVU756
 2168 005c 2146     		mov	r1, r4
 2169 005e 2846     		mov	r0, r5
 2170 0060 FFF7FEFF 		bl	arith_decode
 2171              	.LVL211:
 350:Middlewares/Third_Party/LibJPEG/source/jdarith.c ****     while (arith_decode(cinfo, st + 1) == 0) {
 2172              		.loc 1 350 8 view .LVU757
 2173 0064 B8B9     		cbnz	r0, .L147
 2174              	.L149:
 351:Middlewares/Third_Party/LibJPEG/source/jdarith.c ****       st += 3; k++;
 2175              		.loc 1 351 11 is_stmt 1 view .LVU758
 351:Middlewares/Third_Party/LibJPEG/source/jdarith.c ****       st += 3; k++;
 2176              		.loc 1 351 12 is_stmt 0 view .LVU759
 2177 0066 611C     		adds	r1, r4, #1
 2178 0068 2846     		mov	r0, r5
 2179 006a FFF7FEFF 		bl	arith_decode
 2180              	.LVL212:
 351:Middlewares/Third_Party/LibJPEG/source/jdarith.c ****       st += 3; k++;
 2181              		.loc 1 351 11 view .LVU760
 2182 006e C8B9     		cbnz	r0, .L164
 352:Middlewares/Third_Party/LibJPEG/source/jdarith.c ****       if (k > cinfo->Se) {
 2183              		.loc 1 352 7 is_stmt 1 view .LVU761
ARM GAS  /tmp/ccRJf3no.s 			page 62


 352:Middlewares/Third_Party/LibJPEG/source/jdarith.c ****       if (k > cinfo->Se) {
 2184              		.loc 1 352 10 is_stmt 0 view .LVU762
 2185 0070 0334     		adds	r4, r4, #3
 2186              	.LVL213:
 352:Middlewares/Third_Party/LibJPEG/source/jdarith.c ****       if (k > cinfo->Se) {
 2187              		.loc 1 352 16 is_stmt 1 view .LVU763
 352:Middlewares/Third_Party/LibJPEG/source/jdarith.c ****       if (k > cinfo->Se) {
 2188              		.loc 1 352 17 is_stmt 0 view .LVU764
 2189 0072 0136     		adds	r6, r6, #1
 2190              	.LVL214:
 353:Middlewares/Third_Party/LibJPEG/source/jdarith.c **** 	WARNMS(cinfo, JWRN_ARITH_BAD_CODE);
 2191              		.loc 1 353 7 is_stmt 1 view .LVU765
 353:Middlewares/Third_Party/LibJPEG/source/jdarith.c **** 	WARNMS(cinfo, JWRN_ARITH_BAD_CODE);
 2192              		.loc 1 353 20 is_stmt 0 view .LVU766
 2193 0074 D5F89C31 		ldr	r3, [r5, #412]
 353:Middlewares/Third_Party/LibJPEG/source/jdarith.c **** 	WARNMS(cinfo, JWRN_ARITH_BAD_CODE);
 2194              		.loc 1 353 10 view .LVU767
 2195 0078 B342     		cmp	r3, r6
 2196 007a F4DA     		bge	.L149
 354:Middlewares/Third_Party/LibJPEG/source/jdarith.c **** 	entropy->ct = -1;			/* spectral overflow */
 2197              		.loc 1 354 2 is_stmt 1 view .LVU768
 2198 007c 2B68     		ldr	r3, [r5]
 2199 007e 7522     		movs	r2, #117
 2200 0080 5A61     		str	r2, [r3, #20]
 2201 0082 2B68     		ldr	r3, [r5]
 2202 0084 5B68     		ldr	r3, [r3, #4]
 2203 0086 4FF0FF31 		mov	r1, #-1
 2204 008a 2846     		mov	r0, r5
 2205 008c 9847     		blx	r3
 2206              	.LVL215:
 355:Middlewares/Third_Party/LibJPEG/source/jdarith.c **** 	return TRUE;
 2207              		.loc 1 355 2 view .LVU769
 355:Middlewares/Third_Party/LibJPEG/source/jdarith.c **** 	return TRUE;
 2208              		.loc 1 355 14 is_stmt 0 view .LVU770
 2209 008e 4FF0FF33 		mov	r3, #-1
 2210 0092 C9F81030 		str	r3, [r9, #16]
 356:Middlewares/Third_Party/LibJPEG/source/jdarith.c ****       }
 2211              		.loc 1 356 2 is_stmt 1 view .LVU771
 2212              	.LVL216:
 2213              	.L147:
 390:Middlewares/Third_Party/LibJPEG/source/jdarith.c **** 
 2214              		.loc 1 390 1 is_stmt 0 view .LVU772
 2215 0096 0120     		movs	r0, #1
 2216 0098 03B0     		add	sp, sp, #12
 2217              	.LCFI14:
 2218              		.cfi_remember_state
 2219              		.cfi_def_cfa_offset 36
 2220              		@ sp needed
 2221 009a BDE8F08F 		pop	{r4, r5, r6, r7, r8, r9, r10, fp, pc}
 2222              	.LVL217:
 2223              	.L163:
 2224              	.LCFI15:
 2225              		.cfi_restore_state
 333:Middlewares/Third_Party/LibJPEG/source/jdarith.c ****     entropy->restarts_to_go--;
 2226              		.loc 1 333 7 is_stmt 1 view .LVU773
 2227 009e FFF7FEFF 		bl	process_restart
 2228              	.LVL218:
ARM GAS  /tmp/ccRJf3no.s 			page 63


 333:Middlewares/Third_Party/LibJPEG/source/jdarith.c ****     entropy->restarts_to_go--;
 2229              		.loc 1 333 7 is_stmt 0 view .LVU774
 2230 00a2 BBE7     		b	.L146
 2231              	.LVL219:
 2232              	.L164:
 361:Middlewares/Third_Party/LibJPEG/source/jdarith.c ****     st += 2;
 2233              		.loc 1 361 5 is_stmt 1 view .LVU775
 361:Middlewares/Third_Party/LibJPEG/source/jdarith.c ****     st += 2;
 2234              		.loc 1 361 12 is_stmt 0 view .LVU776
 2235 00a4 09F1B801 		add	r1, r9, #184
 2236 00a8 2846     		mov	r0, r5
 2237 00aa FFF7FEFF 		bl	arith_decode
 2238              	.LVL220:
 2239 00ae 0190     		str	r0, [sp, #4]
 2240              	.LVL221:
 362:Middlewares/Third_Party/LibJPEG/source/jdarith.c ****     /* Figure F.23: Decoding the magnitude category of v */
 2241              		.loc 1 362 5 is_stmt 1 view .LVU777
 362:Middlewares/Third_Party/LibJPEG/source/jdarith.c ****     /* Figure F.23: Decoding the magnitude category of v */
 2242              		.loc 1 362 8 is_stmt 0 view .LVU778
 2243 00b0 0234     		adds	r4, r4, #2
 2244              	.LVL222:
 364:Middlewares/Third_Party/LibJPEG/source/jdarith.c ****       if (arith_decode(cinfo, st)) {
 2245              		.loc 1 364 5 is_stmt 1 view .LVU779
 364:Middlewares/Third_Party/LibJPEG/source/jdarith.c ****       if (arith_decode(cinfo, st)) {
 2246              		.loc 1 364 14 is_stmt 0 view .LVU780
 2247 00b2 2146     		mov	r1, r4
 2248 00b4 2846     		mov	r0, r5
 2249              	.LVL223:
 364:Middlewares/Third_Party/LibJPEG/source/jdarith.c ****       if (arith_decode(cinfo, st)) {
 2250              		.loc 1 364 14 view .LVU781
 2251 00b6 FFF7FEFF 		bl	arith_decode
 2252              	.LVL224:
 364:Middlewares/Third_Party/LibJPEG/source/jdarith.c ****       if (arith_decode(cinfo, st)) {
 2253              		.loc 1 364 8 view .LVU782
 2254 00ba 8046     		mov	r8, r0
 2255 00bc 60B9     		cbnz	r0, .L165
 2256              	.LVL225:
 2257              	.L151:
 379:Middlewares/Third_Party/LibJPEG/source/jdarith.c ****     /* Figure F.24: Decoding the magnitude bit pattern of v */
 2258              		.loc 1 379 5 is_stmt 1 view .LVU783
 381:Middlewares/Third_Party/LibJPEG/source/jdarith.c ****     while (m >>= 1)
 2259              		.loc 1 381 5 view .LVU784
 381:Middlewares/Third_Party/LibJPEG/source/jdarith.c ****     while (m >>= 1)
 2260              		.loc 1 381 8 is_stmt 0 view .LVU785
 2261 00be 0E34     		adds	r4, r4, #14
 2262              	.LVL226:
 382:Middlewares/Third_Party/LibJPEG/source/jdarith.c ****       if (arith_decode(cinfo, st)) v |= m;
 2263              		.loc 1 382 5 is_stmt 1 view .LVU786
 382:Middlewares/Third_Party/LibJPEG/source/jdarith.c ****       if (arith_decode(cinfo, st)) v |= m;
 2264              		.loc 1 382 11 is_stmt 0 view .LVU787
 2265 00c0 4746     		mov	r7, r8
 2266              	.LVL227:
 2267              	.L156:
 382:Middlewares/Third_Party/LibJPEG/source/jdarith.c ****       if (arith_decode(cinfo, st)) v |= m;
 2268              		.loc 1 382 11 is_stmt 1 view .LVU788
 382:Middlewares/Third_Party/LibJPEG/source/jdarith.c ****       if (arith_decode(cinfo, st)) v |= m;
 2269              		.loc 1 382 11 is_stmt 0 view .LVU789
ARM GAS  /tmp/ccRJf3no.s 			page 64


 2270 00c2 7F10     		asrs	r7, r7, #1
 2271              	.LVL228:
 382:Middlewares/Third_Party/LibJPEG/source/jdarith.c ****       if (arith_decode(cinfo, st)) v |= m;
 2272              		.loc 1 382 11 view .LVU790
 2273 00c4 39D0     		beq	.L166
 383:Middlewares/Third_Party/LibJPEG/source/jdarith.c ****     v += 1; if (sign) v = -v;
 2274              		.loc 1 383 7 is_stmt 1 view .LVU791
 383:Middlewares/Third_Party/LibJPEG/source/jdarith.c ****     v += 1; if (sign) v = -v;
 2275              		.loc 1 383 11 is_stmt 0 view .LVU792
 2276 00c6 2146     		mov	r1, r4
 2277 00c8 2846     		mov	r0, r5
 2278 00ca FFF7FEFF 		bl	arith_decode
 2279              	.LVL229:
 383:Middlewares/Third_Party/LibJPEG/source/jdarith.c ****     v += 1; if (sign) v = -v;
 2280              		.loc 1 383 10 view .LVU793
 2281 00ce 0028     		cmp	r0, #0
 2282 00d0 F7D0     		beq	.L156
 383:Middlewares/Third_Party/LibJPEG/source/jdarith.c ****     v += 1; if (sign) v = -v;
 2283              		.loc 1 383 36 is_stmt 1 discriminator 1 view .LVU794
 383:Middlewares/Third_Party/LibJPEG/source/jdarith.c ****     v += 1; if (sign) v = -v;
 2284              		.loc 1 383 38 is_stmt 0 discriminator 1 view .LVU795
 2285 00d2 48EA0708 		orr	r8, r8, r7
 2286              	.LVL230:
 383:Middlewares/Third_Party/LibJPEG/source/jdarith.c ****     v += 1; if (sign) v = -v;
 2287              		.loc 1 383 38 discriminator 1 view .LVU796
 2288 00d6 F4E7     		b	.L156
 2289              	.LVL231:
 2290              	.L165:
 365:Middlewares/Third_Party/LibJPEG/source/jdarith.c **** 	m <<= 1;
 2291              		.loc 1 365 7 is_stmt 1 view .LVU797
 365:Middlewares/Third_Party/LibJPEG/source/jdarith.c **** 	m <<= 1;
 2292              		.loc 1 365 11 is_stmt 0 view .LVU798
 2293 00d8 2146     		mov	r1, r4
 2294 00da 2846     		mov	r0, r5
 2295              	.LVL232:
 365:Middlewares/Third_Party/LibJPEG/source/jdarith.c **** 	m <<= 1;
 2296              		.loc 1 365 11 view .LVU799
 2297 00dc FFF7FEFF 		bl	arith_decode
 2298              	.LVL233:
 365:Middlewares/Third_Party/LibJPEG/source/jdarith.c **** 	m <<= 1;
 2299              		.loc 1 365 10 view .LVU800
 2300 00e0 0028     		cmp	r0, #0
 2301 00e2 ECD0     		beq	.L151
 366:Middlewares/Third_Party/LibJPEG/source/jdarith.c **** 	st = entropy->ac_stats[tbl] +
 2302              		.loc 1 366 2 is_stmt 1 view .LVU801
 366:Middlewares/Third_Party/LibJPEG/source/jdarith.c **** 	st = entropy->ac_stats[tbl] +
 2303              		.loc 1 366 4 is_stmt 0 view .LVU802
 2304 00e4 4FEA4808 		lsl	r8, r8, #1
 2305              	.LVL234:
 367:Middlewares/Third_Party/LibJPEG/source/jdarith.c **** 	     (k <= cinfo->arith_ac_K[tbl] ? 189 : 217);
 2306              		.loc 1 367 2 is_stmt 1 view .LVU803
 367:Middlewares/Third_Party/LibJPEG/source/jdarith.c **** 	     (k <= cinfo->arith_ac_K[tbl] ? 189 : 217);
 2307              		.loc 1 367 24 is_stmt 0 view .LVU804
 2308 00e8 0AF11E03 		add	r3, r10, #30
 2309 00ec 59F82340 		ldr	r4, [r9, r3, lsl #2]
 2310              	.LVL235:
 368:Middlewares/Third_Party/LibJPEG/source/jdarith.c **** 	while (arith_decode(cinfo, st)) {
ARM GAS  /tmp/ccRJf3no.s 			page 65


 2311              		.loc 1 368 30 view .LVU805
 2312 00f0 05EB0A03 		add	r3, r5, r10
 2313 00f4 93F80831 		ldrb	r3, [r3, #264]	@ zero_extendqisi2
 368:Middlewares/Third_Party/LibJPEG/source/jdarith.c **** 	while (arith_decode(cinfo, st)) {
 2314              		.loc 1 368 42 view .LVU806
 2315 00f8 B342     		cmp	r3, r6
 2316 00fa 0EDB     		blt	.L161
 2317 00fc BD23     		movs	r3, #189
 2318              	.L152:
 367:Middlewares/Third_Party/LibJPEG/source/jdarith.c **** 	     (k <= cinfo->arith_ac_K[tbl] ? 189 : 217);
 2319              		.loc 1 367 5 view .LVU807
 2320 00fe 1C44     		add	r4, r4, r3
 2321              	.LVL236:
 369:Middlewares/Third_Party/LibJPEG/source/jdarith.c **** 	  if ((m <<= 1) == 0x8000) {
 2322              		.loc 1 369 2 is_stmt 1 view .LVU808
 2323              	.L153:
 369:Middlewares/Third_Party/LibJPEG/source/jdarith.c **** 	  if ((m <<= 1) == 0x8000) {
 2324              		.loc 1 369 8 view .LVU809
 369:Middlewares/Third_Party/LibJPEG/source/jdarith.c **** 	  if ((m <<= 1) == 0x8000) {
 2325              		.loc 1 369 9 is_stmt 0 view .LVU810
 2326 0100 2146     		mov	r1, r4
 2327 0102 2846     		mov	r0, r5
 2328 0104 FFF7FEFF 		bl	arith_decode
 2329              	.LVL237:
 369:Middlewares/Third_Party/LibJPEG/source/jdarith.c **** 	  if ((m <<= 1) == 0x8000) {
 2330              		.loc 1 369 8 view .LVU811
 2331 0108 0028     		cmp	r0, #0
 2332 010a D8D0     		beq	.L151
 370:Middlewares/Third_Party/LibJPEG/source/jdarith.c **** 	    WARNMS(cinfo, JWRN_ARITH_BAD_CODE);
 2333              		.loc 1 370 4 is_stmt 1 view .LVU812
 370:Middlewares/Third_Party/LibJPEG/source/jdarith.c **** 	    WARNMS(cinfo, JWRN_ARITH_BAD_CODE);
 2334              		.loc 1 370 11 is_stmt 0 view .LVU813
 2335 010c 4FEA4808 		lsl	r8, r8, #1
 2336              	.LVL238:
 370:Middlewares/Third_Party/LibJPEG/source/jdarith.c **** 	    WARNMS(cinfo, JWRN_ARITH_BAD_CODE);
 2337              		.loc 1 370 7 view .LVU814
 2338 0110 B8F5004F 		cmp	r8, #32768
 2339 0114 03D0     		beq	.L167
 375:Middlewares/Third_Party/LibJPEG/source/jdarith.c **** 	}
 2340              		.loc 1 375 4 is_stmt 1 view .LVU815
 375:Middlewares/Third_Party/LibJPEG/source/jdarith.c **** 	}
 2341              		.loc 1 375 7 is_stmt 0 view .LVU816
 2342 0116 0134     		adds	r4, r4, #1
 2343              	.LVL239:
 375:Middlewares/Third_Party/LibJPEG/source/jdarith.c **** 	}
 2344              		.loc 1 375 7 view .LVU817
 2345 0118 F2E7     		b	.L153
 2346              	.LVL240:
 2347              	.L161:
 368:Middlewares/Third_Party/LibJPEG/source/jdarith.c **** 	while (arith_decode(cinfo, st)) {
 2348              		.loc 1 368 42 view .LVU818
 2349 011a D923     		movs	r3, #217
 2350 011c EFE7     		b	.L152
 2351              	.LVL241:
 2352              	.L167:
 371:Middlewares/Third_Party/LibJPEG/source/jdarith.c **** 	    entropy->ct = -1;			/* magnitude overflow */
 2353              		.loc 1 371 6 is_stmt 1 view .LVU819
ARM GAS  /tmp/ccRJf3no.s 			page 66


 2354 011e 2B68     		ldr	r3, [r5]
 2355 0120 7522     		movs	r2, #117
 2356 0122 5A61     		str	r2, [r3, #20]
 2357 0124 2B68     		ldr	r3, [r5]
 2358 0126 5B68     		ldr	r3, [r3, #4]
 2359 0128 4FF0FF31 		mov	r1, #-1
 2360 012c 2846     		mov	r0, r5
 2361 012e 9847     		blx	r3
 2362              	.LVL242:
 372:Middlewares/Third_Party/LibJPEG/source/jdarith.c **** 	    return TRUE;
 2363              		.loc 1 372 6 view .LVU820
 372:Middlewares/Third_Party/LibJPEG/source/jdarith.c **** 	    return TRUE;
 2364              		.loc 1 372 18 is_stmt 0 view .LVU821
 2365 0130 4FF0FF33 		mov	r3, #-1
 2366 0134 C9F81030 		str	r3, [r9, #16]
 373:Middlewares/Third_Party/LibJPEG/source/jdarith.c **** 	  }
 2367              		.loc 1 373 6 is_stmt 1 view .LVU822
 373:Middlewares/Third_Party/LibJPEG/source/jdarith.c **** 	  }
 2368              		.loc 1 373 13 is_stmt 0 view .LVU823
 2369 0138 ADE7     		b	.L147
 2370              	.LVL243:
 2371              	.L166:
 384:Middlewares/Third_Party/LibJPEG/source/jdarith.c ****     /* Scale and output coefficient in natural (dezigzagged) order */
 2372              		.loc 1 384 5 is_stmt 1 view .LVU824
 384:Middlewares/Third_Party/LibJPEG/source/jdarith.c ****     /* Scale and output coefficient in natural (dezigzagged) order */
 2373              		.loc 1 384 7 is_stmt 0 view .LVU825
 2374 013a 08F10103 		add	r3, r8, #1
 2375              	.LVL244:
 384:Middlewares/Third_Party/LibJPEG/source/jdarith.c ****     /* Scale and output coefficient in natural (dezigzagged) order */
 2376              		.loc 1 384 13 is_stmt 1 view .LVU826
 384:Middlewares/Third_Party/LibJPEG/source/jdarith.c ****     /* Scale and output coefficient in natural (dezigzagged) order */
 2377              		.loc 1 384 16 is_stmt 0 view .LVU827
 2378 013e 019A     		ldr	r2, [sp, #4]
 2379 0140 0AB1     		cbz	r2, .L159
 384:Middlewares/Third_Party/LibJPEG/source/jdarith.c ****     /* Scale and output coefficient in natural (dezigzagged) order */
 2380              		.loc 1 384 23 is_stmt 1 discriminator 1 view .LVU828
 384:Middlewares/Third_Party/LibJPEG/source/jdarith.c ****     /* Scale and output coefficient in natural (dezigzagged) order */
 2381              		.loc 1 384 25 is_stmt 0 discriminator 1 view .LVU829
 2382 0142 6FEA0803 		mvn	r3, r8
 2383              	.LVL245:
 2384              	.L159:
 386:Middlewares/Third_Party/LibJPEG/source/jdarith.c ****   }
 2385              		.loc 1 386 5 is_stmt 1 discriminator 2 view .LVU830
 386:Middlewares/Third_Party/LibJPEG/source/jdarith.c ****   }
 2386              		.loc 1 386 53 is_stmt 0 discriminator 2 view .LVU831
 2387 0146 D5F8A421 		ldr	r2, [r5, #420]
 386:Middlewares/Third_Party/LibJPEG/source/jdarith.c ****   }
 2388              		.loc 1 386 45 discriminator 2 view .LVU832
 2389 014a 9340     		lsls	r3, r3, r2
 2390              	.LVL246:
 386:Middlewares/Third_Party/LibJPEG/source/jdarith.c ****   }
 2391              		.loc 1 386 27 discriminator 2 view .LVU833
 2392 014c 5BF82620 		ldr	r2, [fp, r6, lsl #2]
 386:Middlewares/Third_Party/LibJPEG/source/jdarith.c ****   }
 2393              		.loc 1 386 32 discriminator 2 view .LVU834
 2394 0150 0099     		ldr	r1, [sp]
 2395 0152 21F81230 		strh	r3, [r1, r2, lsl #1]	@ movhi
ARM GAS  /tmp/ccRJf3no.s 			page 67


 348:Middlewares/Third_Party/LibJPEG/source/jdarith.c ****     st = entropy->ac_stats[tbl] + 3 * (k - 1);
 2396              		.loc 1 348 39 is_stmt 1 discriminator 2 view .LVU835
 348:Middlewares/Third_Party/LibJPEG/source/jdarith.c ****     st = entropy->ac_stats[tbl] + 3 * (k - 1);
 2397              		.loc 1 348 40 is_stmt 0 discriminator 2 view .LVU836
 2398 0156 0136     		adds	r6, r6, #1
 2399              	.LVL247:
 348:Middlewares/Third_Party/LibJPEG/source/jdarith.c ****     st = entropy->ac_stats[tbl] + 3 * (k - 1);
 2400              		.loc 1 348 40 discriminator 2 view .LVU837
 2401 0158 74E7     		b	.L148
 2402              		.cfi_endproc
 2403              	.LFE11:
 2405              		.section	.text.decode_mcu_DC_first,"ax",%progbits
 2406              		.align	1
 2407              		.syntax unified
 2408              		.thumb
 2409              		.thumb_func
 2410              		.fpu fpv4-sp-d16
 2412              	decode_mcu_DC_first:
 2413              	.LVL248:
 2414              	.LFB10:
 243:Middlewares/Third_Party/LibJPEG/source/jdarith.c ****   arith_entropy_ptr entropy = (arith_entropy_ptr) cinfo->entropy;
 2415              		.loc 1 243 1 is_stmt 1 view -0
 2416              		.cfi_startproc
 2417              		@ args = 0, pretend = 0, frame = 8
 2418              		@ frame_needed = 0, uses_anonymous_args = 0
 243:Middlewares/Third_Party/LibJPEG/source/jdarith.c ****   arith_entropy_ptr entropy = (arith_entropy_ptr) cinfo->entropy;
 2419              		.loc 1 243 1 is_stmt 0 view .LVU839
 2420 0000 2DE9F04F 		push	{r4, r5, r6, r7, r8, r9, r10, fp, lr}
 2421              	.LCFI16:
 2422              		.cfi_def_cfa_offset 36
 2423              		.cfi_offset 4, -36
 2424              		.cfi_offset 5, -32
 2425              		.cfi_offset 6, -28
 2426              		.cfi_offset 7, -24
 2427              		.cfi_offset 8, -20
 2428              		.cfi_offset 9, -16
 2429              		.cfi_offset 10, -12
 2430              		.cfi_offset 11, -8
 2431              		.cfi_offset 14, -4
 2432 0004 83B0     		sub	sp, sp, #12
 2433              	.LCFI17:
 2434              		.cfi_def_cfa_offset 48
 2435 0006 0546     		mov	r5, r0
 2436 0008 0091     		str	r1, [sp]
 244:Middlewares/Third_Party/LibJPEG/source/jdarith.c ****   JBLOCKROW block;
 2437              		.loc 1 244 3 is_stmt 1 view .LVU840
 244:Middlewares/Third_Party/LibJPEG/source/jdarith.c ****   JBLOCKROW block;
 2438              		.loc 1 244 21 is_stmt 0 view .LVU841
 2439 000a D0F8D091 		ldr	r9, [r0, #464]
 2440              	.LVL249:
 245:Middlewares/Third_Party/LibJPEG/source/jdarith.c ****   unsigned char *st;
 2441              		.loc 1 245 3 is_stmt 1 view .LVU842
 246:Middlewares/Third_Party/LibJPEG/source/jdarith.c ****   int blkn, ci, tbl, sign;
 2442              		.loc 1 246 3 view .LVU843
 247:Middlewares/Third_Party/LibJPEG/source/jdarith.c ****   int v, m;
 2443              		.loc 1 247 3 view .LVU844
 248:Middlewares/Third_Party/LibJPEG/source/jdarith.c **** 
ARM GAS  /tmp/ccRJf3no.s 			page 68


 2444              		.loc 1 248 3 view .LVU845
 251:Middlewares/Third_Party/LibJPEG/source/jdarith.c ****     if (entropy->restarts_to_go == 0)
 2445              		.loc 1 251 3 view .LVU846
 251:Middlewares/Third_Party/LibJPEG/source/jdarith.c ****     if (entropy->restarts_to_go == 0)
 2446              		.loc 1 251 12 is_stmt 0 view .LVU847
 2447 000e D0F81831 		ldr	r3, [r0, #280]
 251:Middlewares/Third_Party/LibJPEG/source/jdarith.c ****     if (entropy->restarts_to_go == 0)
 2448              		.loc 1 251 6 view .LVU848
 2449 0012 3BB1     		cbz	r3, .L169
 252:Middlewares/Third_Party/LibJPEG/source/jdarith.c ****       process_restart(cinfo);
 2450              		.loc 1 252 5 is_stmt 1 view .LVU849
 252:Middlewares/Third_Party/LibJPEG/source/jdarith.c ****       process_restart(cinfo);
 2451              		.loc 1 252 16 is_stmt 0 view .LVU850
 2452 0014 D9F83430 		ldr	r3, [r9, #52]
 252:Middlewares/Third_Party/LibJPEG/source/jdarith.c ****       process_restart(cinfo);
 2453              		.loc 1 252 8 view .LVU851
 2454 0018 63B1     		cbz	r3, .L188
 2455              	.LVL250:
 2456              	.L170:
 254:Middlewares/Third_Party/LibJPEG/source/jdarith.c ****   }
 2457              		.loc 1 254 5 is_stmt 1 view .LVU852
 254:Middlewares/Third_Party/LibJPEG/source/jdarith.c ****   }
 2458              		.loc 1 254 12 is_stmt 0 view .LVU853
 2459 001a D9F83430 		ldr	r3, [r9, #52]
 254:Middlewares/Third_Party/LibJPEG/source/jdarith.c ****   }
 2460              		.loc 1 254 28 view .LVU854
 2461 001e 013B     		subs	r3, r3, #1
 2462 0020 C9F83430 		str	r3, [r9, #52]
 2463              	.L169:
 257:Middlewares/Third_Party/LibJPEG/source/jdarith.c **** 
 2464              		.loc 1 257 3 is_stmt 1 view .LVU855
 257:Middlewares/Third_Party/LibJPEG/source/jdarith.c **** 
 2465              		.loc 1 257 14 is_stmt 0 view .LVU856
 2466 0024 D9F81030 		ldr	r3, [r9, #16]
 257:Middlewares/Third_Party/LibJPEG/source/jdarith.c **** 
 2467              		.loc 1 257 6 view .LVU857
 2468 0028 B3F1FF3F 		cmp	r3, #-1
 2469 002c 30D0     		beq	.L171
 261:Middlewares/Third_Party/LibJPEG/source/jdarith.c ****     block = MCU_data[blkn];
 2470              		.loc 1 261 13 view .LVU858
 2471 002e 4FF00008 		mov	r8, #0
 2472 0032 7DE0     		b	.L172
 2473              	.LVL251:
 2474              	.L188:
 253:Middlewares/Third_Party/LibJPEG/source/jdarith.c ****     entropy->restarts_to_go--;
 2475              		.loc 1 253 7 is_stmt 1 view .LVU859
 2476 0034 FFF7FEFF 		bl	process_restart
 2477              	.LVL252:
 253:Middlewares/Third_Party/LibJPEG/source/jdarith.c ****     entropy->restarts_to_go--;
 2478              		.loc 1 253 7 is_stmt 0 view .LVU860
 2479 0038 EFE7     		b	.L170
 2480              	.LVL253:
 2481              	.L173:
 277:Middlewares/Third_Party/LibJPEG/source/jdarith.c ****       st += 2; st += sign;
 2482              		.loc 1 277 7 is_stmt 1 view .LVU861
 277:Middlewares/Third_Party/LibJPEG/source/jdarith.c ****       st += 2; st += sign;
 2483              		.loc 1 277 14 is_stmt 0 view .LVU862
ARM GAS  /tmp/ccRJf3no.s 			page 69


 2484 003a 611C     		adds	r1, r4, #1
 2485 003c 2846     		mov	r0, r5
 2486 003e FFF7FEFF 		bl	arith_decode
 2487              	.LVL254:
 2488 0042 0346     		mov	r3, r0
 2489 0044 0190     		str	r0, [sp, #4]
 2490              	.LVL255:
 278:Middlewares/Third_Party/LibJPEG/source/jdarith.c ****       /* Figure F.23: Decoding the magnitude category of v */
 2491              		.loc 1 278 7 is_stmt 1 view .LVU863
 278:Middlewares/Third_Party/LibJPEG/source/jdarith.c ****       /* Figure F.23: Decoding the magnitude category of v */
 2492              		.loc 1 278 16 view .LVU864
 278:Middlewares/Third_Party/LibJPEG/source/jdarith.c ****       /* Figure F.23: Decoding the magnitude category of v */
 2493              		.loc 1 278 19 is_stmt 0 view .LVU865
 2494 0046 0233     		adds	r3, r3, #2
 2495 0048 1C44     		add	r4, r4, r3
 2496              	.LVL256:
 280:Middlewares/Third_Party/LibJPEG/source/jdarith.c **** 	st = entropy->dc_stats[tbl] + 20;	/* Table F.4: X1 = 20 */
 2497              		.loc 1 280 7 is_stmt 1 view .LVU866
 280:Middlewares/Third_Party/LibJPEG/source/jdarith.c **** 	st = entropy->dc_stats[tbl] + 20;	/* Table F.4: X1 = 20 */
 2498              		.loc 1 280 16 is_stmt 0 view .LVU867
 2499 004a 2146     		mov	r1, r4
 2500 004c 2846     		mov	r0, r5
 2501              	.LVL257:
 280:Middlewares/Third_Party/LibJPEG/source/jdarith.c **** 	st = entropy->dc_stats[tbl] + 20;	/* Table F.4: X1 = 20 */
 2502              		.loc 1 280 16 view .LVU868
 2503 004e FFF7FEFF 		bl	arith_decode
 2504              	.LVL258:
 280:Middlewares/Third_Party/LibJPEG/source/jdarith.c **** 	st = entropy->dc_stats[tbl] + 20;	/* Table F.4: X1 = 20 */
 2505              		.loc 1 280 10 view .LVU869
 2506 0052 0746     		mov	r7, r0
 2507 0054 00B3     		cbz	r0, .L175
 281:Middlewares/Third_Party/LibJPEG/source/jdarith.c **** 	while (arith_decode(cinfo, st)) {
 2508              		.loc 1 281 2 is_stmt 1 view .LVU870
 281:Middlewares/Third_Party/LibJPEG/source/jdarith.c **** 	while (arith_decode(cinfo, st)) {
 2509              		.loc 1 281 24 is_stmt 0 view .LVU871
 2510 0056 0BF10E03 		add	r3, fp, #14
 2511 005a 59F82340 		ldr	r4, [r9, r3, lsl #2]
 2512              	.LVL259:
 281:Middlewares/Third_Party/LibJPEG/source/jdarith.c **** 	while (arith_decode(cinfo, st)) {
 2513              		.loc 1 281 5 view .LVU872
 2514 005e 1434     		adds	r4, r4, #20
 2515              	.LVL260:
 282:Middlewares/Third_Party/LibJPEG/source/jdarith.c **** 	  if ((m <<= 1) == 0x8000) {
 2516              		.loc 1 282 2 is_stmt 1 view .LVU873
 2517              	.L176:
 282:Middlewares/Third_Party/LibJPEG/source/jdarith.c **** 	  if ((m <<= 1) == 0x8000) {
 2518              		.loc 1 282 8 view .LVU874
 282:Middlewares/Third_Party/LibJPEG/source/jdarith.c **** 	  if ((m <<= 1) == 0x8000) {
 2519              		.loc 1 282 9 is_stmt 0 view .LVU875
 2520 0060 2146     		mov	r1, r4
 2521 0062 2846     		mov	r0, r5
 2522 0064 FFF7FEFF 		bl	arith_decode
 2523              	.LVL261:
 282:Middlewares/Third_Party/LibJPEG/source/jdarith.c **** 	  if ((m <<= 1) == 0x8000) {
 2524              		.loc 1 282 8 view .LVU876
 2525 0068 B0B1     		cbz	r0, .L175
 283:Middlewares/Third_Party/LibJPEG/source/jdarith.c **** 	    WARNMS(cinfo, JWRN_ARITH_BAD_CODE);
ARM GAS  /tmp/ccRJf3no.s 			page 70


 2526              		.loc 1 283 4 is_stmt 1 view .LVU877
 283:Middlewares/Third_Party/LibJPEG/source/jdarith.c **** 	    WARNMS(cinfo, JWRN_ARITH_BAD_CODE);
 2527              		.loc 1 283 11 is_stmt 0 view .LVU878
 2528 006a 7F00     		lsls	r7, r7, #1
 2529              	.LVL262:
 283:Middlewares/Third_Party/LibJPEG/source/jdarith.c **** 	    WARNMS(cinfo, JWRN_ARITH_BAD_CODE);
 2530              		.loc 1 283 7 view .LVU879
 2531 006c B7F5004F 		cmp	r7, #32768
 2532 0070 01D0     		beq	.L189
 288:Middlewares/Third_Party/LibJPEG/source/jdarith.c **** 	}
 2533              		.loc 1 288 4 is_stmt 1 view .LVU880
 288:Middlewares/Third_Party/LibJPEG/source/jdarith.c **** 	}
 2534              		.loc 1 288 7 is_stmt 0 view .LVU881
 2535 0072 0134     		adds	r4, r4, #1
 2536              	.LVL263:
 288:Middlewares/Third_Party/LibJPEG/source/jdarith.c **** 	}
 2537              		.loc 1 288 7 view .LVU882
 2538 0074 F4E7     		b	.L176
 2539              	.L189:
 284:Middlewares/Third_Party/LibJPEG/source/jdarith.c **** 	    entropy->ct = -1;			/* magnitude overflow */
 2540              		.loc 1 284 6 is_stmt 1 view .LVU883
 2541 0076 2B68     		ldr	r3, [r5]
 2542 0078 7522     		movs	r2, #117
 2543 007a 5A61     		str	r2, [r3, #20]
 2544 007c 2B68     		ldr	r3, [r5]
 2545 007e 5B68     		ldr	r3, [r3, #4]
 2546 0080 4FF0FF31 		mov	r1, #-1
 2547 0084 2846     		mov	r0, r5
 2548 0086 9847     		blx	r3
 2549              	.LVL264:
 285:Middlewares/Third_Party/LibJPEG/source/jdarith.c **** 	    return TRUE;
 2550              		.loc 1 285 6 view .LVU884
 285:Middlewares/Third_Party/LibJPEG/source/jdarith.c **** 	    return TRUE;
 2551              		.loc 1 285 18 is_stmt 0 view .LVU885
 2552 0088 4FF0FF33 		mov	r3, #-1
 2553 008c C9F81030 		str	r3, [r9, #16]
 286:Middlewares/Third_Party/LibJPEG/source/jdarith.c **** 	  }
 2554              		.loc 1 286 6 is_stmt 1 view .LVU886
 2555              	.LVL265:
 2556              	.L171:
 312:Middlewares/Third_Party/LibJPEG/source/jdarith.c **** 
 2557              		.loc 1 312 1 is_stmt 0 view .LVU887
 2558 0090 0120     		movs	r0, #1
 2559 0092 03B0     		add	sp, sp, #12
 2560              	.LCFI18:
 2561              		.cfi_remember_state
 2562              		.cfi_def_cfa_offset 36
 2563              	.LVL266:
 312:Middlewares/Third_Party/LibJPEG/source/jdarith.c **** 
 2564              		.loc 1 312 1 view .LVU888
 2565              		@ sp needed
 2566 0094 BDE8F08F 		pop	{r4, r5, r6, r7, r8, r9, r10, fp, pc}
 2567              	.LVL267:
 2568              	.L175:
 2569              	.LCFI19:
 2570              		.cfi_restore_state
 292:Middlewares/Third_Party/LibJPEG/source/jdarith.c **** 	entropy->dc_context[ci] = 0;		   /* zero diff category */
ARM GAS  /tmp/ccRJf3no.s 			page 71


 2571              		.loc 1 292 7 is_stmt 1 view .LVU889
 292:Middlewares/Third_Party/LibJPEG/source/jdarith.c **** 	entropy->dc_context[ci] = 0;		   /* zero diff category */
 2572              		.loc 1 292 46 is_stmt 0 view .LVU890
 2573 0098 05EB0B03 		add	r3, r5, fp
 2574 009c 93F8E820 		ldrb	r2, [r3, #232]	@ zero_extendqisi2
 292:Middlewares/Third_Party/LibJPEG/source/jdarith.c **** 	entropy->dc_context[ci] = 0;		   /* zero diff category */
 2575              		.loc 1 292 26 view .LVU891
 2576 00a0 0123     		movs	r3, #1
 2577 00a2 9340     		lsls	r3, r3, r2
 292:Middlewares/Third_Party/LibJPEG/source/jdarith.c **** 	entropy->dc_context[ci] = 0;		   /* zero diff category */
 2578              		.loc 1 292 10 view .LVU892
 2579 00a4 B7EB630F 		cmp	r7, r3, asr #1
 2580 00a8 13DA     		bge	.L179
 293:Middlewares/Third_Party/LibJPEG/source/jdarith.c ****       else if (m > (int) ((1L << cinfo->arith_dc_U[tbl]) >> 1))
 2581              		.loc 1 293 2 is_stmt 1 view .LVU893
 293:Middlewares/Third_Party/LibJPEG/source/jdarith.c ****       else if (m > (int) ((1L << cinfo->arith_dc_U[tbl]) >> 1))
 2582              		.loc 1 293 26 is_stmt 0 view .LVU894
 2583 00aa 06F10803 		add	r3, r6, #8
 2584 00ae 09EB8303 		add	r3, r9, r3, lsl #2
 2585 00b2 0022     		movs	r2, #0
 2586 00b4 5A60     		str	r2, [r3, #4]
 2587              	.LVL268:
 2588              	.L180:
 298:Middlewares/Third_Party/LibJPEG/source/jdarith.c ****       /* Figure F.24: Decoding the magnitude bit pattern of v */
 2589              		.loc 1 298 7 is_stmt 1 view .LVU895
 300:Middlewares/Third_Party/LibJPEG/source/jdarith.c ****       while (m >>= 1)
 2590              		.loc 1 300 7 view .LVU896
 300:Middlewares/Third_Party/LibJPEG/source/jdarith.c ****       while (m >>= 1)
 2591              		.loc 1 300 10 is_stmt 0 view .LVU897
 2592 00b6 0E34     		adds	r4, r4, #14
 2593              	.LVL269:
 301:Middlewares/Third_Party/LibJPEG/source/jdarith.c **** 	if (arith_decode(cinfo, st)) v |= m;
 2594              		.loc 1 301 7 is_stmt 1 view .LVU898
 301:Middlewares/Third_Party/LibJPEG/source/jdarith.c **** 	if (arith_decode(cinfo, st)) v |= m;
 2595              		.loc 1 301 13 is_stmt 0 view .LVU899
 2596 00b8 BB46     		mov	fp, r7
 2597              	.LVL270:
 2598              	.L182:
 301:Middlewares/Third_Party/LibJPEG/source/jdarith.c **** 	if (arith_decode(cinfo, st)) v |= m;
 2599              		.loc 1 301 13 is_stmt 1 view .LVU900
 301:Middlewares/Third_Party/LibJPEG/source/jdarith.c **** 	if (arith_decode(cinfo, st)) v |= m;
 2600              		.loc 1 301 13 is_stmt 0 view .LVU901
 2601 00ba 5FEA6B0B 		asrs	fp, fp, #1
 2602              	.LVL271:
 301:Middlewares/Third_Party/LibJPEG/source/jdarith.c **** 	if (arith_decode(cinfo, st)) v |= m;
 2603              		.loc 1 301 13 view .LVU902
 2604 00be 22D0     		beq	.L190
 302:Middlewares/Third_Party/LibJPEG/source/jdarith.c ****       v += 1; if (sign) v = -v;
 2605              		.loc 1 302 2 is_stmt 1 view .LVU903
 302:Middlewares/Third_Party/LibJPEG/source/jdarith.c ****       v += 1; if (sign) v = -v;
 2606              		.loc 1 302 6 is_stmt 0 view .LVU904
 2607 00c0 2146     		mov	r1, r4
 2608 00c2 2846     		mov	r0, r5
 2609 00c4 FFF7FEFF 		bl	arith_decode
 2610              	.LVL272:
 302:Middlewares/Third_Party/LibJPEG/source/jdarith.c ****       v += 1; if (sign) v = -v;
 2611              		.loc 1 302 5 view .LVU905
ARM GAS  /tmp/ccRJf3no.s 			page 72


 2612 00c8 0028     		cmp	r0, #0
 2613 00ca F6D0     		beq	.L182
 302:Middlewares/Third_Party/LibJPEG/source/jdarith.c ****       v += 1; if (sign) v = -v;
 2614              		.loc 1 302 31 is_stmt 1 discriminator 1 view .LVU906
 302:Middlewares/Third_Party/LibJPEG/source/jdarith.c ****       v += 1; if (sign) v = -v;
 2615              		.loc 1 302 33 is_stmt 0 discriminator 1 view .LVU907
 2616 00cc 47EA0B07 		orr	r7, r7, fp
 2617              	.LVL273:
 302:Middlewares/Third_Party/LibJPEG/source/jdarith.c ****       v += 1; if (sign) v = -v;
 2618              		.loc 1 302 33 discriminator 1 view .LVU908
 2619 00d0 F3E7     		b	.L182
 2620              	.LVL274:
 2621              	.L179:
 294:Middlewares/Third_Party/LibJPEG/source/jdarith.c **** 	entropy->dc_context[ci] = 12 + (sign * 4); /* large diff category */
 2622              		.loc 1 294 12 is_stmt 1 view .LVU909
 294:Middlewares/Third_Party/LibJPEG/source/jdarith.c **** 	entropy->dc_context[ci] = 12 + (sign * 4); /* large diff category */
 2623              		.loc 1 294 51 is_stmt 0 view .LVU910
 2624 00d2 AB44     		add	fp, fp, r5
 2625              	.LVL275:
 294:Middlewares/Third_Party/LibJPEG/source/jdarith.c **** 	entropy->dc_context[ci] = 12 + (sign * 4); /* large diff category */
 2626              		.loc 1 294 51 view .LVU911
 2627 00d4 9BF8F820 		ldrb	r2, [fp, #248]	@ zero_extendqisi2
 294:Middlewares/Third_Party/LibJPEG/source/jdarith.c **** 	entropy->dc_context[ci] = 12 + (sign * 4); /* large diff category */
 2628              		.loc 1 294 31 view .LVU912
 2629 00d8 0123     		movs	r3, #1
 2630 00da 9340     		lsls	r3, r3, r2
 294:Middlewares/Third_Party/LibJPEG/source/jdarith.c **** 	entropy->dc_context[ci] = 12 + (sign * 4); /* large diff category */
 2631              		.loc 1 294 15 view .LVU913
 2632 00dc B7EB630F 		cmp	r7, r3, asr #1
 2633 00e0 08DD     		ble	.L181
 295:Middlewares/Third_Party/LibJPEG/source/jdarith.c ****       else
 2634              		.loc 1 295 2 is_stmt 1 view .LVU914
 295:Middlewares/Third_Party/LibJPEG/source/jdarith.c ****       else
 2635              		.loc 1 295 31 is_stmt 0 view .LVU915
 2636 00e2 019B     		ldr	r3, [sp, #4]
 2637 00e4 DA1C     		adds	r2, r3, #3
 2638 00e6 9200     		lsls	r2, r2, #2
 295:Middlewares/Third_Party/LibJPEG/source/jdarith.c ****       else
 2639              		.loc 1 295 26 view .LVU916
 2640 00e8 06F10803 		add	r3, r6, #8
 2641 00ec 09EB8303 		add	r3, r9, r3, lsl #2
 2642 00f0 5A60     		str	r2, [r3, #4]
 2643 00f2 E0E7     		b	.L180
 2644              	.L181:
 297:Middlewares/Third_Party/LibJPEG/source/jdarith.c ****       v = m;
 2645              		.loc 1 297 2 is_stmt 1 view .LVU917
 297:Middlewares/Third_Party/LibJPEG/source/jdarith.c ****       v = m;
 2646              		.loc 1 297 30 is_stmt 0 view .LVU918
 2647 00f4 019B     		ldr	r3, [sp, #4]
 2648 00f6 5A1C     		adds	r2, r3, #1
 2649 00f8 9200     		lsls	r2, r2, #2
 297:Middlewares/Third_Party/LibJPEG/source/jdarith.c ****       v = m;
 2650              		.loc 1 297 26 view .LVU919
 2651 00fa 06F10803 		add	r3, r6, #8
 2652 00fe 09EB8303 		add	r3, r9, r3, lsl #2
 2653 0102 5A60     		str	r2, [r3, #4]
 2654 0104 D7E7     		b	.L180
ARM GAS  /tmp/ccRJf3no.s 			page 73


 2655              	.LVL276:
 2656              	.L190:
 303:Middlewares/Third_Party/LibJPEG/source/jdarith.c ****       entropy->last_dc_val[ci] += v;
 2657              		.loc 1 303 7 is_stmt 1 view .LVU920
 303:Middlewares/Third_Party/LibJPEG/source/jdarith.c ****       entropy->last_dc_val[ci] += v;
 2658              		.loc 1 303 9 is_stmt 0 view .LVU921
 2659 0106 791C     		adds	r1, r7, #1
 2660              	.LVL277:
 303:Middlewares/Third_Party/LibJPEG/source/jdarith.c ****       entropy->last_dc_val[ci] += v;
 2661              		.loc 1 303 15 is_stmt 1 view .LVU922
 303:Middlewares/Third_Party/LibJPEG/source/jdarith.c ****       entropy->last_dc_val[ci] += v;
 2662              		.loc 1 303 18 is_stmt 0 view .LVU923
 2663 0108 019B     		ldr	r3, [sp, #4]
 2664 010a 03B1     		cbz	r3, .L185
 303:Middlewares/Third_Party/LibJPEG/source/jdarith.c ****       entropy->last_dc_val[ci] += v;
 2665              		.loc 1 303 25 is_stmt 1 discriminator 1 view .LVU924
 303:Middlewares/Third_Party/LibJPEG/source/jdarith.c ****       entropy->last_dc_val[ci] += v;
 2666              		.loc 1 303 27 is_stmt 0 discriminator 1 view .LVU925
 2667 010c F943     		mvns	r1, r7
 2668              	.LVL278:
 2669              	.L185:
 304:Middlewares/Third_Party/LibJPEG/source/jdarith.c ****     }
 2670              		.loc 1 304 7 is_stmt 1 view .LVU926
 304:Middlewares/Third_Party/LibJPEG/source/jdarith.c ****     }
 2671              		.loc 1 304 32 is_stmt 0 view .LVU927
 2672 010e 331D     		adds	r3, r6, #4
 2673 0110 09EB8303 		add	r3, r9, r3, lsl #2
 2674 0114 5A68     		ldr	r2, [r3, #4]
 2675 0116 0A44     		add	r2, r2, r1
 2676 0118 5A60     		str	r2, [r3, #4]
 2677              	.LVL279:
 2678              	.L174:
 308:Middlewares/Third_Party/LibJPEG/source/jdarith.c ****   }
 2679              		.loc 1 308 5 is_stmt 1 discriminator 2 view .LVU928
 308:Middlewares/Third_Party/LibJPEG/source/jdarith.c ****   }
 2680              		.loc 1 308 48 is_stmt 0 discriminator 2 view .LVU929
 2681 011a 0436     		adds	r6, r6, #4
 2682              	.LVL280:
 308:Middlewares/Third_Party/LibJPEG/source/jdarith.c ****   }
 2683              		.loc 1 308 48 discriminator 2 view .LVU930
 2684 011c 09EB8606 		add	r6, r9, r6, lsl #2
 2685              	.LVL281:
 308:Middlewares/Third_Party/LibJPEG/source/jdarith.c ****   }
 2686              		.loc 1 308 48 discriminator 2 view .LVU931
 2687 0120 7368     		ldr	r3, [r6, #4]
 308:Middlewares/Third_Party/LibJPEG/source/jdarith.c ****   }
 2688              		.loc 1 308 61 discriminator 2 view .LVU932
 2689 0122 D5F8A421 		ldr	r2, [r5, #420]
 308:Middlewares/Third_Party/LibJPEG/source/jdarith.c ****   }
 2690              		.loc 1 308 53 discriminator 2 view .LVU933
 2691 0126 9340     		lsls	r3, r3, r2
 308:Middlewares/Third_Party/LibJPEG/source/jdarith.c ****   }
 2692              		.loc 1 308 17 discriminator 2 view .LVU934
 2693 0128 AAF80030 		strh	r3, [r10]	@ movhi
 261:Middlewares/Third_Party/LibJPEG/source/jdarith.c ****     block = MCU_data[blkn];
 2694              		.loc 1 261 47 is_stmt 1 discriminator 2 view .LVU935
 261:Middlewares/Third_Party/LibJPEG/source/jdarith.c ****     block = MCU_data[blkn];
ARM GAS  /tmp/ccRJf3no.s 			page 74


 2695              		.loc 1 261 51 is_stmt 0 discriminator 2 view .LVU936
 2696 012c 08F10108 		add	r8, r8, #1
 2697              	.LVL282:
 2698              	.L172:
 261:Middlewares/Third_Party/LibJPEG/source/jdarith.c ****     block = MCU_data[blkn];
 2699              		.loc 1 261 18 is_stmt 1 discriminator 1 view .LVU937
 261:Middlewares/Third_Party/LibJPEG/source/jdarith.c ****     block = MCU_data[blkn];
 2700              		.loc 1 261 30 is_stmt 0 discriminator 1 view .LVU938
 2701 0130 D5F86C31 		ldr	r3, [r5, #364]
 261:Middlewares/Third_Party/LibJPEG/source/jdarith.c ****     block = MCU_data[blkn];
 2702              		.loc 1 261 3 discriminator 1 view .LVU939
 2703 0134 4345     		cmp	r3, r8
 2704 0136 ABDD     		ble	.L171
 262:Middlewares/Third_Party/LibJPEG/source/jdarith.c ****     ci = cinfo->MCU_membership[blkn];
 2705              		.loc 1 262 5 is_stmt 1 view .LVU940
 262:Middlewares/Third_Party/LibJPEG/source/jdarith.c ****     ci = cinfo->MCU_membership[blkn];
 2706              		.loc 1 262 11 is_stmt 0 view .LVU941
 2707 0138 009B     		ldr	r3, [sp]
 2708 013a 53F828A0 		ldr	r10, [r3, r8, lsl #2]
 2709              	.LVL283:
 263:Middlewares/Third_Party/LibJPEG/source/jdarith.c ****     tbl = cinfo->cur_comp_info[ci]->dc_tbl_no;
 2710              		.loc 1 263 5 is_stmt 1 view .LVU942
 263:Middlewares/Third_Party/LibJPEG/source/jdarith.c ****     tbl = cinfo->cur_comp_info[ci]->dc_tbl_no;
 2711              		.loc 1 263 8 is_stmt 0 view .LVU943
 2712 013e 08F15C03 		add	r3, r8, #92
 2713 0142 55F82360 		ldr	r6, [r5, r3, lsl #2]
 2714              	.LVL284:
 264:Middlewares/Third_Party/LibJPEG/source/jdarith.c **** 
 2715              		.loc 1 264 5 is_stmt 1 view .LVU944
 264:Middlewares/Third_Party/LibJPEG/source/jdarith.c **** 
 2716              		.loc 1 264 31 is_stmt 0 view .LVU945
 2717 0146 06F15403 		add	r3, r6, #84
 2718 014a 05EB8303 		add	r3, r5, r3, lsl #2
 2719 014e 5B68     		ldr	r3, [r3, #4]
 264:Middlewares/Third_Party/LibJPEG/source/jdarith.c **** 
 2720              		.loc 1 264 9 view .LVU946
 2721 0150 D3F814B0 		ldr	fp, [r3, #20]
 2722              	.LVL285:
 269:Middlewares/Third_Party/LibJPEG/source/jdarith.c **** 
 2723              		.loc 1 269 5 is_stmt 1 view .LVU947
 269:Middlewares/Third_Party/LibJPEG/source/jdarith.c **** 
 2724              		.loc 1 269 27 is_stmt 0 view .LVU948
 2725 0154 0BF10E03 		add	r3, fp, #14
 2726 0158 59F82340 		ldr	r4, [r9, r3, lsl #2]
 269:Middlewares/Third_Party/LibJPEG/source/jdarith.c **** 
 2727              		.loc 1 269 54 view .LVU949
 2728 015c 06F10803 		add	r3, r6, #8
 2729 0160 09EB8303 		add	r3, r9, r3, lsl #2
 2730 0164 5B68     		ldr	r3, [r3, #4]
 269:Middlewares/Third_Party/LibJPEG/source/jdarith.c **** 
 2731              		.loc 1 269 8 view .LVU950
 2732 0166 1C44     		add	r4, r4, r3
 2733              	.LVL286:
 272:Middlewares/Third_Party/LibJPEG/source/jdarith.c ****       entropy->dc_context[ci] = 0;
 2734              		.loc 1 272 5 is_stmt 1 view .LVU951
 272:Middlewares/Third_Party/LibJPEG/source/jdarith.c ****       entropy->dc_context[ci] = 0;
 2735              		.loc 1 272 9 is_stmt 0 view .LVU952
ARM GAS  /tmp/ccRJf3no.s 			page 75


 2736 0168 2146     		mov	r1, r4
 2737 016a 2846     		mov	r0, r5
 2738 016c FFF7FEFF 		bl	arith_decode
 2739              	.LVL287:
 272:Middlewares/Third_Party/LibJPEG/source/jdarith.c ****       entropy->dc_context[ci] = 0;
 2740              		.loc 1 272 8 view .LVU953
 2741 0170 0028     		cmp	r0, #0
 2742 0172 7FF462AF 		bne	.L173
 273:Middlewares/Third_Party/LibJPEG/source/jdarith.c ****     else {
 2743              		.loc 1 273 7 is_stmt 1 view .LVU954
 273:Middlewares/Third_Party/LibJPEG/source/jdarith.c ****     else {
 2744              		.loc 1 273 31 is_stmt 0 view .LVU955
 2745 0176 06F10803 		add	r3, r6, #8
 2746 017a 09EB8303 		add	r3, r9, r3, lsl #2
 2747 017e 0022     		movs	r2, #0
 2748 0180 5A60     		str	r2, [r3, #4]
 2749 0182 CAE7     		b	.L174
 2750              		.cfi_endproc
 2751              	.LFE10:
 2753              		.section	.text.jinit_arith_decoder,"ax",%progbits
 2754              		.align	1
 2755              		.global	jinit_arith_decoder
 2756              		.syntax unified
 2757              		.thumb
 2758              		.thumb_func
 2759              		.fpu fpv4-sp-d16
 2761              	jinit_arith_decoder:
 2762              	.LVL288:
 2763              	.LFB16:
 738:Middlewares/Third_Party/LibJPEG/source/jdarith.c **** 
 739:Middlewares/Third_Party/LibJPEG/source/jdarith.c **** 
 740:Middlewares/Third_Party/LibJPEG/source/jdarith.c **** /*
 741:Middlewares/Third_Party/LibJPEG/source/jdarith.c ****  * Module initialization routine for arithmetic entropy decoding.
 742:Middlewares/Third_Party/LibJPEG/source/jdarith.c ****  */
 743:Middlewares/Third_Party/LibJPEG/source/jdarith.c **** 
 744:Middlewares/Third_Party/LibJPEG/source/jdarith.c **** GLOBAL(void)
 745:Middlewares/Third_Party/LibJPEG/source/jdarith.c **** jinit_arith_decoder (j_decompress_ptr cinfo)
 746:Middlewares/Third_Party/LibJPEG/source/jdarith.c **** {
 2764              		.loc 1 746 1 is_stmt 1 view -0
 2765              		.cfi_startproc
 2766              		@ args = 0, pretend = 0, frame = 0
 2767              		@ frame_needed = 0, uses_anonymous_args = 0
 2768              		.loc 1 746 1 is_stmt 0 view .LVU957
 2769 0000 10B5     		push	{r4, lr}
 2770              	.LCFI20:
 2771              		.cfi_def_cfa_offset 8
 2772              		.cfi_offset 4, -8
 2773              		.cfi_offset 14, -4
 2774 0002 0446     		mov	r4, r0
 747:Middlewares/Third_Party/LibJPEG/source/jdarith.c ****   arith_entropy_ptr entropy;
 2775              		.loc 1 747 3 is_stmt 1 view .LVU958
 748:Middlewares/Third_Party/LibJPEG/source/jdarith.c ****   int i;
 2776              		.loc 1 748 3 view .LVU959
 749:Middlewares/Third_Party/LibJPEG/source/jdarith.c **** 
 750:Middlewares/Third_Party/LibJPEG/source/jdarith.c ****   entropy = (arith_entropy_ptr)
 2777              		.loc 1 750 3 view .LVU960
 751:Middlewares/Third_Party/LibJPEG/source/jdarith.c ****     (*cinfo->mem->alloc_small) ((j_common_ptr) cinfo, JPOOL_IMAGE,
ARM GAS  /tmp/ccRJf3no.s 			page 76


 2778              		.loc 1 751 12 is_stmt 0 view .LVU961
 2779 0004 4368     		ldr	r3, [r0, #4]
 2780              		.loc 1 751 6 view .LVU962
 2781 0006 1B68     		ldr	r3, [r3]
 2782 0008 BC22     		movs	r2, #188
 2783 000a 0121     		movs	r1, #1
 2784 000c 9847     		blx	r3
 2785              	.LVL289:
 752:Middlewares/Third_Party/LibJPEG/source/jdarith.c **** 				SIZEOF(arith_entropy_decoder));
 753:Middlewares/Third_Party/LibJPEG/source/jdarith.c ****   cinfo->entropy = (struct jpeg_entropy_decoder *) entropy;
 2786              		.loc 1 753 3 is_stmt 1 view .LVU963
 2787              		.loc 1 753 18 is_stmt 0 view .LVU964
 2788 000e C4F8D001 		str	r0, [r4, #464]
 754:Middlewares/Third_Party/LibJPEG/source/jdarith.c ****   entropy->pub.start_pass = start_pass;
 2789              		.loc 1 754 3 is_stmt 1 view .LVU965
 2790              		.loc 1 754 27 is_stmt 0 view .LVU966
 2791 0012 184B     		ldr	r3, .L200
 2792 0014 0360     		str	r3, [r0]
 755:Middlewares/Third_Party/LibJPEG/source/jdarith.c **** 
 756:Middlewares/Third_Party/LibJPEG/source/jdarith.c ****   /* Mark tables unallocated */
 757:Middlewares/Third_Party/LibJPEG/source/jdarith.c ****   for (i = 0; i < NUM_ARITH_TBLS; i++) {
 2793              		.loc 1 757 3 is_stmt 1 view .LVU967
 2794              	.LVL290:
 2795              		.loc 1 757 10 is_stmt 0 view .LVU968
 2796 0016 0023     		movs	r3, #0
 2797              		.loc 1 757 3 view .LVU969
 2798 0018 09E0     		b	.L192
 2799              	.LVL291:
 2800              	.L193:
 758:Middlewares/Third_Party/LibJPEG/source/jdarith.c ****     entropy->dc_stats[i] = NULL;
 2801              		.loc 1 758 5 is_stmt 1 discriminator 3 view .LVU970
 2802              		.loc 1 758 26 is_stmt 0 discriminator 3 view .LVU971
 2803 001a 03F10E01 		add	r1, r3, #14
 2804 001e 0022     		movs	r2, #0
 2805 0020 40F82120 		str	r2, [r0, r1, lsl #2]
 759:Middlewares/Third_Party/LibJPEG/source/jdarith.c ****     entropy->ac_stats[i] = NULL;
 2806              		.loc 1 759 5 is_stmt 1 discriminator 3 view .LVU972
 2807              		.loc 1 759 26 is_stmt 0 discriminator 3 view .LVU973
 2808 0024 03F11E01 		add	r1, r3, #30
 2809 0028 40F82120 		str	r2, [r0, r1, lsl #2]
 757:Middlewares/Third_Party/LibJPEG/source/jdarith.c ****     entropy->dc_stats[i] = NULL;
 2810              		.loc 1 757 35 is_stmt 1 discriminator 3 view .LVU974
 757:Middlewares/Third_Party/LibJPEG/source/jdarith.c ****     entropy->dc_stats[i] = NULL;
 2811              		.loc 1 757 36 is_stmt 0 discriminator 3 view .LVU975
 2812 002c 0133     		adds	r3, r3, #1
 2813              	.LVL292:
 2814              	.L192:
 757:Middlewares/Third_Party/LibJPEG/source/jdarith.c ****     entropy->dc_stats[i] = NULL;
 2815              		.loc 1 757 15 is_stmt 1 discriminator 1 view .LVU976
 757:Middlewares/Third_Party/LibJPEG/source/jdarith.c ****     entropy->dc_stats[i] = NULL;
 2816              		.loc 1 757 3 is_stmt 0 discriminator 1 view .LVU977
 2817 002e 0F2B     		cmp	r3, #15
 2818 0030 F3DD     		ble	.L193
 760:Middlewares/Third_Party/LibJPEG/source/jdarith.c ****   }
 761:Middlewares/Third_Party/LibJPEG/source/jdarith.c **** 
 762:Middlewares/Third_Party/LibJPEG/source/jdarith.c ****   /* Initialize index for fixed probability estimation */
 763:Middlewares/Third_Party/LibJPEG/source/jdarith.c ****   entropy->fixed_bin[0] = 113;
ARM GAS  /tmp/ccRJf3no.s 			page 77


 2819              		.loc 1 763 3 is_stmt 1 view .LVU978
 2820              		.loc 1 763 25 is_stmt 0 view .LVU979
 2821 0032 7123     		movs	r3, #113
 2822              	.LVL293:
 2823              		.loc 1 763 25 view .LVU980
 2824 0034 80F8B830 		strb	r3, [r0, #184]
 764:Middlewares/Third_Party/LibJPEG/source/jdarith.c **** 
 765:Middlewares/Third_Party/LibJPEG/source/jdarith.c ****   if (cinfo->progressive_mode) {
 2825              		.loc 1 765 3 is_stmt 1 view .LVU981
 2826              		.loc 1 765 12 is_stmt 0 view .LVU982
 2827 0038 D4F8E030 		ldr	r3, [r4, #224]
 2828              		.loc 1 765 6 view .LVU983
 2829 003c C3B1     		cbz	r3, .L191
 2830              	.LBB6:
 766:Middlewares/Third_Party/LibJPEG/source/jdarith.c ****     /* Create progression status table */
 767:Middlewares/Third_Party/LibJPEG/source/jdarith.c ****     int *coef_bit_ptr, ci;
 2831              		.loc 1 767 5 is_stmt 1 view .LVU984
 768:Middlewares/Third_Party/LibJPEG/source/jdarith.c ****     cinfo->coef_bits = (int (*)[DCTSIZE2])
 2832              		.loc 1 768 5 view .LVU985
 769:Middlewares/Third_Party/LibJPEG/source/jdarith.c ****       (*cinfo->mem->alloc_small) ((j_common_ptr) cinfo, JPOOL_IMAGE,
 2833              		.loc 1 769 14 is_stmt 0 view .LVU986
 2834 003e 6368     		ldr	r3, [r4, #4]
 770:Middlewares/Third_Party/LibJPEG/source/jdarith.c **** 				  cinfo->num_components*DCTSIZE2*SIZEOF(int));
 2835              		.loc 1 770 12 view .LVU987
 2836 0040 626A     		ldr	r2, [r4, #36]
 769:Middlewares/Third_Party/LibJPEG/source/jdarith.c ****       (*cinfo->mem->alloc_small) ((j_common_ptr) cinfo, JPOOL_IMAGE,
 2837              		.loc 1 769 8 view .LVU988
 2838 0042 1B68     		ldr	r3, [r3]
 2839 0044 1202     		lsls	r2, r2, #8
 2840 0046 0121     		movs	r1, #1
 2841 0048 2046     		mov	r0, r4
 2842              	.LVL294:
 769:Middlewares/Third_Party/LibJPEG/source/jdarith.c ****       (*cinfo->mem->alloc_small) ((j_common_ptr) cinfo, JPOOL_IMAGE,
 2843              		.loc 1 769 8 view .LVU989
 2844 004a 9847     		blx	r3
 2845              	.LVL295:
 2846 004c 0346     		mov	r3, r0
 768:Middlewares/Third_Party/LibJPEG/source/jdarith.c ****     cinfo->coef_bits = (int (*)[DCTSIZE2])
 2847              		.loc 1 768 22 view .LVU990
 2848 004e C4F8A000 		str	r0, [r4, #160]
 771:Middlewares/Third_Party/LibJPEG/source/jdarith.c ****     coef_bit_ptr = & cinfo->coef_bits[0][0];
 2849              		.loc 1 771 5 is_stmt 1 view .LVU991
 2850              	.LVL296:
 772:Middlewares/Third_Party/LibJPEG/source/jdarith.c ****     for (ci = 0; ci < cinfo->num_components; ci++) 
 2851              		.loc 1 772 5 view .LVU992
 2852              		.loc 1 772 13 is_stmt 0 view .LVU993
 2853 0052 0020     		movs	r0, #0
 2854              	.LVL297:
 2855              		.loc 1 772 5 view .LVU994
 2856 0054 07E0     		b	.L195
 2857              	.LVL298:
 2858              	.L196:
 773:Middlewares/Third_Party/LibJPEG/source/jdarith.c ****       for (i = 0; i < DCTSIZE2; i++)
 774:Middlewares/Third_Party/LibJPEG/source/jdarith.c **** 	*coef_bit_ptr++ = -1;
 2859              		.loc 1 774 2 is_stmt 1 discriminator 3 view .LVU995
 2860              		.loc 1 774 18 is_stmt 0 discriminator 3 view .LVU996
 2861 0056 4FF0FF31 		mov	r1, #-1
ARM GAS  /tmp/ccRJf3no.s 			page 78


 2862 005a 43F8041B 		str	r1, [r3], #4
 2863              	.LVL299:
 773:Middlewares/Third_Party/LibJPEG/source/jdarith.c ****       for (i = 0; i < DCTSIZE2; i++)
 2864              		.loc 1 773 33 is_stmt 1 discriminator 3 view .LVU997
 773:Middlewares/Third_Party/LibJPEG/source/jdarith.c ****       for (i = 0; i < DCTSIZE2; i++)
 2865              		.loc 1 773 34 is_stmt 0 discriminator 3 view .LVU998
 2866 005e 0132     		adds	r2, r2, #1
 2867              	.LVL300:
 2868              	.L197:
 773:Middlewares/Third_Party/LibJPEG/source/jdarith.c ****       for (i = 0; i < DCTSIZE2; i++)
 2869              		.loc 1 773 19 is_stmt 1 discriminator 1 view .LVU999
 773:Middlewares/Third_Party/LibJPEG/source/jdarith.c ****       for (i = 0; i < DCTSIZE2; i++)
 2870              		.loc 1 773 7 is_stmt 0 discriminator 1 view .LVU1000
 2871 0060 3F2A     		cmp	r2, #63
 2872 0062 F8DD     		ble	.L196
 772:Middlewares/Third_Party/LibJPEG/source/jdarith.c ****     for (ci = 0; ci < cinfo->num_components; ci++) 
 2873              		.loc 1 772 46 is_stmt 1 discriminator 2 view .LVU1001
 772:Middlewares/Third_Party/LibJPEG/source/jdarith.c ****     for (ci = 0; ci < cinfo->num_components; ci++) 
 2874              		.loc 1 772 48 is_stmt 0 discriminator 2 view .LVU1002
 2875 0064 0130     		adds	r0, r0, #1
 2876              	.LVL301:
 2877              	.L195:
 772:Middlewares/Third_Party/LibJPEG/source/jdarith.c ****     for (ci = 0; ci < cinfo->num_components; ci++) 
 2878              		.loc 1 772 18 is_stmt 1 discriminator 1 view .LVU1003
 772:Middlewares/Third_Party/LibJPEG/source/jdarith.c ****     for (ci = 0; ci < cinfo->num_components; ci++) 
 2879              		.loc 1 772 28 is_stmt 0 discriminator 1 view .LVU1004
 2880 0066 626A     		ldr	r2, [r4, #36]
 772:Middlewares/Third_Party/LibJPEG/source/jdarith.c ****     for (ci = 0; ci < cinfo->num_components; ci++) 
 2881              		.loc 1 772 5 discriminator 1 view .LVU1005
 2882 0068 8242     		cmp	r2, r0
 2883 006a 01DD     		ble	.L191
 773:Middlewares/Third_Party/LibJPEG/source/jdarith.c ****       for (i = 0; i < DCTSIZE2; i++)
 2884              		.loc 1 773 14 view .LVU1006
 2885 006c 0022     		movs	r2, #0
 2886 006e F7E7     		b	.L197
 2887              	.LVL302:
 2888              	.L191:
 773:Middlewares/Third_Party/LibJPEG/source/jdarith.c ****       for (i = 0; i < DCTSIZE2; i++)
 2889              		.loc 1 773 14 view .LVU1007
 2890              	.LBE6:
 775:Middlewares/Third_Party/LibJPEG/source/jdarith.c ****   }
 776:Middlewares/Third_Party/LibJPEG/source/jdarith.c **** }
 2891              		.loc 1 776 1 view .LVU1008
 2892 0070 10BD     		pop	{r4, pc}
 2893              	.LVL303:
 2894              	.L201:
 2895              		.loc 1 776 1 view .LVU1009
 2896 0072 00BF     		.align	2
 2897              	.L200:
 2898 0074 00000000 		.word	start_pass
 2899              		.cfi_endproc
 2900              	.LFE16:
 2902              		.text
 2903              	.Letext0:
 2904              		.file 2 "/usr/lib/gcc/arm-none-eabi/10.3.1/include/stddef.h"
 2905              		.file 3 "LIBJPEG/Target/jmorecfg.h"
 2906              		.file 4 "Middlewares/Third_Party/LibJPEG/include/jpeglib.h"
ARM GAS  /tmp/ccRJf3no.s 			page 79


 2907              		.file 5 "Middlewares/Third_Party/LibJPEG/include/jpegint.h"
 2908              		.file 6 "Middlewares/Third_Party/LibJPEG/include/jerror.h"
 2909              		.file 7 "<built-in>"
ARM GAS  /tmp/ccRJf3no.s 			page 80


DEFINED SYMBOLS
                            *ABS*:0000000000000000 jdarith.c
     /tmp/ccRJf3no.s:18     .text.get_byte:0000000000000000 $t
     /tmp/ccRJf3no.s:25     .text.get_byte:0000000000000000 get_byte
     /tmp/ccRJf3no.s:87     .text.arith_decode:0000000000000000 $t
     /tmp/ccRJf3no.s:93     .text.arith_decode:0000000000000000 arith_decode
     /tmp/ccRJf3no.s:356    .text.arith_decode:00000000000000f8 $d
     /tmp/ccRJf3no.s:361    .text.start_pass:0000000000000000 $t
     /tmp/ccRJf3no.s:367    .text.start_pass:0000000000000000 start_pass
     /tmp/ccRJf3no.s:886    .text.start_pass:0000000000000294 $d
     /tmp/ccRJf3no.s:2412   .text.decode_mcu_DC_first:0000000000000000 decode_mcu_DC_first
     /tmp/ccRJf3no.s:2068   .text.decode_mcu_AC_first:0000000000000000 decode_mcu_AC_first
     /tmp/ccRJf3no.s:1955   .text.decode_mcu_DC_refine:0000000000000000 decode_mcu_DC_refine
     /tmp/ccRJf3no.s:1662   .text.decode_mcu_AC_refine:0000000000000000 decode_mcu_AC_refine
     /tmp/ccRJf3no.s:1060   .text.decode_mcu:0000000000000000 decode_mcu
     /tmp/ccRJf3no.s:895    .text.process_restart:0000000000000000 $t
     /tmp/ccRJf3no.s:901    .text.process_restart:0000000000000000 process_restart
     /tmp/ccRJf3no.s:1054   .text.decode_mcu:0000000000000000 $t
     /tmp/ccRJf3no.s:1656   .text.decode_mcu_AC_refine:0000000000000000 $t
     /tmp/ccRJf3no.s:1949   .text.decode_mcu_DC_refine:0000000000000000 $t
     /tmp/ccRJf3no.s:2062   .text.decode_mcu_AC_first:0000000000000000 $t
     /tmp/ccRJf3no.s:2406   .text.decode_mcu_DC_first:0000000000000000 $t
     /tmp/ccRJf3no.s:2754   .text.jinit_arith_decoder:0000000000000000 $t
     /tmp/ccRJf3no.s:2761   .text.jinit_arith_decoder:0000000000000000 jinit_arith_decoder
     /tmp/ccRJf3no.s:2898   .text.jinit_arith_decoder:0000000000000074 $d

UNDEFINED SYMBOLS
jpeg_aritab
memset
