ARM GAS  /tmp/cc19aUNd.s 			page 1


   1              		.cpu cortex-m4
   2              		.eabi_attribute 27, 1
   3              		.eabi_attribute 28, 1
   4              		.eabi_attribute 20, 1
   5              		.eabi_attribute 21, 1
   6              		.eabi_attribute 23, 3
   7              		.eabi_attribute 24, 1
   8              		.eabi_attribute 25, 1
   9              		.eabi_attribute 26, 1
  10              		.eabi_attribute 30, 1
  11              		.eabi_attribute 34, 1
  12              		.eabi_attribute 18, 4
  13              		.file	"jdmerge.c"
  14              		.text
  15              	.Ltext0:
  16              		.cfi_sections	.debug_frame
  17              		.section	.text.build_ycc_rgb_table,"ax",%progbits
  18              		.align	1
  19              		.arch armv7e-m
  20              		.syntax unified
  21              		.thumb
  22              		.thumb_func
  23              		.fpu fpv4-sp-d16
  25              	build_ycc_rgb_table:
  26              	.LVL0:
  27              	.LFB7:
  28              		.file 1 "Middlewares/Third_Party/LibJPEG/source/jdmerge.c"
   1:Middlewares/Third_Party/LibJPEG/source/jdmerge.c **** /*
   2:Middlewares/Third_Party/LibJPEG/source/jdmerge.c ****  * jdmerge.c
   3:Middlewares/Third_Party/LibJPEG/source/jdmerge.c ****  *
   4:Middlewares/Third_Party/LibJPEG/source/jdmerge.c ****  * Copyright (C) 1994-1996, Thomas G. Lane.
   5:Middlewares/Third_Party/LibJPEG/source/jdmerge.c ****  * This file is part of the Independent JPEG Group's software.
   6:Middlewares/Third_Party/LibJPEG/source/jdmerge.c ****  * For conditions of distribution and use, see the accompanying README file.
   7:Middlewares/Third_Party/LibJPEG/source/jdmerge.c ****  *
   8:Middlewares/Third_Party/LibJPEG/source/jdmerge.c ****  * This file contains code for merged upsampling/color conversion.
   9:Middlewares/Third_Party/LibJPEG/source/jdmerge.c ****  *
  10:Middlewares/Third_Party/LibJPEG/source/jdmerge.c ****  * This file combines functions from jdsample.c and jdcolor.c;
  11:Middlewares/Third_Party/LibJPEG/source/jdmerge.c ****  * read those files first to understand what's going on.
  12:Middlewares/Third_Party/LibJPEG/source/jdmerge.c ****  *
  13:Middlewares/Third_Party/LibJPEG/source/jdmerge.c ****  * When the chroma components are to be upsampled by simple replication
  14:Middlewares/Third_Party/LibJPEG/source/jdmerge.c ****  * (ie, box filtering), we can save some work in color conversion by
  15:Middlewares/Third_Party/LibJPEG/source/jdmerge.c ****  * calculating all the output pixels corresponding to a pair of chroma
  16:Middlewares/Third_Party/LibJPEG/source/jdmerge.c ****  * samples at one time.  In the conversion equations
  17:Middlewares/Third_Party/LibJPEG/source/jdmerge.c ****  *	R = Y           + K1 * Cr
  18:Middlewares/Third_Party/LibJPEG/source/jdmerge.c ****  *	G = Y + K2 * Cb + K3 * Cr
  19:Middlewares/Third_Party/LibJPEG/source/jdmerge.c ****  *	B = Y + K4 * Cb
  20:Middlewares/Third_Party/LibJPEG/source/jdmerge.c ****  * only the Y term varies among the group of pixels corresponding to a pair
  21:Middlewares/Third_Party/LibJPEG/source/jdmerge.c ****  * of chroma samples, so the rest of the terms can be calculated just once.
  22:Middlewares/Third_Party/LibJPEG/source/jdmerge.c ****  * At typical sampling ratios, this eliminates half or three-quarters of the
  23:Middlewares/Third_Party/LibJPEG/source/jdmerge.c ****  * multiplications needed for color conversion.
  24:Middlewares/Third_Party/LibJPEG/source/jdmerge.c ****  *
  25:Middlewares/Third_Party/LibJPEG/source/jdmerge.c ****  * This file currently provides implementations for the following cases:
  26:Middlewares/Third_Party/LibJPEG/source/jdmerge.c ****  *	YCbCr => RGB color conversion only.
  27:Middlewares/Third_Party/LibJPEG/source/jdmerge.c ****  *	Sampling ratios of 2h1v or 2h2v.
  28:Middlewares/Third_Party/LibJPEG/source/jdmerge.c ****  *	No scaling needed at upsample time.
  29:Middlewares/Third_Party/LibJPEG/source/jdmerge.c ****  *	Corner-aligned (non-CCIR601) sampling alignment.
  30:Middlewares/Third_Party/LibJPEG/source/jdmerge.c ****  * Other special cases could be added, but in most applications these are
ARM GAS  /tmp/cc19aUNd.s 			page 2


  31:Middlewares/Third_Party/LibJPEG/source/jdmerge.c ****  * the only common cases.  (For uncommon cases we fall back on the more
  32:Middlewares/Third_Party/LibJPEG/source/jdmerge.c ****  * general code in jdsample.c and jdcolor.c.)
  33:Middlewares/Third_Party/LibJPEG/source/jdmerge.c ****  */
  34:Middlewares/Third_Party/LibJPEG/source/jdmerge.c **** 
  35:Middlewares/Third_Party/LibJPEG/source/jdmerge.c **** #define JPEG_INTERNALS
  36:Middlewares/Third_Party/LibJPEG/source/jdmerge.c **** #include "jinclude.h"
  37:Middlewares/Third_Party/LibJPEG/source/jdmerge.c **** #include "jpeglib.h"
  38:Middlewares/Third_Party/LibJPEG/source/jdmerge.c **** 
  39:Middlewares/Third_Party/LibJPEG/source/jdmerge.c **** #ifdef UPSAMPLE_MERGING_SUPPORTED
  40:Middlewares/Third_Party/LibJPEG/source/jdmerge.c **** 
  41:Middlewares/Third_Party/LibJPEG/source/jdmerge.c **** 
  42:Middlewares/Third_Party/LibJPEG/source/jdmerge.c **** /* Private subobject */
  43:Middlewares/Third_Party/LibJPEG/source/jdmerge.c **** 
  44:Middlewares/Third_Party/LibJPEG/source/jdmerge.c **** typedef struct {
  45:Middlewares/Third_Party/LibJPEG/source/jdmerge.c ****   struct jpeg_upsampler pub;	/* public fields */
  46:Middlewares/Third_Party/LibJPEG/source/jdmerge.c **** 
  47:Middlewares/Third_Party/LibJPEG/source/jdmerge.c ****   /* Pointer to routine to do actual upsampling/conversion of one row group */
  48:Middlewares/Third_Party/LibJPEG/source/jdmerge.c ****   JMETHOD(void, upmethod, (j_decompress_ptr cinfo,
  49:Middlewares/Third_Party/LibJPEG/source/jdmerge.c **** 			   JSAMPIMAGE input_buf, JDIMENSION in_row_group_ctr,
  50:Middlewares/Third_Party/LibJPEG/source/jdmerge.c **** 			   JSAMPARRAY output_buf));
  51:Middlewares/Third_Party/LibJPEG/source/jdmerge.c **** 
  52:Middlewares/Third_Party/LibJPEG/source/jdmerge.c ****   /* Private state for YCC->RGB conversion */
  53:Middlewares/Third_Party/LibJPEG/source/jdmerge.c ****   int * Cr_r_tab;		/* => table for Cr to R conversion */
  54:Middlewares/Third_Party/LibJPEG/source/jdmerge.c ****   int * Cb_b_tab;		/* => table for Cb to B conversion */
  55:Middlewares/Third_Party/LibJPEG/source/jdmerge.c ****   INT32 * Cr_g_tab;		/* => table for Cr to G conversion */
  56:Middlewares/Third_Party/LibJPEG/source/jdmerge.c ****   INT32 * Cb_g_tab;		/* => table for Cb to G conversion */
  57:Middlewares/Third_Party/LibJPEG/source/jdmerge.c **** 
  58:Middlewares/Third_Party/LibJPEG/source/jdmerge.c ****   /* For 2:1 vertical sampling, we produce two output rows at a time.
  59:Middlewares/Third_Party/LibJPEG/source/jdmerge.c ****    * We need a "spare" row buffer to hold the second output row if the
  60:Middlewares/Third_Party/LibJPEG/source/jdmerge.c ****    * application provides just a one-row buffer; we also use the spare
  61:Middlewares/Third_Party/LibJPEG/source/jdmerge.c ****    * to discard the dummy last row if the image height is odd.
  62:Middlewares/Third_Party/LibJPEG/source/jdmerge.c ****    */
  63:Middlewares/Third_Party/LibJPEG/source/jdmerge.c ****   JSAMPROW spare_row;
  64:Middlewares/Third_Party/LibJPEG/source/jdmerge.c ****   boolean spare_full;		/* T if spare buffer is occupied */
  65:Middlewares/Third_Party/LibJPEG/source/jdmerge.c **** 
  66:Middlewares/Third_Party/LibJPEG/source/jdmerge.c ****   JDIMENSION out_row_width;	/* samples per output row */
  67:Middlewares/Third_Party/LibJPEG/source/jdmerge.c ****   JDIMENSION rows_to_go;	/* counts rows remaining in image */
  68:Middlewares/Third_Party/LibJPEG/source/jdmerge.c **** } my_upsampler;
  69:Middlewares/Third_Party/LibJPEG/source/jdmerge.c **** 
  70:Middlewares/Third_Party/LibJPEG/source/jdmerge.c **** typedef my_upsampler * my_upsample_ptr;
  71:Middlewares/Third_Party/LibJPEG/source/jdmerge.c **** 
  72:Middlewares/Third_Party/LibJPEG/source/jdmerge.c **** #define SCALEBITS	16	/* speediest right-shift on some machines */
  73:Middlewares/Third_Party/LibJPEG/source/jdmerge.c **** #define ONE_HALF	((INT32) 1 << (SCALEBITS-1))
  74:Middlewares/Third_Party/LibJPEG/source/jdmerge.c **** #define FIX(x)		((INT32) ((x) * (1L<<SCALEBITS) + 0.5))
  75:Middlewares/Third_Party/LibJPEG/source/jdmerge.c **** 
  76:Middlewares/Third_Party/LibJPEG/source/jdmerge.c **** 
  77:Middlewares/Third_Party/LibJPEG/source/jdmerge.c **** /*
  78:Middlewares/Third_Party/LibJPEG/source/jdmerge.c ****  * Initialize tables for YCC->RGB colorspace conversion.
  79:Middlewares/Third_Party/LibJPEG/source/jdmerge.c ****  * This is taken directly from jdcolor.c; see that file for more info.
  80:Middlewares/Third_Party/LibJPEG/source/jdmerge.c ****  */
  81:Middlewares/Third_Party/LibJPEG/source/jdmerge.c **** 
  82:Middlewares/Third_Party/LibJPEG/source/jdmerge.c **** LOCAL(void)
  83:Middlewares/Third_Party/LibJPEG/source/jdmerge.c **** build_ycc_rgb_table (j_decompress_ptr cinfo)
  84:Middlewares/Third_Party/LibJPEG/source/jdmerge.c **** {
  29              		.loc 1 84 1 view -0
  30              		.cfi_startproc
  31              		@ args = 0, pretend = 0, frame = 0
ARM GAS  /tmp/cc19aUNd.s 			page 3


  32              		@ frame_needed = 0, uses_anonymous_args = 0
  33              		.loc 1 84 1 is_stmt 0 view .LVU1
  34 0000 38B5     		push	{r3, r4, r5, lr}
  35              	.LCFI0:
  36              		.cfi_def_cfa_offset 16
  37              		.cfi_offset 3, -16
  38              		.cfi_offset 4, -12
  39              		.cfi_offset 5, -8
  40              		.cfi_offset 14, -4
  41 0002 0546     		mov	r5, r0
  85:Middlewares/Third_Party/LibJPEG/source/jdmerge.c ****   my_upsample_ptr upsample = (my_upsample_ptr) cinfo->upsample;
  42              		.loc 1 85 3 is_stmt 1 view .LVU2
  43              		.loc 1 85 19 is_stmt 0 view .LVU3
  44 0004 D0F8D841 		ldr	r4, [r0, #472]
  45              	.LVL1:
  86:Middlewares/Third_Party/LibJPEG/source/jdmerge.c ****   int i;
  46              		.loc 1 86 3 is_stmt 1 view .LVU4
  87:Middlewares/Third_Party/LibJPEG/source/jdmerge.c ****   INT32 x;
  47              		.loc 1 87 3 view .LVU5
  88:Middlewares/Third_Party/LibJPEG/source/jdmerge.c ****   SHIFT_TEMPS
  89:Middlewares/Third_Party/LibJPEG/source/jdmerge.c **** 
  90:Middlewares/Third_Party/LibJPEG/source/jdmerge.c ****   upsample->Cr_r_tab = (int *)
  48              		.loc 1 90 3 view .LVU6
  91:Middlewares/Third_Party/LibJPEG/source/jdmerge.c ****     (*cinfo->mem->alloc_small) ((j_common_ptr) cinfo, JPOOL_IMAGE,
  49              		.loc 1 91 12 is_stmt 0 view .LVU7
  50 0008 4368     		ldr	r3, [r0, #4]
  51              		.loc 1 91 6 view .LVU8
  52 000a 1B68     		ldr	r3, [r3]
  53 000c 4FF48062 		mov	r2, #1024
  54 0010 0121     		movs	r1, #1
  55 0012 9847     		blx	r3
  56              	.LVL2:
  90:Middlewares/Third_Party/LibJPEG/source/jdmerge.c ****     (*cinfo->mem->alloc_small) ((j_common_ptr) cinfo, JPOOL_IMAGE,
  57              		.loc 1 90 22 view .LVU9
  58 0014 2061     		str	r0, [r4, #16]
  92:Middlewares/Third_Party/LibJPEG/source/jdmerge.c **** 				(MAXJSAMPLE+1) * SIZEOF(int));
  93:Middlewares/Third_Party/LibJPEG/source/jdmerge.c ****   upsample->Cb_b_tab = (int *)
  59              		.loc 1 93 3 is_stmt 1 view .LVU10
  94:Middlewares/Third_Party/LibJPEG/source/jdmerge.c ****     (*cinfo->mem->alloc_small) ((j_common_ptr) cinfo, JPOOL_IMAGE,
  60              		.loc 1 94 12 is_stmt 0 view .LVU11
  61 0016 6B68     		ldr	r3, [r5, #4]
  62              		.loc 1 94 6 view .LVU12
  63 0018 1B68     		ldr	r3, [r3]
  64 001a 4FF48062 		mov	r2, #1024
  65 001e 0121     		movs	r1, #1
  66 0020 2846     		mov	r0, r5
  67 0022 9847     		blx	r3
  68              	.LVL3:
  93:Middlewares/Third_Party/LibJPEG/source/jdmerge.c ****     (*cinfo->mem->alloc_small) ((j_common_ptr) cinfo, JPOOL_IMAGE,
  69              		.loc 1 93 22 view .LVU13
  70 0024 6061     		str	r0, [r4, #20]
  95:Middlewares/Third_Party/LibJPEG/source/jdmerge.c **** 				(MAXJSAMPLE+1) * SIZEOF(int));
  96:Middlewares/Third_Party/LibJPEG/source/jdmerge.c ****   upsample->Cr_g_tab = (INT32 *)
  71              		.loc 1 96 3 is_stmt 1 view .LVU14
  97:Middlewares/Third_Party/LibJPEG/source/jdmerge.c ****     (*cinfo->mem->alloc_small) ((j_common_ptr) cinfo, JPOOL_IMAGE,
  72              		.loc 1 97 12 is_stmt 0 view .LVU15
  73 0026 6B68     		ldr	r3, [r5, #4]
ARM GAS  /tmp/cc19aUNd.s 			page 4


  74              		.loc 1 97 6 view .LVU16
  75 0028 1B68     		ldr	r3, [r3]
  76 002a 4FF48062 		mov	r2, #1024
  77 002e 0121     		movs	r1, #1
  78 0030 2846     		mov	r0, r5
  79 0032 9847     		blx	r3
  80              	.LVL4:
  96:Middlewares/Third_Party/LibJPEG/source/jdmerge.c ****     (*cinfo->mem->alloc_small) ((j_common_ptr) cinfo, JPOOL_IMAGE,
  81              		.loc 1 96 22 view .LVU17
  82 0034 A061     		str	r0, [r4, #24]
  98:Middlewares/Third_Party/LibJPEG/source/jdmerge.c **** 				(MAXJSAMPLE+1) * SIZEOF(INT32));
  99:Middlewares/Third_Party/LibJPEG/source/jdmerge.c ****   upsample->Cb_g_tab = (INT32 *)
  83              		.loc 1 99 3 is_stmt 1 view .LVU18
 100:Middlewares/Third_Party/LibJPEG/source/jdmerge.c ****     (*cinfo->mem->alloc_small) ((j_common_ptr) cinfo, JPOOL_IMAGE,
  84              		.loc 1 100 12 is_stmt 0 view .LVU19
  85 0036 6B68     		ldr	r3, [r5, #4]
  86              		.loc 1 100 6 view .LVU20
  87 0038 1B68     		ldr	r3, [r3]
  88 003a 4FF48062 		mov	r2, #1024
  89 003e 0121     		movs	r1, #1
  90 0040 2846     		mov	r0, r5
  91 0042 9847     		blx	r3
  92              	.LVL5:
  99:Middlewares/Third_Party/LibJPEG/source/jdmerge.c ****     (*cinfo->mem->alloc_small) ((j_common_ptr) cinfo, JPOOL_IMAGE,
  93              		.loc 1 99 22 view .LVU21
  94 0044 E061     		str	r0, [r4, #28]
 101:Middlewares/Third_Party/LibJPEG/source/jdmerge.c **** 				(MAXJSAMPLE+1) * SIZEOF(INT32));
 102:Middlewares/Third_Party/LibJPEG/source/jdmerge.c **** 
 103:Middlewares/Third_Party/LibJPEG/source/jdmerge.c ****   for (i = 0, x = -CENTERJSAMPLE; i <= MAXJSAMPLE; i++, x++) {
  95              		.loc 1 103 3 is_stmt 1 view .LVU22
  96              	.LVL6:
  97              		.loc 1 103 17 is_stmt 0 view .LVU23
  98 0046 6FF07F01 		mvn	r1, #127
  99              		.loc 1 103 10 view .LVU24
 100 004a 0022     		movs	r2, #0
 101              		.loc 1 103 3 view .LVU25
 102 004c 21E0     		b	.L2
 103              	.LVL7:
 104              	.L3:
 104:Middlewares/Third_Party/LibJPEG/source/jdmerge.c ****     /* i is the actual input pixel value, in the range 0..MAXJSAMPLE */
 105:Middlewares/Third_Party/LibJPEG/source/jdmerge.c ****     /* The Cb or Cr value we are thinking of is x = i - CENTERJSAMPLE */
 106:Middlewares/Third_Party/LibJPEG/source/jdmerge.c ****     /* Cr=>R value is nearest int to 1.40200 * x */
 107:Middlewares/Third_Party/LibJPEG/source/jdmerge.c ****     upsample->Cr_r_tab[i] = (int)
 105              		.loc 1 107 5 is_stmt 1 discriminator 3 view .LVU26
 108:Middlewares/Third_Party/LibJPEG/source/jdmerge.c **** 		    RIGHT_SHIFT(FIX(1.40200) * x + ONE_HALF, SCALEBITS);
 106              		.loc 1 108 7 is_stmt 0 discriminator 3 view .LVU27
 107 004e 124B     		ldr	r3, .L5
 108 0050 01FB03F3 		mul	r3, r1, r3
 109 0054 03F50043 		add	r3, r3, #32768
 107:Middlewares/Third_Party/LibJPEG/source/jdmerge.c **** 		    RIGHT_SHIFT(FIX(1.40200) * x + ONE_HALF, SCALEBITS);
 110              		.loc 1 107 13 discriminator 3 view .LVU28
 111 0058 2069     		ldr	r0, [r4, #16]
 112              		.loc 1 108 7 discriminator 3 view .LVU29
 113 005a 1B14     		asrs	r3, r3, #16
 107:Middlewares/Third_Party/LibJPEG/source/jdmerge.c **** 		    RIGHT_SHIFT(FIX(1.40200) * x + ONE_HALF, SCALEBITS);
 114              		.loc 1 107 27 discriminator 3 view .LVU30
 115 005c 40F82230 		str	r3, [r0, r2, lsl #2]
ARM GAS  /tmp/cc19aUNd.s 			page 5


 109:Middlewares/Third_Party/LibJPEG/source/jdmerge.c ****     /* Cb=>B value is nearest int to 1.77200 * x */
 110:Middlewares/Third_Party/LibJPEG/source/jdmerge.c ****     upsample->Cb_b_tab[i] = (int)
 116              		.loc 1 110 5 is_stmt 1 discriminator 3 view .LVU31
 111:Middlewares/Third_Party/LibJPEG/source/jdmerge.c **** 		    RIGHT_SHIFT(FIX(1.77200) * x + ONE_HALF, SCALEBITS);
 117              		.loc 1 111 7 is_stmt 0 discriminator 3 view .LVU32
 118 0060 0E4B     		ldr	r3, .L5+4
 119 0062 01FB03F3 		mul	r3, r1, r3
 120 0066 03F50043 		add	r3, r3, #32768
 110:Middlewares/Third_Party/LibJPEG/source/jdmerge.c **** 		    RIGHT_SHIFT(FIX(1.77200) * x + ONE_HALF, SCALEBITS);
 121              		.loc 1 110 13 discriminator 3 view .LVU33
 122 006a 6069     		ldr	r0, [r4, #20]
 123              		.loc 1 111 7 discriminator 3 view .LVU34
 124 006c 1B14     		asrs	r3, r3, #16
 110:Middlewares/Third_Party/LibJPEG/source/jdmerge.c **** 		    RIGHT_SHIFT(FIX(1.77200) * x + ONE_HALF, SCALEBITS);
 125              		.loc 1 110 27 discriminator 3 view .LVU35
 126 006e 40F82230 		str	r3, [r0, r2, lsl #2]
 112:Middlewares/Third_Party/LibJPEG/source/jdmerge.c ****     /* Cr=>G value is scaled-up -0.71414 * x */
 113:Middlewares/Third_Party/LibJPEG/source/jdmerge.c ****     upsample->Cr_g_tab[i] = (- FIX(0.71414)) * x;
 127              		.loc 1 113 5 is_stmt 1 discriminator 3 view .LVU36
 128              		.loc 1 113 13 is_stmt 0 discriminator 3 view .LVU37
 129 0072 A069     		ldr	r0, [r4, #24]
 130              		.loc 1 113 46 discriminator 3 view .LVU38
 131 0074 0A4B     		ldr	r3, .L5+8
 132 0076 01FB03F3 		mul	r3, r1, r3
 133              		.loc 1 113 27 discriminator 3 view .LVU39
 134 007a 40F82230 		str	r3, [r0, r2, lsl #2]
 114:Middlewares/Third_Party/LibJPEG/source/jdmerge.c ****     /* Cb=>G value is scaled-up -0.34414 * x */
 115:Middlewares/Third_Party/LibJPEG/source/jdmerge.c ****     /* We also add in ONE_HALF so that need not do it in inner loop */
 116:Middlewares/Third_Party/LibJPEG/source/jdmerge.c ****     upsample->Cb_g_tab[i] = (- FIX(0.34414)) * x + ONE_HALF;
 135              		.loc 1 116 5 is_stmt 1 discriminator 3 view .LVU40
 136              		.loc 1 116 46 is_stmt 0 discriminator 3 view .LVU41
 137 007e 094B     		ldr	r3, .L5+12
 138 0080 01FB03F3 		mul	r3, r1, r3
 139              		.loc 1 116 13 discriminator 3 view .LVU42
 140 0084 E069     		ldr	r0, [r4, #28]
 141              		.loc 1 116 50 discriminator 3 view .LVU43
 142 0086 03F50043 		add	r3, r3, #32768
 143              		.loc 1 116 27 discriminator 3 view .LVU44
 144 008a 40F82230 		str	r3, [r0, r2, lsl #2]
 103:Middlewares/Third_Party/LibJPEG/source/jdmerge.c ****     /* i is the actual input pixel value, in the range 0..MAXJSAMPLE */
 145              		.loc 1 103 52 is_stmt 1 discriminator 3 view .LVU45
 103:Middlewares/Third_Party/LibJPEG/source/jdmerge.c ****     /* i is the actual input pixel value, in the range 0..MAXJSAMPLE */
 146              		.loc 1 103 53 is_stmt 0 discriminator 3 view .LVU46
 147 008e 0132     		adds	r2, r2, #1
 148              	.LVL8:
 103:Middlewares/Third_Party/LibJPEG/source/jdmerge.c ****     /* i is the actual input pixel value, in the range 0..MAXJSAMPLE */
 149              		.loc 1 103 58 discriminator 3 view .LVU47
 150 0090 0131     		adds	r1, r1, #1
 151              	.LVL9:
 152              	.L2:
 103:Middlewares/Third_Party/LibJPEG/source/jdmerge.c ****     /* i is the actual input pixel value, in the range 0..MAXJSAMPLE */
 153              		.loc 1 103 35 is_stmt 1 discriminator 1 view .LVU48
 103:Middlewares/Third_Party/LibJPEG/source/jdmerge.c ****     /* i is the actual input pixel value, in the range 0..MAXJSAMPLE */
 154              		.loc 1 103 3 is_stmt 0 discriminator 1 view .LVU49
 155 0092 FF2A     		cmp	r2, #255
 156 0094 DBDD     		ble	.L3
 117:Middlewares/Third_Party/LibJPEG/source/jdmerge.c ****   }
ARM GAS  /tmp/cc19aUNd.s 			page 6


 118:Middlewares/Third_Party/LibJPEG/source/jdmerge.c **** }
 157              		.loc 1 118 1 view .LVU50
 158 0096 38BD     		pop	{r3, r4, r5, pc}
 159              	.LVL10:
 160              	.L6:
 161              		.loc 1 118 1 view .LVU51
 162              		.align	2
 163              	.L5:
 164 0098 E9660100 		.word	91881
 165 009c A2C50100 		.word	116130
 166 00a0 2E49FFFF 		.word	-46802
 167 00a4 E6A7FFFF 		.word	-22554
 168              		.cfi_endproc
 169              	.LFE7:
 171              		.section	.text.start_pass_merged_upsample,"ax",%progbits
 172              		.align	1
 173              		.syntax unified
 174              		.thumb
 175              		.thumb_func
 176              		.fpu fpv4-sp-d16
 178              	start_pass_merged_upsample:
 179              	.LVL11:
 180              	.LFB8:
 119:Middlewares/Third_Party/LibJPEG/source/jdmerge.c **** 
 120:Middlewares/Third_Party/LibJPEG/source/jdmerge.c **** 
 121:Middlewares/Third_Party/LibJPEG/source/jdmerge.c **** /*
 122:Middlewares/Third_Party/LibJPEG/source/jdmerge.c ****  * Initialize for an upsampling pass.
 123:Middlewares/Third_Party/LibJPEG/source/jdmerge.c ****  */
 124:Middlewares/Third_Party/LibJPEG/source/jdmerge.c **** 
 125:Middlewares/Third_Party/LibJPEG/source/jdmerge.c **** METHODDEF(void)
 126:Middlewares/Third_Party/LibJPEG/source/jdmerge.c **** start_pass_merged_upsample (j_decompress_ptr cinfo)
 127:Middlewares/Third_Party/LibJPEG/source/jdmerge.c **** {
 181              		.loc 1 127 1 is_stmt 1 view -0
 182              		.cfi_startproc
 183              		@ args = 0, pretend = 0, frame = 0
 184              		@ frame_needed = 0, uses_anonymous_args = 0
 185              		@ link register save eliminated.
 128:Middlewares/Third_Party/LibJPEG/source/jdmerge.c ****   my_upsample_ptr upsample = (my_upsample_ptr) cinfo->upsample;
 186              		.loc 1 128 3 view .LVU53
 187              		.loc 1 128 19 is_stmt 0 view .LVU54
 188 0000 D0F8D831 		ldr	r3, [r0, #472]
 189              	.LVL12:
 129:Middlewares/Third_Party/LibJPEG/source/jdmerge.c **** 
 130:Middlewares/Third_Party/LibJPEG/source/jdmerge.c ****   /* Mark the spare buffer empty */
 131:Middlewares/Third_Party/LibJPEG/source/jdmerge.c ****   upsample->spare_full = FALSE;
 190              		.loc 1 131 3 is_stmt 1 view .LVU55
 191              		.loc 1 131 24 is_stmt 0 view .LVU56
 192 0004 0022     		movs	r2, #0
 193 0006 5A62     		str	r2, [r3, #36]
 132:Middlewares/Third_Party/LibJPEG/source/jdmerge.c ****   /* Initialize total-height counter for detecting bottom of image */
 133:Middlewares/Third_Party/LibJPEG/source/jdmerge.c ****   upsample->rows_to_go = cinfo->output_height;
 194              		.loc 1 133 3 is_stmt 1 view .LVU57
 195              		.loc 1 133 31 is_stmt 0 view .LVU58
 196 0008 426F     		ldr	r2, [r0, #116]
 197              		.loc 1 133 24 view .LVU59
 198 000a DA62     		str	r2, [r3, #44]
 134:Middlewares/Third_Party/LibJPEG/source/jdmerge.c **** }
ARM GAS  /tmp/cc19aUNd.s 			page 7


 199              		.loc 1 134 1 view .LVU60
 200 000c 7047     		bx	lr
 201              		.cfi_endproc
 202              	.LFE8:
 204              		.section	.text.merged_1v_upsample,"ax",%progbits
 205              		.align	1
 206              		.syntax unified
 207              		.thumb
 208              		.thumb_func
 209              		.fpu fpv4-sp-d16
 211              	merged_1v_upsample:
 212              	.LVL13:
 213              	.LFB10:
 135:Middlewares/Third_Party/LibJPEG/source/jdmerge.c **** 
 136:Middlewares/Third_Party/LibJPEG/source/jdmerge.c **** 
 137:Middlewares/Third_Party/LibJPEG/source/jdmerge.c **** /*
 138:Middlewares/Third_Party/LibJPEG/source/jdmerge.c ****  * Control routine to do upsampling (and color conversion).
 139:Middlewares/Third_Party/LibJPEG/source/jdmerge.c ****  *
 140:Middlewares/Third_Party/LibJPEG/source/jdmerge.c ****  * The control routine just handles the row buffering considerations.
 141:Middlewares/Third_Party/LibJPEG/source/jdmerge.c ****  */
 142:Middlewares/Third_Party/LibJPEG/source/jdmerge.c **** 
 143:Middlewares/Third_Party/LibJPEG/source/jdmerge.c **** METHODDEF(void)
 144:Middlewares/Third_Party/LibJPEG/source/jdmerge.c **** merged_2v_upsample (j_decompress_ptr cinfo,
 145:Middlewares/Third_Party/LibJPEG/source/jdmerge.c **** 		    JSAMPIMAGE input_buf, JDIMENSION *in_row_group_ctr,
 146:Middlewares/Third_Party/LibJPEG/source/jdmerge.c **** 		    JDIMENSION in_row_groups_avail,
 147:Middlewares/Third_Party/LibJPEG/source/jdmerge.c **** 		    JSAMPARRAY output_buf, JDIMENSION *out_row_ctr,
 148:Middlewares/Third_Party/LibJPEG/source/jdmerge.c **** 		    JDIMENSION out_rows_avail)
 149:Middlewares/Third_Party/LibJPEG/source/jdmerge.c **** /* 2:1 vertical sampling case: may need a spare row. */
 150:Middlewares/Third_Party/LibJPEG/source/jdmerge.c **** {
 151:Middlewares/Third_Party/LibJPEG/source/jdmerge.c ****   my_upsample_ptr upsample = (my_upsample_ptr) cinfo->upsample;
 152:Middlewares/Third_Party/LibJPEG/source/jdmerge.c ****   JSAMPROW work_ptrs[2];
 153:Middlewares/Third_Party/LibJPEG/source/jdmerge.c ****   JDIMENSION num_rows;		/* number of rows returned to caller */
 154:Middlewares/Third_Party/LibJPEG/source/jdmerge.c **** 
 155:Middlewares/Third_Party/LibJPEG/source/jdmerge.c ****   if (upsample->spare_full) {
 156:Middlewares/Third_Party/LibJPEG/source/jdmerge.c ****     /* If we have a spare row saved from a previous cycle, just return it. */
 157:Middlewares/Third_Party/LibJPEG/source/jdmerge.c ****     jcopy_sample_rows(& upsample->spare_row, 0, output_buf + *out_row_ctr, 0,
 158:Middlewares/Third_Party/LibJPEG/source/jdmerge.c **** 		      1, upsample->out_row_width);
 159:Middlewares/Third_Party/LibJPEG/source/jdmerge.c ****     num_rows = 1;
 160:Middlewares/Third_Party/LibJPEG/source/jdmerge.c ****     upsample->spare_full = FALSE;
 161:Middlewares/Third_Party/LibJPEG/source/jdmerge.c ****   } else {
 162:Middlewares/Third_Party/LibJPEG/source/jdmerge.c ****     /* Figure number of rows to return to caller. */
 163:Middlewares/Third_Party/LibJPEG/source/jdmerge.c ****     num_rows = 2;
 164:Middlewares/Third_Party/LibJPEG/source/jdmerge.c ****     /* Not more than the distance to the end of the image. */
 165:Middlewares/Third_Party/LibJPEG/source/jdmerge.c ****     if (num_rows > upsample->rows_to_go)
 166:Middlewares/Third_Party/LibJPEG/source/jdmerge.c ****       num_rows = upsample->rows_to_go;
 167:Middlewares/Third_Party/LibJPEG/source/jdmerge.c ****     /* And not more than what the client can accept: */
 168:Middlewares/Third_Party/LibJPEG/source/jdmerge.c ****     out_rows_avail -= *out_row_ctr;
 169:Middlewares/Third_Party/LibJPEG/source/jdmerge.c ****     if (num_rows > out_rows_avail)
 170:Middlewares/Third_Party/LibJPEG/source/jdmerge.c ****       num_rows = out_rows_avail;
 171:Middlewares/Third_Party/LibJPEG/source/jdmerge.c ****     /* Create output pointer array for upsampler. */
 172:Middlewares/Third_Party/LibJPEG/source/jdmerge.c ****     work_ptrs[0] = output_buf[*out_row_ctr];
 173:Middlewares/Third_Party/LibJPEG/source/jdmerge.c ****     if (num_rows > 1) {
 174:Middlewares/Third_Party/LibJPEG/source/jdmerge.c ****       work_ptrs[1] = output_buf[*out_row_ctr + 1];
 175:Middlewares/Third_Party/LibJPEG/source/jdmerge.c ****     } else {
 176:Middlewares/Third_Party/LibJPEG/source/jdmerge.c ****       work_ptrs[1] = upsample->spare_row;
 177:Middlewares/Third_Party/LibJPEG/source/jdmerge.c ****       upsample->spare_full = TRUE;
 178:Middlewares/Third_Party/LibJPEG/source/jdmerge.c ****     }
ARM GAS  /tmp/cc19aUNd.s 			page 8


 179:Middlewares/Third_Party/LibJPEG/source/jdmerge.c ****     /* Now do the upsampling. */
 180:Middlewares/Third_Party/LibJPEG/source/jdmerge.c ****     (*upsample->upmethod) (cinfo, input_buf, *in_row_group_ctr, work_ptrs);
 181:Middlewares/Third_Party/LibJPEG/source/jdmerge.c ****   }
 182:Middlewares/Third_Party/LibJPEG/source/jdmerge.c **** 
 183:Middlewares/Third_Party/LibJPEG/source/jdmerge.c ****   /* Adjust counts */
 184:Middlewares/Third_Party/LibJPEG/source/jdmerge.c ****   *out_row_ctr += num_rows;
 185:Middlewares/Third_Party/LibJPEG/source/jdmerge.c ****   upsample->rows_to_go -= num_rows;
 186:Middlewares/Third_Party/LibJPEG/source/jdmerge.c ****   /* When the buffer is emptied, declare this input row group consumed */
 187:Middlewares/Third_Party/LibJPEG/source/jdmerge.c ****   if (! upsample->spare_full)
 188:Middlewares/Third_Party/LibJPEG/source/jdmerge.c ****     (*in_row_group_ctr)++;
 189:Middlewares/Third_Party/LibJPEG/source/jdmerge.c **** }
 190:Middlewares/Third_Party/LibJPEG/source/jdmerge.c **** 
 191:Middlewares/Third_Party/LibJPEG/source/jdmerge.c **** 
 192:Middlewares/Third_Party/LibJPEG/source/jdmerge.c **** METHODDEF(void)
 193:Middlewares/Third_Party/LibJPEG/source/jdmerge.c **** merged_1v_upsample (j_decompress_ptr cinfo,
 194:Middlewares/Third_Party/LibJPEG/source/jdmerge.c **** 		    JSAMPIMAGE input_buf, JDIMENSION *in_row_group_ctr,
 195:Middlewares/Third_Party/LibJPEG/source/jdmerge.c **** 		    JDIMENSION in_row_groups_avail,
 196:Middlewares/Third_Party/LibJPEG/source/jdmerge.c **** 		    JSAMPARRAY output_buf, JDIMENSION *out_row_ctr,
 197:Middlewares/Third_Party/LibJPEG/source/jdmerge.c **** 		    JDIMENSION out_rows_avail)
 198:Middlewares/Third_Party/LibJPEG/source/jdmerge.c **** /* 1:1 vertical sampling case: much easier, never need a spare row. */
 199:Middlewares/Third_Party/LibJPEG/source/jdmerge.c **** {
 214              		.loc 1 199 1 is_stmt 1 view -0
 215              		.cfi_startproc
 216              		@ args = 12, pretend = 0, frame = 0
 217              		@ frame_needed = 0, uses_anonymous_args = 0
 218              		.loc 1 199 1 is_stmt 0 view .LVU62
 219 0000 70B5     		push	{r4, r5, r6, lr}
 220              	.LCFI1:
 221              		.cfi_def_cfa_offset 16
 222              		.cfi_offset 4, -16
 223              		.cfi_offset 5, -12
 224              		.cfi_offset 6, -8
 225              		.cfi_offset 14, -4
 226 0002 1446     		mov	r4, r2
 227 0004 059D     		ldr	r5, [sp, #20]
 200:Middlewares/Third_Party/LibJPEG/source/jdmerge.c ****   my_upsample_ptr upsample = (my_upsample_ptr) cinfo->upsample;
 228              		.loc 1 200 3 is_stmt 1 view .LVU63
 229              		.loc 1 200 19 is_stmt 0 view .LVU64
 230 0006 D0F8D831 		ldr	r3, [r0, #472]
 231              	.LVL14:
 201:Middlewares/Third_Party/LibJPEG/source/jdmerge.c **** 
 202:Middlewares/Third_Party/LibJPEG/source/jdmerge.c ****   /* Just do the upsampling. */
 203:Middlewares/Third_Party/LibJPEG/source/jdmerge.c ****   (*upsample->upmethod) (cinfo, input_buf, *in_row_group_ctr,
 232              		.loc 1 203 3 is_stmt 1 view .LVU65
 204:Middlewares/Third_Party/LibJPEG/source/jdmerge.c **** 			 output_buf + *out_row_ctr);
 233              		.loc 1 204 18 is_stmt 0 view .LVU66
 234 000a 2A68     		ldr	r2, [r5]
 235              	.LVL15:
 203:Middlewares/Third_Party/LibJPEG/source/jdmerge.c **** 			 output_buf + *out_row_ctr);
 236              		.loc 1 203 4 view .LVU67
 237 000c DE68     		ldr	r6, [r3, #12]
 238 000e 049B     		ldr	r3, [sp, #16]
 239              	.LVL16:
 203:Middlewares/Third_Party/LibJPEG/source/jdmerge.c **** 			 output_buf + *out_row_ctr);
 240              		.loc 1 203 4 view .LVU68
 241 0010 03EB8203 		add	r3, r3, r2, lsl #2
 242 0014 2268     		ldr	r2, [r4]
ARM GAS  /tmp/cc19aUNd.s 			page 9


 243 0016 B047     		blx	r6
 244              	.LVL17:
 205:Middlewares/Third_Party/LibJPEG/source/jdmerge.c ****   /* Adjust counts */
 206:Middlewares/Third_Party/LibJPEG/source/jdmerge.c ****   (*out_row_ctr)++;
 245              		.loc 1 206 3 is_stmt 1 view .LVU69
 246              		.loc 1 206 4 is_stmt 0 view .LVU70
 247 0018 2B68     		ldr	r3, [r5]
 248              		.loc 1 206 17 view .LVU71
 249 001a 0133     		adds	r3, r3, #1
 250 001c 2B60     		str	r3, [r5]
 207:Middlewares/Third_Party/LibJPEG/source/jdmerge.c ****   (*in_row_group_ctr)++;
 251              		.loc 1 207 3 is_stmt 1 view .LVU72
 252              		.loc 1 207 4 is_stmt 0 view .LVU73
 253 001e 2368     		ldr	r3, [r4]
 254              		.loc 1 207 22 view .LVU74
 255 0020 0133     		adds	r3, r3, #1
 256 0022 2360     		str	r3, [r4]
 208:Middlewares/Third_Party/LibJPEG/source/jdmerge.c **** }
 257              		.loc 1 208 1 view .LVU75
 258 0024 70BD     		pop	{r4, r5, r6, pc}
 259              		.loc 1 208 1 view .LVU76
 260              		.cfi_endproc
 261              	.LFE10:
 263              		.section	.text.h2v1_merged_upsample,"ax",%progbits
 264              		.align	1
 265              		.syntax unified
 266              		.thumb
 267              		.thumb_func
 268              		.fpu fpv4-sp-d16
 270              	h2v1_merged_upsample:
 271              	.LVL18:
 272              	.LFB11:
 209:Middlewares/Third_Party/LibJPEG/source/jdmerge.c **** 
 210:Middlewares/Third_Party/LibJPEG/source/jdmerge.c **** 
 211:Middlewares/Third_Party/LibJPEG/source/jdmerge.c **** /*
 212:Middlewares/Third_Party/LibJPEG/source/jdmerge.c ****  * These are the routines invoked by the control routines to do
 213:Middlewares/Third_Party/LibJPEG/source/jdmerge.c ****  * the actual upsampling/conversion.  One row group is processed per call.
 214:Middlewares/Third_Party/LibJPEG/source/jdmerge.c ****  *
 215:Middlewares/Third_Party/LibJPEG/source/jdmerge.c ****  * Note: since we may be writing directly into application-supplied buffers,
 216:Middlewares/Third_Party/LibJPEG/source/jdmerge.c ****  * we have to be honest about the output width; we can't assume the buffer
 217:Middlewares/Third_Party/LibJPEG/source/jdmerge.c ****  * has been rounded up to an even width.
 218:Middlewares/Third_Party/LibJPEG/source/jdmerge.c ****  */
 219:Middlewares/Third_Party/LibJPEG/source/jdmerge.c **** 
 220:Middlewares/Third_Party/LibJPEG/source/jdmerge.c **** 
 221:Middlewares/Third_Party/LibJPEG/source/jdmerge.c **** /*
 222:Middlewares/Third_Party/LibJPEG/source/jdmerge.c ****  * Upsample and color convert for the case of 2:1 horizontal and 1:1 vertical.
 223:Middlewares/Third_Party/LibJPEG/source/jdmerge.c ****  */
 224:Middlewares/Third_Party/LibJPEG/source/jdmerge.c **** 
 225:Middlewares/Third_Party/LibJPEG/source/jdmerge.c **** METHODDEF(void)
 226:Middlewares/Third_Party/LibJPEG/source/jdmerge.c **** h2v1_merged_upsample (j_decompress_ptr cinfo,
 227:Middlewares/Third_Party/LibJPEG/source/jdmerge.c **** 		      JSAMPIMAGE input_buf, JDIMENSION in_row_group_ctr,
 228:Middlewares/Third_Party/LibJPEG/source/jdmerge.c **** 		      JSAMPARRAY output_buf)
 229:Middlewares/Third_Party/LibJPEG/source/jdmerge.c **** {
 273              		.loc 1 229 1 is_stmt 1 view -0
 274              		.cfi_startproc
 275              		@ args = 0, pretend = 0, frame = 16
 276              		@ frame_needed = 0, uses_anonymous_args = 0
ARM GAS  /tmp/cc19aUNd.s 			page 10


 277              		.loc 1 229 1 is_stmt 0 view .LVU78
 278 0000 2DE9F04F 		push	{r4, r5, r6, r7, r8, r9, r10, fp, lr}
 279              	.LCFI2:
 280              		.cfi_def_cfa_offset 36
 281              		.cfi_offset 4, -36
 282              		.cfi_offset 5, -32
 283              		.cfi_offset 6, -28
 284              		.cfi_offset 7, -24
 285              		.cfi_offset 8, -20
 286              		.cfi_offset 9, -16
 287              		.cfi_offset 10, -12
 288              		.cfi_offset 11, -8
 289              		.cfi_offset 14, -4
 290 0004 85B0     		sub	sp, sp, #20
 291              	.LCFI3:
 292              		.cfi_def_cfa_offset 56
 293 0006 0546     		mov	r5, r0
 294 0008 0390     		str	r0, [sp, #12]
 230:Middlewares/Third_Party/LibJPEG/source/jdmerge.c ****   my_upsample_ptr upsample = (my_upsample_ptr) cinfo->upsample;
 295              		.loc 1 230 3 is_stmt 1 view .LVU79
 296              		.loc 1 230 19 is_stmt 0 view .LVU80
 297 000a D0F8D841 		ldr	r4, [r0, #472]
 298              	.LVL19:
 231:Middlewares/Third_Party/LibJPEG/source/jdmerge.c ****   register int y, cred, cgreen, cblue;
 299              		.loc 1 231 3 is_stmt 1 view .LVU81
 232:Middlewares/Third_Party/LibJPEG/source/jdmerge.c ****   int cb, cr;
 300              		.loc 1 232 3 view .LVU82
 233:Middlewares/Third_Party/LibJPEG/source/jdmerge.c ****   register JSAMPROW outptr;
 301              		.loc 1 233 3 view .LVU83
 234:Middlewares/Third_Party/LibJPEG/source/jdmerge.c ****   JSAMPROW inptr0, inptr1, inptr2;
 302              		.loc 1 234 3 view .LVU84
 235:Middlewares/Third_Party/LibJPEG/source/jdmerge.c ****   JDIMENSION col;
 303              		.loc 1 235 3 view .LVU85
 236:Middlewares/Third_Party/LibJPEG/source/jdmerge.c ****   /* copy these pointers into registers if possible */
 237:Middlewares/Third_Party/LibJPEG/source/jdmerge.c ****   register JSAMPLE * range_limit = cinfo->sample_range_limit;
 304              		.loc 1 237 3 view .LVU86
 305              		.loc 1 237 22 is_stmt 0 view .LVU87
 306 000e D0F84C01 		ldr	r0, [r0, #332]
 307              	.LVL20:
 238:Middlewares/Third_Party/LibJPEG/source/jdmerge.c ****   int * Crrtab = upsample->Cr_r_tab;
 308              		.loc 1 238 3 is_stmt 1 view .LVU88
 309              		.loc 1 238 9 is_stmt 0 view .LVU89
 310 0012 D4F810A0 		ldr	r10, [r4, #16]
 311              	.LVL21:
 239:Middlewares/Third_Party/LibJPEG/source/jdmerge.c ****   int * Cbbtab = upsample->Cb_b_tab;
 312              		.loc 1 239 3 is_stmt 1 view .LVU90
 313              		.loc 1 239 9 is_stmt 0 view .LVU91
 314 0016 6669     		ldr	r6, [r4, #20]
 315 0018 0196     		str	r6, [sp, #4]
 316              	.LVL22:
 240:Middlewares/Third_Party/LibJPEG/source/jdmerge.c ****   INT32 * Crgtab = upsample->Cr_g_tab;
 317              		.loc 1 240 3 is_stmt 1 view .LVU92
 318              		.loc 1 240 11 is_stmt 0 view .LVU93
 319 001a A669     		ldr	r6, [r4, #24]
 320              	.LVL23:
 321              		.loc 1 240 11 view .LVU94
 322 001c 0296     		str	r6, [sp, #8]
ARM GAS  /tmp/cc19aUNd.s 			page 11


 323              	.LVL24:
 241:Middlewares/Third_Party/LibJPEG/source/jdmerge.c ****   INT32 * Cbgtab = upsample->Cb_g_tab;
 324              		.loc 1 241 3 is_stmt 1 view .LVU95
 325              		.loc 1 241 11 is_stmt 0 view .LVU96
 326 001e D4F81C90 		ldr	r9, [r4, #28]
 327              	.LVL25:
 242:Middlewares/Third_Party/LibJPEG/source/jdmerge.c ****   SHIFT_TEMPS
 243:Middlewares/Third_Party/LibJPEG/source/jdmerge.c **** 
 244:Middlewares/Third_Party/LibJPEG/source/jdmerge.c ****   inptr0 = input_buf[0][in_row_group_ctr];
 328              		.loc 1 244 3 is_stmt 1 view .LVU97
 329              		.loc 1 244 21 is_stmt 0 view .LVU98
 330 0022 0C68     		ldr	r4, [r1]
 331              	.LVL26:
 332              		.loc 1 244 10 view .LVU99
 333 0024 54F82280 		ldr	r8, [r4, r2, lsl #2]
 334              	.LVL27:
 245:Middlewares/Third_Party/LibJPEG/source/jdmerge.c ****   inptr1 = input_buf[1][in_row_group_ctr];
 335              		.loc 1 245 3 is_stmt 1 view .LVU100
 336              		.loc 1 245 21 is_stmt 0 view .LVU101
 337 0028 4C68     		ldr	r4, [r1, #4]
 338              		.loc 1 245 10 view .LVU102
 339 002a 54F822C0 		ldr	ip, [r4, r2, lsl #2]
 340              	.LVL28:
 246:Middlewares/Third_Party/LibJPEG/source/jdmerge.c ****   inptr2 = input_buf[2][in_row_group_ctr];
 341              		.loc 1 246 3 is_stmt 1 view .LVU103
 342              		.loc 1 246 21 is_stmt 0 view .LVU104
 343 002e 8968     		ldr	r1, [r1, #8]
 344              	.LVL29:
 345              		.loc 1 246 10 view .LVU105
 346 0030 51F82210 		ldr	r1, [r1, r2, lsl #2]
 347              	.LVL30:
 247:Middlewares/Third_Party/LibJPEG/source/jdmerge.c ****   outptr = output_buf[0];
 348              		.loc 1 247 3 is_stmt 1 view .LVU106
 349              		.loc 1 247 10 is_stmt 0 view .LVU107
 350 0034 1B68     		ldr	r3, [r3]
 351              	.LVL31:
 248:Middlewares/Third_Party/LibJPEG/source/jdmerge.c ****   /* Loop for each pair of output pixels */
 249:Middlewares/Third_Party/LibJPEG/source/jdmerge.c ****   for (col = cinfo->output_width >> 1; col > 0; col--) {
 352              		.loc 1 249 3 is_stmt 1 view .LVU108
 353              		.loc 1 249 19 is_stmt 0 view .LVU109
 354 0036 2F6F     		ldr	r7, [r5, #112]
 355              		.loc 1 249 12 view .LVU110
 356 0038 7F08     		lsrs	r7, r7, #1
 357              	.LVL32:
 358              		.loc 1 249 3 view .LVU111
 359 003a 31E0     		b	.L11
 360              	.LVL33:
 361              	.L12:
 250:Middlewares/Third_Party/LibJPEG/source/jdmerge.c ****     /* Do the chroma part of the calculation */
 251:Middlewares/Third_Party/LibJPEG/source/jdmerge.c ****     cb = GETJSAMPLE(*inptr1++);
 362              		.loc 1 251 5 is_stmt 1 discriminator 3 view .LVU112
 363              		.loc 1 251 10 is_stmt 0 discriminator 3 view .LVU113
 364 003c 1CF8014B 		ldrb	r4, [ip], #1	@ zero_extendqisi2
 365              	.LVL34:
 252:Middlewares/Third_Party/LibJPEG/source/jdmerge.c ****     cr = GETJSAMPLE(*inptr2++);
 366              		.loc 1 252 5 is_stmt 1 discriminator 3 view .LVU114
 367              		.loc 1 252 10 is_stmt 0 discriminator 3 view .LVU115
ARM GAS  /tmp/cc19aUNd.s 			page 12


 368 0040 11F8015B 		ldrb	r5, [r1], #1	@ zero_extendqisi2
 369              	.LVL35:
 253:Middlewares/Third_Party/LibJPEG/source/jdmerge.c ****     cred = Crrtab[cr];
 370              		.loc 1 253 5 is_stmt 1 discriminator 3 view .LVU116
 371              		.loc 1 253 10 is_stmt 0 discriminator 3 view .LVU117
 372 0044 5AF82560 		ldr	r6, [r10, r5, lsl #2]
 373              	.LVL36:
 254:Middlewares/Third_Party/LibJPEG/source/jdmerge.c ****     cgreen = (int) RIGHT_SHIFT(Cbgtab[cb] + Crgtab[cr], SCALEBITS);
 374              		.loc 1 254 5 is_stmt 1 discriminator 3 view .LVU118
 375              		.loc 1 254 20 is_stmt 0 discriminator 3 view .LVU119
 376 0048 59F82420 		ldr	r2, [r9, r4, lsl #2]
 377 004c 0092     		str	r2, [sp]
 378 004e 029A     		ldr	r2, [sp, #8]
 379 0050 52F82550 		ldr	r5, [r2, r5, lsl #2]
 380              	.LVL37:
 381              		.loc 1 254 20 discriminator 3 view .LVU120
 382 0054 009A     		ldr	r2, [sp]
 383 0056 2A44     		add	r2, r2, r5
 384              	.LVL38:
 255:Middlewares/Third_Party/LibJPEG/source/jdmerge.c ****     cblue = Cbbtab[cb];
 385              		.loc 1 255 5 is_stmt 1 discriminator 3 view .LVU121
 386              		.loc 1 255 11 is_stmt 0 discriminator 3 view .LVU122
 387 0058 019D     		ldr	r5, [sp, #4]
 388 005a 55F82450 		ldr	r5, [r5, r4, lsl #2]
 389              	.LVL39:
 256:Middlewares/Third_Party/LibJPEG/source/jdmerge.c ****     /* Fetch 2 Y values and emit 2 pixels */
 257:Middlewares/Third_Party/LibJPEG/source/jdmerge.c ****     y  = GETJSAMPLE(*inptr0++);
 390              		.loc 1 257 5 is_stmt 1 discriminator 3 view .LVU123
 391              		.loc 1 257 10 is_stmt 0 discriminator 3 view .LVU124
 392 005e C646     		mov	lr, r8
 393 0060 1EF8024B 		ldrb	r4, [lr], #2	@ zero_extendqisi2
 394              	.LVL40:
 258:Middlewares/Third_Party/LibJPEG/source/jdmerge.c ****     outptr[RGB_RED] =   range_limit[y + cred];
 395              		.loc 1 258 5 is_stmt 1 discriminator 3 view .LVU125
 396              		.loc 1 258 39 is_stmt 0 discriminator 3 view .LVU126
 397 0064 06EB040B 		add	fp, r6, r4
 398              		.loc 1 258 36 discriminator 3 view .LVU127
 399 0068 10F80BB0 		ldrb	fp, [r0, fp]	@ zero_extendqisi2
 400              		.loc 1 258 21 discriminator 3 view .LVU128
 401 006c 83F800B0 		strb	fp, [r3]
 402              	.LVL41:
 259:Middlewares/Third_Party/LibJPEG/source/jdmerge.c ****     outptr[RGB_GREEN] = range_limit[y + cgreen];
 403              		.loc 1 259 5 is_stmt 1 discriminator 3 view .LVU129
 404              		.loc 1 259 39 is_stmt 0 discriminator 3 view .LVU130
 405 0070 04EB224B 		add	fp, r4, r2, asr #16
 406              		.loc 1 259 36 discriminator 3 view .LVU131
 407 0074 10F80BB0 		ldrb	fp, [r0, fp]	@ zero_extendqisi2
 408              		.loc 1 259 23 discriminator 3 view .LVU132
 409 0078 83F801B0 		strb	fp, [r3, #1]
 260:Middlewares/Third_Party/LibJPEG/source/jdmerge.c ****     outptr[RGB_BLUE] =  range_limit[y + cblue];
 410              		.loc 1 260 5 is_stmt 1 discriminator 3 view .LVU133
 411              		.loc 1 260 39 is_stmt 0 discriminator 3 view .LVU134
 412 007c 2C44     		add	r4, r4, r5
 413              	.LVL42:
 414              		.loc 1 260 36 discriminator 3 view .LVU135
 415 007e 045D     		ldrb	r4, [r0, r4]	@ zero_extendqisi2
 416              		.loc 1 260 22 discriminator 3 view .LVU136
ARM GAS  /tmp/cc19aUNd.s 			page 13


 417 0080 9C70     		strb	r4, [r3, #2]
 261:Middlewares/Third_Party/LibJPEG/source/jdmerge.c ****     outptr += RGB_PIXELSIZE;
 418              		.loc 1 261 5 is_stmt 1 discriminator 3 view .LVU137
 419              	.LVL43:
 262:Middlewares/Third_Party/LibJPEG/source/jdmerge.c ****     y  = GETJSAMPLE(*inptr0++);
 420              		.loc 1 262 5 discriminator 3 view .LVU138
 421              		.loc 1 262 10 is_stmt 0 discriminator 3 view .LVU139
 422 0082 98F80140 		ldrb	r4, [r8, #1]	@ zero_extendqisi2
 423              	.LVL44:
 263:Middlewares/Third_Party/LibJPEG/source/jdmerge.c ****     outptr[RGB_RED] =   range_limit[y + cred];
 424              		.loc 1 263 5 is_stmt 1 discriminator 3 view .LVU140
 425              		.loc 1 263 39 is_stmt 0 discriminator 3 view .LVU141
 426 0086 2644     		add	r6, r6, r4
 427              	.LVL45:
 428              		.loc 1 263 36 discriminator 3 view .LVU142
 429 0088 865D     		ldrb	r6, [r0, r6]	@ zero_extendqisi2
 430              		.loc 1 263 21 discriminator 3 view .LVU143
 431 008a DE70     		strb	r6, [r3, #3]
 264:Middlewares/Third_Party/LibJPEG/source/jdmerge.c ****     outptr[RGB_GREEN] = range_limit[y + cgreen];
 432              		.loc 1 264 5 is_stmt 1 discriminator 3 view .LVU144
 433              		.loc 1 264 39 is_stmt 0 discriminator 3 view .LVU145
 434 008c 04EB2242 		add	r2, r4, r2, asr #16
 435              	.LVL46:
 436              		.loc 1 264 36 discriminator 3 view .LVU146
 437 0090 825C     		ldrb	r2, [r0, r2]	@ zero_extendqisi2
 438              		.loc 1 264 23 discriminator 3 view .LVU147
 439 0092 1A71     		strb	r2, [r3, #4]
 265:Middlewares/Third_Party/LibJPEG/source/jdmerge.c ****     outptr[RGB_BLUE] =  range_limit[y + cblue];
 440              		.loc 1 265 5 is_stmt 1 discriminator 3 view .LVU148
 441              		.loc 1 265 39 is_stmt 0 discriminator 3 view .LVU149
 442 0094 2544     		add	r5, r5, r4
 443              	.LVL47:
 444              		.loc 1 265 36 discriminator 3 view .LVU150
 445 0096 425D     		ldrb	r2, [r0, r5]	@ zero_extendqisi2
 446              		.loc 1 265 22 discriminator 3 view .LVU151
 447 0098 5A71     		strb	r2, [r3, #5]
 266:Middlewares/Third_Party/LibJPEG/source/jdmerge.c ****     outptr += RGB_PIXELSIZE;
 448              		.loc 1 266 5 is_stmt 1 discriminator 3 view .LVU152
 449              		.loc 1 266 12 is_stmt 0 discriminator 3 view .LVU153
 450 009a 0633     		adds	r3, r3, #6
 451              	.LVL48:
 249:Middlewares/Third_Party/LibJPEG/source/jdmerge.c ****     /* Do the chroma part of the calculation */
 452              		.loc 1 249 49 is_stmt 1 discriminator 3 view .LVU154
 249:Middlewares/Third_Party/LibJPEG/source/jdmerge.c ****     /* Do the chroma part of the calculation */
 453              		.loc 1 249 52 is_stmt 0 discriminator 3 view .LVU155
 454 009c 013F     		subs	r7, r7, #1
 455              	.LVL49:
 262:Middlewares/Third_Party/LibJPEG/source/jdmerge.c ****     outptr[RGB_RED] =   range_limit[y + cred];
 456              		.loc 1 262 10 discriminator 3 view .LVU156
 457 009e F046     		mov	r8, lr
 458              	.LVL50:
 459              	.L11:
 249:Middlewares/Third_Party/LibJPEG/source/jdmerge.c ****     /* Do the chroma part of the calculation */
 460              		.loc 1 249 40 is_stmt 1 discriminator 1 view .LVU157
 249:Middlewares/Third_Party/LibJPEG/source/jdmerge.c ****     /* Do the chroma part of the calculation */
 461              		.loc 1 249 3 is_stmt 0 discriminator 1 view .LVU158
 462 00a0 002F     		cmp	r7, #0
ARM GAS  /tmp/cc19aUNd.s 			page 14


 463 00a2 CBD1     		bne	.L12
 267:Middlewares/Third_Party/LibJPEG/source/jdmerge.c ****   }
 268:Middlewares/Third_Party/LibJPEG/source/jdmerge.c ****   /* If image width is odd, do the last output column separately */
 269:Middlewares/Third_Party/LibJPEG/source/jdmerge.c ****   if (cinfo->output_width & 1) {
 464              		.loc 1 269 3 is_stmt 1 view .LVU159
 465              		.loc 1 269 12 is_stmt 0 view .LVU160
 466 00a4 039A     		ldr	r2, [sp, #12]
 467 00a6 126F     		ldr	r2, [r2, #112]
 468              		.loc 1 269 6 view .LVU161
 469 00a8 12F0010F 		tst	r2, #1
 470 00ac 19D0     		beq	.L10
 270:Middlewares/Third_Party/LibJPEG/source/jdmerge.c ****     cb = GETJSAMPLE(*inptr1);
 471              		.loc 1 270 5 is_stmt 1 view .LVU162
 472              		.loc 1 270 10 is_stmt 0 view .LVU163
 473 00ae 9CF80040 		ldrb	r4, [ip]	@ zero_extendqisi2
 474              	.LVL51:
 271:Middlewares/Third_Party/LibJPEG/source/jdmerge.c ****     cr = GETJSAMPLE(*inptr2);
 475              		.loc 1 271 5 is_stmt 1 view .LVU164
 476              		.loc 1 271 10 is_stmt 0 view .LVU165
 477 00b2 0978     		ldrb	r1, [r1]	@ zero_extendqisi2
 478              	.LVL52:
 272:Middlewares/Third_Party/LibJPEG/source/jdmerge.c ****     cred = Crrtab[cr];
 479              		.loc 1 272 5 is_stmt 1 view .LVU166
 480              		.loc 1 272 10 is_stmt 0 view .LVU167
 481 00b4 5AF82150 		ldr	r5, [r10, r1, lsl #2]
 482              	.LVL53:
 273:Middlewares/Third_Party/LibJPEG/source/jdmerge.c ****     cgreen = (int) RIGHT_SHIFT(Cbgtab[cb] + Crgtab[cr], SCALEBITS);
 483              		.loc 1 273 5 is_stmt 1 view .LVU168
 484              		.loc 1 273 20 is_stmt 0 view .LVU169
 485 00b8 59F82420 		ldr	r2, [r9, r4, lsl #2]
 486 00bc 029E     		ldr	r6, [sp, #8]
 487 00be 56F82110 		ldr	r1, [r6, r1, lsl #2]
 488              	.LVL54:
 489              		.loc 1 273 20 view .LVU170
 490 00c2 0A44     		add	r2, r2, r1
 491              	.LVL55:
 274:Middlewares/Third_Party/LibJPEG/source/jdmerge.c ****     cblue = Cbbtab[cb];
 492              		.loc 1 274 5 is_stmt 1 view .LVU171
 493              		.loc 1 274 11 is_stmt 0 view .LVU172
 494 00c4 0199     		ldr	r1, [sp, #4]
 495 00c6 51F82410 		ldr	r1, [r1, r4, lsl #2]
 496              	.LVL56:
 275:Middlewares/Third_Party/LibJPEG/source/jdmerge.c ****     y  = GETJSAMPLE(*inptr0);
 497              		.loc 1 275 5 is_stmt 1 view .LVU173
 498              		.loc 1 275 10 is_stmt 0 view .LVU174
 499 00ca 98F80040 		ldrb	r4, [r8]	@ zero_extendqisi2
 500              	.LVL57:
 276:Middlewares/Third_Party/LibJPEG/source/jdmerge.c ****     outptr[RGB_RED] =   range_limit[y + cred];
 501              		.loc 1 276 5 is_stmt 1 view .LVU175
 502              		.loc 1 276 39 is_stmt 0 view .LVU176
 503 00ce 2544     		add	r5, r5, r4
 504              	.LVL58:
 505              		.loc 1 276 36 view .LVU177
 506 00d0 455D     		ldrb	r5, [r0, r5]	@ zero_extendqisi2
 507              		.loc 1 276 21 view .LVU178
 508 00d2 1D70     		strb	r5, [r3]
 509              	.LVL59:
ARM GAS  /tmp/cc19aUNd.s 			page 15


 277:Middlewares/Third_Party/LibJPEG/source/jdmerge.c ****     outptr[RGB_GREEN] = range_limit[y + cgreen];
 510              		.loc 1 277 5 is_stmt 1 view .LVU179
 511              		.loc 1 277 39 is_stmt 0 view .LVU180
 512 00d4 04EB2242 		add	r2, r4, r2, asr #16
 513              	.LVL60:
 514              		.loc 1 277 36 view .LVU181
 515 00d8 825C     		ldrb	r2, [r0, r2]	@ zero_extendqisi2
 516              		.loc 1 277 23 view .LVU182
 517 00da 5A70     		strb	r2, [r3, #1]
 278:Middlewares/Third_Party/LibJPEG/source/jdmerge.c ****     outptr[RGB_BLUE] =  range_limit[y + cblue];
 518              		.loc 1 278 5 is_stmt 1 view .LVU183
 519              		.loc 1 278 39 is_stmt 0 view .LVU184
 520 00dc 0A19     		adds	r2, r1, r4
 521              		.loc 1 278 36 view .LVU185
 522 00de 825C     		ldrb	r2, [r0, r2]	@ zero_extendqisi2
 523              		.loc 1 278 22 view .LVU186
 524 00e0 9A70     		strb	r2, [r3, #2]
 525              	.LVL61:
 526              	.L10:
 279:Middlewares/Third_Party/LibJPEG/source/jdmerge.c ****   }
 280:Middlewares/Third_Party/LibJPEG/source/jdmerge.c **** }
 527              		.loc 1 280 1 view .LVU187
 528 00e2 05B0     		add	sp, sp, #20
 529              	.LCFI4:
 530              		.cfi_def_cfa_offset 36
 531              		@ sp needed
 532 00e4 BDE8F08F 		pop	{r4, r5, r6, r7, r8, r9, r10, fp, pc}
 533              		.loc 1 280 1 view .LVU188
 534              		.cfi_endproc
 535              	.LFE11:
 537              		.section	.text.h2v2_merged_upsample,"ax",%progbits
 538              		.align	1
 539              		.syntax unified
 540              		.thumb
 541              		.thumb_func
 542              		.fpu fpv4-sp-d16
 544              	h2v2_merged_upsample:
 545              	.LVL62:
 546              	.LFB12:
 281:Middlewares/Third_Party/LibJPEG/source/jdmerge.c **** 
 282:Middlewares/Third_Party/LibJPEG/source/jdmerge.c **** 
 283:Middlewares/Third_Party/LibJPEG/source/jdmerge.c **** /*
 284:Middlewares/Third_Party/LibJPEG/source/jdmerge.c ****  * Upsample and color convert for the case of 2:1 horizontal and 2:1 vertical.
 285:Middlewares/Third_Party/LibJPEG/source/jdmerge.c ****  */
 286:Middlewares/Third_Party/LibJPEG/source/jdmerge.c **** 
 287:Middlewares/Third_Party/LibJPEG/source/jdmerge.c **** METHODDEF(void)
 288:Middlewares/Third_Party/LibJPEG/source/jdmerge.c **** h2v2_merged_upsample (j_decompress_ptr cinfo,
 289:Middlewares/Third_Party/LibJPEG/source/jdmerge.c **** 		      JSAMPIMAGE input_buf, JDIMENSION in_row_group_ctr,
 290:Middlewares/Third_Party/LibJPEG/source/jdmerge.c **** 		      JSAMPARRAY output_buf)
 291:Middlewares/Third_Party/LibJPEG/source/jdmerge.c **** {
 547              		.loc 1 291 1 is_stmt 1 view -0
 548              		.cfi_startproc
 549              		@ args = 0, pretend = 0, frame = 24
 550              		@ frame_needed = 0, uses_anonymous_args = 0
 551              		.loc 1 291 1 is_stmt 0 view .LVU190
 552 0000 2DE9F04F 		push	{r4, r5, r6, r7, r8, r9, r10, fp, lr}
 553              	.LCFI5:
ARM GAS  /tmp/cc19aUNd.s 			page 16


 554              		.cfi_def_cfa_offset 36
 555              		.cfi_offset 4, -36
 556              		.cfi_offset 5, -32
 557              		.cfi_offset 6, -28
 558              		.cfi_offset 7, -24
 559              		.cfi_offset 8, -20
 560              		.cfi_offset 9, -16
 561              		.cfi_offset 10, -12
 562              		.cfi_offset 11, -8
 563              		.cfi_offset 14, -4
 564 0004 87B0     		sub	sp, sp, #28
 565              	.LCFI6:
 566              		.cfi_def_cfa_offset 64
 567 0006 0646     		mov	r6, r0
 568 0008 0590     		str	r0, [sp, #20]
 292:Middlewares/Third_Party/LibJPEG/source/jdmerge.c ****   my_upsample_ptr upsample = (my_upsample_ptr) cinfo->upsample;
 569              		.loc 1 292 3 is_stmt 1 view .LVU191
 570              		.loc 1 292 19 is_stmt 0 view .LVU192
 571 000a D0F8D841 		ldr	r4, [r0, #472]
 572              	.LVL63:
 293:Middlewares/Third_Party/LibJPEG/source/jdmerge.c ****   register int y, cred, cgreen, cblue;
 573              		.loc 1 293 3 is_stmt 1 view .LVU193
 294:Middlewares/Third_Party/LibJPEG/source/jdmerge.c ****   int cb, cr;
 574              		.loc 1 294 3 view .LVU194
 295:Middlewares/Third_Party/LibJPEG/source/jdmerge.c ****   register JSAMPROW outptr0, outptr1;
 575              		.loc 1 295 3 view .LVU195
 296:Middlewares/Third_Party/LibJPEG/source/jdmerge.c ****   JSAMPROW inptr00, inptr01, inptr1, inptr2;
 576              		.loc 1 296 3 view .LVU196
 297:Middlewares/Third_Party/LibJPEG/source/jdmerge.c ****   JDIMENSION col;
 577              		.loc 1 297 3 view .LVU197
 298:Middlewares/Third_Party/LibJPEG/source/jdmerge.c ****   /* copy these pointers into registers if possible */
 299:Middlewares/Third_Party/LibJPEG/source/jdmerge.c ****   register JSAMPLE * range_limit = cinfo->sample_range_limit;
 578              		.loc 1 299 3 view .LVU198
 579              		.loc 1 299 22 is_stmt 0 view .LVU199
 580 000e D0F84C01 		ldr	r0, [r0, #332]
 581              	.LVL64:
 300:Middlewares/Third_Party/LibJPEG/source/jdmerge.c ****   int * Crrtab = upsample->Cr_r_tab;
 582              		.loc 1 300 3 is_stmt 1 view .LVU200
 583              		.loc 1 300 9 is_stmt 0 view .LVU201
 584 0012 2569     		ldr	r5, [r4, #16]
 585 0014 0295     		str	r5, [sp, #8]
 586              	.LVL65:
 301:Middlewares/Third_Party/LibJPEG/source/jdmerge.c ****   int * Cbbtab = upsample->Cb_b_tab;
 587              		.loc 1 301 3 is_stmt 1 view .LVU202
 588              		.loc 1 301 9 is_stmt 0 view .LVU203
 589 0016 6569     		ldr	r5, [r4, #20]
 590              	.LVL66:
 591              		.loc 1 301 9 view .LVU204
 592 0018 0395     		str	r5, [sp, #12]
 593              	.LVL67:
 302:Middlewares/Third_Party/LibJPEG/source/jdmerge.c ****   INT32 * Crgtab = upsample->Cr_g_tab;
 594              		.loc 1 302 3 is_stmt 1 view .LVU205
 595              		.loc 1 302 11 is_stmt 0 view .LVU206
 596 001a A569     		ldr	r5, [r4, #24]
 597              	.LVL68:
 598              		.loc 1 302 11 view .LVU207
 599 001c 0495     		str	r5, [sp, #16]
ARM GAS  /tmp/cc19aUNd.s 			page 17


 600              	.LVL69:
 303:Middlewares/Third_Party/LibJPEG/source/jdmerge.c ****   INT32 * Cbgtab = upsample->Cb_g_tab;
 601              		.loc 1 303 3 is_stmt 1 view .LVU208
 602              		.loc 1 303 11 is_stmt 0 view .LVU209
 603 001e D4F81C90 		ldr	r9, [r4, #28]
 604              	.LVL70:
 304:Middlewares/Third_Party/LibJPEG/source/jdmerge.c ****   SHIFT_TEMPS
 305:Middlewares/Third_Party/LibJPEG/source/jdmerge.c **** 
 306:Middlewares/Third_Party/LibJPEG/source/jdmerge.c ****   inptr00 = input_buf[0][in_row_group_ctr*2];
 605              		.loc 1 306 3 is_stmt 1 view .LVU210
 606              		.loc 1 306 22 is_stmt 0 view .LVU211
 607 0022 0D68     		ldr	r5, [r1]
 608              	.LVL71:
 609              		.loc 1 306 25 view .LVU212
 610 0024 D400     		lsls	r4, r2, #3
 611              	.LVL72:
 612              		.loc 1 306 11 view .LVU213
 613 0026 55F832A0 		ldr	r10, [r5, r2, lsl #3]
 614              	.LVL73:
 307:Middlewares/Third_Party/LibJPEG/source/jdmerge.c ****   inptr01 = input_buf[0][in_row_group_ctr*2 + 1];
 615              		.loc 1 307 3 is_stmt 1 view .LVU214
 616              		.loc 1 307 25 is_stmt 0 view .LVU215
 617 002a 0434     		adds	r4, r4, #4
 618              		.loc 1 307 11 view .LVU216
 619 002c 2C59     		ldr	r4, [r5, r4]
 620 002e 0194     		str	r4, [sp, #4]
 621              	.LVL74:
 308:Middlewares/Third_Party/LibJPEG/source/jdmerge.c ****   inptr1 = input_buf[1][in_row_group_ctr];
 622              		.loc 1 308 3 is_stmt 1 view .LVU217
 623              		.loc 1 308 21 is_stmt 0 view .LVU218
 624 0030 4C68     		ldr	r4, [r1, #4]
 625              	.LVL75:
 626              		.loc 1 308 10 view .LVU219
 627 0032 54F822E0 		ldr	lr, [r4, r2, lsl #2]
 628              	.LVL76:
 309:Middlewares/Third_Party/LibJPEG/source/jdmerge.c ****   inptr2 = input_buf[2][in_row_group_ctr];
 629              		.loc 1 309 3 is_stmt 1 view .LVU220
 630              		.loc 1 309 21 is_stmt 0 view .LVU221
 631 0036 8968     		ldr	r1, [r1, #8]
 632              	.LVL77:
 633              		.loc 1 309 10 view .LVU222
 634 0038 51F822C0 		ldr	ip, [r1, r2, lsl #2]
 635              	.LVL78:
 310:Middlewares/Third_Party/LibJPEG/source/jdmerge.c ****   outptr0 = output_buf[0];
 636              		.loc 1 310 3 is_stmt 1 view .LVU223
 637              		.loc 1 310 11 is_stmt 0 view .LVU224
 638 003c 1968     		ldr	r1, [r3]
 639              	.LVL79:
 311:Middlewares/Third_Party/LibJPEG/source/jdmerge.c ****   outptr1 = output_buf[1];
 640              		.loc 1 311 3 is_stmt 1 view .LVU225
 641              		.loc 1 311 11 is_stmt 0 view .LVU226
 642 003e 5A68     		ldr	r2, [r3, #4]
 643              	.LVL80:
 312:Middlewares/Third_Party/LibJPEG/source/jdmerge.c ****   /* Loop for each group of output pixels */
 313:Middlewares/Third_Party/LibJPEG/source/jdmerge.c ****   for (col = cinfo->output_width >> 1; col > 0; col--) {
 644              		.loc 1 313 3 is_stmt 1 view .LVU227
 645              		.loc 1 313 19 is_stmt 0 view .LVU228
ARM GAS  /tmp/cc19aUNd.s 			page 18


 646 0040 336F     		ldr	r3, [r6, #112]
 647              	.LVL81:
 648              		.loc 1 313 12 view .LVU229
 649 0042 4FEA5308 		lsr	r8, r3, #1
 650              	.LVL82:
 651              		.loc 1 313 3 view .LVU230
 652 0046 58E0     		b	.L16
 653              	.LVL83:
 654              	.L17:
 314:Middlewares/Third_Party/LibJPEG/source/jdmerge.c ****     /* Do the chroma part of the calculation */
 315:Middlewares/Third_Party/LibJPEG/source/jdmerge.c ****     cb = GETJSAMPLE(*inptr1++);
 655              		.loc 1 315 5 is_stmt 1 discriminator 3 view .LVU231
 656              		.loc 1 315 10 is_stmt 0 discriminator 3 view .LVU232
 657 0048 1EF8014B 		ldrb	r4, [lr], #1	@ zero_extendqisi2
 658              	.LVL84:
 316:Middlewares/Third_Party/LibJPEG/source/jdmerge.c ****     cr = GETJSAMPLE(*inptr2++);
 659              		.loc 1 316 5 is_stmt 1 discriminator 3 view .LVU233
 660              		.loc 1 316 10 is_stmt 0 discriminator 3 view .LVU234
 661 004c 1CF8016B 		ldrb	r6, [ip], #1	@ zero_extendqisi2
 662              	.LVL85:
 317:Middlewares/Third_Party/LibJPEG/source/jdmerge.c ****     cred = Crrtab[cr];
 663              		.loc 1 317 5 is_stmt 1 discriminator 3 view .LVU235
 664              		.loc 1 317 10 is_stmt 0 discriminator 3 view .LVU236
 665 0050 029B     		ldr	r3, [sp, #8]
 666 0052 53F82650 		ldr	r5, [r3, r6, lsl #2]
 667              	.LVL86:
 318:Middlewares/Third_Party/LibJPEG/source/jdmerge.c ****     cgreen = (int) RIGHT_SHIFT(Cbgtab[cb] + Crgtab[cr], SCALEBITS);
 668              		.loc 1 318 5 is_stmt 1 discriminator 3 view .LVU237
 669              		.loc 1 318 20 is_stmt 0 discriminator 3 view .LVU238
 670 0056 59F82430 		ldr	r3, [r9, r4, lsl #2]
 671 005a 049F     		ldr	r7, [sp, #16]
 672 005c 57F82660 		ldr	r6, [r7, r6, lsl #2]
 673              	.LVL87:
 674              		.loc 1 318 20 discriminator 3 view .LVU239
 675 0060 3344     		add	r3, r3, r6
 676              	.LVL88:
 319:Middlewares/Third_Party/LibJPEG/source/jdmerge.c ****     cblue = Cbbtab[cb];
 677              		.loc 1 319 5 is_stmt 1 discriminator 3 view .LVU240
 678              		.loc 1 319 11 is_stmt 0 discriminator 3 view .LVU241
 679 0062 039E     		ldr	r6, [sp, #12]
 680 0064 56F82440 		ldr	r4, [r6, r4, lsl #2]
 681              	.LVL89:
 320:Middlewares/Third_Party/LibJPEG/source/jdmerge.c ****     /* Fetch 4 Y values and emit 4 pixels */
 321:Middlewares/Third_Party/LibJPEG/source/jdmerge.c ****     y  = GETJSAMPLE(*inptr00++);
 682              		.loc 1 321 5 is_stmt 1 discriminator 3 view .LVU242
 683              		.loc 1 321 10 is_stmt 0 discriminator 3 view .LVU243
 684 0068 5746     		mov	r7, r10
 685 006a 17F8026B 		ldrb	r6, [r7], #2	@ zero_extendqisi2
 686              	.LVL90:
 322:Middlewares/Third_Party/LibJPEG/source/jdmerge.c ****     outptr0[RGB_RED] =   range_limit[y + cred];
 687              		.loc 1 322 5 is_stmt 1 discriminator 3 view .LVU244
 688              		.loc 1 322 40 is_stmt 0 discriminator 3 view .LVU245
 689 006e 05EB060B 		add	fp, r5, r6
 690              		.loc 1 322 37 discriminator 3 view .LVU246
 691 0072 10F80BB0 		ldrb	fp, [r0, fp]	@ zero_extendqisi2
 692              		.loc 1 322 22 discriminator 3 view .LVU247
 693 0076 81F800B0 		strb	fp, [r1]
ARM GAS  /tmp/cc19aUNd.s 			page 19


 694              	.LVL91:
 323:Middlewares/Third_Party/LibJPEG/source/jdmerge.c ****     outptr0[RGB_GREEN] = range_limit[y + cgreen];
 695              		.loc 1 323 5 is_stmt 1 discriminator 3 view .LVU248
 696              		.loc 1 323 40 is_stmt 0 discriminator 3 view .LVU249
 697 007a 06EB234B 		add	fp, r6, r3, asr #16
 698              		.loc 1 323 37 discriminator 3 view .LVU250
 699 007e 10F80BB0 		ldrb	fp, [r0, fp]	@ zero_extendqisi2
 700              		.loc 1 323 24 discriminator 3 view .LVU251
 701 0082 81F801B0 		strb	fp, [r1, #1]
 324:Middlewares/Third_Party/LibJPEG/source/jdmerge.c ****     outptr0[RGB_BLUE] =  range_limit[y + cblue];
 702              		.loc 1 324 5 is_stmt 1 discriminator 3 view .LVU252
 703              		.loc 1 324 40 is_stmt 0 discriminator 3 view .LVU253
 704 0086 2644     		add	r6, r6, r4
 705              	.LVL92:
 706              		.loc 1 324 37 discriminator 3 view .LVU254
 707 0088 865D     		ldrb	r6, [r0, r6]	@ zero_extendqisi2
 708              		.loc 1 324 23 discriminator 3 view .LVU255
 709 008a 8E70     		strb	r6, [r1, #2]
 325:Middlewares/Third_Party/LibJPEG/source/jdmerge.c ****     outptr0 += RGB_PIXELSIZE;
 710              		.loc 1 325 5 is_stmt 1 discriminator 3 view .LVU256
 711              	.LVL93:
 326:Middlewares/Third_Party/LibJPEG/source/jdmerge.c ****     y  = GETJSAMPLE(*inptr00++);
 712              		.loc 1 326 5 discriminator 3 view .LVU257
 713              		.loc 1 326 10 is_stmt 0 discriminator 3 view .LVU258
 714 008c 9AF80160 		ldrb	r6, [r10, #1]	@ zero_extendqisi2
 715              	.LVL94:
 327:Middlewares/Third_Party/LibJPEG/source/jdmerge.c ****     outptr0[RGB_RED] =   range_limit[y + cred];
 716              		.loc 1 327 5 is_stmt 1 discriminator 3 view .LVU259
 717              		.loc 1 327 40 is_stmt 0 discriminator 3 view .LVU260
 718 0090 05EB060A 		add	r10, r5, r6
 719              		.loc 1 327 37 discriminator 3 view .LVU261
 720 0094 10F80AA0 		ldrb	r10, [r0, r10]	@ zero_extendqisi2
 721              		.loc 1 327 22 discriminator 3 view .LVU262
 722 0098 81F803A0 		strb	r10, [r1, #3]
 328:Middlewares/Third_Party/LibJPEG/source/jdmerge.c ****     outptr0[RGB_GREEN] = range_limit[y + cgreen];
 723              		.loc 1 328 5 is_stmt 1 discriminator 3 view .LVU263
 724              		.loc 1 328 40 is_stmt 0 discriminator 3 view .LVU264
 725 009c 06EB234A 		add	r10, r6, r3, asr #16
 726              		.loc 1 328 37 discriminator 3 view .LVU265
 727 00a0 10F80AA0 		ldrb	r10, [r0, r10]	@ zero_extendqisi2
 728              		.loc 1 328 24 discriminator 3 view .LVU266
 729 00a4 81F804A0 		strb	r10, [r1, #4]
 329:Middlewares/Third_Party/LibJPEG/source/jdmerge.c ****     outptr0[RGB_BLUE] =  range_limit[y + cblue];
 730              		.loc 1 329 5 is_stmt 1 discriminator 3 view .LVU267
 731              		.loc 1 329 40 is_stmt 0 discriminator 3 view .LVU268
 732 00a8 2644     		add	r6, r6, r4
 733              	.LVL95:
 734              		.loc 1 329 37 discriminator 3 view .LVU269
 735 00aa 865D     		ldrb	r6, [r0, r6]	@ zero_extendqisi2
 736              		.loc 1 329 23 discriminator 3 view .LVU270
 737 00ac 4E71     		strb	r6, [r1, #5]
 330:Middlewares/Third_Party/LibJPEG/source/jdmerge.c ****     outptr0 += RGB_PIXELSIZE;
 738              		.loc 1 330 5 is_stmt 1 discriminator 3 view .LVU271
 739              		.loc 1 330 13 is_stmt 0 discriminator 3 view .LVU272
 740 00ae 0631     		adds	r1, r1, #6
 741              	.LVL96:
 331:Middlewares/Third_Party/LibJPEG/source/jdmerge.c ****     y  = GETJSAMPLE(*inptr01++);
ARM GAS  /tmp/cc19aUNd.s 			page 20


 742              		.loc 1 331 5 is_stmt 1 discriminator 3 view .LVU273
 743              		.loc 1 331 10 is_stmt 0 discriminator 3 view .LVU274
 744 00b0 DDF804A0 		ldr	r10, [sp, #4]
 745 00b4 1AF8026B 		ldrb	r6, [r10], #2	@ zero_extendqisi2
 746              	.LVL97:
 332:Middlewares/Third_Party/LibJPEG/source/jdmerge.c ****     outptr1[RGB_RED] =   range_limit[y + cred];
 747              		.loc 1 332 5 is_stmt 1 discriminator 3 view .LVU275
 748              		.loc 1 332 40 is_stmt 0 discriminator 3 view .LVU276
 749 00b8 05EB060B 		add	fp, r5, r6
 750              		.loc 1 332 37 discriminator 3 view .LVU277
 751 00bc 10F80BB0 		ldrb	fp, [r0, fp]	@ zero_extendqisi2
 752              		.loc 1 332 22 discriminator 3 view .LVU278
 753 00c0 82F800B0 		strb	fp, [r2]
 333:Middlewares/Third_Party/LibJPEG/source/jdmerge.c ****     outptr1[RGB_GREEN] = range_limit[y + cgreen];
 754              		.loc 1 333 5 is_stmt 1 discriminator 3 view .LVU279
 755              		.loc 1 333 40 is_stmt 0 discriminator 3 view .LVU280
 756 00c4 06EB234B 		add	fp, r6, r3, asr #16
 757              		.loc 1 333 37 discriminator 3 view .LVU281
 758 00c8 10F80BB0 		ldrb	fp, [r0, fp]	@ zero_extendqisi2
 759              		.loc 1 333 24 discriminator 3 view .LVU282
 760 00cc 82F801B0 		strb	fp, [r2, #1]
 334:Middlewares/Third_Party/LibJPEG/source/jdmerge.c ****     outptr1[RGB_BLUE] =  range_limit[y + cblue];
 761              		.loc 1 334 5 is_stmt 1 discriminator 3 view .LVU283
 762              		.loc 1 334 40 is_stmt 0 discriminator 3 view .LVU284
 763 00d0 2644     		add	r6, r6, r4
 764              	.LVL98:
 765              		.loc 1 334 37 discriminator 3 view .LVU285
 766 00d2 865D     		ldrb	r6, [r0, r6]	@ zero_extendqisi2
 767              		.loc 1 334 23 discriminator 3 view .LVU286
 768 00d4 9670     		strb	r6, [r2, #2]
 335:Middlewares/Third_Party/LibJPEG/source/jdmerge.c ****     outptr1 += RGB_PIXELSIZE;
 769              		.loc 1 335 5 is_stmt 1 discriminator 3 view .LVU287
 770              	.LVL99:
 336:Middlewares/Third_Party/LibJPEG/source/jdmerge.c ****     y  = GETJSAMPLE(*inptr01++);
 771              		.loc 1 336 5 discriminator 3 view .LVU288
 772              		.loc 1 336 10 is_stmt 0 discriminator 3 view .LVU289
 773 00d6 019E     		ldr	r6, [sp, #4]
 774 00d8 7678     		ldrb	r6, [r6, #1]	@ zero_extendqisi2
 775              	.LVL100:
 337:Middlewares/Third_Party/LibJPEG/source/jdmerge.c ****     outptr1[RGB_RED] =   range_limit[y + cred];
 776              		.loc 1 337 5 is_stmt 1 discriminator 3 view .LVU290
 777              		.loc 1 337 40 is_stmt 0 discriminator 3 view .LVU291
 778 00da 3544     		add	r5, r5, r6
 779              	.LVL101:
 780              		.loc 1 337 37 discriminator 3 view .LVU292
 781 00dc 455D     		ldrb	r5, [r0, r5]	@ zero_extendqisi2
 782              		.loc 1 337 22 discriminator 3 view .LVU293
 783 00de D570     		strb	r5, [r2, #3]
 338:Middlewares/Third_Party/LibJPEG/source/jdmerge.c ****     outptr1[RGB_GREEN] = range_limit[y + cgreen];
 784              		.loc 1 338 5 is_stmt 1 discriminator 3 view .LVU294
 785              		.loc 1 338 40 is_stmt 0 discriminator 3 view .LVU295
 786 00e0 06EB2343 		add	r3, r6, r3, asr #16
 787              	.LVL102:
 788              		.loc 1 338 37 discriminator 3 view .LVU296
 789 00e4 C35C     		ldrb	r3, [r0, r3]	@ zero_extendqisi2
 790              		.loc 1 338 24 discriminator 3 view .LVU297
 791 00e6 1371     		strb	r3, [r2, #4]
ARM GAS  /tmp/cc19aUNd.s 			page 21


 339:Middlewares/Third_Party/LibJPEG/source/jdmerge.c ****     outptr1[RGB_BLUE] =  range_limit[y + cblue];
 792              		.loc 1 339 5 is_stmt 1 discriminator 3 view .LVU298
 793              		.loc 1 339 40 is_stmt 0 discriminator 3 view .LVU299
 794 00e8 3444     		add	r4, r4, r6
 795              	.LVL103:
 796              		.loc 1 339 37 discriminator 3 view .LVU300
 797 00ea 035D     		ldrb	r3, [r0, r4]	@ zero_extendqisi2
 798              		.loc 1 339 23 discriminator 3 view .LVU301
 799 00ec 5371     		strb	r3, [r2, #5]
 340:Middlewares/Third_Party/LibJPEG/source/jdmerge.c ****     outptr1 += RGB_PIXELSIZE;
 800              		.loc 1 340 5 is_stmt 1 discriminator 3 view .LVU302
 801              		.loc 1 340 13 is_stmt 0 discriminator 3 view .LVU303
 802 00ee 0632     		adds	r2, r2, #6
 803              	.LVL104:
 313:Middlewares/Third_Party/LibJPEG/source/jdmerge.c ****     /* Do the chroma part of the calculation */
 804              		.loc 1 313 49 is_stmt 1 discriminator 3 view .LVU304
 313:Middlewares/Third_Party/LibJPEG/source/jdmerge.c ****     /* Do the chroma part of the calculation */
 805              		.loc 1 313 52 is_stmt 0 discriminator 3 view .LVU305
 806 00f0 08F1FF38 		add	r8, r8, #-1
 807              	.LVL105:
 336:Middlewares/Third_Party/LibJPEG/source/jdmerge.c ****     outptr1[RGB_RED] =   range_limit[y + cred];
 808              		.loc 1 336 10 discriminator 3 view .LVU306
 809 00f4 CDF804A0 		str	r10, [sp, #4]
 326:Middlewares/Third_Party/LibJPEG/source/jdmerge.c ****     outptr0[RGB_RED] =   range_limit[y + cred];
 810              		.loc 1 326 10 discriminator 3 view .LVU307
 811 00f8 BA46     		mov	r10, r7
 812              	.LVL106:
 813              	.L16:
 313:Middlewares/Third_Party/LibJPEG/source/jdmerge.c ****     /* Do the chroma part of the calculation */
 814              		.loc 1 313 40 is_stmt 1 discriminator 1 view .LVU308
 313:Middlewares/Third_Party/LibJPEG/source/jdmerge.c ****     /* Do the chroma part of the calculation */
 815              		.loc 1 313 3 is_stmt 0 discriminator 1 view .LVU309
 816 00fa B8F1000F 		cmp	r8, #0
 817 00fe A3D1     		bne	.L17
 341:Middlewares/Third_Party/LibJPEG/source/jdmerge.c ****   }
 342:Middlewares/Third_Party/LibJPEG/source/jdmerge.c ****   /* If image width is odd, do the last output column separately */
 343:Middlewares/Third_Party/LibJPEG/source/jdmerge.c ****   if (cinfo->output_width & 1) {
 818              		.loc 1 343 3 is_stmt 1 view .LVU310
 819              		.loc 1 343 12 is_stmt 0 view .LVU311
 820 0100 059B     		ldr	r3, [sp, #20]
 821 0102 1B6F     		ldr	r3, [r3, #112]
 822              		.loc 1 343 6 view .LVU312
 823 0104 13F0010F 		tst	r3, #1
 824 0108 27D0     		beq	.L15
 344:Middlewares/Third_Party/LibJPEG/source/jdmerge.c ****     cb = GETJSAMPLE(*inptr1);
 825              		.loc 1 344 5 is_stmt 1 view .LVU313
 826              		.loc 1 344 10 is_stmt 0 view .LVU314
 827 010a 9EF80040 		ldrb	r4, [lr]	@ zero_extendqisi2
 828              	.LVL107:
 345:Middlewares/Third_Party/LibJPEG/source/jdmerge.c ****     cr = GETJSAMPLE(*inptr2);
 829              		.loc 1 345 5 is_stmt 1 view .LVU315
 830              		.loc 1 345 10 is_stmt 0 view .LVU316
 831 010e 9CF80050 		ldrb	r5, [ip]	@ zero_extendqisi2
 832              	.LVL108:
 346:Middlewares/Third_Party/LibJPEG/source/jdmerge.c ****     cred = Crrtab[cr];
 833              		.loc 1 346 5 is_stmt 1 view .LVU317
 834              		.loc 1 346 10 is_stmt 0 view .LVU318
ARM GAS  /tmp/cc19aUNd.s 			page 22


 835 0112 029B     		ldr	r3, [sp, #8]
 836 0114 53F82560 		ldr	r6, [r3, r5, lsl #2]
 837              	.LVL109:
 347:Middlewares/Third_Party/LibJPEG/source/jdmerge.c ****     cgreen = (int) RIGHT_SHIFT(Cbgtab[cb] + Crgtab[cr], SCALEBITS);
 838              		.loc 1 347 5 is_stmt 1 view .LVU319
 839              		.loc 1 347 20 is_stmt 0 view .LVU320
 840 0118 59F82470 		ldr	r7, [r9, r4, lsl #2]
 841 011c 049B     		ldr	r3, [sp, #16]
 842 011e 53F82530 		ldr	r3, [r3, r5, lsl #2]
 843 0122 3B44     		add	r3, r3, r7
 844              	.LVL110:
 348:Middlewares/Third_Party/LibJPEG/source/jdmerge.c ****     cblue = Cbbtab[cb];
 845              		.loc 1 348 5 is_stmt 1 view .LVU321
 846              		.loc 1 348 11 is_stmt 0 view .LVU322
 847 0124 039D     		ldr	r5, [sp, #12]
 848              	.LVL111:
 849              		.loc 1 348 11 view .LVU323
 850 0126 55F82450 		ldr	r5, [r5, r4, lsl #2]
 851              	.LVL112:
 349:Middlewares/Third_Party/LibJPEG/source/jdmerge.c ****     y  = GETJSAMPLE(*inptr00);
 852              		.loc 1 349 5 is_stmt 1 view .LVU324
 853              		.loc 1 349 10 is_stmt 0 view .LVU325
 854 012a 9AF80040 		ldrb	r4, [r10]	@ zero_extendqisi2
 855              	.LVL113:
 350:Middlewares/Third_Party/LibJPEG/source/jdmerge.c ****     outptr0[RGB_RED] =   range_limit[y + cred];
 856              		.loc 1 350 5 is_stmt 1 view .LVU326
 857              		.loc 1 350 40 is_stmt 0 view .LVU327
 858 012e 3719     		adds	r7, r6, r4
 859              		.loc 1 350 37 view .LVU328
 860 0130 C75D     		ldrb	r7, [r0, r7]	@ zero_extendqisi2
 861              		.loc 1 350 22 view .LVU329
 862 0132 0F70     		strb	r7, [r1]
 863              	.LVL114:
 351:Middlewares/Third_Party/LibJPEG/source/jdmerge.c ****     outptr0[RGB_GREEN] = range_limit[y + cgreen];
 864              		.loc 1 351 5 is_stmt 1 view .LVU330
 865              		.loc 1 351 40 is_stmt 0 view .LVU331
 866 0134 04EB2347 		add	r7, r4, r3, asr #16
 867              		.loc 1 351 37 view .LVU332
 868 0138 C75D     		ldrb	r7, [r0, r7]	@ zero_extendqisi2
 869              		.loc 1 351 24 view .LVU333
 870 013a 4F70     		strb	r7, [r1, #1]
 352:Middlewares/Third_Party/LibJPEG/source/jdmerge.c ****     outptr0[RGB_BLUE] =  range_limit[y + cblue];
 871              		.loc 1 352 5 is_stmt 1 view .LVU334
 872              		.loc 1 352 40 is_stmt 0 view .LVU335
 873 013c 2C44     		add	r4, r4, r5
 874              	.LVL115:
 875              		.loc 1 352 37 view .LVU336
 876 013e 045D     		ldrb	r4, [r0, r4]	@ zero_extendqisi2
 877              		.loc 1 352 23 view .LVU337
 878 0140 8C70     		strb	r4, [r1, #2]
 353:Middlewares/Third_Party/LibJPEG/source/jdmerge.c ****     y  = GETJSAMPLE(*inptr01);
 879              		.loc 1 353 5 is_stmt 1 view .LVU338
 880              		.loc 1 353 10 is_stmt 0 view .LVU339
 881 0142 0199     		ldr	r1, [sp, #4]
 882              	.LVL116:
 883              		.loc 1 353 10 view .LVU340
 884 0144 0978     		ldrb	r1, [r1]	@ zero_extendqisi2
ARM GAS  /tmp/cc19aUNd.s 			page 23


 885              	.LVL117:
 354:Middlewares/Third_Party/LibJPEG/source/jdmerge.c ****     outptr1[RGB_RED] =   range_limit[y + cred];
 886              		.loc 1 354 5 is_stmt 1 view .LVU341
 887              		.loc 1 354 40 is_stmt 0 view .LVU342
 888 0146 0E44     		add	r6, r6, r1
 889              	.LVL118:
 890              		.loc 1 354 37 view .LVU343
 891 0148 845D     		ldrb	r4, [r0, r6]	@ zero_extendqisi2
 892              		.loc 1 354 22 view .LVU344
 893 014a 1470     		strb	r4, [r2]
 355:Middlewares/Third_Party/LibJPEG/source/jdmerge.c ****     outptr1[RGB_GREEN] = range_limit[y + cgreen];
 894              		.loc 1 355 5 is_stmt 1 view .LVU345
 895              		.loc 1 355 40 is_stmt 0 view .LVU346
 896 014c 01EB2343 		add	r3, r1, r3, asr #16
 897              	.LVL119:
 898              		.loc 1 355 37 view .LVU347
 899 0150 C35C     		ldrb	r3, [r0, r3]	@ zero_extendqisi2
 900              		.loc 1 355 24 view .LVU348
 901 0152 5370     		strb	r3, [r2, #1]
 356:Middlewares/Third_Party/LibJPEG/source/jdmerge.c ****     outptr1[RGB_BLUE] =  range_limit[y + cblue];
 902              		.loc 1 356 5 is_stmt 1 view .LVU349
 903              		.loc 1 356 40 is_stmt 0 view .LVU350
 904 0154 0D44     		add	r5, r5, r1
 905              	.LVL120:
 906              		.loc 1 356 37 view .LVU351
 907 0156 435D     		ldrb	r3, [r0, r5]	@ zero_extendqisi2
 908              		.loc 1 356 23 view .LVU352
 909 0158 9370     		strb	r3, [r2, #2]
 910              	.LVL121:
 911              	.L15:
 357:Middlewares/Third_Party/LibJPEG/source/jdmerge.c ****   }
 358:Middlewares/Third_Party/LibJPEG/source/jdmerge.c **** }
 912              		.loc 1 358 1 view .LVU353
 913 015a 07B0     		add	sp, sp, #28
 914              	.LCFI7:
 915              		.cfi_def_cfa_offset 36
 916              		@ sp needed
 917 015c BDE8F08F 		pop	{r4, r5, r6, r7, r8, r9, r10, fp, pc}
 918              		.loc 1 358 1 view .LVU354
 919              		.cfi_endproc
 920              	.LFE12:
 922              		.section	.text.merged_2v_upsample,"ax",%progbits
 923              		.align	1
 924              		.syntax unified
 925              		.thumb
 926              		.thumb_func
 927              		.fpu fpv4-sp-d16
 929              	merged_2v_upsample:
 930              	.LVL122:
 931              	.LFB9:
 150:Middlewares/Third_Party/LibJPEG/source/jdmerge.c ****   my_upsample_ptr upsample = (my_upsample_ptr) cinfo->upsample;
 932              		.loc 1 150 1 is_stmt 1 view -0
 933              		.cfi_startproc
 934              		@ args = 12, pretend = 0, frame = 8
 935              		@ frame_needed = 0, uses_anonymous_args = 0
 150:Middlewares/Third_Party/LibJPEG/source/jdmerge.c ****   my_upsample_ptr upsample = (my_upsample_ptr) cinfo->upsample;
 936              		.loc 1 150 1 is_stmt 0 view .LVU356
ARM GAS  /tmp/cc19aUNd.s 			page 24


 937 0000 2DE9F041 		push	{r4, r5, r6, r7, r8, lr}
 938              	.LCFI8:
 939              		.cfi_def_cfa_offset 24
 940              		.cfi_offset 4, -24
 941              		.cfi_offset 5, -20
 942              		.cfi_offset 6, -16
 943              		.cfi_offset 7, -12
 944              		.cfi_offset 8, -8
 945              		.cfi_offset 14, -4
 946 0004 84B0     		sub	sp, sp, #16
 947              	.LCFI9:
 948              		.cfi_def_cfa_offset 40
 949 0006 9046     		mov	r8, r2
 950 0008 0A9A     		ldr	r2, [sp, #40]
 951              	.LVL123:
 150:Middlewares/Third_Party/LibJPEG/source/jdmerge.c ****   my_upsample_ptr upsample = (my_upsample_ptr) cinfo->upsample;
 952              		.loc 1 150 1 view .LVU357
 953 000a 0B9F     		ldr	r7, [sp, #44]
 151:Middlewares/Third_Party/LibJPEG/source/jdmerge.c ****   JSAMPROW work_ptrs[2];
 954              		.loc 1 151 3 is_stmt 1 view .LVU358
 151:Middlewares/Third_Party/LibJPEG/source/jdmerge.c ****   JSAMPROW work_ptrs[2];
 955              		.loc 1 151 19 is_stmt 0 view .LVU359
 956 000c D0F8D841 		ldr	r4, [r0, #472]
 957              	.LVL124:
 152:Middlewares/Third_Party/LibJPEG/source/jdmerge.c ****   JDIMENSION num_rows;		/* number of rows returned to caller */
 958              		.loc 1 152 3 is_stmt 1 view .LVU360
 153:Middlewares/Third_Party/LibJPEG/source/jdmerge.c **** 
 959              		.loc 1 153 3 view .LVU361
 155:Middlewares/Third_Party/LibJPEG/source/jdmerge.c ****     /* If we have a spare row saved from a previous cycle, just return it. */
 960              		.loc 1 155 3 view .LVU362
 155:Middlewares/Third_Party/LibJPEG/source/jdmerge.c ****     /* If we have a spare row saved from a previous cycle, just return it. */
 961              		.loc 1 155 15 is_stmt 0 view .LVU363
 962 0010 636A     		ldr	r3, [r4, #36]
 963              	.LVL125:
 155:Middlewares/Third_Party/LibJPEG/source/jdmerge.c ****     /* If we have a spare row saved from a previous cycle, just return it. */
 964              		.loc 1 155 6 view .LVU364
 965 0012 53BB     		cbnz	r3, .L29
 163:Middlewares/Third_Party/LibJPEG/source/jdmerge.c ****     /* Not more than the distance to the end of the image. */
 966              		.loc 1 163 5 is_stmt 1 view .LVU365
 967              	.LVL126:
 165:Middlewares/Third_Party/LibJPEG/source/jdmerge.c ****       num_rows = upsample->rows_to_go;
 968              		.loc 1 165 5 view .LVU366
 165:Middlewares/Third_Party/LibJPEG/source/jdmerge.c ****       num_rows = upsample->rows_to_go;
 969              		.loc 1 165 28 is_stmt 0 view .LVU367
 970 0014 E36A     		ldr	r3, [r4, #44]
 165:Middlewares/Third_Party/LibJPEG/source/jdmerge.c ****       num_rows = upsample->rows_to_go;
 971              		.loc 1 165 8 view .LVU368
 972 0016 012B     		cmp	r3, #1
 973 0018 00D9     		bls	.L23
 163:Middlewares/Third_Party/LibJPEG/source/jdmerge.c ****     /* Not more than the distance to the end of the image. */
 974              		.loc 1 163 14 view .LVU369
 975 001a 0223     		movs	r3, #2
 976              	.L23:
 977              	.LVL127:
 168:Middlewares/Third_Party/LibJPEG/source/jdmerge.c ****     if (num_rows > out_rows_avail)
 978              		.loc 1 168 5 is_stmt 1 view .LVU370
 168:Middlewares/Third_Party/LibJPEG/source/jdmerge.c ****     if (num_rows > out_rows_avail)
ARM GAS  /tmp/cc19aUNd.s 			page 25


 979              		.loc 1 168 23 is_stmt 0 view .LVU371
 980 001c D7F800C0 		ldr	ip, [r7]
 168:Middlewares/Third_Party/LibJPEG/source/jdmerge.c ****     if (num_rows > out_rows_avail)
 981              		.loc 1 168 20 view .LVU372
 982 0020 0C9D     		ldr	r5, [sp, #48]
 983 0022 A5EB0C05 		sub	r5, r5, ip
 984              	.LVL128:
 169:Middlewares/Third_Party/LibJPEG/source/jdmerge.c ****       num_rows = out_rows_avail;
 985              		.loc 1 169 5 is_stmt 1 view .LVU373
 169:Middlewares/Third_Party/LibJPEG/source/jdmerge.c ****       num_rows = out_rows_avail;
 986              		.loc 1 169 8 is_stmt 0 view .LVU374
 987 0026 AB42     		cmp	r3, r5
 988 0028 00D8     		bhi	.L24
 989 002a 1D46     		mov	r5, r3
 990              	.LVL129:
 991              	.L24:
 172:Middlewares/Third_Party/LibJPEG/source/jdmerge.c ****     if (num_rows > 1) {
 992              		.loc 1 172 5 is_stmt 1 view .LVU375
 172:Middlewares/Third_Party/LibJPEG/source/jdmerge.c ****     if (num_rows > 1) {
 993              		.loc 1 172 30 is_stmt 0 view .LVU376
 994 002c 52F82C30 		ldr	r3, [r2, ip, lsl #2]
 172:Middlewares/Third_Party/LibJPEG/source/jdmerge.c ****     if (num_rows > 1) {
 995              		.loc 1 172 18 view .LVU377
 996 0030 0293     		str	r3, [sp, #8]
 173:Middlewares/Third_Party/LibJPEG/source/jdmerge.c ****       work_ptrs[1] = output_buf[*out_row_ctr + 1];
 997              		.loc 1 173 5 is_stmt 1 view .LVU378
 173:Middlewares/Third_Party/LibJPEG/source/jdmerge.c ****       work_ptrs[1] = output_buf[*out_row_ctr + 1];
 998              		.loc 1 173 8 is_stmt 0 view .LVU379
 999 0032 012D     		cmp	r5, #1
 1000 0034 29D9     		bls	.L25
 174:Middlewares/Third_Party/LibJPEG/source/jdmerge.c ****     } else {
 1001              		.loc 1 174 7 is_stmt 1 view .LVU380
 174:Middlewares/Third_Party/LibJPEG/source/jdmerge.c ****     } else {
 1002              		.loc 1 174 32 is_stmt 0 view .LVU381
 1003 0036 3B68     		ldr	r3, [r7]
 1004 0038 0133     		adds	r3, r3, #1
 1005 003a 52F82330 		ldr	r3, [r2, r3, lsl #2]
 174:Middlewares/Third_Party/LibJPEG/source/jdmerge.c ****     } else {
 1006              		.loc 1 174 20 view .LVU382
 1007 003e 0393     		str	r3, [sp, #12]
 1008              	.L26:
 180:Middlewares/Third_Party/LibJPEG/source/jdmerge.c ****   }
 1009              		.loc 1 180 5 is_stmt 1 view .LVU383
 180:Middlewares/Third_Party/LibJPEG/source/jdmerge.c ****   }
 1010              		.loc 1 180 6 is_stmt 0 view .LVU384
 1011 0040 02AB     		add	r3, sp, #8
 1012 0042 D8F80020 		ldr	r2, [r8]
 1013 0046 E668     		ldr	r6, [r4, #12]
 1014 0048 B047     		blx	r6
 1015              	.LVL130:
 1016              	.L22:
 184:Middlewares/Third_Party/LibJPEG/source/jdmerge.c ****   upsample->rows_to_go -= num_rows;
 1017              		.loc 1 184 3 is_stmt 1 view .LVU385
 184:Middlewares/Third_Party/LibJPEG/source/jdmerge.c ****   upsample->rows_to_go -= num_rows;
 1018              		.loc 1 184 16 is_stmt 0 view .LVU386
 1019 004a 3B68     		ldr	r3, [r7]
 1020 004c 2B44     		add	r3, r3, r5
ARM GAS  /tmp/cc19aUNd.s 			page 26


 1021 004e 3B60     		str	r3, [r7]
 185:Middlewares/Third_Party/LibJPEG/source/jdmerge.c ****   /* When the buffer is emptied, declare this input row group consumed */
 1022              		.loc 1 185 3 is_stmt 1 view .LVU387
 185:Middlewares/Third_Party/LibJPEG/source/jdmerge.c ****   /* When the buffer is emptied, declare this input row group consumed */
 1023              		.loc 1 185 24 is_stmt 0 view .LVU388
 1024 0050 E36A     		ldr	r3, [r4, #44]
 1025 0052 5B1B     		subs	r3, r3, r5
 1026 0054 E362     		str	r3, [r4, #44]
 187:Middlewares/Third_Party/LibJPEG/source/jdmerge.c ****     (*in_row_group_ctr)++;
 1027              		.loc 1 187 3 is_stmt 1 view .LVU389
 187:Middlewares/Third_Party/LibJPEG/source/jdmerge.c ****     (*in_row_group_ctr)++;
 1028              		.loc 1 187 17 is_stmt 0 view .LVU390
 1029 0056 636A     		ldr	r3, [r4, #36]
 187:Middlewares/Third_Party/LibJPEG/source/jdmerge.c ****     (*in_row_group_ctr)++;
 1030              		.loc 1 187 6 view .LVU391
 1031 0058 23B9     		cbnz	r3, .L20
 188:Middlewares/Third_Party/LibJPEG/source/jdmerge.c **** }
 1032              		.loc 1 188 5 is_stmt 1 view .LVU392
 188:Middlewares/Third_Party/LibJPEG/source/jdmerge.c **** }
 1033              		.loc 1 188 6 is_stmt 0 view .LVU393
 1034 005a D8F80030 		ldr	r3, [r8]
 188:Middlewares/Third_Party/LibJPEG/source/jdmerge.c **** }
 1035              		.loc 1 188 24 view .LVU394
 1036 005e 0133     		adds	r3, r3, #1
 1037 0060 C8F80030 		str	r3, [r8]
 1038              	.L20:
 189:Middlewares/Third_Party/LibJPEG/source/jdmerge.c **** 
 1039              		.loc 1 189 1 view .LVU395
 1040 0064 04B0     		add	sp, sp, #16
 1041              	.LCFI10:
 1042              		.cfi_remember_state
 1043              		.cfi_def_cfa_offset 24
 1044              		@ sp needed
 1045 0066 BDE8F081 		pop	{r4, r5, r6, r7, r8, pc}
 1046              	.LVL131:
 1047              	.L29:
 1048              	.LCFI11:
 1049              		.cfi_restore_state
 157:Middlewares/Third_Party/LibJPEG/source/jdmerge.c **** 		      1, upsample->out_row_width);
 1050              		.loc 1 157 5 is_stmt 1 view .LVU396
 157:Middlewares/Third_Party/LibJPEG/source/jdmerge.c **** 		      1, upsample->out_row_width);
 1051              		.loc 1 157 62 is_stmt 0 view .LVU397
 1052 006a 3968     		ldr	r1, [r7]
 1053              	.LVL132:
 157:Middlewares/Third_Party/LibJPEG/source/jdmerge.c **** 		      1, upsample->out_row_width);
 1054              		.loc 1 157 5 view .LVU398
 1055 006c A36A     		ldr	r3, [r4, #40]
 1056 006e 0193     		str	r3, [sp, #4]
 1057 0070 0125     		movs	r5, #1
 1058 0072 0095     		str	r5, [sp]
 1059 0074 0023     		movs	r3, #0
 1060 0076 02EB8102 		add	r2, r2, r1, lsl #2
 1061 007a 1946     		mov	r1, r3
 1062 007c 04F12000 		add	r0, r4, #32
 1063              	.LVL133:
 157:Middlewares/Third_Party/LibJPEG/source/jdmerge.c **** 		      1, upsample->out_row_width);
 1064              		.loc 1 157 5 view .LVU399
ARM GAS  /tmp/cc19aUNd.s 			page 27


 1065 0080 FFF7FEFF 		bl	jcopy_sample_rows
 1066              	.LVL134:
 159:Middlewares/Third_Party/LibJPEG/source/jdmerge.c ****     upsample->spare_full = FALSE;
 1067              		.loc 1 159 5 is_stmt 1 view .LVU400
 160:Middlewares/Third_Party/LibJPEG/source/jdmerge.c ****   } else {
 1068              		.loc 1 160 5 view .LVU401
 160:Middlewares/Third_Party/LibJPEG/source/jdmerge.c ****   } else {
 1069              		.loc 1 160 26 is_stmt 0 view .LVU402
 1070 0084 0023     		movs	r3, #0
 1071 0086 6362     		str	r3, [r4, #36]
 1072 0088 DFE7     		b	.L22
 1073              	.LVL135:
 1074              	.L25:
 176:Middlewares/Third_Party/LibJPEG/source/jdmerge.c ****       upsample->spare_full = TRUE;
 1075              		.loc 1 176 7 is_stmt 1 view .LVU403
 176:Middlewares/Third_Party/LibJPEG/source/jdmerge.c ****       upsample->spare_full = TRUE;
 1076              		.loc 1 176 30 is_stmt 0 view .LVU404
 1077 008a 236A     		ldr	r3, [r4, #32]
 176:Middlewares/Third_Party/LibJPEG/source/jdmerge.c ****       upsample->spare_full = TRUE;
 1078              		.loc 1 176 20 view .LVU405
 1079 008c 0393     		str	r3, [sp, #12]
 177:Middlewares/Third_Party/LibJPEG/source/jdmerge.c ****     }
 1080              		.loc 1 177 7 is_stmt 1 view .LVU406
 177:Middlewares/Third_Party/LibJPEG/source/jdmerge.c ****     }
 1081              		.loc 1 177 28 is_stmt 0 view .LVU407
 1082 008e 0123     		movs	r3, #1
 1083 0090 6362     		str	r3, [r4, #36]
 1084 0092 D5E7     		b	.L26
 1085              		.cfi_endproc
 1086              	.LFE9:
 1088              		.section	.text.jinit_merged_upsampler,"ax",%progbits
 1089              		.align	1
 1090              		.global	jinit_merged_upsampler
 1091              		.syntax unified
 1092              		.thumb
 1093              		.thumb_func
 1094              		.fpu fpv4-sp-d16
 1096              	jinit_merged_upsampler:
 1097              	.LVL136:
 1098              	.LFB13:
 359:Middlewares/Third_Party/LibJPEG/source/jdmerge.c **** 
 360:Middlewares/Third_Party/LibJPEG/source/jdmerge.c **** 
 361:Middlewares/Third_Party/LibJPEG/source/jdmerge.c **** /*
 362:Middlewares/Third_Party/LibJPEG/source/jdmerge.c ****  * Module initialization routine for merged upsampling/color conversion.
 363:Middlewares/Third_Party/LibJPEG/source/jdmerge.c ****  *
 364:Middlewares/Third_Party/LibJPEG/source/jdmerge.c ****  * NB: this is called under the conditions determined by use_merged_upsample()
 365:Middlewares/Third_Party/LibJPEG/source/jdmerge.c ****  * in jdmaster.c.  That routine MUST correspond to the actual capabilities
 366:Middlewares/Third_Party/LibJPEG/source/jdmerge.c ****  * of this module; no safety checks are made here.
 367:Middlewares/Third_Party/LibJPEG/source/jdmerge.c ****  */
 368:Middlewares/Third_Party/LibJPEG/source/jdmerge.c **** 
 369:Middlewares/Third_Party/LibJPEG/source/jdmerge.c **** GLOBAL(void)
 370:Middlewares/Third_Party/LibJPEG/source/jdmerge.c **** jinit_merged_upsampler (j_decompress_ptr cinfo)
 371:Middlewares/Third_Party/LibJPEG/source/jdmerge.c **** {
 1099              		.loc 1 371 1 is_stmt 1 view -0
 1100              		.cfi_startproc
 1101              		@ args = 0, pretend = 0, frame = 0
 1102              		@ frame_needed = 0, uses_anonymous_args = 0
ARM GAS  /tmp/cc19aUNd.s 			page 28


 1103              		.loc 1 371 1 is_stmt 0 view .LVU409
 1104 0000 38B5     		push	{r3, r4, r5, lr}
 1105              	.LCFI12:
 1106              		.cfi_def_cfa_offset 16
 1107              		.cfi_offset 3, -16
 1108              		.cfi_offset 4, -12
 1109              		.cfi_offset 5, -8
 1110              		.cfi_offset 14, -4
 1111 0002 0546     		mov	r5, r0
 372:Middlewares/Third_Party/LibJPEG/source/jdmerge.c ****   my_upsample_ptr upsample;
 1112              		.loc 1 372 3 is_stmt 1 view .LVU410
 373:Middlewares/Third_Party/LibJPEG/source/jdmerge.c **** 
 374:Middlewares/Third_Party/LibJPEG/source/jdmerge.c ****   upsample = (my_upsample_ptr)
 1113              		.loc 1 374 3 view .LVU411
 375:Middlewares/Third_Party/LibJPEG/source/jdmerge.c ****     (*cinfo->mem->alloc_small) ((j_common_ptr) cinfo, JPOOL_IMAGE,
 1114              		.loc 1 375 12 is_stmt 0 view .LVU412
 1115 0004 4368     		ldr	r3, [r0, #4]
 1116              		.loc 1 375 6 view .LVU413
 1117 0006 1B68     		ldr	r3, [r3]
 1118 0008 3022     		movs	r2, #48
 1119 000a 0121     		movs	r1, #1
 1120 000c 9847     		blx	r3
 1121              	.LVL137:
 1122              		.loc 1 375 6 view .LVU414
 1123 000e 0446     		mov	r4, r0
 1124              	.LVL138:
 376:Middlewares/Third_Party/LibJPEG/source/jdmerge.c **** 				SIZEOF(my_upsampler));
 377:Middlewares/Third_Party/LibJPEG/source/jdmerge.c ****   cinfo->upsample = (struct jpeg_upsampler *) upsample;
 1125              		.loc 1 377 3 is_stmt 1 view .LVU415
 1126              		.loc 1 377 19 is_stmt 0 view .LVU416
 1127 0010 C5F8D801 		str	r0, [r5, #472]
 378:Middlewares/Third_Party/LibJPEG/source/jdmerge.c ****   upsample->pub.start_pass = start_pass_merged_upsample;
 1128              		.loc 1 378 3 is_stmt 1 view .LVU417
 1129              		.loc 1 378 28 is_stmt 0 view .LVU418
 1130 0014 104B     		ldr	r3, .L35
 1131 0016 0360     		str	r3, [r0]
 379:Middlewares/Third_Party/LibJPEG/source/jdmerge.c ****   upsample->pub.need_context_rows = FALSE;
 1132              		.loc 1 379 3 is_stmt 1 view .LVU419
 1133              		.loc 1 379 35 is_stmt 0 view .LVU420
 1134 0018 0023     		movs	r3, #0
 1135 001a 8360     		str	r3, [r0, #8]
 380:Middlewares/Third_Party/LibJPEG/source/jdmerge.c **** 
 381:Middlewares/Third_Party/LibJPEG/source/jdmerge.c ****   upsample->out_row_width = cinfo->output_width * cinfo->out_color_components;
 1136              		.loc 1 381 3 is_stmt 1 view .LVU421
 1137              		.loc 1 381 34 is_stmt 0 view .LVU422
 1138 001c 2A6F     		ldr	r2, [r5, #112]
 1139              		.loc 1 381 56 view .LVU423
 1140 001e AB6F     		ldr	r3, [r5, #120]
 1141              		.loc 1 381 49 view .LVU424
 1142 0020 03FB02F2 		mul	r2, r3, r2
 1143              		.loc 1 381 27 view .LVU425
 1144 0024 8262     		str	r2, [r0, #40]
 382:Middlewares/Third_Party/LibJPEG/source/jdmerge.c **** 
 383:Middlewares/Third_Party/LibJPEG/source/jdmerge.c ****   if (cinfo->max_v_samp_factor == 2) {
 1145              		.loc 1 383 3 is_stmt 1 view .LVU426
 1146              		.loc 1 383 12 is_stmt 0 view .LVU427
 1147 0026 D5F83C31 		ldr	r3, [r5, #316]
ARM GAS  /tmp/cc19aUNd.s 			page 29


 1148              		.loc 1 383 6 view .LVU428
 1149 002a 022B     		cmp	r3, #2
 1150 002c 09D0     		beq	.L34
 384:Middlewares/Third_Party/LibJPEG/source/jdmerge.c ****     upsample->pub.upsample = merged_2v_upsample;
 385:Middlewares/Third_Party/LibJPEG/source/jdmerge.c ****     upsample->upmethod = h2v2_merged_upsample;
 386:Middlewares/Third_Party/LibJPEG/source/jdmerge.c ****     /* Allocate a spare row buffer */
 387:Middlewares/Third_Party/LibJPEG/source/jdmerge.c ****     upsample->spare_row = (JSAMPROW)
 388:Middlewares/Third_Party/LibJPEG/source/jdmerge.c ****       (*cinfo->mem->alloc_large) ((j_common_ptr) cinfo, JPOOL_IMAGE,
 389:Middlewares/Third_Party/LibJPEG/source/jdmerge.c **** 		(size_t) (upsample->out_row_width * SIZEOF(JSAMPLE)));
 390:Middlewares/Third_Party/LibJPEG/source/jdmerge.c ****   } else {
 391:Middlewares/Third_Party/LibJPEG/source/jdmerge.c ****     upsample->pub.upsample = merged_1v_upsample;
 1151              		.loc 1 391 5 is_stmt 1 view .LVU429
 1152              		.loc 1 391 28 is_stmt 0 view .LVU430
 1153 002e 0B4B     		ldr	r3, .L35+4
 1154 0030 4360     		str	r3, [r0, #4]
 392:Middlewares/Third_Party/LibJPEG/source/jdmerge.c ****     upsample->upmethod = h2v1_merged_upsample;
 1155              		.loc 1 392 5 is_stmt 1 view .LVU431
 1156              		.loc 1 392 24 is_stmt 0 view .LVU432
 1157 0032 0B4B     		ldr	r3, .L35+8
 1158 0034 C360     		str	r3, [r0, #12]
 393:Middlewares/Third_Party/LibJPEG/source/jdmerge.c ****     /* No spare row needed */
 394:Middlewares/Third_Party/LibJPEG/source/jdmerge.c ****     upsample->spare_row = NULL;
 1159              		.loc 1 394 5 is_stmt 1 view .LVU433
 1160              		.loc 1 394 25 is_stmt 0 view .LVU434
 1161 0036 0023     		movs	r3, #0
 1162 0038 0362     		str	r3, [r0, #32]
 1163              	.LVL139:
 1164              	.L32:
 395:Middlewares/Third_Party/LibJPEG/source/jdmerge.c ****   }
 396:Middlewares/Third_Party/LibJPEG/source/jdmerge.c **** 
 397:Middlewares/Third_Party/LibJPEG/source/jdmerge.c ****   build_ycc_rgb_table(cinfo);
 1165              		.loc 1 397 3 is_stmt 1 view .LVU435
 1166 003a 2846     		mov	r0, r5
 1167 003c FFF7FEFF 		bl	build_ycc_rgb_table
 1168              	.LVL140:
 398:Middlewares/Third_Party/LibJPEG/source/jdmerge.c **** }
 1169              		.loc 1 398 1 is_stmt 0 view .LVU436
 1170 0040 38BD     		pop	{r3, r4, r5, pc}
 1171              	.LVL141:
 1172              	.L34:
 384:Middlewares/Third_Party/LibJPEG/source/jdmerge.c ****     upsample->upmethod = h2v2_merged_upsample;
 1173              		.loc 1 384 5 is_stmt 1 view .LVU437
 384:Middlewares/Third_Party/LibJPEG/source/jdmerge.c ****     upsample->upmethod = h2v2_merged_upsample;
 1174              		.loc 1 384 28 is_stmt 0 view .LVU438
 1175 0042 084B     		ldr	r3, .L35+12
 1176 0044 4360     		str	r3, [r0, #4]
 385:Middlewares/Third_Party/LibJPEG/source/jdmerge.c ****     /* Allocate a spare row buffer */
 1177              		.loc 1 385 5 is_stmt 1 view .LVU439
 385:Middlewares/Third_Party/LibJPEG/source/jdmerge.c ****     /* Allocate a spare row buffer */
 1178              		.loc 1 385 24 is_stmt 0 view .LVU440
 1179 0046 084B     		ldr	r3, .L35+16
 1180 0048 C360     		str	r3, [r0, #12]
 387:Middlewares/Third_Party/LibJPEG/source/jdmerge.c ****       (*cinfo->mem->alloc_large) ((j_common_ptr) cinfo, JPOOL_IMAGE,
 1181              		.loc 1 387 5 is_stmt 1 view .LVU441
 388:Middlewares/Third_Party/LibJPEG/source/jdmerge.c **** 		(size_t) (upsample->out_row_width * SIZEOF(JSAMPLE)));
 1182              		.loc 1 388 14 is_stmt 0 view .LVU442
 1183 004a 6B68     		ldr	r3, [r5, #4]
ARM GAS  /tmp/cc19aUNd.s 			page 30


 388:Middlewares/Third_Party/LibJPEG/source/jdmerge.c **** 		(size_t) (upsample->out_row_width * SIZEOF(JSAMPLE)));
 1184              		.loc 1 388 8 view .LVU443
 1185 004c 5B68     		ldr	r3, [r3, #4]
 1186 004e 0121     		movs	r1, #1
 1187 0050 2846     		mov	r0, r5
 1188              	.LVL142:
 388:Middlewares/Third_Party/LibJPEG/source/jdmerge.c **** 		(size_t) (upsample->out_row_width * SIZEOF(JSAMPLE)));
 1189              		.loc 1 388 8 view .LVU444
 1190 0052 9847     		blx	r3
 1191              	.LVL143:
 387:Middlewares/Third_Party/LibJPEG/source/jdmerge.c ****       (*cinfo->mem->alloc_large) ((j_common_ptr) cinfo, JPOOL_IMAGE,
 1192              		.loc 1 387 25 view .LVU445
 1193 0054 2062     		str	r0, [r4, #32]
 1194 0056 F0E7     		b	.L32
 1195              	.L36:
 1196              		.align	2
 1197              	.L35:
 1198 0058 00000000 		.word	start_pass_merged_upsample
 1199 005c 00000000 		.word	merged_1v_upsample
 1200 0060 00000000 		.word	h2v1_merged_upsample
 1201 0064 00000000 		.word	merged_2v_upsample
 1202 0068 00000000 		.word	h2v2_merged_upsample
 1203              		.cfi_endproc
 1204              	.LFE13:
 1206              		.text
 1207              	.Letext0:
 1208              		.file 2 "/usr/lib/gcc/arm-none-eabi/10.3.1/include/stddef.h"
 1209              		.file 3 "LIBJPEG/Target/jmorecfg.h"
 1210              		.file 4 "Middlewares/Third_Party/LibJPEG/include/jpeglib.h"
 1211              		.file 5 "Middlewares/Third_Party/LibJPEG/include/jpegint.h"
ARM GAS  /tmp/cc19aUNd.s 			page 31


DEFINED SYMBOLS
                            *ABS*:0000000000000000 jdmerge.c
     /tmp/cc19aUNd.s:18     .text.build_ycc_rgb_table:0000000000000000 $t
     /tmp/cc19aUNd.s:25     .text.build_ycc_rgb_table:0000000000000000 build_ycc_rgb_table
     /tmp/cc19aUNd.s:164    .text.build_ycc_rgb_table:0000000000000098 $d
     /tmp/cc19aUNd.s:172    .text.start_pass_merged_upsample:0000000000000000 $t
     /tmp/cc19aUNd.s:178    .text.start_pass_merged_upsample:0000000000000000 start_pass_merged_upsample
     /tmp/cc19aUNd.s:205    .text.merged_1v_upsample:0000000000000000 $t
     /tmp/cc19aUNd.s:211    .text.merged_1v_upsample:0000000000000000 merged_1v_upsample
     /tmp/cc19aUNd.s:264    .text.h2v1_merged_upsample:0000000000000000 $t
     /tmp/cc19aUNd.s:270    .text.h2v1_merged_upsample:0000000000000000 h2v1_merged_upsample
     /tmp/cc19aUNd.s:538    .text.h2v2_merged_upsample:0000000000000000 $t
     /tmp/cc19aUNd.s:544    .text.h2v2_merged_upsample:0000000000000000 h2v2_merged_upsample
     /tmp/cc19aUNd.s:923    .text.merged_2v_upsample:0000000000000000 $t
     /tmp/cc19aUNd.s:929    .text.merged_2v_upsample:0000000000000000 merged_2v_upsample
     /tmp/cc19aUNd.s:1089   .text.jinit_merged_upsampler:0000000000000000 $t
     /tmp/cc19aUNd.s:1096   .text.jinit_merged_upsampler:0000000000000000 jinit_merged_upsampler
     /tmp/cc19aUNd.s:1198   .text.jinit_merged_upsampler:0000000000000058 $d

UNDEFINED SYMBOLS
jcopy_sample_rows
