ARM GAS  /tmp/ccsPRUoP.s 			page 1


   1              		.cpu cortex-m4
   2              		.eabi_attribute 27, 1
   3              		.eabi_attribute 28, 1
   4              		.eabi_attribute 20, 1
   5              		.eabi_attribute 21, 1
   6              		.eabi_attribute 23, 3
   7              		.eabi_attribute 24, 1
   8              		.eabi_attribute 25, 1
   9              		.eabi_attribute 26, 1
  10              		.eabi_attribute 30, 1
  11              		.eabi_attribute 34, 1
  12              		.eabi_attribute 18, 4
  13              		.file	"jmemmgr.c"
  14              		.text
  15              	.Ltext0:
  16              		.cfi_sections	.debug_frame
  17              		.section	.text.out_of_memory,"ax",%progbits
  18              		.align	1
  19              		.arch armv7e-m
  20              		.syntax unified
  21              		.thumb
  22              		.thumb_func
  23              		.fpu fpv4-sp-d16
  25              	out_of_memory:
  26              	.LVL0:
  27              	.LFB7:
  28              		.file 1 "Middlewares/Third_Party/LibJPEG/source/jmemmgr.c"
   1:Middlewares/Third_Party/LibJPEG/source/jmemmgr.c **** /*
   2:Middlewares/Third_Party/LibJPEG/source/jmemmgr.c ****  * jmemmgr.c
   3:Middlewares/Third_Party/LibJPEG/source/jmemmgr.c ****  *
   4:Middlewares/Third_Party/LibJPEG/source/jmemmgr.c ****  * Copyright (C) 1991-1997, Thomas G. Lane.
   5:Middlewares/Third_Party/LibJPEG/source/jmemmgr.c ****  * Modified 2011 by Guido Vollbeding.
   6:Middlewares/Third_Party/LibJPEG/source/jmemmgr.c ****  * This file is part of the Independent JPEG Group's software.
   7:Middlewares/Third_Party/LibJPEG/source/jmemmgr.c ****  * For conditions of distribution and use, see the accompanying README file.
   8:Middlewares/Third_Party/LibJPEG/source/jmemmgr.c ****  *
   9:Middlewares/Third_Party/LibJPEG/source/jmemmgr.c ****  * This file contains the JPEG system-independent memory management
  10:Middlewares/Third_Party/LibJPEG/source/jmemmgr.c ****  * routines.  This code is usable across a wide variety of machines; most
  11:Middlewares/Third_Party/LibJPEG/source/jmemmgr.c ****  * of the system dependencies have been isolated in a separate file.
  12:Middlewares/Third_Party/LibJPEG/source/jmemmgr.c ****  * The major functions provided here are:
  13:Middlewares/Third_Party/LibJPEG/source/jmemmgr.c ****  *   * pool-based allocation and freeing of memory;
  14:Middlewares/Third_Party/LibJPEG/source/jmemmgr.c ****  *   * policy decisions about how to divide available memory among the
  15:Middlewares/Third_Party/LibJPEG/source/jmemmgr.c ****  *     virtual arrays;
  16:Middlewares/Third_Party/LibJPEG/source/jmemmgr.c ****  *   * control logic for swapping virtual arrays between main memory and
  17:Middlewares/Third_Party/LibJPEG/source/jmemmgr.c ****  *     backing storage.
  18:Middlewares/Third_Party/LibJPEG/source/jmemmgr.c ****  * The separate system-dependent file provides the actual backing-storage
  19:Middlewares/Third_Party/LibJPEG/source/jmemmgr.c ****  * access code, and it contains the policy decision about how much total
  20:Middlewares/Third_Party/LibJPEG/source/jmemmgr.c ****  * main memory to use.
  21:Middlewares/Third_Party/LibJPEG/source/jmemmgr.c ****  * This file is system-dependent in the sense that some of its functions
  22:Middlewares/Third_Party/LibJPEG/source/jmemmgr.c ****  * are unnecessary in some systems.  For example, if there is enough virtual
  23:Middlewares/Third_Party/LibJPEG/source/jmemmgr.c ****  * memory so that backing storage will never be used, much of the virtual
  24:Middlewares/Third_Party/LibJPEG/source/jmemmgr.c ****  * array control logic could be removed.  (Of course, if you have that much
  25:Middlewares/Third_Party/LibJPEG/source/jmemmgr.c ****  * memory then you shouldn't care about a little bit of unused code...)
  26:Middlewares/Third_Party/LibJPEG/source/jmemmgr.c ****  */
  27:Middlewares/Third_Party/LibJPEG/source/jmemmgr.c **** 
  28:Middlewares/Third_Party/LibJPEG/source/jmemmgr.c **** #define JPEG_INTERNALS
  29:Middlewares/Third_Party/LibJPEG/source/jmemmgr.c **** #define AM_MEMORY_MANAGER	/* we define jvirt_Xarray_control structs */
  30:Middlewares/Third_Party/LibJPEG/source/jmemmgr.c **** #include "jinclude.h"
ARM GAS  /tmp/ccsPRUoP.s 			page 2


  31:Middlewares/Third_Party/LibJPEG/source/jmemmgr.c **** #include "jpeglib.h"
  32:Middlewares/Third_Party/LibJPEG/source/jmemmgr.c **** #include "jmemsys.h"		/* import the system-dependent declarations */
  33:Middlewares/Third_Party/LibJPEG/source/jmemmgr.c **** 
  34:Middlewares/Third_Party/LibJPEG/source/jmemmgr.c **** #ifndef NO_GETENV
  35:Middlewares/Third_Party/LibJPEG/source/jmemmgr.c **** #ifndef HAVE_STDLIB_H		/* <stdlib.h> should declare getenv() */
  36:Middlewares/Third_Party/LibJPEG/source/jmemmgr.c **** extern char * getenv JPP((const char * name));
  37:Middlewares/Third_Party/LibJPEG/source/jmemmgr.c **** #endif
  38:Middlewares/Third_Party/LibJPEG/source/jmemmgr.c **** #endif
  39:Middlewares/Third_Party/LibJPEG/source/jmemmgr.c **** 
  40:Middlewares/Third_Party/LibJPEG/source/jmemmgr.c **** 
  41:Middlewares/Third_Party/LibJPEG/source/jmemmgr.c **** /*
  42:Middlewares/Third_Party/LibJPEG/source/jmemmgr.c ****  * Some important notes:
  43:Middlewares/Third_Party/LibJPEG/source/jmemmgr.c ****  *   The allocation routines provided here must never return NULL.
  44:Middlewares/Third_Party/LibJPEG/source/jmemmgr.c ****  *   They should exit to error_exit if unsuccessful.
  45:Middlewares/Third_Party/LibJPEG/source/jmemmgr.c ****  *
  46:Middlewares/Third_Party/LibJPEG/source/jmemmgr.c ****  *   It's not a good idea to try to merge the sarray and barray routines,
  47:Middlewares/Third_Party/LibJPEG/source/jmemmgr.c ****  *   even though they are textually almost the same, because samples are
  48:Middlewares/Third_Party/LibJPEG/source/jmemmgr.c ****  *   usually stored as bytes while coefficients are shorts or ints.  Thus,
  49:Middlewares/Third_Party/LibJPEG/source/jmemmgr.c ****  *   in machines where byte pointers have a different representation from
  50:Middlewares/Third_Party/LibJPEG/source/jmemmgr.c ****  *   word pointers, the resulting machine code could not be the same.
  51:Middlewares/Third_Party/LibJPEG/source/jmemmgr.c ****  */
  52:Middlewares/Third_Party/LibJPEG/source/jmemmgr.c **** 
  53:Middlewares/Third_Party/LibJPEG/source/jmemmgr.c **** 
  54:Middlewares/Third_Party/LibJPEG/source/jmemmgr.c **** /*
  55:Middlewares/Third_Party/LibJPEG/source/jmemmgr.c ****  * Many machines require storage alignment: longs must start on 4-byte
  56:Middlewares/Third_Party/LibJPEG/source/jmemmgr.c ****  * boundaries, doubles on 8-byte boundaries, etc.  On such machines, malloc()
  57:Middlewares/Third_Party/LibJPEG/source/jmemmgr.c ****  * always returns pointers that are multiples of the worst-case alignment
  58:Middlewares/Third_Party/LibJPEG/source/jmemmgr.c ****  * requirement, and we had better do so too.
  59:Middlewares/Third_Party/LibJPEG/source/jmemmgr.c ****  * There isn't any really portable way to determine the worst-case alignment
  60:Middlewares/Third_Party/LibJPEG/source/jmemmgr.c ****  * requirement.  This module assumes that the alignment requirement is
  61:Middlewares/Third_Party/LibJPEG/source/jmemmgr.c ****  * multiples of sizeof(ALIGN_TYPE).
  62:Middlewares/Third_Party/LibJPEG/source/jmemmgr.c ****  * By default, we define ALIGN_TYPE as double.  This is necessary on some
  63:Middlewares/Third_Party/LibJPEG/source/jmemmgr.c ****  * workstations (where doubles really do need 8-byte alignment) and will work
  64:Middlewares/Third_Party/LibJPEG/source/jmemmgr.c ****  * fine on nearly everything.  If your machine has lesser alignment needs,
  65:Middlewares/Third_Party/LibJPEG/source/jmemmgr.c ****  * you can save a few bytes by making ALIGN_TYPE smaller.
  66:Middlewares/Third_Party/LibJPEG/source/jmemmgr.c ****  * The only place I know of where this will NOT work is certain Macintosh
  67:Middlewares/Third_Party/LibJPEG/source/jmemmgr.c ****  * 680x0 compilers that define double as a 10-byte IEEE extended float.
  68:Middlewares/Third_Party/LibJPEG/source/jmemmgr.c ****  * Doing 10-byte alignment is counterproductive because longwords won't be
  69:Middlewares/Third_Party/LibJPEG/source/jmemmgr.c ****  * aligned well.  Put "#define ALIGN_TYPE long" in jconfig.h if you have
  70:Middlewares/Third_Party/LibJPEG/source/jmemmgr.c ****  * such a compiler.
  71:Middlewares/Third_Party/LibJPEG/source/jmemmgr.c ****  */
  72:Middlewares/Third_Party/LibJPEG/source/jmemmgr.c **** 
  73:Middlewares/Third_Party/LibJPEG/source/jmemmgr.c **** #ifndef ALIGN_TYPE		/* so can override from jconfig.h */
  74:Middlewares/Third_Party/LibJPEG/source/jmemmgr.c **** #define ALIGN_TYPE  double
  75:Middlewares/Third_Party/LibJPEG/source/jmemmgr.c **** #endif
  76:Middlewares/Third_Party/LibJPEG/source/jmemmgr.c **** 
  77:Middlewares/Third_Party/LibJPEG/source/jmemmgr.c **** 
  78:Middlewares/Third_Party/LibJPEG/source/jmemmgr.c **** /*
  79:Middlewares/Third_Party/LibJPEG/source/jmemmgr.c ****  * We allocate objects from "pools", where each pool is gotten with a single
  80:Middlewares/Third_Party/LibJPEG/source/jmemmgr.c ****  * request to jpeg_get_small() or jpeg_get_large().  There is no per-object
  81:Middlewares/Third_Party/LibJPEG/source/jmemmgr.c ****  * overhead within a pool, except for alignment padding.  Each pool has a
  82:Middlewares/Third_Party/LibJPEG/source/jmemmgr.c ****  * header with a link to the next pool of the same class.
  83:Middlewares/Third_Party/LibJPEG/source/jmemmgr.c ****  * Small and large pool headers are identical except that the latter's
  84:Middlewares/Third_Party/LibJPEG/source/jmemmgr.c ****  * link pointer must be FAR on 80x86 machines.
  85:Middlewares/Third_Party/LibJPEG/source/jmemmgr.c ****  * Notice that the "real" header fields are union'ed with a dummy ALIGN_TYPE
  86:Middlewares/Third_Party/LibJPEG/source/jmemmgr.c ****  * field.  This forces the compiler to make SIZEOF(small_pool_hdr) a multiple
  87:Middlewares/Third_Party/LibJPEG/source/jmemmgr.c ****  * of the alignment requirement of ALIGN_TYPE.
ARM GAS  /tmp/ccsPRUoP.s 			page 3


  88:Middlewares/Third_Party/LibJPEG/source/jmemmgr.c ****  */
  89:Middlewares/Third_Party/LibJPEG/source/jmemmgr.c **** 
  90:Middlewares/Third_Party/LibJPEG/source/jmemmgr.c **** typedef union small_pool_struct * small_pool_ptr;
  91:Middlewares/Third_Party/LibJPEG/source/jmemmgr.c **** 
  92:Middlewares/Third_Party/LibJPEG/source/jmemmgr.c **** typedef union small_pool_struct {
  93:Middlewares/Third_Party/LibJPEG/source/jmemmgr.c ****   struct {
  94:Middlewares/Third_Party/LibJPEG/source/jmemmgr.c ****     small_pool_ptr next;	/* next in list of pools */
  95:Middlewares/Third_Party/LibJPEG/source/jmemmgr.c ****     size_t bytes_used;		/* how many bytes already used within pool */
  96:Middlewares/Third_Party/LibJPEG/source/jmemmgr.c ****     size_t bytes_left;		/* bytes still available in this pool */
  97:Middlewares/Third_Party/LibJPEG/source/jmemmgr.c ****   } hdr;
  98:Middlewares/Third_Party/LibJPEG/source/jmemmgr.c ****   ALIGN_TYPE dummy;		/* included in union to ensure alignment */
  99:Middlewares/Third_Party/LibJPEG/source/jmemmgr.c **** } small_pool_hdr;
 100:Middlewares/Third_Party/LibJPEG/source/jmemmgr.c **** 
 101:Middlewares/Third_Party/LibJPEG/source/jmemmgr.c **** typedef union large_pool_struct FAR * large_pool_ptr;
 102:Middlewares/Third_Party/LibJPEG/source/jmemmgr.c **** 
 103:Middlewares/Third_Party/LibJPEG/source/jmemmgr.c **** typedef union large_pool_struct {
 104:Middlewares/Third_Party/LibJPEG/source/jmemmgr.c ****   struct {
 105:Middlewares/Third_Party/LibJPEG/source/jmemmgr.c ****     large_pool_ptr next;	/* next in list of pools */
 106:Middlewares/Third_Party/LibJPEG/source/jmemmgr.c ****     size_t bytes_used;		/* how many bytes already used within pool */
 107:Middlewares/Third_Party/LibJPEG/source/jmemmgr.c ****     size_t bytes_left;		/* bytes still available in this pool */
 108:Middlewares/Third_Party/LibJPEG/source/jmemmgr.c ****   } hdr;
 109:Middlewares/Third_Party/LibJPEG/source/jmemmgr.c ****   ALIGN_TYPE dummy;		/* included in union to ensure alignment */
 110:Middlewares/Third_Party/LibJPEG/source/jmemmgr.c **** } large_pool_hdr;
 111:Middlewares/Third_Party/LibJPEG/source/jmemmgr.c **** 
 112:Middlewares/Third_Party/LibJPEG/source/jmemmgr.c **** 
 113:Middlewares/Third_Party/LibJPEG/source/jmemmgr.c **** /*
 114:Middlewares/Third_Party/LibJPEG/source/jmemmgr.c ****  * Here is the full definition of a memory manager object.
 115:Middlewares/Third_Party/LibJPEG/source/jmemmgr.c ****  */
 116:Middlewares/Third_Party/LibJPEG/source/jmemmgr.c **** 
 117:Middlewares/Third_Party/LibJPEG/source/jmemmgr.c **** typedef struct {
 118:Middlewares/Third_Party/LibJPEG/source/jmemmgr.c ****   struct jpeg_memory_mgr pub;	/* public fields */
 119:Middlewares/Third_Party/LibJPEG/source/jmemmgr.c **** 
 120:Middlewares/Third_Party/LibJPEG/source/jmemmgr.c ****   /* Each pool identifier (lifetime class) names a linked list of pools. */
 121:Middlewares/Third_Party/LibJPEG/source/jmemmgr.c ****   small_pool_ptr small_list[JPOOL_NUMPOOLS];
 122:Middlewares/Third_Party/LibJPEG/source/jmemmgr.c ****   large_pool_ptr large_list[JPOOL_NUMPOOLS];
 123:Middlewares/Third_Party/LibJPEG/source/jmemmgr.c **** 
 124:Middlewares/Third_Party/LibJPEG/source/jmemmgr.c ****   /* Since we only have one lifetime class of virtual arrays, only one
 125:Middlewares/Third_Party/LibJPEG/source/jmemmgr.c ****    * linked list is necessary (for each datatype).  Note that the virtual
 126:Middlewares/Third_Party/LibJPEG/source/jmemmgr.c ****    * array control blocks being linked together are actually stored somewhere
 127:Middlewares/Third_Party/LibJPEG/source/jmemmgr.c ****    * in the small-pool list.
 128:Middlewares/Third_Party/LibJPEG/source/jmemmgr.c ****    */
 129:Middlewares/Third_Party/LibJPEG/source/jmemmgr.c ****   jvirt_sarray_ptr virt_sarray_list;
 130:Middlewares/Third_Party/LibJPEG/source/jmemmgr.c ****   jvirt_barray_ptr virt_barray_list;
 131:Middlewares/Third_Party/LibJPEG/source/jmemmgr.c **** 
 132:Middlewares/Third_Party/LibJPEG/source/jmemmgr.c ****   /* This counts total space obtained from jpeg_get_small/large */
 133:Middlewares/Third_Party/LibJPEG/source/jmemmgr.c ****   long total_space_allocated;
 134:Middlewares/Third_Party/LibJPEG/source/jmemmgr.c **** 
 135:Middlewares/Third_Party/LibJPEG/source/jmemmgr.c ****   /* alloc_sarray and alloc_barray set this value for use by virtual
 136:Middlewares/Third_Party/LibJPEG/source/jmemmgr.c ****    * array routines.
 137:Middlewares/Third_Party/LibJPEG/source/jmemmgr.c ****    */
 138:Middlewares/Third_Party/LibJPEG/source/jmemmgr.c ****   JDIMENSION last_rowsperchunk;	/* from most recent alloc_sarray/barray */
 139:Middlewares/Third_Party/LibJPEG/source/jmemmgr.c **** } my_memory_mgr;
 140:Middlewares/Third_Party/LibJPEG/source/jmemmgr.c **** 
 141:Middlewares/Third_Party/LibJPEG/source/jmemmgr.c **** typedef my_memory_mgr * my_mem_ptr;
 142:Middlewares/Third_Party/LibJPEG/source/jmemmgr.c **** 
 143:Middlewares/Third_Party/LibJPEG/source/jmemmgr.c **** 
 144:Middlewares/Third_Party/LibJPEG/source/jmemmgr.c **** /*
ARM GAS  /tmp/ccsPRUoP.s 			page 4


 145:Middlewares/Third_Party/LibJPEG/source/jmemmgr.c ****  * The control blocks for virtual arrays.
 146:Middlewares/Third_Party/LibJPEG/source/jmemmgr.c ****  * Note that these blocks are allocated in the "small" pool area.
 147:Middlewares/Third_Party/LibJPEG/source/jmemmgr.c ****  * System-dependent info for the associated backing store (if any) is hidden
 148:Middlewares/Third_Party/LibJPEG/source/jmemmgr.c ****  * inside the backing_store_info struct.
 149:Middlewares/Third_Party/LibJPEG/source/jmemmgr.c ****  */
 150:Middlewares/Third_Party/LibJPEG/source/jmemmgr.c **** 
 151:Middlewares/Third_Party/LibJPEG/source/jmemmgr.c **** struct jvirt_sarray_control {
 152:Middlewares/Third_Party/LibJPEG/source/jmemmgr.c ****   JSAMPARRAY mem_buffer;	/* => the in-memory buffer */
 153:Middlewares/Third_Party/LibJPEG/source/jmemmgr.c ****   JDIMENSION rows_in_array;	/* total virtual array height */
 154:Middlewares/Third_Party/LibJPEG/source/jmemmgr.c ****   JDIMENSION samplesperrow;	/* width of array (and of memory buffer) */
 155:Middlewares/Third_Party/LibJPEG/source/jmemmgr.c ****   JDIMENSION maxaccess;		/* max rows accessed by access_virt_sarray */
 156:Middlewares/Third_Party/LibJPEG/source/jmemmgr.c ****   JDIMENSION rows_in_mem;	/* height of memory buffer */
 157:Middlewares/Third_Party/LibJPEG/source/jmemmgr.c ****   JDIMENSION rowsperchunk;	/* allocation chunk size in mem_buffer */
 158:Middlewares/Third_Party/LibJPEG/source/jmemmgr.c ****   JDIMENSION cur_start_row;	/* first logical row # in the buffer */
 159:Middlewares/Third_Party/LibJPEG/source/jmemmgr.c ****   JDIMENSION first_undef_row;	/* row # of first uninitialized row */
 160:Middlewares/Third_Party/LibJPEG/source/jmemmgr.c ****   boolean pre_zero;		/* pre-zero mode requested? */
 161:Middlewares/Third_Party/LibJPEG/source/jmemmgr.c ****   boolean dirty;		/* do current buffer contents need written? */
 162:Middlewares/Third_Party/LibJPEG/source/jmemmgr.c ****   boolean b_s_open;		/* is backing-store data valid? */
 163:Middlewares/Third_Party/LibJPEG/source/jmemmgr.c ****   jvirt_sarray_ptr next;	/* link to next virtual sarray control block */
 164:Middlewares/Third_Party/LibJPEG/source/jmemmgr.c ****   backing_store_info b_s_info;	/* System-dependent control info */
 165:Middlewares/Third_Party/LibJPEG/source/jmemmgr.c **** };
 166:Middlewares/Third_Party/LibJPEG/source/jmemmgr.c **** 
 167:Middlewares/Third_Party/LibJPEG/source/jmemmgr.c **** struct jvirt_barray_control {
 168:Middlewares/Third_Party/LibJPEG/source/jmemmgr.c ****   JBLOCKARRAY mem_buffer;	/* => the in-memory buffer */
 169:Middlewares/Third_Party/LibJPEG/source/jmemmgr.c ****   JDIMENSION rows_in_array;	/* total virtual array height */
 170:Middlewares/Third_Party/LibJPEG/source/jmemmgr.c ****   JDIMENSION blocksperrow;	/* width of array (and of memory buffer) */
 171:Middlewares/Third_Party/LibJPEG/source/jmemmgr.c ****   JDIMENSION maxaccess;		/* max rows accessed by access_virt_barray */
 172:Middlewares/Third_Party/LibJPEG/source/jmemmgr.c ****   JDIMENSION rows_in_mem;	/* height of memory buffer */
 173:Middlewares/Third_Party/LibJPEG/source/jmemmgr.c ****   JDIMENSION rowsperchunk;	/* allocation chunk size in mem_buffer */
 174:Middlewares/Third_Party/LibJPEG/source/jmemmgr.c ****   JDIMENSION cur_start_row;	/* first logical row # in the buffer */
 175:Middlewares/Third_Party/LibJPEG/source/jmemmgr.c ****   JDIMENSION first_undef_row;	/* row # of first uninitialized row */
 176:Middlewares/Third_Party/LibJPEG/source/jmemmgr.c ****   boolean pre_zero;		/* pre-zero mode requested? */
 177:Middlewares/Third_Party/LibJPEG/source/jmemmgr.c ****   boolean dirty;		/* do current buffer contents need written? */
 178:Middlewares/Third_Party/LibJPEG/source/jmemmgr.c ****   boolean b_s_open;		/* is backing-store data valid? */
 179:Middlewares/Third_Party/LibJPEG/source/jmemmgr.c ****   jvirt_barray_ptr next;	/* link to next virtual barray control block */
 180:Middlewares/Third_Party/LibJPEG/source/jmemmgr.c ****   backing_store_info b_s_info;	/* System-dependent control info */
 181:Middlewares/Third_Party/LibJPEG/source/jmemmgr.c **** };
 182:Middlewares/Third_Party/LibJPEG/source/jmemmgr.c **** 
 183:Middlewares/Third_Party/LibJPEG/source/jmemmgr.c **** 
 184:Middlewares/Third_Party/LibJPEG/source/jmemmgr.c **** #ifdef MEM_STATS		/* optional extra stuff for statistics */
 185:Middlewares/Third_Party/LibJPEG/source/jmemmgr.c **** 
 186:Middlewares/Third_Party/LibJPEG/source/jmemmgr.c **** LOCAL(void)
 187:Middlewares/Third_Party/LibJPEG/source/jmemmgr.c **** print_mem_stats (j_common_ptr cinfo, int pool_id)
 188:Middlewares/Third_Party/LibJPEG/source/jmemmgr.c **** {
 189:Middlewares/Third_Party/LibJPEG/source/jmemmgr.c ****   my_mem_ptr mem = (my_mem_ptr) cinfo->mem;
 190:Middlewares/Third_Party/LibJPEG/source/jmemmgr.c ****   small_pool_ptr shdr_ptr;
 191:Middlewares/Third_Party/LibJPEG/source/jmemmgr.c ****   large_pool_ptr lhdr_ptr;
 192:Middlewares/Third_Party/LibJPEG/source/jmemmgr.c **** 
 193:Middlewares/Third_Party/LibJPEG/source/jmemmgr.c ****   /* Since this is only a debugging stub, we can cheat a little by using
 194:Middlewares/Third_Party/LibJPEG/source/jmemmgr.c ****    * fprintf directly rather than going through the trace message code.
 195:Middlewares/Third_Party/LibJPEG/source/jmemmgr.c ****    * This is helpful because message parm array can't handle longs.
 196:Middlewares/Third_Party/LibJPEG/source/jmemmgr.c ****    */
 197:Middlewares/Third_Party/LibJPEG/source/jmemmgr.c ****   fprintf(stderr, "Freeing pool %d, total space = %ld\n",
 198:Middlewares/Third_Party/LibJPEG/source/jmemmgr.c **** 	  pool_id, mem->total_space_allocated);
 199:Middlewares/Third_Party/LibJPEG/source/jmemmgr.c **** 
 200:Middlewares/Third_Party/LibJPEG/source/jmemmgr.c ****   for (lhdr_ptr = mem->large_list[pool_id]; lhdr_ptr != NULL;
 201:Middlewares/Third_Party/LibJPEG/source/jmemmgr.c ****        lhdr_ptr = lhdr_ptr->hdr.next) {
ARM GAS  /tmp/ccsPRUoP.s 			page 5


 202:Middlewares/Third_Party/LibJPEG/source/jmemmgr.c ****     fprintf(stderr, "  Large chunk used %ld\n",
 203:Middlewares/Third_Party/LibJPEG/source/jmemmgr.c **** 	    (long) lhdr_ptr->hdr.bytes_used);
 204:Middlewares/Third_Party/LibJPEG/source/jmemmgr.c ****   }
 205:Middlewares/Third_Party/LibJPEG/source/jmemmgr.c **** 
 206:Middlewares/Third_Party/LibJPEG/source/jmemmgr.c ****   for (shdr_ptr = mem->small_list[pool_id]; shdr_ptr != NULL;
 207:Middlewares/Third_Party/LibJPEG/source/jmemmgr.c ****        shdr_ptr = shdr_ptr->hdr.next) {
 208:Middlewares/Third_Party/LibJPEG/source/jmemmgr.c ****     fprintf(stderr, "  Small chunk used %ld free %ld\n",
 209:Middlewares/Third_Party/LibJPEG/source/jmemmgr.c **** 	    (long) shdr_ptr->hdr.bytes_used,
 210:Middlewares/Third_Party/LibJPEG/source/jmemmgr.c **** 	    (long) shdr_ptr->hdr.bytes_left);
 211:Middlewares/Third_Party/LibJPEG/source/jmemmgr.c ****   }
 212:Middlewares/Third_Party/LibJPEG/source/jmemmgr.c **** }
 213:Middlewares/Third_Party/LibJPEG/source/jmemmgr.c **** 
 214:Middlewares/Third_Party/LibJPEG/source/jmemmgr.c **** #endif /* MEM_STATS */
 215:Middlewares/Third_Party/LibJPEG/source/jmemmgr.c **** 
 216:Middlewares/Third_Party/LibJPEG/source/jmemmgr.c **** 
 217:Middlewares/Third_Party/LibJPEG/source/jmemmgr.c **** LOCAL(void)
 218:Middlewares/Third_Party/LibJPEG/source/jmemmgr.c **** out_of_memory (j_common_ptr cinfo, int which)
 219:Middlewares/Third_Party/LibJPEG/source/jmemmgr.c **** /* Report an out-of-memory error and stop execution */
 220:Middlewares/Third_Party/LibJPEG/source/jmemmgr.c **** /* If we compiled MEM_STATS support, report alloc requests before dying */
 221:Middlewares/Third_Party/LibJPEG/source/jmemmgr.c **** {
  29              		.loc 1 221 1 view -0
  30              		.cfi_startproc
  31              		@ args = 0, pretend = 0, frame = 0
  32              		@ frame_needed = 0, uses_anonymous_args = 0
  33              		.loc 1 221 1 is_stmt 0 view .LVU1
  34 0000 10B5     		push	{r4, lr}
  35              	.LCFI0:
  36              		.cfi_def_cfa_offset 8
  37              		.cfi_offset 4, -8
  38              		.cfi_offset 14, -4
 222:Middlewares/Third_Party/LibJPEG/source/jmemmgr.c **** #ifdef MEM_STATS
 223:Middlewares/Third_Party/LibJPEG/source/jmemmgr.c ****   cinfo->err->trace_level = 2;	/* force self_destruct to report stats */
 224:Middlewares/Third_Party/LibJPEG/source/jmemmgr.c **** #endif
 225:Middlewares/Third_Party/LibJPEG/source/jmemmgr.c ****   ERREXIT1(cinfo, JERR_OUT_OF_MEMORY, which);
  39              		.loc 1 225 3 is_stmt 1 view .LVU2
  40 0002 0268     		ldr	r2, [r0]
  41 0004 3824     		movs	r4, #56
  42 0006 5461     		str	r4, [r2, #20]
  43 0008 0268     		ldr	r2, [r0]
  44 000a 9161     		str	r1, [r2, #24]
  45 000c 0368     		ldr	r3, [r0]
  46 000e 1B68     		ldr	r3, [r3]
  47 0010 9847     		blx	r3
  48              	.LVL1:
 226:Middlewares/Third_Party/LibJPEG/source/jmemmgr.c **** }
  49              		.loc 1 226 1 is_stmt 0 view .LVU3
  50 0012 10BD     		pop	{r4, pc}
  51              		.cfi_endproc
  52              	.LFE7:
  54              		.section	.text.do_sarray_io,"ax",%progbits
  55              		.align	1
  56              		.syntax unified
  57              		.thumb
  58              		.thumb_func
  59              		.fpu fpv4-sp-d16
  61              	do_sarray_io:
  62              	.LVL2:
ARM GAS  /tmp/ccsPRUoP.s 			page 6


  63              	.LFB15:
 227:Middlewares/Third_Party/LibJPEG/source/jmemmgr.c **** 
 228:Middlewares/Third_Party/LibJPEG/source/jmemmgr.c **** 
 229:Middlewares/Third_Party/LibJPEG/source/jmemmgr.c **** /*
 230:Middlewares/Third_Party/LibJPEG/source/jmemmgr.c ****  * Allocation of "small" objects.
 231:Middlewares/Third_Party/LibJPEG/source/jmemmgr.c ****  *
 232:Middlewares/Third_Party/LibJPEG/source/jmemmgr.c ****  * For these, we use pooled storage.  When a new pool must be created,
 233:Middlewares/Third_Party/LibJPEG/source/jmemmgr.c ****  * we try to get enough space for the current request plus a "slop" factor,
 234:Middlewares/Third_Party/LibJPEG/source/jmemmgr.c ****  * where the slop will be the amount of leftover space in the new pool.
 235:Middlewares/Third_Party/LibJPEG/source/jmemmgr.c ****  * The speed vs. space tradeoff is largely determined by the slop values.
 236:Middlewares/Third_Party/LibJPEG/source/jmemmgr.c ****  * A different slop value is provided for each pool class (lifetime),
 237:Middlewares/Third_Party/LibJPEG/source/jmemmgr.c ****  * and we also distinguish the first pool of a class from later ones.
 238:Middlewares/Third_Party/LibJPEG/source/jmemmgr.c ****  * NOTE: the values given work fairly well on both 16- and 32-bit-int
 239:Middlewares/Third_Party/LibJPEG/source/jmemmgr.c ****  * machines, but may be too small if longs are 64 bits or more.
 240:Middlewares/Third_Party/LibJPEG/source/jmemmgr.c ****  */
 241:Middlewares/Third_Party/LibJPEG/source/jmemmgr.c **** 
 242:Middlewares/Third_Party/LibJPEG/source/jmemmgr.c **** static const size_t first_pool_slop[JPOOL_NUMPOOLS] = 
 243:Middlewares/Third_Party/LibJPEG/source/jmemmgr.c **** {
 244:Middlewares/Third_Party/LibJPEG/source/jmemmgr.c **** 	1600,			/* first PERMANENT pool */
 245:Middlewares/Third_Party/LibJPEG/source/jmemmgr.c **** 	16000			/* first IMAGE pool */
 246:Middlewares/Third_Party/LibJPEG/source/jmemmgr.c **** };
 247:Middlewares/Third_Party/LibJPEG/source/jmemmgr.c **** 
 248:Middlewares/Third_Party/LibJPEG/source/jmemmgr.c **** static const size_t extra_pool_slop[JPOOL_NUMPOOLS] = 
 249:Middlewares/Third_Party/LibJPEG/source/jmemmgr.c **** {
 250:Middlewares/Third_Party/LibJPEG/source/jmemmgr.c **** 	0,			/* additional PERMANENT pools */
 251:Middlewares/Third_Party/LibJPEG/source/jmemmgr.c **** 	5000			/* additional IMAGE pools */
 252:Middlewares/Third_Party/LibJPEG/source/jmemmgr.c **** };
 253:Middlewares/Third_Party/LibJPEG/source/jmemmgr.c **** 
 254:Middlewares/Third_Party/LibJPEG/source/jmemmgr.c **** #define MIN_SLOP  50		/* greater than 0 to avoid futile looping */
 255:Middlewares/Third_Party/LibJPEG/source/jmemmgr.c **** 
 256:Middlewares/Third_Party/LibJPEG/source/jmemmgr.c **** 
 257:Middlewares/Third_Party/LibJPEG/source/jmemmgr.c **** METHODDEF(void *)
 258:Middlewares/Third_Party/LibJPEG/source/jmemmgr.c **** alloc_small (j_common_ptr cinfo, int pool_id, size_t sizeofobject)
 259:Middlewares/Third_Party/LibJPEG/source/jmemmgr.c **** /* Allocate a "small" object */
 260:Middlewares/Third_Party/LibJPEG/source/jmemmgr.c **** {
 261:Middlewares/Third_Party/LibJPEG/source/jmemmgr.c ****   my_mem_ptr mem = (my_mem_ptr) cinfo->mem;
 262:Middlewares/Third_Party/LibJPEG/source/jmemmgr.c ****   small_pool_ptr hdr_ptr, prev_hdr_ptr;
 263:Middlewares/Third_Party/LibJPEG/source/jmemmgr.c ****   char * data_ptr;
 264:Middlewares/Third_Party/LibJPEG/source/jmemmgr.c ****   size_t odd_bytes, min_request, slop;
 265:Middlewares/Third_Party/LibJPEG/source/jmemmgr.c **** 
 266:Middlewares/Third_Party/LibJPEG/source/jmemmgr.c ****   /* Check for unsatisfiable request (do now to ensure no overflow below) */
 267:Middlewares/Third_Party/LibJPEG/source/jmemmgr.c ****   if (sizeofobject > (size_t) (MAX_ALLOC_CHUNK-SIZEOF(small_pool_hdr)))
 268:Middlewares/Third_Party/LibJPEG/source/jmemmgr.c ****     out_of_memory(cinfo, 1);	/* request exceeds malloc's ability */
 269:Middlewares/Third_Party/LibJPEG/source/jmemmgr.c **** 
 270:Middlewares/Third_Party/LibJPEG/source/jmemmgr.c ****   /* Round up the requested size to a multiple of SIZEOF(ALIGN_TYPE) */
 271:Middlewares/Third_Party/LibJPEG/source/jmemmgr.c ****   odd_bytes = sizeofobject % SIZEOF(ALIGN_TYPE);
 272:Middlewares/Third_Party/LibJPEG/source/jmemmgr.c ****   if (odd_bytes > 0)
 273:Middlewares/Third_Party/LibJPEG/source/jmemmgr.c ****     sizeofobject += SIZEOF(ALIGN_TYPE) - odd_bytes;
 274:Middlewares/Third_Party/LibJPEG/source/jmemmgr.c **** 
 275:Middlewares/Third_Party/LibJPEG/source/jmemmgr.c ****   /* See if space is available in any existing pool */
 276:Middlewares/Third_Party/LibJPEG/source/jmemmgr.c ****   if (pool_id < 0 || pool_id >= JPOOL_NUMPOOLS)
 277:Middlewares/Third_Party/LibJPEG/source/jmemmgr.c ****     ERREXIT1(cinfo, JERR_BAD_POOL_ID, pool_id);	/* safety check */
 278:Middlewares/Third_Party/LibJPEG/source/jmemmgr.c ****   prev_hdr_ptr = NULL;
 279:Middlewares/Third_Party/LibJPEG/source/jmemmgr.c ****   hdr_ptr = mem->small_list[pool_id];
 280:Middlewares/Third_Party/LibJPEG/source/jmemmgr.c ****   while (hdr_ptr != NULL) {
 281:Middlewares/Third_Party/LibJPEG/source/jmemmgr.c ****     if (hdr_ptr->hdr.bytes_left >= sizeofobject)
 282:Middlewares/Third_Party/LibJPEG/source/jmemmgr.c ****       break;			/* found pool with enough space */
ARM GAS  /tmp/ccsPRUoP.s 			page 7


 283:Middlewares/Third_Party/LibJPEG/source/jmemmgr.c ****     prev_hdr_ptr = hdr_ptr;
 284:Middlewares/Third_Party/LibJPEG/source/jmemmgr.c ****     hdr_ptr = hdr_ptr->hdr.next;
 285:Middlewares/Third_Party/LibJPEG/source/jmemmgr.c ****   }
 286:Middlewares/Third_Party/LibJPEG/source/jmemmgr.c **** 
 287:Middlewares/Third_Party/LibJPEG/source/jmemmgr.c ****   /* Time to make a new pool? */
 288:Middlewares/Third_Party/LibJPEG/source/jmemmgr.c ****   if (hdr_ptr == NULL) {
 289:Middlewares/Third_Party/LibJPEG/source/jmemmgr.c ****     /* min_request is what we need now, slop is what will be leftover */
 290:Middlewares/Third_Party/LibJPEG/source/jmemmgr.c ****     min_request = sizeofobject + SIZEOF(small_pool_hdr);
 291:Middlewares/Third_Party/LibJPEG/source/jmemmgr.c ****     if (prev_hdr_ptr == NULL)	/* first pool in class? */
 292:Middlewares/Third_Party/LibJPEG/source/jmemmgr.c ****       slop = first_pool_slop[pool_id];
 293:Middlewares/Third_Party/LibJPEG/source/jmemmgr.c ****     else
 294:Middlewares/Third_Party/LibJPEG/source/jmemmgr.c ****       slop = extra_pool_slop[pool_id];
 295:Middlewares/Third_Party/LibJPEG/source/jmemmgr.c ****     /* Don't ask for more than MAX_ALLOC_CHUNK */
 296:Middlewares/Third_Party/LibJPEG/source/jmemmgr.c ****     if (slop > (size_t) (MAX_ALLOC_CHUNK-min_request))
 297:Middlewares/Third_Party/LibJPEG/source/jmemmgr.c ****       slop = (size_t) (MAX_ALLOC_CHUNK-min_request);
 298:Middlewares/Third_Party/LibJPEG/source/jmemmgr.c ****     /* Try to get space, if fail reduce slop and try again */
 299:Middlewares/Third_Party/LibJPEG/source/jmemmgr.c ****     for (;;) {
 300:Middlewares/Third_Party/LibJPEG/source/jmemmgr.c ****       hdr_ptr = (small_pool_ptr) jpeg_get_small(cinfo, min_request + slop);
 301:Middlewares/Third_Party/LibJPEG/source/jmemmgr.c ****       if (hdr_ptr != NULL)
 302:Middlewares/Third_Party/LibJPEG/source/jmemmgr.c **** 	break;
 303:Middlewares/Third_Party/LibJPEG/source/jmemmgr.c ****       slop /= 2;
 304:Middlewares/Third_Party/LibJPEG/source/jmemmgr.c ****       if (slop < MIN_SLOP)	/* give up when it gets real small */
 305:Middlewares/Third_Party/LibJPEG/source/jmemmgr.c **** 	out_of_memory(cinfo, 2); /* jpeg_get_small failed */
 306:Middlewares/Third_Party/LibJPEG/source/jmemmgr.c ****     }
 307:Middlewares/Third_Party/LibJPEG/source/jmemmgr.c ****     mem->total_space_allocated += min_request + slop;
 308:Middlewares/Third_Party/LibJPEG/source/jmemmgr.c ****     /* Success, initialize the new pool header and add to end of list */
 309:Middlewares/Third_Party/LibJPEG/source/jmemmgr.c ****     hdr_ptr->hdr.next = NULL;
 310:Middlewares/Third_Party/LibJPEG/source/jmemmgr.c ****     hdr_ptr->hdr.bytes_used = 0;
 311:Middlewares/Third_Party/LibJPEG/source/jmemmgr.c ****     hdr_ptr->hdr.bytes_left = sizeofobject + slop;
 312:Middlewares/Third_Party/LibJPEG/source/jmemmgr.c ****     if (prev_hdr_ptr == NULL)	/* first pool in class? */
 313:Middlewares/Third_Party/LibJPEG/source/jmemmgr.c ****       mem->small_list[pool_id] = hdr_ptr;
 314:Middlewares/Third_Party/LibJPEG/source/jmemmgr.c ****     else
 315:Middlewares/Third_Party/LibJPEG/source/jmemmgr.c ****       prev_hdr_ptr->hdr.next = hdr_ptr;
 316:Middlewares/Third_Party/LibJPEG/source/jmemmgr.c ****   }
 317:Middlewares/Third_Party/LibJPEG/source/jmemmgr.c **** 
 318:Middlewares/Third_Party/LibJPEG/source/jmemmgr.c ****   /* OK, allocate the object from the current pool */
 319:Middlewares/Third_Party/LibJPEG/source/jmemmgr.c ****   data_ptr = (char *) (hdr_ptr + 1); /* point to first data byte in pool */
 320:Middlewares/Third_Party/LibJPEG/source/jmemmgr.c ****   data_ptr += hdr_ptr->hdr.bytes_used; /* point to place for object */
 321:Middlewares/Third_Party/LibJPEG/source/jmemmgr.c ****   hdr_ptr->hdr.bytes_used += sizeofobject;
 322:Middlewares/Third_Party/LibJPEG/source/jmemmgr.c ****   hdr_ptr->hdr.bytes_left -= sizeofobject;
 323:Middlewares/Third_Party/LibJPEG/source/jmemmgr.c **** 
 324:Middlewares/Third_Party/LibJPEG/source/jmemmgr.c ****   return (void *) data_ptr;
 325:Middlewares/Third_Party/LibJPEG/source/jmemmgr.c **** }
 326:Middlewares/Third_Party/LibJPEG/source/jmemmgr.c **** 
 327:Middlewares/Third_Party/LibJPEG/source/jmemmgr.c **** 
 328:Middlewares/Third_Party/LibJPEG/source/jmemmgr.c **** /*
 329:Middlewares/Third_Party/LibJPEG/source/jmemmgr.c ****  * Allocation of "large" objects.
 330:Middlewares/Third_Party/LibJPEG/source/jmemmgr.c ****  *
 331:Middlewares/Third_Party/LibJPEG/source/jmemmgr.c ****  * The external semantics of these are the same as "small" objects,
 332:Middlewares/Third_Party/LibJPEG/source/jmemmgr.c ****  * except that FAR pointers are used on 80x86.  However the pool
 333:Middlewares/Third_Party/LibJPEG/source/jmemmgr.c ****  * management heuristics are quite different.  We assume that each
 334:Middlewares/Third_Party/LibJPEG/source/jmemmgr.c ****  * request is large enough that it may as well be passed directly to
 335:Middlewares/Third_Party/LibJPEG/source/jmemmgr.c ****  * jpeg_get_large; the pool management just links everything together
 336:Middlewares/Third_Party/LibJPEG/source/jmemmgr.c ****  * so that we can free it all on demand.
 337:Middlewares/Third_Party/LibJPEG/source/jmemmgr.c ****  * Note: the major use of "large" objects is in JSAMPARRAY and JBLOCKARRAY
 338:Middlewares/Third_Party/LibJPEG/source/jmemmgr.c ****  * structures.  The routines that create these structures (see below)
 339:Middlewares/Third_Party/LibJPEG/source/jmemmgr.c ****  * deliberately bunch rows together to ensure a large request size.
ARM GAS  /tmp/ccsPRUoP.s 			page 8


 340:Middlewares/Third_Party/LibJPEG/source/jmemmgr.c ****  */
 341:Middlewares/Third_Party/LibJPEG/source/jmemmgr.c **** 
 342:Middlewares/Third_Party/LibJPEG/source/jmemmgr.c **** METHODDEF(void FAR *)
 343:Middlewares/Third_Party/LibJPEG/source/jmemmgr.c **** alloc_large (j_common_ptr cinfo, int pool_id, size_t sizeofobject)
 344:Middlewares/Third_Party/LibJPEG/source/jmemmgr.c **** /* Allocate a "large" object */
 345:Middlewares/Third_Party/LibJPEG/source/jmemmgr.c **** {
 346:Middlewares/Third_Party/LibJPEG/source/jmemmgr.c ****   my_mem_ptr mem = (my_mem_ptr) cinfo->mem;
 347:Middlewares/Third_Party/LibJPEG/source/jmemmgr.c ****   large_pool_ptr hdr_ptr;
 348:Middlewares/Third_Party/LibJPEG/source/jmemmgr.c ****   size_t odd_bytes;
 349:Middlewares/Third_Party/LibJPEG/source/jmemmgr.c **** 
 350:Middlewares/Third_Party/LibJPEG/source/jmemmgr.c ****   /* Check for unsatisfiable request (do now to ensure no overflow below) */
 351:Middlewares/Third_Party/LibJPEG/source/jmemmgr.c ****   if (sizeofobject > (size_t) (MAX_ALLOC_CHUNK-SIZEOF(large_pool_hdr)))
 352:Middlewares/Third_Party/LibJPEG/source/jmemmgr.c ****     out_of_memory(cinfo, 3);	/* request exceeds malloc's ability */
 353:Middlewares/Third_Party/LibJPEG/source/jmemmgr.c **** 
 354:Middlewares/Third_Party/LibJPEG/source/jmemmgr.c ****   /* Round up the requested size to a multiple of SIZEOF(ALIGN_TYPE) */
 355:Middlewares/Third_Party/LibJPEG/source/jmemmgr.c ****   odd_bytes = sizeofobject % SIZEOF(ALIGN_TYPE);
 356:Middlewares/Third_Party/LibJPEG/source/jmemmgr.c ****   if (odd_bytes > 0)
 357:Middlewares/Third_Party/LibJPEG/source/jmemmgr.c ****     sizeofobject += SIZEOF(ALIGN_TYPE) - odd_bytes;
 358:Middlewares/Third_Party/LibJPEG/source/jmemmgr.c **** 
 359:Middlewares/Third_Party/LibJPEG/source/jmemmgr.c ****   /* Always make a new pool */
 360:Middlewares/Third_Party/LibJPEG/source/jmemmgr.c ****   if (pool_id < 0 || pool_id >= JPOOL_NUMPOOLS)
 361:Middlewares/Third_Party/LibJPEG/source/jmemmgr.c ****     ERREXIT1(cinfo, JERR_BAD_POOL_ID, pool_id);	/* safety check */
 362:Middlewares/Third_Party/LibJPEG/source/jmemmgr.c **** 
 363:Middlewares/Third_Party/LibJPEG/source/jmemmgr.c ****   hdr_ptr = (large_pool_ptr) jpeg_get_large(cinfo, sizeofobject +
 364:Middlewares/Third_Party/LibJPEG/source/jmemmgr.c **** 					    SIZEOF(large_pool_hdr));
 365:Middlewares/Third_Party/LibJPEG/source/jmemmgr.c ****   if (hdr_ptr == NULL)
 366:Middlewares/Third_Party/LibJPEG/source/jmemmgr.c ****     out_of_memory(cinfo, 4);	/* jpeg_get_large failed */
 367:Middlewares/Third_Party/LibJPEG/source/jmemmgr.c ****   mem->total_space_allocated += sizeofobject + SIZEOF(large_pool_hdr);
 368:Middlewares/Third_Party/LibJPEG/source/jmemmgr.c **** 
 369:Middlewares/Third_Party/LibJPEG/source/jmemmgr.c ****   /* Success, initialize the new pool header and add to list */
 370:Middlewares/Third_Party/LibJPEG/source/jmemmgr.c ****   hdr_ptr->hdr.next = mem->large_list[pool_id];
 371:Middlewares/Third_Party/LibJPEG/source/jmemmgr.c ****   /* We maintain space counts in each pool header for statistical purposes,
 372:Middlewares/Third_Party/LibJPEG/source/jmemmgr.c ****    * even though they are not needed for allocation.
 373:Middlewares/Third_Party/LibJPEG/source/jmemmgr.c ****    */
 374:Middlewares/Third_Party/LibJPEG/source/jmemmgr.c ****   hdr_ptr->hdr.bytes_used = sizeofobject;
 375:Middlewares/Third_Party/LibJPEG/source/jmemmgr.c ****   hdr_ptr->hdr.bytes_left = 0;
 376:Middlewares/Third_Party/LibJPEG/source/jmemmgr.c ****   mem->large_list[pool_id] = hdr_ptr;
 377:Middlewares/Third_Party/LibJPEG/source/jmemmgr.c **** 
 378:Middlewares/Third_Party/LibJPEG/source/jmemmgr.c ****   return (void FAR *) (hdr_ptr + 1); /* point to first data byte in pool */
 379:Middlewares/Third_Party/LibJPEG/source/jmemmgr.c **** }
 380:Middlewares/Third_Party/LibJPEG/source/jmemmgr.c **** 
 381:Middlewares/Third_Party/LibJPEG/source/jmemmgr.c **** 
 382:Middlewares/Third_Party/LibJPEG/source/jmemmgr.c **** /*
 383:Middlewares/Third_Party/LibJPEG/source/jmemmgr.c ****  * Creation of 2-D sample arrays.
 384:Middlewares/Third_Party/LibJPEG/source/jmemmgr.c ****  * The pointers are in near heap, the samples themselves in FAR heap.
 385:Middlewares/Third_Party/LibJPEG/source/jmemmgr.c ****  *
 386:Middlewares/Third_Party/LibJPEG/source/jmemmgr.c ****  * To minimize allocation overhead and to allow I/O of large contiguous
 387:Middlewares/Third_Party/LibJPEG/source/jmemmgr.c ****  * blocks, we allocate the sample rows in groups of as many rows as possible
 388:Middlewares/Third_Party/LibJPEG/source/jmemmgr.c ****  * without exceeding MAX_ALLOC_CHUNK total bytes per allocation request.
 389:Middlewares/Third_Party/LibJPEG/source/jmemmgr.c ****  * NB: the virtual array control routines, later in this file, know about
 390:Middlewares/Third_Party/LibJPEG/source/jmemmgr.c ****  * this chunking of rows.  The rowsperchunk value is left in the mem manager
 391:Middlewares/Third_Party/LibJPEG/source/jmemmgr.c ****  * object so that it can be saved away if this sarray is the workspace for
 392:Middlewares/Third_Party/LibJPEG/source/jmemmgr.c ****  * a virtual array.
 393:Middlewares/Third_Party/LibJPEG/source/jmemmgr.c ****  */
 394:Middlewares/Third_Party/LibJPEG/source/jmemmgr.c **** 
 395:Middlewares/Third_Party/LibJPEG/source/jmemmgr.c **** METHODDEF(JSAMPARRAY)
 396:Middlewares/Third_Party/LibJPEG/source/jmemmgr.c **** alloc_sarray (j_common_ptr cinfo, int pool_id,
ARM GAS  /tmp/ccsPRUoP.s 			page 9


 397:Middlewares/Third_Party/LibJPEG/source/jmemmgr.c **** 	      JDIMENSION samplesperrow, JDIMENSION numrows)
 398:Middlewares/Third_Party/LibJPEG/source/jmemmgr.c **** /* Allocate a 2-D sample array */
 399:Middlewares/Third_Party/LibJPEG/source/jmemmgr.c **** {
 400:Middlewares/Third_Party/LibJPEG/source/jmemmgr.c ****   my_mem_ptr mem = (my_mem_ptr) cinfo->mem;
 401:Middlewares/Third_Party/LibJPEG/source/jmemmgr.c ****   JSAMPARRAY result;
 402:Middlewares/Third_Party/LibJPEG/source/jmemmgr.c ****   JSAMPROW workspace;
 403:Middlewares/Third_Party/LibJPEG/source/jmemmgr.c ****   JDIMENSION rowsperchunk, currow, i;
 404:Middlewares/Third_Party/LibJPEG/source/jmemmgr.c ****   long ltemp;
 405:Middlewares/Third_Party/LibJPEG/source/jmemmgr.c **** 
 406:Middlewares/Third_Party/LibJPEG/source/jmemmgr.c ****   /* Calculate max # of rows allowed in one allocation chunk */
 407:Middlewares/Third_Party/LibJPEG/source/jmemmgr.c ****   ltemp = (MAX_ALLOC_CHUNK-SIZEOF(large_pool_hdr)) /
 408:Middlewares/Third_Party/LibJPEG/source/jmemmgr.c **** 	  ((long) samplesperrow * SIZEOF(JSAMPLE));
 409:Middlewares/Third_Party/LibJPEG/source/jmemmgr.c ****   if (ltemp <= 0)
 410:Middlewares/Third_Party/LibJPEG/source/jmemmgr.c ****     ERREXIT(cinfo, JERR_WIDTH_OVERFLOW);
 411:Middlewares/Third_Party/LibJPEG/source/jmemmgr.c ****   if (ltemp < (long) numrows)
 412:Middlewares/Third_Party/LibJPEG/source/jmemmgr.c ****     rowsperchunk = (JDIMENSION) ltemp;
 413:Middlewares/Third_Party/LibJPEG/source/jmemmgr.c ****   else
 414:Middlewares/Third_Party/LibJPEG/source/jmemmgr.c ****     rowsperchunk = numrows;
 415:Middlewares/Third_Party/LibJPEG/source/jmemmgr.c ****   mem->last_rowsperchunk = rowsperchunk;
 416:Middlewares/Third_Party/LibJPEG/source/jmemmgr.c **** 
 417:Middlewares/Third_Party/LibJPEG/source/jmemmgr.c ****   /* Get space for row pointers (small object) */
 418:Middlewares/Third_Party/LibJPEG/source/jmemmgr.c ****   result = (JSAMPARRAY) alloc_small(cinfo, pool_id,
 419:Middlewares/Third_Party/LibJPEG/source/jmemmgr.c **** 				    (size_t) (numrows * SIZEOF(JSAMPROW)));
 420:Middlewares/Third_Party/LibJPEG/source/jmemmgr.c **** 
 421:Middlewares/Third_Party/LibJPEG/source/jmemmgr.c ****   /* Get the rows themselves (large objects) */
 422:Middlewares/Third_Party/LibJPEG/source/jmemmgr.c ****   currow = 0;
 423:Middlewares/Third_Party/LibJPEG/source/jmemmgr.c ****   while (currow < numrows) {
 424:Middlewares/Third_Party/LibJPEG/source/jmemmgr.c ****     rowsperchunk = MIN(rowsperchunk, numrows - currow);
 425:Middlewares/Third_Party/LibJPEG/source/jmemmgr.c ****     workspace = (JSAMPROW) alloc_large(cinfo, pool_id,
 426:Middlewares/Third_Party/LibJPEG/source/jmemmgr.c **** 	(size_t) ((size_t) rowsperchunk * (size_t) samplesperrow
 427:Middlewares/Third_Party/LibJPEG/source/jmemmgr.c **** 		  * SIZEOF(JSAMPLE)));
 428:Middlewares/Third_Party/LibJPEG/source/jmemmgr.c ****     for (i = rowsperchunk; i > 0; i--) {
 429:Middlewares/Third_Party/LibJPEG/source/jmemmgr.c ****       result[currow++] = workspace;
 430:Middlewares/Third_Party/LibJPEG/source/jmemmgr.c ****       workspace += samplesperrow;
 431:Middlewares/Third_Party/LibJPEG/source/jmemmgr.c ****     }
 432:Middlewares/Third_Party/LibJPEG/source/jmemmgr.c ****   }
 433:Middlewares/Third_Party/LibJPEG/source/jmemmgr.c **** 
 434:Middlewares/Third_Party/LibJPEG/source/jmemmgr.c ****   return result;
 435:Middlewares/Third_Party/LibJPEG/source/jmemmgr.c **** }
 436:Middlewares/Third_Party/LibJPEG/source/jmemmgr.c **** 
 437:Middlewares/Third_Party/LibJPEG/source/jmemmgr.c **** 
 438:Middlewares/Third_Party/LibJPEG/source/jmemmgr.c **** /*
 439:Middlewares/Third_Party/LibJPEG/source/jmemmgr.c ****  * Creation of 2-D coefficient-block arrays.
 440:Middlewares/Third_Party/LibJPEG/source/jmemmgr.c ****  * This is essentially the same as the code for sample arrays, above.
 441:Middlewares/Third_Party/LibJPEG/source/jmemmgr.c ****  */
 442:Middlewares/Third_Party/LibJPEG/source/jmemmgr.c **** 
 443:Middlewares/Third_Party/LibJPEG/source/jmemmgr.c **** METHODDEF(JBLOCKARRAY)
 444:Middlewares/Third_Party/LibJPEG/source/jmemmgr.c **** alloc_barray (j_common_ptr cinfo, int pool_id,
 445:Middlewares/Third_Party/LibJPEG/source/jmemmgr.c **** 	      JDIMENSION blocksperrow, JDIMENSION numrows)
 446:Middlewares/Third_Party/LibJPEG/source/jmemmgr.c **** /* Allocate a 2-D coefficient-block array */
 447:Middlewares/Third_Party/LibJPEG/source/jmemmgr.c **** {
 448:Middlewares/Third_Party/LibJPEG/source/jmemmgr.c ****   my_mem_ptr mem = (my_mem_ptr) cinfo->mem;
 449:Middlewares/Third_Party/LibJPEG/source/jmemmgr.c ****   JBLOCKARRAY result;
 450:Middlewares/Third_Party/LibJPEG/source/jmemmgr.c ****   JBLOCKROW workspace;
 451:Middlewares/Third_Party/LibJPEG/source/jmemmgr.c ****   JDIMENSION rowsperchunk, currow, i;
 452:Middlewares/Third_Party/LibJPEG/source/jmemmgr.c ****   long ltemp;
 453:Middlewares/Third_Party/LibJPEG/source/jmemmgr.c **** 
ARM GAS  /tmp/ccsPRUoP.s 			page 10


 454:Middlewares/Third_Party/LibJPEG/source/jmemmgr.c ****   /* Calculate max # of rows allowed in one allocation chunk */
 455:Middlewares/Third_Party/LibJPEG/source/jmemmgr.c ****   ltemp = (MAX_ALLOC_CHUNK-SIZEOF(large_pool_hdr)) /
 456:Middlewares/Third_Party/LibJPEG/source/jmemmgr.c **** 	  ((long) blocksperrow * SIZEOF(JBLOCK));
 457:Middlewares/Third_Party/LibJPEG/source/jmemmgr.c ****   if (ltemp <= 0)
 458:Middlewares/Third_Party/LibJPEG/source/jmemmgr.c ****     ERREXIT(cinfo, JERR_WIDTH_OVERFLOW);
 459:Middlewares/Third_Party/LibJPEG/source/jmemmgr.c ****   if (ltemp < (long) numrows)
 460:Middlewares/Third_Party/LibJPEG/source/jmemmgr.c ****     rowsperchunk = (JDIMENSION) ltemp;
 461:Middlewares/Third_Party/LibJPEG/source/jmemmgr.c ****   else
 462:Middlewares/Third_Party/LibJPEG/source/jmemmgr.c ****     rowsperchunk = numrows;
 463:Middlewares/Third_Party/LibJPEG/source/jmemmgr.c ****   mem->last_rowsperchunk = rowsperchunk;
 464:Middlewares/Third_Party/LibJPEG/source/jmemmgr.c **** 
 465:Middlewares/Third_Party/LibJPEG/source/jmemmgr.c ****   /* Get space for row pointers (small object) */
 466:Middlewares/Third_Party/LibJPEG/source/jmemmgr.c ****   result = (JBLOCKARRAY) alloc_small(cinfo, pool_id,
 467:Middlewares/Third_Party/LibJPEG/source/jmemmgr.c **** 				     (size_t) (numrows * SIZEOF(JBLOCKROW)));
 468:Middlewares/Third_Party/LibJPEG/source/jmemmgr.c **** 
 469:Middlewares/Third_Party/LibJPEG/source/jmemmgr.c ****   /* Get the rows themselves (large objects) */
 470:Middlewares/Third_Party/LibJPEG/source/jmemmgr.c ****   currow = 0;
 471:Middlewares/Third_Party/LibJPEG/source/jmemmgr.c ****   while (currow < numrows) {
 472:Middlewares/Third_Party/LibJPEG/source/jmemmgr.c ****     rowsperchunk = MIN(rowsperchunk, numrows - currow);
 473:Middlewares/Third_Party/LibJPEG/source/jmemmgr.c ****     workspace = (JBLOCKROW) alloc_large(cinfo, pool_id,
 474:Middlewares/Third_Party/LibJPEG/source/jmemmgr.c **** 	(size_t) ((size_t) rowsperchunk * (size_t) blocksperrow
 475:Middlewares/Third_Party/LibJPEG/source/jmemmgr.c **** 		  * SIZEOF(JBLOCK)));
 476:Middlewares/Third_Party/LibJPEG/source/jmemmgr.c ****     for (i = rowsperchunk; i > 0; i--) {
 477:Middlewares/Third_Party/LibJPEG/source/jmemmgr.c ****       result[currow++] = workspace;
 478:Middlewares/Third_Party/LibJPEG/source/jmemmgr.c ****       workspace += blocksperrow;
 479:Middlewares/Third_Party/LibJPEG/source/jmemmgr.c ****     }
 480:Middlewares/Third_Party/LibJPEG/source/jmemmgr.c ****   }
 481:Middlewares/Third_Party/LibJPEG/source/jmemmgr.c **** 
 482:Middlewares/Third_Party/LibJPEG/source/jmemmgr.c ****   return result;
 483:Middlewares/Third_Party/LibJPEG/source/jmemmgr.c **** }
 484:Middlewares/Third_Party/LibJPEG/source/jmemmgr.c **** 
 485:Middlewares/Third_Party/LibJPEG/source/jmemmgr.c **** 
 486:Middlewares/Third_Party/LibJPEG/source/jmemmgr.c **** /*
 487:Middlewares/Third_Party/LibJPEG/source/jmemmgr.c ****  * About virtual array management:
 488:Middlewares/Third_Party/LibJPEG/source/jmemmgr.c ****  *
 489:Middlewares/Third_Party/LibJPEG/source/jmemmgr.c ****  * The above "normal" array routines are only used to allocate strip buffers
 490:Middlewares/Third_Party/LibJPEG/source/jmemmgr.c ****  * (as wide as the image, but just a few rows high).  Full-image-sized buffers
 491:Middlewares/Third_Party/LibJPEG/source/jmemmgr.c ****  * are handled as "virtual" arrays.  The array is still accessed a strip at a
 492:Middlewares/Third_Party/LibJPEG/source/jmemmgr.c ****  * time, but the memory manager must save the whole array for repeated
 493:Middlewares/Third_Party/LibJPEG/source/jmemmgr.c ****  * accesses.  The intended implementation is that there is a strip buffer in
 494:Middlewares/Third_Party/LibJPEG/source/jmemmgr.c ****  * memory (as high as is possible given the desired memory limit), plus a
 495:Middlewares/Third_Party/LibJPEG/source/jmemmgr.c ****  * backing file that holds the rest of the array.
 496:Middlewares/Third_Party/LibJPEG/source/jmemmgr.c ****  *
 497:Middlewares/Third_Party/LibJPEG/source/jmemmgr.c ****  * The request_virt_array routines are told the total size of the image and
 498:Middlewares/Third_Party/LibJPEG/source/jmemmgr.c ****  * the maximum number of rows that will be accessed at once.  The in-memory
 499:Middlewares/Third_Party/LibJPEG/source/jmemmgr.c ****  * buffer must be at least as large as the maxaccess value.
 500:Middlewares/Third_Party/LibJPEG/source/jmemmgr.c ****  *
 501:Middlewares/Third_Party/LibJPEG/source/jmemmgr.c ****  * The request routines create control blocks but not the in-memory buffers.
 502:Middlewares/Third_Party/LibJPEG/source/jmemmgr.c ****  * That is postponed until realize_virt_arrays is called.  At that time the
 503:Middlewares/Third_Party/LibJPEG/source/jmemmgr.c ****  * total amount of space needed is known (approximately, anyway), so free
 504:Middlewares/Third_Party/LibJPEG/source/jmemmgr.c ****  * memory can be divided up fairly.
 505:Middlewares/Third_Party/LibJPEG/source/jmemmgr.c ****  *
 506:Middlewares/Third_Party/LibJPEG/source/jmemmgr.c ****  * The access_virt_array routines are responsible for making a specific strip
 507:Middlewares/Third_Party/LibJPEG/source/jmemmgr.c ****  * area accessible (after reading or writing the backing file, if necessary).
 508:Middlewares/Third_Party/LibJPEG/source/jmemmgr.c ****  * Note that the access routines are told whether the caller intends to modify
 509:Middlewares/Third_Party/LibJPEG/source/jmemmgr.c ****  * the accessed strip; during a read-only pass this saves having to rewrite
 510:Middlewares/Third_Party/LibJPEG/source/jmemmgr.c ****  * data to disk.  The access routines are also responsible for pre-zeroing
ARM GAS  /tmp/ccsPRUoP.s 			page 11


 511:Middlewares/Third_Party/LibJPEG/source/jmemmgr.c ****  * any newly accessed rows, if pre-zeroing was requested.
 512:Middlewares/Third_Party/LibJPEG/source/jmemmgr.c ****  *
 513:Middlewares/Third_Party/LibJPEG/source/jmemmgr.c ****  * In current usage, the access requests are usually for nonoverlapping
 514:Middlewares/Third_Party/LibJPEG/source/jmemmgr.c ****  * strips; that is, successive access start_row numbers differ by exactly
 515:Middlewares/Third_Party/LibJPEG/source/jmemmgr.c ****  * num_rows = maxaccess.  This means we can get good performance with simple
 516:Middlewares/Third_Party/LibJPEG/source/jmemmgr.c ****  * buffer dump/reload logic, by making the in-memory buffer be a multiple
 517:Middlewares/Third_Party/LibJPEG/source/jmemmgr.c ****  * of the access height; then there will never be accesses across bufferload
 518:Middlewares/Third_Party/LibJPEG/source/jmemmgr.c ****  * boundaries.  The code will still work with overlapping access requests,
 519:Middlewares/Third_Party/LibJPEG/source/jmemmgr.c ****  * but it doesn't handle bufferload overlaps very efficiently.
 520:Middlewares/Third_Party/LibJPEG/source/jmemmgr.c ****  */
 521:Middlewares/Third_Party/LibJPEG/source/jmemmgr.c **** 
 522:Middlewares/Third_Party/LibJPEG/source/jmemmgr.c **** 
 523:Middlewares/Third_Party/LibJPEG/source/jmemmgr.c **** METHODDEF(jvirt_sarray_ptr)
 524:Middlewares/Third_Party/LibJPEG/source/jmemmgr.c **** request_virt_sarray (j_common_ptr cinfo, int pool_id, boolean pre_zero,
 525:Middlewares/Third_Party/LibJPEG/source/jmemmgr.c **** 		     JDIMENSION samplesperrow, JDIMENSION numrows,
 526:Middlewares/Third_Party/LibJPEG/source/jmemmgr.c **** 		     JDIMENSION maxaccess)
 527:Middlewares/Third_Party/LibJPEG/source/jmemmgr.c **** /* Request a virtual 2-D sample array */
 528:Middlewares/Third_Party/LibJPEG/source/jmemmgr.c **** {
 529:Middlewares/Third_Party/LibJPEG/source/jmemmgr.c ****   my_mem_ptr mem = (my_mem_ptr) cinfo->mem;
 530:Middlewares/Third_Party/LibJPEG/source/jmemmgr.c ****   jvirt_sarray_ptr result;
 531:Middlewares/Third_Party/LibJPEG/source/jmemmgr.c **** 
 532:Middlewares/Third_Party/LibJPEG/source/jmemmgr.c ****   /* Only IMAGE-lifetime virtual arrays are currently supported */
 533:Middlewares/Third_Party/LibJPEG/source/jmemmgr.c ****   if (pool_id != JPOOL_IMAGE)
 534:Middlewares/Third_Party/LibJPEG/source/jmemmgr.c ****     ERREXIT1(cinfo, JERR_BAD_POOL_ID, pool_id);	/* safety check */
 535:Middlewares/Third_Party/LibJPEG/source/jmemmgr.c **** 
 536:Middlewares/Third_Party/LibJPEG/source/jmemmgr.c ****   /* get control block */
 537:Middlewares/Third_Party/LibJPEG/source/jmemmgr.c ****   result = (jvirt_sarray_ptr) alloc_small(cinfo, pool_id,
 538:Middlewares/Third_Party/LibJPEG/source/jmemmgr.c **** 					  SIZEOF(struct jvirt_sarray_control));
 539:Middlewares/Third_Party/LibJPEG/source/jmemmgr.c **** 
 540:Middlewares/Third_Party/LibJPEG/source/jmemmgr.c ****   result->mem_buffer = NULL;	/* marks array not yet realized */
 541:Middlewares/Third_Party/LibJPEG/source/jmemmgr.c ****   result->rows_in_array = numrows;
 542:Middlewares/Third_Party/LibJPEG/source/jmemmgr.c ****   result->samplesperrow = samplesperrow;
 543:Middlewares/Third_Party/LibJPEG/source/jmemmgr.c ****   result->maxaccess = maxaccess;
 544:Middlewares/Third_Party/LibJPEG/source/jmemmgr.c ****   result->pre_zero = pre_zero;
 545:Middlewares/Third_Party/LibJPEG/source/jmemmgr.c ****   result->b_s_open = FALSE;	/* no associated backing-store object */
 546:Middlewares/Third_Party/LibJPEG/source/jmemmgr.c ****   result->next = mem->virt_sarray_list; /* add to list of virtual arrays */
 547:Middlewares/Third_Party/LibJPEG/source/jmemmgr.c ****   mem->virt_sarray_list = result;
 548:Middlewares/Third_Party/LibJPEG/source/jmemmgr.c **** 
 549:Middlewares/Third_Party/LibJPEG/source/jmemmgr.c ****   return result;
 550:Middlewares/Third_Party/LibJPEG/source/jmemmgr.c **** }
 551:Middlewares/Third_Party/LibJPEG/source/jmemmgr.c **** 
 552:Middlewares/Third_Party/LibJPEG/source/jmemmgr.c **** 
 553:Middlewares/Third_Party/LibJPEG/source/jmemmgr.c **** METHODDEF(jvirt_barray_ptr)
 554:Middlewares/Third_Party/LibJPEG/source/jmemmgr.c **** request_virt_barray (j_common_ptr cinfo, int pool_id, boolean pre_zero,
 555:Middlewares/Third_Party/LibJPEG/source/jmemmgr.c **** 		     JDIMENSION blocksperrow, JDIMENSION numrows,
 556:Middlewares/Third_Party/LibJPEG/source/jmemmgr.c **** 		     JDIMENSION maxaccess)
 557:Middlewares/Third_Party/LibJPEG/source/jmemmgr.c **** /* Request a virtual 2-D coefficient-block array */
 558:Middlewares/Third_Party/LibJPEG/source/jmemmgr.c **** {
 559:Middlewares/Third_Party/LibJPEG/source/jmemmgr.c ****   my_mem_ptr mem = (my_mem_ptr) cinfo->mem;
 560:Middlewares/Third_Party/LibJPEG/source/jmemmgr.c ****   jvirt_barray_ptr result;
 561:Middlewares/Third_Party/LibJPEG/source/jmemmgr.c **** 
 562:Middlewares/Third_Party/LibJPEG/source/jmemmgr.c ****   /* Only IMAGE-lifetime virtual arrays are currently supported */
 563:Middlewares/Third_Party/LibJPEG/source/jmemmgr.c ****   if (pool_id != JPOOL_IMAGE)
 564:Middlewares/Third_Party/LibJPEG/source/jmemmgr.c ****     ERREXIT1(cinfo, JERR_BAD_POOL_ID, pool_id);	/* safety check */
 565:Middlewares/Third_Party/LibJPEG/source/jmemmgr.c **** 
 566:Middlewares/Third_Party/LibJPEG/source/jmemmgr.c ****   /* get control block */
 567:Middlewares/Third_Party/LibJPEG/source/jmemmgr.c ****   result = (jvirt_barray_ptr) alloc_small(cinfo, pool_id,
ARM GAS  /tmp/ccsPRUoP.s 			page 12


 568:Middlewares/Third_Party/LibJPEG/source/jmemmgr.c **** 					  SIZEOF(struct jvirt_barray_control));
 569:Middlewares/Third_Party/LibJPEG/source/jmemmgr.c **** 
 570:Middlewares/Third_Party/LibJPEG/source/jmemmgr.c ****   result->mem_buffer = NULL;	/* marks array not yet realized */
 571:Middlewares/Third_Party/LibJPEG/source/jmemmgr.c ****   result->rows_in_array = numrows;
 572:Middlewares/Third_Party/LibJPEG/source/jmemmgr.c ****   result->blocksperrow = blocksperrow;
 573:Middlewares/Third_Party/LibJPEG/source/jmemmgr.c ****   result->maxaccess = maxaccess;
 574:Middlewares/Third_Party/LibJPEG/source/jmemmgr.c ****   result->pre_zero = pre_zero;
 575:Middlewares/Third_Party/LibJPEG/source/jmemmgr.c ****   result->b_s_open = FALSE;	/* no associated backing-store object */
 576:Middlewares/Third_Party/LibJPEG/source/jmemmgr.c ****   result->next = mem->virt_barray_list; /* add to list of virtual arrays */
 577:Middlewares/Third_Party/LibJPEG/source/jmemmgr.c ****   mem->virt_barray_list = result;
 578:Middlewares/Third_Party/LibJPEG/source/jmemmgr.c **** 
 579:Middlewares/Third_Party/LibJPEG/source/jmemmgr.c ****   return result;
 580:Middlewares/Third_Party/LibJPEG/source/jmemmgr.c **** }
 581:Middlewares/Third_Party/LibJPEG/source/jmemmgr.c **** 
 582:Middlewares/Third_Party/LibJPEG/source/jmemmgr.c **** 
 583:Middlewares/Third_Party/LibJPEG/source/jmemmgr.c **** METHODDEF(void)
 584:Middlewares/Third_Party/LibJPEG/source/jmemmgr.c **** realize_virt_arrays (j_common_ptr cinfo)
 585:Middlewares/Third_Party/LibJPEG/source/jmemmgr.c **** /* Allocate the in-memory buffers for any unrealized virtual arrays */
 586:Middlewares/Third_Party/LibJPEG/source/jmemmgr.c **** {
 587:Middlewares/Third_Party/LibJPEG/source/jmemmgr.c ****   my_mem_ptr mem = (my_mem_ptr) cinfo->mem;
 588:Middlewares/Third_Party/LibJPEG/source/jmemmgr.c ****   long space_per_minheight, maximum_space, avail_mem;
 589:Middlewares/Third_Party/LibJPEG/source/jmemmgr.c ****   long minheights, max_minheights;
 590:Middlewares/Third_Party/LibJPEG/source/jmemmgr.c ****   jvirt_sarray_ptr sptr;
 591:Middlewares/Third_Party/LibJPEG/source/jmemmgr.c ****   jvirt_barray_ptr bptr;
 592:Middlewares/Third_Party/LibJPEG/source/jmemmgr.c **** 
 593:Middlewares/Third_Party/LibJPEG/source/jmemmgr.c ****   /* Compute the minimum space needed (maxaccess rows in each buffer)
 594:Middlewares/Third_Party/LibJPEG/source/jmemmgr.c ****    * and the maximum space needed (full image height in each buffer).
 595:Middlewares/Third_Party/LibJPEG/source/jmemmgr.c ****    * These may be of use to the system-dependent jpeg_mem_available routine.
 596:Middlewares/Third_Party/LibJPEG/source/jmemmgr.c ****    */
 597:Middlewares/Third_Party/LibJPEG/source/jmemmgr.c ****   space_per_minheight = 0;
 598:Middlewares/Third_Party/LibJPEG/source/jmemmgr.c ****   maximum_space = 0;
 599:Middlewares/Third_Party/LibJPEG/source/jmemmgr.c ****   for (sptr = mem->virt_sarray_list; sptr != NULL; sptr = sptr->next) {
 600:Middlewares/Third_Party/LibJPEG/source/jmemmgr.c ****     if (sptr->mem_buffer == NULL) { /* if not realized yet */
 601:Middlewares/Third_Party/LibJPEG/source/jmemmgr.c ****       space_per_minheight += (long) sptr->maxaccess *
 602:Middlewares/Third_Party/LibJPEG/source/jmemmgr.c **** 			     (long) sptr->samplesperrow * SIZEOF(JSAMPLE);
 603:Middlewares/Third_Party/LibJPEG/source/jmemmgr.c ****       maximum_space += (long) sptr->rows_in_array *
 604:Middlewares/Third_Party/LibJPEG/source/jmemmgr.c **** 		       (long) sptr->samplesperrow * SIZEOF(JSAMPLE);
 605:Middlewares/Third_Party/LibJPEG/source/jmemmgr.c ****     }
 606:Middlewares/Third_Party/LibJPEG/source/jmemmgr.c ****   }
 607:Middlewares/Third_Party/LibJPEG/source/jmemmgr.c ****   for (bptr = mem->virt_barray_list; bptr != NULL; bptr = bptr->next) {
 608:Middlewares/Third_Party/LibJPEG/source/jmemmgr.c ****     if (bptr->mem_buffer == NULL) { /* if not realized yet */
 609:Middlewares/Third_Party/LibJPEG/source/jmemmgr.c ****       space_per_minheight += (long) bptr->maxaccess *
 610:Middlewares/Third_Party/LibJPEG/source/jmemmgr.c **** 			     (long) bptr->blocksperrow * SIZEOF(JBLOCK);
 611:Middlewares/Third_Party/LibJPEG/source/jmemmgr.c ****       maximum_space += (long) bptr->rows_in_array *
 612:Middlewares/Third_Party/LibJPEG/source/jmemmgr.c **** 		       (long) bptr->blocksperrow * SIZEOF(JBLOCK);
 613:Middlewares/Third_Party/LibJPEG/source/jmemmgr.c ****     }
 614:Middlewares/Third_Party/LibJPEG/source/jmemmgr.c ****   }
 615:Middlewares/Third_Party/LibJPEG/source/jmemmgr.c **** 
 616:Middlewares/Third_Party/LibJPEG/source/jmemmgr.c ****   if (space_per_minheight <= 0)
 617:Middlewares/Third_Party/LibJPEG/source/jmemmgr.c ****     return;			/* no unrealized arrays, no work */
 618:Middlewares/Third_Party/LibJPEG/source/jmemmgr.c **** 
 619:Middlewares/Third_Party/LibJPEG/source/jmemmgr.c ****   /* Determine amount of memory to actually use; this is system-dependent. */
 620:Middlewares/Third_Party/LibJPEG/source/jmemmgr.c ****   avail_mem = jpeg_mem_available(cinfo, space_per_minheight, maximum_space,
 621:Middlewares/Third_Party/LibJPEG/source/jmemmgr.c **** 				 mem->total_space_allocated);
 622:Middlewares/Third_Party/LibJPEG/source/jmemmgr.c **** 
 623:Middlewares/Third_Party/LibJPEG/source/jmemmgr.c ****   /* If the maximum space needed is available, make all the buffers full
 624:Middlewares/Third_Party/LibJPEG/source/jmemmgr.c ****    * height; otherwise parcel it out with the same number of minheights
ARM GAS  /tmp/ccsPRUoP.s 			page 13


 625:Middlewares/Third_Party/LibJPEG/source/jmemmgr.c ****    * in each buffer.
 626:Middlewares/Third_Party/LibJPEG/source/jmemmgr.c ****    */
 627:Middlewares/Third_Party/LibJPEG/source/jmemmgr.c ****   if (avail_mem >= maximum_space)
 628:Middlewares/Third_Party/LibJPEG/source/jmemmgr.c ****     max_minheights = 1000000000L;
 629:Middlewares/Third_Party/LibJPEG/source/jmemmgr.c ****   else {
 630:Middlewares/Third_Party/LibJPEG/source/jmemmgr.c ****     max_minheights = avail_mem / space_per_minheight;
 631:Middlewares/Third_Party/LibJPEG/source/jmemmgr.c ****     /* If there doesn't seem to be enough space, try to get the minimum
 632:Middlewares/Third_Party/LibJPEG/source/jmemmgr.c ****      * anyway.  This allows a "stub" implementation of jpeg_mem_available().
 633:Middlewares/Third_Party/LibJPEG/source/jmemmgr.c ****      */
 634:Middlewares/Third_Party/LibJPEG/source/jmemmgr.c ****     if (max_minheights <= 0)
 635:Middlewares/Third_Party/LibJPEG/source/jmemmgr.c ****       max_minheights = 1;
 636:Middlewares/Third_Party/LibJPEG/source/jmemmgr.c ****   }
 637:Middlewares/Third_Party/LibJPEG/source/jmemmgr.c **** 
 638:Middlewares/Third_Party/LibJPEG/source/jmemmgr.c ****   /* Allocate the in-memory buffers and initialize backing store as needed. */
 639:Middlewares/Third_Party/LibJPEG/source/jmemmgr.c **** 
 640:Middlewares/Third_Party/LibJPEG/source/jmemmgr.c ****   for (sptr = mem->virt_sarray_list; sptr != NULL; sptr = sptr->next) {
 641:Middlewares/Third_Party/LibJPEG/source/jmemmgr.c ****     if (sptr->mem_buffer == NULL) { /* if not realized yet */
 642:Middlewares/Third_Party/LibJPEG/source/jmemmgr.c ****       minheights = ((long) sptr->rows_in_array - 1L) / sptr->maxaccess + 1L;
 643:Middlewares/Third_Party/LibJPEG/source/jmemmgr.c ****       if (minheights <= max_minheights) {
 644:Middlewares/Third_Party/LibJPEG/source/jmemmgr.c **** 	/* This buffer fits in memory */
 645:Middlewares/Third_Party/LibJPEG/source/jmemmgr.c **** 	sptr->rows_in_mem = sptr->rows_in_array;
 646:Middlewares/Third_Party/LibJPEG/source/jmemmgr.c ****       } else {
 647:Middlewares/Third_Party/LibJPEG/source/jmemmgr.c **** 	/* It doesn't fit in memory, create backing store. */
 648:Middlewares/Third_Party/LibJPEG/source/jmemmgr.c **** 	sptr->rows_in_mem = (JDIMENSION) (max_minheights * sptr->maxaccess);
 649:Middlewares/Third_Party/LibJPEG/source/jmemmgr.c **** 	jpeg_open_backing_store(cinfo, & sptr->b_s_info,
 650:Middlewares/Third_Party/LibJPEG/source/jmemmgr.c **** 				(long) sptr->rows_in_array *
 651:Middlewares/Third_Party/LibJPEG/source/jmemmgr.c **** 				(long) sptr->samplesperrow *
 652:Middlewares/Third_Party/LibJPEG/source/jmemmgr.c **** 				(long) SIZEOF(JSAMPLE));
 653:Middlewares/Third_Party/LibJPEG/source/jmemmgr.c **** 	sptr->b_s_open = TRUE;
 654:Middlewares/Third_Party/LibJPEG/source/jmemmgr.c ****       }
 655:Middlewares/Third_Party/LibJPEG/source/jmemmgr.c ****       sptr->mem_buffer = alloc_sarray(cinfo, JPOOL_IMAGE,
 656:Middlewares/Third_Party/LibJPEG/source/jmemmgr.c **** 				      sptr->samplesperrow, sptr->rows_in_mem);
 657:Middlewares/Third_Party/LibJPEG/source/jmemmgr.c ****       sptr->rowsperchunk = mem->last_rowsperchunk;
 658:Middlewares/Third_Party/LibJPEG/source/jmemmgr.c ****       sptr->cur_start_row = 0;
 659:Middlewares/Third_Party/LibJPEG/source/jmemmgr.c ****       sptr->first_undef_row = 0;
 660:Middlewares/Third_Party/LibJPEG/source/jmemmgr.c ****       sptr->dirty = FALSE;
 661:Middlewares/Third_Party/LibJPEG/source/jmemmgr.c ****     }
 662:Middlewares/Third_Party/LibJPEG/source/jmemmgr.c ****   }
 663:Middlewares/Third_Party/LibJPEG/source/jmemmgr.c **** 
 664:Middlewares/Third_Party/LibJPEG/source/jmemmgr.c ****   for (bptr = mem->virt_barray_list; bptr != NULL; bptr = bptr->next) {
 665:Middlewares/Third_Party/LibJPEG/source/jmemmgr.c ****     if (bptr->mem_buffer == NULL) { /* if not realized yet */
 666:Middlewares/Third_Party/LibJPEG/source/jmemmgr.c ****       minheights = ((long) bptr->rows_in_array - 1L) / bptr->maxaccess + 1L;
 667:Middlewares/Third_Party/LibJPEG/source/jmemmgr.c ****       if (minheights <= max_minheights) {
 668:Middlewares/Third_Party/LibJPEG/source/jmemmgr.c **** 	/* This buffer fits in memory */
 669:Middlewares/Third_Party/LibJPEG/source/jmemmgr.c **** 	bptr->rows_in_mem = bptr->rows_in_array;
 670:Middlewares/Third_Party/LibJPEG/source/jmemmgr.c ****       } else {
 671:Middlewares/Third_Party/LibJPEG/source/jmemmgr.c **** 	/* It doesn't fit in memory, create backing store. */
 672:Middlewares/Third_Party/LibJPEG/source/jmemmgr.c **** 	bptr->rows_in_mem = (JDIMENSION) (max_minheights * bptr->maxaccess);
 673:Middlewares/Third_Party/LibJPEG/source/jmemmgr.c **** 	jpeg_open_backing_store(cinfo, & bptr->b_s_info,
 674:Middlewares/Third_Party/LibJPEG/source/jmemmgr.c **** 				(long) bptr->rows_in_array *
 675:Middlewares/Third_Party/LibJPEG/source/jmemmgr.c **** 				(long) bptr->blocksperrow *
 676:Middlewares/Third_Party/LibJPEG/source/jmemmgr.c **** 				(long) SIZEOF(JBLOCK));
 677:Middlewares/Third_Party/LibJPEG/source/jmemmgr.c **** 	bptr->b_s_open = TRUE;
 678:Middlewares/Third_Party/LibJPEG/source/jmemmgr.c ****       }
 679:Middlewares/Third_Party/LibJPEG/source/jmemmgr.c ****       bptr->mem_buffer = alloc_barray(cinfo, JPOOL_IMAGE,
 680:Middlewares/Third_Party/LibJPEG/source/jmemmgr.c **** 				      bptr->blocksperrow, bptr->rows_in_mem);
 681:Middlewares/Third_Party/LibJPEG/source/jmemmgr.c ****       bptr->rowsperchunk = mem->last_rowsperchunk;
ARM GAS  /tmp/ccsPRUoP.s 			page 14


 682:Middlewares/Third_Party/LibJPEG/source/jmemmgr.c ****       bptr->cur_start_row = 0;
 683:Middlewares/Third_Party/LibJPEG/source/jmemmgr.c ****       bptr->first_undef_row = 0;
 684:Middlewares/Third_Party/LibJPEG/source/jmemmgr.c ****       bptr->dirty = FALSE;
 685:Middlewares/Third_Party/LibJPEG/source/jmemmgr.c ****     }
 686:Middlewares/Third_Party/LibJPEG/source/jmemmgr.c ****   }
 687:Middlewares/Third_Party/LibJPEG/source/jmemmgr.c **** }
 688:Middlewares/Third_Party/LibJPEG/source/jmemmgr.c **** 
 689:Middlewares/Third_Party/LibJPEG/source/jmemmgr.c **** 
 690:Middlewares/Third_Party/LibJPEG/source/jmemmgr.c **** LOCAL(void)
 691:Middlewares/Third_Party/LibJPEG/source/jmemmgr.c **** do_sarray_io (j_common_ptr cinfo, jvirt_sarray_ptr ptr, boolean writing)
 692:Middlewares/Third_Party/LibJPEG/source/jmemmgr.c **** /* Do backing store read or write of a virtual sample array */
 693:Middlewares/Third_Party/LibJPEG/source/jmemmgr.c **** {
  64              		.loc 1 693 1 is_stmt 1 view -0
  65              		.cfi_startproc
  66              		@ args = 0, pretend = 0, frame = 0
  67              		@ frame_needed = 0, uses_anonymous_args = 0
  68              		.loc 1 693 1 is_stmt 0 view .LVU5
  69 0000 2DE9F04F 		push	{r4, r5, r6, r7, r8, r9, r10, fp, lr}
  70              	.LCFI1:
  71              		.cfi_def_cfa_offset 36
  72              		.cfi_offset 4, -36
  73              		.cfi_offset 5, -32
  74              		.cfi_offset 6, -28
  75              		.cfi_offset 7, -24
  76              		.cfi_offset 8, -20
  77              		.cfi_offset 9, -16
  78              		.cfi_offset 10, -12
  79              		.cfi_offset 11, -8
  80              		.cfi_offset 14, -4
  81 0004 83B0     		sub	sp, sp, #12
  82              	.LCFI2:
  83              		.cfi_def_cfa_offset 48
  84 0006 8246     		mov	r10, r0
  85 0008 0D46     		mov	r5, r1
  86 000a 9046     		mov	r8, r2
 694:Middlewares/Third_Party/LibJPEG/source/jmemmgr.c ****   long bytesperrow, file_offset, byte_count, rows, thisrow, i;
  87              		.loc 1 694 3 is_stmt 1 view .LVU6
 695:Middlewares/Third_Party/LibJPEG/source/jmemmgr.c **** 
 696:Middlewares/Third_Party/LibJPEG/source/jmemmgr.c ****   bytesperrow = (long) ptr->samplesperrow * SIZEOF(JSAMPLE);
  88              		.loc 1 696 3 view .LVU7
  89              		.loc 1 696 27 is_stmt 0 view .LVU8
  90 000c D1F80890 		ldr	r9, [r1, #8]
  91              	.LVL3:
 697:Middlewares/Third_Party/LibJPEG/source/jmemmgr.c ****   file_offset = ptr->cur_start_row * bytesperrow;
  92              		.loc 1 697 3 is_stmt 1 view .LVU9
  93              		.loc 1 697 20 is_stmt 0 view .LVU10
  94 0010 8F69     		ldr	r7, [r1, #24]
  95              		.loc 1 697 36 view .LVU11
  96 0012 07FB09FB 		mul	fp, r7, r9
  97              	.LVL4:
 698:Middlewares/Third_Party/LibJPEG/source/jmemmgr.c ****   /* Loop to read or write each allocation chunk in mem_buffer */
 699:Middlewares/Third_Party/LibJPEG/source/jmemmgr.c ****   for (i = 0; i < (long) ptr->rows_in_mem; i += ptr->rowsperchunk) {
  98              		.loc 1 699 3 is_stmt 1 view .LVU12
  99              		.loc 1 699 10 is_stmt 0 view .LVU13
 100 0016 0026     		movs	r6, #0
 101              		.loc 1 699 3 view .LVU14
 102 0018 0CE0     		b	.L4
ARM GAS  /tmp/ccsPRUoP.s 			page 15


 103              	.LVL5:
 104              	.L6:
 700:Middlewares/Third_Party/LibJPEG/source/jmemmgr.c ****     /* One chunk, but check for short chunk at end of buffer */
 701:Middlewares/Third_Party/LibJPEG/source/jmemmgr.c ****     rows = MIN((long) ptr->rowsperchunk, (long) ptr->rows_in_mem - i);
 702:Middlewares/Third_Party/LibJPEG/source/jmemmgr.c ****     /* Transfer no more than is currently defined */
 703:Middlewares/Third_Party/LibJPEG/source/jmemmgr.c ****     thisrow = (long) ptr->cur_start_row + i;
 704:Middlewares/Third_Party/LibJPEG/source/jmemmgr.c ****     rows = MIN(rows, (long) ptr->first_undef_row - thisrow);
 705:Middlewares/Third_Party/LibJPEG/source/jmemmgr.c ****     /* Transfer no more than fits in file */
 706:Middlewares/Third_Party/LibJPEG/source/jmemmgr.c ****     rows = MIN(rows, (long) ptr->rows_in_array - thisrow);
 707:Middlewares/Third_Party/LibJPEG/source/jmemmgr.c ****     if (rows <= 0)		/* this chunk might be past end of file! */
 708:Middlewares/Third_Party/LibJPEG/source/jmemmgr.c ****       break;
 709:Middlewares/Third_Party/LibJPEG/source/jmemmgr.c ****     byte_count = rows * bytesperrow;
 710:Middlewares/Third_Party/LibJPEG/source/jmemmgr.c ****     if (writing)
 711:Middlewares/Third_Party/LibJPEG/source/jmemmgr.c ****       (*ptr->b_s_info.write_backing_store) (cinfo, & ptr->b_s_info,
 712:Middlewares/Third_Party/LibJPEG/source/jmemmgr.c **** 					    (void FAR *) ptr->mem_buffer[i],
 713:Middlewares/Third_Party/LibJPEG/source/jmemmgr.c **** 					    file_offset, byte_count);
 714:Middlewares/Third_Party/LibJPEG/source/jmemmgr.c ****     else
 715:Middlewares/Third_Party/LibJPEG/source/jmemmgr.c ****       (*ptr->b_s_info.read_backing_store) (cinfo, & ptr->b_s_info,
 105              		.loc 1 715 7 is_stmt 1 view .LVU15
 106              		.loc 1 715 51 is_stmt 0 view .LVU16
 107 001a 2946     		mov	r1, r5
 716:Middlewares/Third_Party/LibJPEG/source/jmemmgr.c **** 					   (void FAR *) ptr->mem_buffer[i],
 108              		.loc 1 716 25 view .LVU17
 109 001c 51F8303B 		ldr	r3, [r1], #48
 110              	.LVL6:
 715:Middlewares/Third_Party/LibJPEG/source/jmemmgr.c **** 					   (void FAR *) ptr->mem_buffer[i],
 111              		.loc 1 715 8 view .LVU18
 112 0020 53F82620 		ldr	r2, [r3, r6, lsl #2]
 113              	.LVL7:
 715:Middlewares/Third_Party/LibJPEG/source/jmemmgr.c **** 					   (void FAR *) ptr->mem_buffer[i],
 114              		.loc 1 715 8 view .LVU19
 115 0024 0094     		str	r4, [sp]
 116              	.LVL8:
 715:Middlewares/Third_Party/LibJPEG/source/jmemmgr.c **** 					   (void FAR *) ptr->mem_buffer[i],
 117              		.loc 1 715 8 view .LVU20
 118 0026 5B46     		mov	r3, fp
 119 0028 5046     		mov	r0, r10
 120 002a 2F6B     		ldr	r7, [r5, #48]
 121 002c B847     		blx	r7
 122              	.LVL9:
 123              	.L7:
 717:Middlewares/Third_Party/LibJPEG/source/jmemmgr.c **** 					   file_offset, byte_count);
 718:Middlewares/Third_Party/LibJPEG/source/jmemmgr.c ****     file_offset += byte_count;
 124              		.loc 1 718 5 is_stmt 1 discriminator 2 view .LVU21
 125              		.loc 1 718 17 is_stmt 0 discriminator 2 view .LVU22
 126 002e A344     		add	fp, fp, r4
 127              	.LVL10:
 699:Middlewares/Third_Party/LibJPEG/source/jmemmgr.c ****     /* One chunk, but check for short chunk at end of buffer */
 128              		.loc 1 699 44 is_stmt 1 discriminator 2 view .LVU23
 699:Middlewares/Third_Party/LibJPEG/source/jmemmgr.c ****     /* One chunk, but check for short chunk at end of buffer */
 129              		.loc 1 699 52 is_stmt 0 discriminator 2 view .LVU24
 130 0030 6B69     		ldr	r3, [r5, #20]
 699:Middlewares/Third_Party/LibJPEG/source/jmemmgr.c ****     /* One chunk, but check for short chunk at end of buffer */
 131              		.loc 1 699 46 discriminator 2 view .LVU25
 132 0032 1E44     		add	r6, r6, r3
 133              	.LVL11:
 134              	.L4:
ARM GAS  /tmp/ccsPRUoP.s 			page 16


 699:Middlewares/Third_Party/LibJPEG/source/jmemmgr.c ****     /* One chunk, but check for short chunk at end of buffer */
 135              		.loc 1 699 15 is_stmt 1 discriminator 1 view .LVU26
 699:Middlewares/Third_Party/LibJPEG/source/jmemmgr.c ****     /* One chunk, but check for short chunk at end of buffer */
 136              		.loc 1 699 29 is_stmt 0 discriminator 1 view .LVU27
 137 0034 2B69     		ldr	r3, [r5, #16]
 699:Middlewares/Third_Party/LibJPEG/source/jmemmgr.c ****     /* One chunk, but check for short chunk at end of buffer */
 138              		.loc 1 699 3 discriminator 1 view .LVU28
 139 0036 B342     		cmp	r3, r6
 140 0038 22DD     		ble	.L3
 701:Middlewares/Third_Party/LibJPEG/source/jmemmgr.c ****     /* Transfer no more than is currently defined */
 141              		.loc 1 701 5 is_stmt 1 view .LVU29
 701:Middlewares/Third_Party/LibJPEG/source/jmemmgr.c ****     /* Transfer no more than is currently defined */
 142              		.loc 1 701 12 is_stmt 0 view .LVU30
 143 003a 9B1B     		subs	r3, r3, r6
 144 003c 6C69     		ldr	r4, [r5, #20]
 701:Middlewares/Third_Party/LibJPEG/source/jmemmgr.c ****     /* Transfer no more than is currently defined */
 145              		.loc 1 701 10 view .LVU31
 146 003e A342     		cmp	r3, r4
 147 0040 A8BF     		it	ge
 148 0042 2346     		movge	r3, r4
 149              	.LVL12:
 703:Middlewares/Third_Party/LibJPEG/source/jmemmgr.c ****     rows = MIN(rows, (long) ptr->first_undef_row - thisrow);
 150              		.loc 1 703 5 is_stmt 1 view .LVU32
 703:Middlewares/Third_Party/LibJPEG/source/jmemmgr.c ****     rows = MIN(rows, (long) ptr->first_undef_row - thisrow);
 151              		.loc 1 703 25 is_stmt 0 view .LVU33
 152 0044 AC69     		ldr	r4, [r5, #24]
 703:Middlewares/Third_Party/LibJPEG/source/jmemmgr.c ****     rows = MIN(rows, (long) ptr->first_undef_row - thisrow);
 153              		.loc 1 703 13 view .LVU34
 154 0046 3444     		add	r4, r4, r6
 155              	.LVL13:
 704:Middlewares/Third_Party/LibJPEG/source/jmemmgr.c ****     /* Transfer no more than fits in file */
 156              		.loc 1 704 5 is_stmt 1 view .LVU35
 704:Middlewares/Third_Party/LibJPEG/source/jmemmgr.c ****     /* Transfer no more than fits in file */
 157              		.loc 1 704 12 is_stmt 0 view .LVU36
 158 0048 E969     		ldr	r1, [r5, #28]
 159 004a 091B     		subs	r1, r1, r4
 704:Middlewares/Third_Party/LibJPEG/source/jmemmgr.c ****     /* Transfer no more than fits in file */
 160              		.loc 1 704 10 view .LVU37
 161 004c 8B42     		cmp	r3, r1
 162 004e A8BF     		it	ge
 163 0050 0B46     		movge	r3, r1
 164              	.LVL14:
 706:Middlewares/Third_Party/LibJPEG/source/jmemmgr.c ****     if (rows <= 0)		/* this chunk might be past end of file! */
 165              		.loc 1 706 5 is_stmt 1 view .LVU38
 706:Middlewares/Third_Party/LibJPEG/source/jmemmgr.c ****     if (rows <= 0)		/* this chunk might be past end of file! */
 166              		.loc 1 706 12 is_stmt 0 view .LVU39
 167 0052 6A68     		ldr	r2, [r5, #4]
 168 0054 141B     		subs	r4, r2, r4
 169              	.LVL15:
 706:Middlewares/Third_Party/LibJPEG/source/jmemmgr.c ****     if (rows <= 0)		/* this chunk might be past end of file! */
 170              		.loc 1 706 10 view .LVU40
 171 0056 A342     		cmp	r3, r4
 172 0058 A8BF     		it	ge
 173 005a 2346     		movge	r3, r4
 174              	.LVL16:
 707:Middlewares/Third_Party/LibJPEG/source/jmemmgr.c ****       break;
 175              		.loc 1 707 5 is_stmt 1 view .LVU41
ARM GAS  /tmp/ccsPRUoP.s 			page 17


 707:Middlewares/Third_Party/LibJPEG/source/jmemmgr.c ****       break;
 176              		.loc 1 707 8 is_stmt 0 view .LVU42
 177 005c 002B     		cmp	r3, #0
 178 005e 0FDD     		ble	.L3
 709:Middlewares/Third_Party/LibJPEG/source/jmemmgr.c ****     if (writing)
 179              		.loc 1 709 5 is_stmt 1 view .LVU43
 709:Middlewares/Third_Party/LibJPEG/source/jmemmgr.c ****     if (writing)
 180              		.loc 1 709 16 is_stmt 0 view .LVU44
 181 0060 03FB09F4 		mul	r4, r3, r9
 182              	.LVL17:
 710:Middlewares/Third_Party/LibJPEG/source/jmemmgr.c ****       (*ptr->b_s_info.write_backing_store) (cinfo, & ptr->b_s_info,
 183              		.loc 1 710 5 is_stmt 1 view .LVU45
 710:Middlewares/Third_Party/LibJPEG/source/jmemmgr.c ****       (*ptr->b_s_info.write_backing_store) (cinfo, & ptr->b_s_info,
 184              		.loc 1 710 8 is_stmt 0 view .LVU46
 185 0064 B8F1000F 		cmp	r8, #0
 186 0068 D7D0     		beq	.L6
 711:Middlewares/Third_Party/LibJPEG/source/jmemmgr.c **** 					    (void FAR *) ptr->mem_buffer[i],
 187              		.loc 1 711 7 is_stmt 1 view .LVU47
 711:Middlewares/Third_Party/LibJPEG/source/jmemmgr.c **** 					    (void FAR *) ptr->mem_buffer[i],
 188              		.loc 1 711 52 is_stmt 0 view .LVU48
 189 006a 2946     		mov	r1, r5
 712:Middlewares/Third_Party/LibJPEG/source/jmemmgr.c **** 					    file_offset, byte_count);
 190              		.loc 1 712 26 view .LVU49
 191 006c 51F8303B 		ldr	r3, [r1], #48
 192              	.LVL18:
 711:Middlewares/Third_Party/LibJPEG/source/jmemmgr.c **** 					    (void FAR *) ptr->mem_buffer[i],
 193              		.loc 1 711 8 view .LVU50
 194 0070 53F82620 		ldr	r2, [r3, r6, lsl #2]
 195              	.LVL19:
 711:Middlewares/Third_Party/LibJPEG/source/jmemmgr.c **** 					    (void FAR *) ptr->mem_buffer[i],
 196              		.loc 1 711 8 view .LVU51
 197 0074 0094     		str	r4, [sp]
 198              	.LVL20:
 711:Middlewares/Third_Party/LibJPEG/source/jmemmgr.c **** 					    (void FAR *) ptr->mem_buffer[i],
 199              		.loc 1 711 8 view .LVU52
 200 0076 5B46     		mov	r3, fp
 201 0078 5046     		mov	r0, r10
 202 007a 6F6B     		ldr	r7, [r5, #52]
 203 007c B847     		blx	r7
 204              	.LVL21:
 205 007e D6E7     		b	.L7
 206              	.LVL22:
 207              	.L3:
 719:Middlewares/Third_Party/LibJPEG/source/jmemmgr.c ****   }
 720:Middlewares/Third_Party/LibJPEG/source/jmemmgr.c **** }
 208              		.loc 1 720 1 view .LVU53
 209 0080 03B0     		add	sp, sp, #12
 210              	.LCFI3:
 211              		.cfi_def_cfa_offset 36
 212              		@ sp needed
 213 0082 BDE8F08F 		pop	{r4, r5, r6, r7, r8, r9, r10, fp, pc}
 214              		.loc 1 720 1 view .LVU54
 215              		.cfi_endproc
 216              	.LFE15:
 218              		.section	.text.do_barray_io,"ax",%progbits
 219              		.align	1
 220              		.syntax unified
ARM GAS  /tmp/ccsPRUoP.s 			page 18


 221              		.thumb
 222              		.thumb_func
 223              		.fpu fpv4-sp-d16
 225              	do_barray_io:
 226              	.LVL23:
 227              	.LFB16:
 721:Middlewares/Third_Party/LibJPEG/source/jmemmgr.c **** 
 722:Middlewares/Third_Party/LibJPEG/source/jmemmgr.c **** 
 723:Middlewares/Third_Party/LibJPEG/source/jmemmgr.c **** LOCAL(void)
 724:Middlewares/Third_Party/LibJPEG/source/jmemmgr.c **** do_barray_io (j_common_ptr cinfo, jvirt_barray_ptr ptr, boolean writing)
 725:Middlewares/Third_Party/LibJPEG/source/jmemmgr.c **** /* Do backing store read or write of a virtual coefficient-block array */
 726:Middlewares/Third_Party/LibJPEG/source/jmemmgr.c **** {
 228              		.loc 1 726 1 is_stmt 1 view -0
 229              		.cfi_startproc
 230              		@ args = 0, pretend = 0, frame = 0
 231              		@ frame_needed = 0, uses_anonymous_args = 0
 232              		.loc 1 726 1 is_stmt 0 view .LVU56
 233 0000 2DE9F04F 		push	{r4, r5, r6, r7, r8, r9, r10, fp, lr}
 234              	.LCFI4:
 235              		.cfi_def_cfa_offset 36
 236              		.cfi_offset 4, -36
 237              		.cfi_offset 5, -32
 238              		.cfi_offset 6, -28
 239              		.cfi_offset 7, -24
 240              		.cfi_offset 8, -20
 241              		.cfi_offset 9, -16
 242              		.cfi_offset 10, -12
 243              		.cfi_offset 11, -8
 244              		.cfi_offset 14, -4
 245 0004 83B0     		sub	sp, sp, #12
 246              	.LCFI5:
 247              		.cfi_def_cfa_offset 48
 248 0006 8246     		mov	r10, r0
 249 0008 0D46     		mov	r5, r1
 250 000a 9146     		mov	r9, r2
 727:Middlewares/Third_Party/LibJPEG/source/jmemmgr.c ****   long bytesperrow, file_offset, byte_count, rows, thisrow, i;
 251              		.loc 1 727 3 is_stmt 1 view .LVU57
 728:Middlewares/Third_Party/LibJPEG/source/jmemmgr.c **** 
 729:Middlewares/Third_Party/LibJPEG/source/jmemmgr.c ****   bytesperrow = (long) ptr->blocksperrow * SIZEOF(JBLOCK);
 252              		.loc 1 729 3 view .LVU58
 253              		.loc 1 729 27 is_stmt 0 view .LVU59
 254 000c 8B68     		ldr	r3, [r1, #8]
 255              		.loc 1 729 42 view .LVU60
 256 000e 4FEAC318 		lsl	r8, r3, #7
 257              	.LVL24:
 730:Middlewares/Third_Party/LibJPEG/source/jmemmgr.c ****   file_offset = ptr->cur_start_row * bytesperrow;
 258              		.loc 1 730 3 is_stmt 1 view .LVU61
 259              		.loc 1 730 20 is_stmt 0 view .LVU62
 260 0012 8F69     		ldr	r7, [r1, #24]
 261              		.loc 1 730 36 view .LVU63
 262 0014 07FB08FB 		mul	fp, r7, r8
 263              	.LVL25:
 731:Middlewares/Third_Party/LibJPEG/source/jmemmgr.c ****   /* Loop to read or write each allocation chunk in mem_buffer */
 732:Middlewares/Third_Party/LibJPEG/source/jmemmgr.c ****   for (i = 0; i < (long) ptr->rows_in_mem; i += ptr->rowsperchunk) {
 264              		.loc 1 732 3 is_stmt 1 view .LVU64
 265              		.loc 1 732 10 is_stmt 0 view .LVU65
 266 0018 0026     		movs	r6, #0
ARM GAS  /tmp/ccsPRUoP.s 			page 19


 267              		.loc 1 732 3 view .LVU66
 268 001a 0CE0     		b	.L11
 269              	.LVL26:
 270              	.L13:
 733:Middlewares/Third_Party/LibJPEG/source/jmemmgr.c ****     /* One chunk, but check for short chunk at end of buffer */
 734:Middlewares/Third_Party/LibJPEG/source/jmemmgr.c ****     rows = MIN((long) ptr->rowsperchunk, (long) ptr->rows_in_mem - i);
 735:Middlewares/Third_Party/LibJPEG/source/jmemmgr.c ****     /* Transfer no more than is currently defined */
 736:Middlewares/Third_Party/LibJPEG/source/jmemmgr.c ****     thisrow = (long) ptr->cur_start_row + i;
 737:Middlewares/Third_Party/LibJPEG/source/jmemmgr.c ****     rows = MIN(rows, (long) ptr->first_undef_row - thisrow);
 738:Middlewares/Third_Party/LibJPEG/source/jmemmgr.c ****     /* Transfer no more than fits in file */
 739:Middlewares/Third_Party/LibJPEG/source/jmemmgr.c ****     rows = MIN(rows, (long) ptr->rows_in_array - thisrow);
 740:Middlewares/Third_Party/LibJPEG/source/jmemmgr.c ****     if (rows <= 0)		/* this chunk might be past end of file! */
 741:Middlewares/Third_Party/LibJPEG/source/jmemmgr.c ****       break;
 742:Middlewares/Third_Party/LibJPEG/source/jmemmgr.c ****     byte_count = rows * bytesperrow;
 743:Middlewares/Third_Party/LibJPEG/source/jmemmgr.c ****     if (writing)
 744:Middlewares/Third_Party/LibJPEG/source/jmemmgr.c ****       (*ptr->b_s_info.write_backing_store) (cinfo, & ptr->b_s_info,
 745:Middlewares/Third_Party/LibJPEG/source/jmemmgr.c **** 					    (void FAR *) ptr->mem_buffer[i],
 746:Middlewares/Third_Party/LibJPEG/source/jmemmgr.c **** 					    file_offset, byte_count);
 747:Middlewares/Third_Party/LibJPEG/source/jmemmgr.c ****     else
 748:Middlewares/Third_Party/LibJPEG/source/jmemmgr.c ****       (*ptr->b_s_info.read_backing_store) (cinfo, & ptr->b_s_info,
 271              		.loc 1 748 7 is_stmt 1 view .LVU67
 272              		.loc 1 748 51 is_stmt 0 view .LVU68
 273 001c 2946     		mov	r1, r5
 749:Middlewares/Third_Party/LibJPEG/source/jmemmgr.c **** 					   (void FAR *) ptr->mem_buffer[i],
 274              		.loc 1 749 25 view .LVU69
 275 001e 51F8303B 		ldr	r3, [r1], #48
 276              	.LVL27:
 748:Middlewares/Third_Party/LibJPEG/source/jmemmgr.c **** 					   (void FAR *) ptr->mem_buffer[i],
 277              		.loc 1 748 8 view .LVU70
 278 0022 53F82620 		ldr	r2, [r3, r6, lsl #2]
 279              	.LVL28:
 748:Middlewares/Third_Party/LibJPEG/source/jmemmgr.c **** 					   (void FAR *) ptr->mem_buffer[i],
 280              		.loc 1 748 8 view .LVU71
 281 0026 0094     		str	r4, [sp]
 282              	.LVL29:
 748:Middlewares/Third_Party/LibJPEG/source/jmemmgr.c **** 					   (void FAR *) ptr->mem_buffer[i],
 283              		.loc 1 748 8 view .LVU72
 284 0028 5B46     		mov	r3, fp
 285 002a 5046     		mov	r0, r10
 286 002c 2F6B     		ldr	r7, [r5, #48]
 287 002e B847     		blx	r7
 288              	.LVL30:
 289              	.L14:
 750:Middlewares/Third_Party/LibJPEG/source/jmemmgr.c **** 					   file_offset, byte_count);
 751:Middlewares/Third_Party/LibJPEG/source/jmemmgr.c ****     file_offset += byte_count;
 290              		.loc 1 751 5 is_stmt 1 discriminator 2 view .LVU73
 291              		.loc 1 751 17 is_stmt 0 discriminator 2 view .LVU74
 292 0030 A344     		add	fp, fp, r4
 293              	.LVL31:
 732:Middlewares/Third_Party/LibJPEG/source/jmemmgr.c ****     /* One chunk, but check for short chunk at end of buffer */
 294              		.loc 1 732 44 is_stmt 1 discriminator 2 view .LVU75
 732:Middlewares/Third_Party/LibJPEG/source/jmemmgr.c ****     /* One chunk, but check for short chunk at end of buffer */
 295              		.loc 1 732 52 is_stmt 0 discriminator 2 view .LVU76
 296 0032 6B69     		ldr	r3, [r5, #20]
 732:Middlewares/Third_Party/LibJPEG/source/jmemmgr.c ****     /* One chunk, but check for short chunk at end of buffer */
 297              		.loc 1 732 46 discriminator 2 view .LVU77
 298 0034 1E44     		add	r6, r6, r3
ARM GAS  /tmp/ccsPRUoP.s 			page 20


 299              	.LVL32:
 300              	.L11:
 732:Middlewares/Third_Party/LibJPEG/source/jmemmgr.c ****     /* One chunk, but check for short chunk at end of buffer */
 301              		.loc 1 732 15 is_stmt 1 discriminator 1 view .LVU78
 732:Middlewares/Third_Party/LibJPEG/source/jmemmgr.c ****     /* One chunk, but check for short chunk at end of buffer */
 302              		.loc 1 732 29 is_stmt 0 discriminator 1 view .LVU79
 303 0036 2B69     		ldr	r3, [r5, #16]
 732:Middlewares/Third_Party/LibJPEG/source/jmemmgr.c ****     /* One chunk, but check for short chunk at end of buffer */
 304              		.loc 1 732 3 discriminator 1 view .LVU80
 305 0038 B342     		cmp	r3, r6
 306 003a 22DD     		ble	.L10
 734:Middlewares/Third_Party/LibJPEG/source/jmemmgr.c ****     /* Transfer no more than is currently defined */
 307              		.loc 1 734 5 is_stmt 1 view .LVU81
 734:Middlewares/Third_Party/LibJPEG/source/jmemmgr.c ****     /* Transfer no more than is currently defined */
 308              		.loc 1 734 12 is_stmt 0 view .LVU82
 309 003c 9B1B     		subs	r3, r3, r6
 310 003e 6C69     		ldr	r4, [r5, #20]
 734:Middlewares/Third_Party/LibJPEG/source/jmemmgr.c ****     /* Transfer no more than is currently defined */
 311              		.loc 1 734 10 view .LVU83
 312 0040 A342     		cmp	r3, r4
 313 0042 A8BF     		it	ge
 314 0044 2346     		movge	r3, r4
 315              	.LVL33:
 736:Middlewares/Third_Party/LibJPEG/source/jmemmgr.c ****     rows = MIN(rows, (long) ptr->first_undef_row - thisrow);
 316              		.loc 1 736 5 is_stmt 1 view .LVU84
 736:Middlewares/Third_Party/LibJPEG/source/jmemmgr.c ****     rows = MIN(rows, (long) ptr->first_undef_row - thisrow);
 317              		.loc 1 736 25 is_stmt 0 view .LVU85
 318 0046 AC69     		ldr	r4, [r5, #24]
 736:Middlewares/Third_Party/LibJPEG/source/jmemmgr.c ****     rows = MIN(rows, (long) ptr->first_undef_row - thisrow);
 319              		.loc 1 736 13 view .LVU86
 320 0048 3444     		add	r4, r4, r6
 321              	.LVL34:
 737:Middlewares/Third_Party/LibJPEG/source/jmemmgr.c ****     /* Transfer no more than fits in file */
 322              		.loc 1 737 5 is_stmt 1 view .LVU87
 737:Middlewares/Third_Party/LibJPEG/source/jmemmgr.c ****     /* Transfer no more than fits in file */
 323              		.loc 1 737 12 is_stmt 0 view .LVU88
 324 004a E969     		ldr	r1, [r5, #28]
 325 004c 091B     		subs	r1, r1, r4
 737:Middlewares/Third_Party/LibJPEG/source/jmemmgr.c ****     /* Transfer no more than fits in file */
 326              		.loc 1 737 10 view .LVU89
 327 004e 8B42     		cmp	r3, r1
 328 0050 A8BF     		it	ge
 329 0052 0B46     		movge	r3, r1
 330              	.LVL35:
 739:Middlewares/Third_Party/LibJPEG/source/jmemmgr.c ****     if (rows <= 0)		/* this chunk might be past end of file! */
 331              		.loc 1 739 5 is_stmt 1 view .LVU90
 739:Middlewares/Third_Party/LibJPEG/source/jmemmgr.c ****     if (rows <= 0)		/* this chunk might be past end of file! */
 332              		.loc 1 739 12 is_stmt 0 view .LVU91
 333 0054 6A68     		ldr	r2, [r5, #4]
 334 0056 141B     		subs	r4, r2, r4
 335              	.LVL36:
 739:Middlewares/Third_Party/LibJPEG/source/jmemmgr.c ****     if (rows <= 0)		/* this chunk might be past end of file! */
 336              		.loc 1 739 10 view .LVU92
 337 0058 A342     		cmp	r3, r4
 338 005a A8BF     		it	ge
 339 005c 2346     		movge	r3, r4
 340              	.LVL37:
ARM GAS  /tmp/ccsPRUoP.s 			page 21


 740:Middlewares/Third_Party/LibJPEG/source/jmemmgr.c ****       break;
 341              		.loc 1 740 5 is_stmt 1 view .LVU93
 740:Middlewares/Third_Party/LibJPEG/source/jmemmgr.c ****       break;
 342              		.loc 1 740 8 is_stmt 0 view .LVU94
 343 005e 002B     		cmp	r3, #0
 344 0060 0FDD     		ble	.L10
 742:Middlewares/Third_Party/LibJPEG/source/jmemmgr.c ****     if (writing)
 345              		.loc 1 742 5 is_stmt 1 view .LVU95
 742:Middlewares/Third_Party/LibJPEG/source/jmemmgr.c ****     if (writing)
 346              		.loc 1 742 16 is_stmt 0 view .LVU96
 347 0062 03FB08F4 		mul	r4, r3, r8
 348              	.LVL38:
 743:Middlewares/Third_Party/LibJPEG/source/jmemmgr.c ****       (*ptr->b_s_info.write_backing_store) (cinfo, & ptr->b_s_info,
 349              		.loc 1 743 5 is_stmt 1 view .LVU97
 743:Middlewares/Third_Party/LibJPEG/source/jmemmgr.c ****       (*ptr->b_s_info.write_backing_store) (cinfo, & ptr->b_s_info,
 350              		.loc 1 743 8 is_stmt 0 view .LVU98
 351 0066 B9F1000F 		cmp	r9, #0
 352 006a D7D0     		beq	.L13
 744:Middlewares/Third_Party/LibJPEG/source/jmemmgr.c **** 					    (void FAR *) ptr->mem_buffer[i],
 353              		.loc 1 744 7 is_stmt 1 view .LVU99
 744:Middlewares/Third_Party/LibJPEG/source/jmemmgr.c **** 					    (void FAR *) ptr->mem_buffer[i],
 354              		.loc 1 744 52 is_stmt 0 view .LVU100
 355 006c 2946     		mov	r1, r5
 745:Middlewares/Third_Party/LibJPEG/source/jmemmgr.c **** 					    file_offset, byte_count);
 356              		.loc 1 745 26 view .LVU101
 357 006e 51F8303B 		ldr	r3, [r1], #48
 358              	.LVL39:
 744:Middlewares/Third_Party/LibJPEG/source/jmemmgr.c **** 					    (void FAR *) ptr->mem_buffer[i],
 359              		.loc 1 744 8 view .LVU102
 360 0072 53F82620 		ldr	r2, [r3, r6, lsl #2]
 361              	.LVL40:
 744:Middlewares/Third_Party/LibJPEG/source/jmemmgr.c **** 					    (void FAR *) ptr->mem_buffer[i],
 362              		.loc 1 744 8 view .LVU103
 363 0076 0094     		str	r4, [sp]
 364              	.LVL41:
 744:Middlewares/Third_Party/LibJPEG/source/jmemmgr.c **** 					    (void FAR *) ptr->mem_buffer[i],
 365              		.loc 1 744 8 view .LVU104
 366 0078 5B46     		mov	r3, fp
 367 007a 5046     		mov	r0, r10
 368 007c 6F6B     		ldr	r7, [r5, #52]
 369 007e B847     		blx	r7
 370              	.LVL42:
 371 0080 D6E7     		b	.L14
 372              	.LVL43:
 373              	.L10:
 752:Middlewares/Third_Party/LibJPEG/source/jmemmgr.c ****   }
 753:Middlewares/Third_Party/LibJPEG/source/jmemmgr.c **** }
 374              		.loc 1 753 1 view .LVU105
 375 0082 03B0     		add	sp, sp, #12
 376              	.LCFI6:
 377              		.cfi_def_cfa_offset 36
 378              		@ sp needed
 379 0084 BDE8F08F 		pop	{r4, r5, r6, r7, r8, r9, r10, fp, pc}
 380              		.loc 1 753 1 view .LVU106
 381              		.cfi_endproc
 382              	.LFE16:
 384              		.section	.text.alloc_small,"ax",%progbits
ARM GAS  /tmp/ccsPRUoP.s 			page 22


 385              		.align	1
 386              		.syntax unified
 387              		.thumb
 388              		.thumb_func
 389              		.fpu fpv4-sp-d16
 391              	alloc_small:
 392              	.LVL44:
 393              	.LFB8:
 260:Middlewares/Third_Party/LibJPEG/source/jmemmgr.c ****   my_mem_ptr mem = (my_mem_ptr) cinfo->mem;
 394              		.loc 1 260 1 is_stmt 1 view -0
 395              		.cfi_startproc
 396              		@ args = 0, pretend = 0, frame = 0
 397              		@ frame_needed = 0, uses_anonymous_args = 0
 260:Middlewares/Third_Party/LibJPEG/source/jmemmgr.c ****   my_mem_ptr mem = (my_mem_ptr) cinfo->mem;
 398              		.loc 1 260 1 is_stmt 0 view .LVU108
 399 0000 2DE9F84F 		push	{r3, r4, r5, r6, r7, r8, r9, r10, fp, lr}
 400              	.LCFI7:
 401              		.cfi_def_cfa_offset 40
 402              		.cfi_offset 3, -40
 403              		.cfi_offset 4, -36
 404              		.cfi_offset 5, -32
 405              		.cfi_offset 6, -28
 406              		.cfi_offset 7, -24
 407              		.cfi_offset 8, -20
 408              		.cfi_offset 9, -16
 409              		.cfi_offset 10, -12
 410              		.cfi_offset 11, -8
 411              		.cfi_offset 14, -4
 412 0004 0646     		mov	r6, r0
 413 0006 8846     		mov	r8, r1
 414 0008 1446     		mov	r4, r2
 261:Middlewares/Third_Party/LibJPEG/source/jmemmgr.c ****   small_pool_ptr hdr_ptr, prev_hdr_ptr;
 415              		.loc 1 261 3 is_stmt 1 view .LVU109
 261:Middlewares/Third_Party/LibJPEG/source/jmemmgr.c ****   small_pool_ptr hdr_ptr, prev_hdr_ptr;
 416              		.loc 1 261 14 is_stmt 0 view .LVU110
 417 000a D0F804B0 		ldr	fp, [r0, #4]
 418              	.LVL45:
 262:Middlewares/Third_Party/LibJPEG/source/jmemmgr.c ****   char * data_ptr;
 419              		.loc 1 262 3 is_stmt 1 view .LVU111
 263:Middlewares/Third_Party/LibJPEG/source/jmemmgr.c ****   size_t odd_bytes, min_request, slop;
 420              		.loc 1 263 3 view .LVU112
 264:Middlewares/Third_Party/LibJPEG/source/jmemmgr.c **** 
 421              		.loc 1 264 3 view .LVU113
 267:Middlewares/Third_Party/LibJPEG/source/jmemmgr.c ****     out_of_memory(cinfo, 1);	/* request exceeds malloc's ability */
 422              		.loc 1 267 3 view .LVU114
 267:Middlewares/Third_Party/LibJPEG/source/jmemmgr.c ****     out_of_memory(cinfo, 1);	/* request exceeds malloc's ability */
 423              		.loc 1 267 6 is_stmt 0 view .LVU115
 424 000e 4FF6F073 		movw	r3, #65520
 425 0012 9A42     		cmp	r2, r3
 426 0014 18D8     		bhi	.L33
 427              	.LVL46:
 428              	.L18:
 271:Middlewares/Third_Party/LibJPEG/source/jmemmgr.c ****   if (odd_bytes > 0)
 429              		.loc 1 271 3 is_stmt 1 view .LVU116
 272:Middlewares/Third_Party/LibJPEG/source/jmemmgr.c ****     sizeofobject += SIZEOF(ALIGN_TYPE) - odd_bytes;
 430              		.loc 1 272 3 view .LVU117
 272:Middlewares/Third_Party/LibJPEG/source/jmemmgr.c ****     sizeofobject += SIZEOF(ALIGN_TYPE) - odd_bytes;
ARM GAS  /tmp/ccsPRUoP.s 			page 23


 431              		.loc 1 272 6 is_stmt 0 view .LVU118
 432 0016 14F00703 		ands	r3, r4, #7
 433              	.LVL47:
 272:Middlewares/Third_Party/LibJPEG/source/jmemmgr.c ****     sizeofobject += SIZEOF(ALIGN_TYPE) - odd_bytes;
 434              		.loc 1 272 6 view .LVU119
 435 001a 01D0     		beq	.L19
 273:Middlewares/Third_Party/LibJPEG/source/jmemmgr.c **** 
 436              		.loc 1 273 5 is_stmt 1 view .LVU120
 273:Middlewares/Third_Party/LibJPEG/source/jmemmgr.c **** 
 437              		.loc 1 273 18 is_stmt 0 view .LVU121
 438 001c E41A     		subs	r4, r4, r3
 439              	.LVL48:
 273:Middlewares/Third_Party/LibJPEG/source/jmemmgr.c **** 
 440              		.loc 1 273 18 view .LVU122
 441 001e 0834     		adds	r4, r4, #8
 442              	.LVL49:
 443              	.L19:
 276:Middlewares/Third_Party/LibJPEG/source/jmemmgr.c ****     ERREXIT1(cinfo, JERR_BAD_POOL_ID, pool_id);	/* safety check */
 444              		.loc 1 276 3 is_stmt 1 view .LVU123
 276:Middlewares/Third_Party/LibJPEG/source/jmemmgr.c ****     ERREXIT1(cinfo, JERR_BAD_POOL_ID, pool_id);	/* safety check */
 445              		.loc 1 276 6 is_stmt 0 view .LVU124
 446 0020 B8F1010F 		cmp	r8, #1
 447 0024 09D9     		bls	.L20
 277:Middlewares/Third_Party/LibJPEG/source/jmemmgr.c ****   prev_hdr_ptr = NULL;
 448              		.loc 1 277 5 is_stmt 1 view .LVU125
 449 0026 3368     		ldr	r3, [r6]
 450              	.LVL50:
 277:Middlewares/Third_Party/LibJPEG/source/jmemmgr.c ****   prev_hdr_ptr = NULL;
 451              		.loc 1 277 5 is_stmt 0 view .LVU126
 452 0028 0F22     		movs	r2, #15
 453 002a 5A61     		str	r2, [r3, #20]
 454 002c 3368     		ldr	r3, [r6]
 455 002e C3F81880 		str	r8, [r3, #24]
 456 0032 3368     		ldr	r3, [r6]
 457 0034 1B68     		ldr	r3, [r3]
 458 0036 3046     		mov	r0, r6
 459 0038 9847     		blx	r3
 460              	.LVL51:
 461              	.L20:
 278:Middlewares/Third_Party/LibJPEG/source/jmemmgr.c ****   hdr_ptr = mem->small_list[pool_id];
 462              		.loc 1 278 3 is_stmt 1 view .LVU127
 279:Middlewares/Third_Party/LibJPEG/source/jmemmgr.c ****   while (hdr_ptr != NULL) {
 463              		.loc 1 279 3 view .LVU128
 279:Middlewares/Third_Party/LibJPEG/source/jmemmgr.c ****   while (hdr_ptr != NULL) {
 464              		.loc 1 279 11 is_stmt 0 view .LVU129
 465 003a 08F10C03 		add	r3, r8, #12
 466 003e 0BEB8303 		add	r3, fp, r3, lsl #2
 467 0042 5B68     		ldr	r3, [r3, #4]
 468              	.LVL52:
 280:Middlewares/Third_Party/LibJPEG/source/jmemmgr.c ****     if (hdr_ptr->hdr.bytes_left >= sizeofobject)
 469              		.loc 1 280 3 is_stmt 1 view .LVU130
 278:Middlewares/Third_Party/LibJPEG/source/jmemmgr.c ****   hdr_ptr = mem->small_list[pool_id];
 470              		.loc 1 278 16 is_stmt 0 view .LVU131
 471 0044 0027     		movs	r7, #0
 280:Middlewares/Third_Party/LibJPEG/source/jmemmgr.c ****     if (hdr_ptr->hdr.bytes_left >= sizeofobject)
 472              		.loc 1 280 9 view .LVU132
 473 0046 05E0     		b	.L21
ARM GAS  /tmp/ccsPRUoP.s 			page 24


 474              	.LVL53:
 475              	.L33:
 268:Middlewares/Third_Party/LibJPEG/source/jmemmgr.c **** 
 476              		.loc 1 268 5 is_stmt 1 view .LVU133
 477 0048 0121     		movs	r1, #1
 478              	.LVL54:
 268:Middlewares/Third_Party/LibJPEG/source/jmemmgr.c **** 
 479              		.loc 1 268 5 is_stmt 0 view .LVU134
 480 004a FFF7FEFF 		bl	out_of_memory
 481              	.LVL55:
 268:Middlewares/Third_Party/LibJPEG/source/jmemmgr.c **** 
 482              		.loc 1 268 5 view .LVU135
 483 004e E2E7     		b	.L18
 484              	.LVL56:
 485              	.L34:
 283:Middlewares/Third_Party/LibJPEG/source/jmemmgr.c ****     hdr_ptr = hdr_ptr->hdr.next;
 486              		.loc 1 283 5 is_stmt 1 view .LVU136
 284:Middlewares/Third_Party/LibJPEG/source/jmemmgr.c ****   }
 487              		.loc 1 284 5 view .LVU137
 283:Middlewares/Third_Party/LibJPEG/source/jmemmgr.c ****     hdr_ptr = hdr_ptr->hdr.next;
 488              		.loc 1 283 18 is_stmt 0 view .LVU138
 489 0050 1F46     		mov	r7, r3
 284:Middlewares/Third_Party/LibJPEG/source/jmemmgr.c ****   }
 490              		.loc 1 284 13 view .LVU139
 491 0052 1B68     		ldr	r3, [r3]
 492              	.LVL57:
 493              	.L21:
 280:Middlewares/Third_Party/LibJPEG/source/jmemmgr.c ****     if (hdr_ptr->hdr.bytes_left >= sizeofobject)
 494              		.loc 1 280 9 is_stmt 1 view .LVU140
 495 0054 13B1     		cbz	r3, .L22
 281:Middlewares/Third_Party/LibJPEG/source/jmemmgr.c ****       break;			/* found pool with enough space */
 496              		.loc 1 281 5 view .LVU141
 281:Middlewares/Third_Party/LibJPEG/source/jmemmgr.c ****       break;			/* found pool with enough space */
 497              		.loc 1 281 21 is_stmt 0 view .LVU142
 498 0056 9A68     		ldr	r2, [r3, #8]
 281:Middlewares/Third_Party/LibJPEG/source/jmemmgr.c ****       break;			/* found pool with enough space */
 499              		.loc 1 281 8 view .LVU143
 500 0058 A242     		cmp	r2, r4
 501 005a F9D3     		bcc	.L34
 502              	.L22:
 288:Middlewares/Third_Party/LibJPEG/source/jmemmgr.c ****     /* min_request is what we need now, slop is what will be leftover */
 503              		.loc 1 288 3 is_stmt 1 view .LVU144
 288:Middlewares/Third_Party/LibJPEG/source/jmemmgr.c ****     /* min_request is what we need now, slop is what will be leftover */
 504              		.loc 1 288 6 is_stmt 0 view .LVU145
 505 005c 53B1     		cbz	r3, .L35
 506              	.LVL58:
 507              	.L24:
 319:Middlewares/Third_Party/LibJPEG/source/jmemmgr.c ****   data_ptr += hdr_ptr->hdr.bytes_used; /* point to place for object */
 508              		.loc 1 319 3 is_stmt 1 view .LVU146
 320:Middlewares/Third_Party/LibJPEG/source/jmemmgr.c ****   hdr_ptr->hdr.bytes_used += sizeofobject;
 509              		.loc 1 320 3 view .LVU147
 320:Middlewares/Third_Party/LibJPEG/source/jmemmgr.c ****   hdr_ptr->hdr.bytes_used += sizeofobject;
 510              		.loc 1 320 27 is_stmt 0 view .LVU148
 511 005e 5A68     		ldr	r2, [r3, #4]
 320:Middlewares/Third_Party/LibJPEG/source/jmemmgr.c ****   hdr_ptr->hdr.bytes_used += sizeofobject;
 512              		.loc 1 320 12 view .LVU149
 513 0060 02F11000 		add	r0, r2, #16
ARM GAS  /tmp/ccsPRUoP.s 			page 25


 514              	.LVL59:
 321:Middlewares/Third_Party/LibJPEG/source/jmemmgr.c ****   hdr_ptr->hdr.bytes_left -= sizeofobject;
 515              		.loc 1 321 3 is_stmt 1 view .LVU150
 321:Middlewares/Third_Party/LibJPEG/source/jmemmgr.c ****   hdr_ptr->hdr.bytes_left -= sizeofobject;
 516              		.loc 1 321 27 is_stmt 0 view .LVU151
 517 0064 2244     		add	r2, r2, r4
 518 0066 5A60     		str	r2, [r3, #4]
 322:Middlewares/Third_Party/LibJPEG/source/jmemmgr.c **** 
 519              		.loc 1 322 3 is_stmt 1 view .LVU152
 322:Middlewares/Third_Party/LibJPEG/source/jmemmgr.c **** 
 520              		.loc 1 322 27 is_stmt 0 view .LVU153
 521 0068 9A68     		ldr	r2, [r3, #8]
 522 006a 121B     		subs	r2, r2, r4
 523 006c 9A60     		str	r2, [r3, #8]
 324:Middlewares/Third_Party/LibJPEG/source/jmemmgr.c **** }
 524              		.loc 1 324 3 is_stmt 1 view .LVU154
 325:Middlewares/Third_Party/LibJPEG/source/jmemmgr.c **** 
 525              		.loc 1 325 1 is_stmt 0 view .LVU155
 526 006e 1844     		add	r0, r0, r3
 527              	.LVL60:
 325:Middlewares/Third_Party/LibJPEG/source/jmemmgr.c **** 
 528              		.loc 1 325 1 view .LVU156
 529 0070 BDE8F88F 		pop	{r3, r4, r5, r6, r7, r8, r9, r10, fp, pc}
 530              	.LVL61:
 531              	.L35:
 290:Middlewares/Third_Party/LibJPEG/source/jmemmgr.c ****     if (prev_hdr_ptr == NULL)	/* first pool in class? */
 532              		.loc 1 290 5 is_stmt 1 view .LVU157
 290:Middlewares/Third_Party/LibJPEG/source/jmemmgr.c ****     if (prev_hdr_ptr == NULL)	/* first pool in class? */
 533              		.loc 1 290 17 is_stmt 0 view .LVU158
 534 0074 04F1100A 		add	r10, r4, #16
 535              	.LVL62:
 291:Middlewares/Third_Party/LibJPEG/source/jmemmgr.c ****       slop = first_pool_slop[pool_id];
 536              		.loc 1 291 5 is_stmt 1 view .LVU159
 291:Middlewares/Third_Party/LibJPEG/source/jmemmgr.c ****       slop = first_pool_slop[pool_id];
 537              		.loc 1 291 8 is_stmt 0 view .LVU160
 538 0078 47B1     		cbz	r7, .L36
 294:Middlewares/Third_Party/LibJPEG/source/jmemmgr.c ****     /* Don't ask for more than MAX_ALLOC_CHUNK */
 539              		.loc 1 294 7 is_stmt 1 view .LVU161
 294:Middlewares/Third_Party/LibJPEG/source/jmemmgr.c ****     /* Don't ask for more than MAX_ALLOC_CHUNK */
 540              		.loc 1 294 12 is_stmt 0 view .LVU162
 541 007a 194B     		ldr	r3, .L38
 542              	.LVL63:
 294:Middlewares/Third_Party/LibJPEG/source/jmemmgr.c ****     /* Don't ask for more than MAX_ALLOC_CHUNK */
 543              		.loc 1 294 12 view .LVU163
 544 007c 53F82830 		ldr	r3, [r3, r8, lsl #2]
 545              	.LVL64:
 546              	.L26:
 296:Middlewares/Third_Party/LibJPEG/source/jmemmgr.c ****       slop = (size_t) (MAX_ALLOC_CHUNK-min_request);
 547              		.loc 1 296 5 is_stmt 1 view .LVU164
 296:Middlewares/Third_Party/LibJPEG/source/jmemmgr.c ****       slop = (size_t) (MAX_ALLOC_CHUNK-min_request);
 548              		.loc 1 296 41 is_stmt 0 view .LVU165
 549 0080 CAF58035 		rsb	r5, r10, #65536
 296:Middlewares/Third_Party/LibJPEG/source/jmemmgr.c ****       slop = (size_t) (MAX_ALLOC_CHUNK-min_request);
 550              		.loc 1 296 8 view .LVU166
 551 0084 9D42     		cmp	r5, r3
 552 0086 06D3     		bcc	.L28
 296:Middlewares/Third_Party/LibJPEG/source/jmemmgr.c ****       slop = (size_t) (MAX_ALLOC_CHUNK-min_request);
ARM GAS  /tmp/ccsPRUoP.s 			page 26


 553              		.loc 1 296 8 view .LVU167
 554 0088 1D46     		mov	r5, r3
 555              	.LVL65:
 296:Middlewares/Third_Party/LibJPEG/source/jmemmgr.c ****       slop = (size_t) (MAX_ALLOC_CHUNK-min_request);
 556              		.loc 1 296 8 view .LVU168
 557 008a 04E0     		b	.L28
 558              	.LVL66:
 559              	.L36:
 292:Middlewares/Third_Party/LibJPEG/source/jmemmgr.c ****     else
 560              		.loc 1 292 7 is_stmt 1 view .LVU169
 292:Middlewares/Third_Party/LibJPEG/source/jmemmgr.c ****     else
 561              		.loc 1 292 12 is_stmt 0 view .LVU170
 562 008c 154B     		ldr	r3, .L38+4
 563              	.LVL67:
 292:Middlewares/Third_Party/LibJPEG/source/jmemmgr.c ****     else
 564              		.loc 1 292 12 view .LVU171
 565 008e 53F82830 		ldr	r3, [r3, r8, lsl #2]
 566              	.LVL68:
 292:Middlewares/Third_Party/LibJPEG/source/jmemmgr.c ****     else
 567              		.loc 1 292 12 view .LVU172
 568 0092 F5E7     		b	.L26
 569              	.LVL69:
 570              	.L30:
 296:Middlewares/Third_Party/LibJPEG/source/jmemmgr.c ****       slop = (size_t) (MAX_ALLOC_CHUNK-min_request);
 571              		.loc 1 296 8 view .LVU173
 572 0094 4D46     		mov	r5, r9
 573              	.LVL70:
 574              	.L28:
 299:Middlewares/Third_Party/LibJPEG/source/jmemmgr.c ****       hdr_ptr = (small_pool_ptr) jpeg_get_small(cinfo, min_request + slop);
 575              		.loc 1 299 5 is_stmt 1 view .LVU174
 300:Middlewares/Third_Party/LibJPEG/source/jmemmgr.c ****       if (hdr_ptr != NULL)
 576              		.loc 1 300 7 view .LVU175
 300:Middlewares/Third_Party/LibJPEG/source/jmemmgr.c ****       if (hdr_ptr != NULL)
 577              		.loc 1 300 34 is_stmt 0 view .LVU176
 578 0096 05EB0A09 		add	r9, r5, r10
 579 009a 4946     		mov	r1, r9
 580 009c 3046     		mov	r0, r6
 581 009e FFF7FEFF 		bl	jpeg_get_small
 582              	.LVL71:
 301:Middlewares/Third_Party/LibJPEG/source/jmemmgr.c **** 	break;
 583              		.loc 1 301 7 is_stmt 1 view .LVU177
 301:Middlewares/Third_Party/LibJPEG/source/jmemmgr.c **** 	break;
 584              		.loc 1 301 10 is_stmt 0 view .LVU178
 585 00a2 0346     		mov	r3, r0
 586 00a4 40B9     		cbnz	r0, .L29
 303:Middlewares/Third_Party/LibJPEG/source/jmemmgr.c ****       if (slop < MIN_SLOP)	/* give up when it gets real small */
 587              		.loc 1 303 7 is_stmt 1 view .LVU179
 303:Middlewares/Third_Party/LibJPEG/source/jmemmgr.c ****       if (slop < MIN_SLOP)	/* give up when it gets real small */
 588              		.loc 1 303 12 is_stmt 0 view .LVU180
 589 00a6 4FEA5509 		lsr	r9, r5, #1
 590              	.LVL72:
 304:Middlewares/Third_Party/LibJPEG/source/jmemmgr.c **** 	out_of_memory(cinfo, 2); /* jpeg_get_small failed */
 591              		.loc 1 304 7 is_stmt 1 view .LVU181
 304:Middlewares/Third_Party/LibJPEG/source/jmemmgr.c **** 	out_of_memory(cinfo, 2); /* jpeg_get_small failed */
 592              		.loc 1 304 10 is_stmt 0 view .LVU182
 593 00aa 632D     		cmp	r5, #99
 594 00ac F2D8     		bhi	.L30
ARM GAS  /tmp/ccsPRUoP.s 			page 27


 305:Middlewares/Third_Party/LibJPEG/source/jmemmgr.c ****     }
 595              		.loc 1 305 2 is_stmt 1 view .LVU183
 596 00ae 0221     		movs	r1, #2
 597 00b0 3046     		mov	r0, r6
 598              	.LVL73:
 305:Middlewares/Third_Party/LibJPEG/source/jmemmgr.c ****     }
 599              		.loc 1 305 2 is_stmt 0 view .LVU184
 600 00b2 FFF7FEFF 		bl	out_of_memory
 601              	.LVL74:
 305:Middlewares/Third_Party/LibJPEG/source/jmemmgr.c ****     }
 602              		.loc 1 305 2 view .LVU185
 603 00b6 EDE7     		b	.L30
 604              	.LVL75:
 605              	.L29:
 307:Middlewares/Third_Party/LibJPEG/source/jmemmgr.c ****     /* Success, initialize the new pool header and add to end of list */
 606              		.loc 1 307 5 is_stmt 1 view .LVU186
 307:Middlewares/Third_Party/LibJPEG/source/jmemmgr.c ****     /* Success, initialize the new pool header and add to end of list */
 607              		.loc 1 307 32 is_stmt 0 view .LVU187
 608 00b8 DBF84C20 		ldr	r2, [fp, #76]
 609 00bc 4A44     		add	r2, r2, r9
 610 00be CBF84C20 		str	r2, [fp, #76]
 309:Middlewares/Third_Party/LibJPEG/source/jmemmgr.c ****     hdr_ptr->hdr.bytes_used = 0;
 611              		.loc 1 309 5 is_stmt 1 view .LVU188
 309:Middlewares/Third_Party/LibJPEG/source/jmemmgr.c ****     hdr_ptr->hdr.bytes_used = 0;
 612              		.loc 1 309 23 is_stmt 0 view .LVU189
 613 00c2 0022     		movs	r2, #0
 614 00c4 0260     		str	r2, [r0]
 310:Middlewares/Third_Party/LibJPEG/source/jmemmgr.c ****     hdr_ptr->hdr.bytes_left = sizeofobject + slop;
 615              		.loc 1 310 5 is_stmt 1 view .LVU190
 310:Middlewares/Third_Party/LibJPEG/source/jmemmgr.c ****     hdr_ptr->hdr.bytes_left = sizeofobject + slop;
 616              		.loc 1 310 29 is_stmt 0 view .LVU191
 617 00c6 4260     		str	r2, [r0, #4]
 311:Middlewares/Third_Party/LibJPEG/source/jmemmgr.c ****     if (prev_hdr_ptr == NULL)	/* first pool in class? */
 618              		.loc 1 311 5 is_stmt 1 view .LVU192
 311:Middlewares/Third_Party/LibJPEG/source/jmemmgr.c ****     if (prev_hdr_ptr == NULL)	/* first pool in class? */
 619              		.loc 1 311 44 is_stmt 0 view .LVU193
 620 00c8 2544     		add	r5, r5, r4
 621              	.LVL76:
 311:Middlewares/Third_Party/LibJPEG/source/jmemmgr.c ****     if (prev_hdr_ptr == NULL)	/* first pool in class? */
 622              		.loc 1 311 29 view .LVU194
 623 00ca 8560     		str	r5, [r0, #8]
 312:Middlewares/Third_Party/LibJPEG/source/jmemmgr.c ****       mem->small_list[pool_id] = hdr_ptr;
 624              		.loc 1 312 5 is_stmt 1 view .LVU195
 312:Middlewares/Third_Party/LibJPEG/source/jmemmgr.c ****       mem->small_list[pool_id] = hdr_ptr;
 625              		.loc 1 312 8 is_stmt 0 view .LVU196
 626 00cc 0FB1     		cbz	r7, .L37
 315:Middlewares/Third_Party/LibJPEG/source/jmemmgr.c ****   }
 627              		.loc 1 315 7 is_stmt 1 view .LVU197
 315:Middlewares/Third_Party/LibJPEG/source/jmemmgr.c ****   }
 628              		.loc 1 315 30 is_stmt 0 view .LVU198
 629 00ce 3860     		str	r0, [r7]
 630 00d0 C5E7     		b	.L24
 631              	.L37:
 313:Middlewares/Third_Party/LibJPEG/source/jmemmgr.c ****     else
 632              		.loc 1 313 7 is_stmt 1 view .LVU199
 313:Middlewares/Third_Party/LibJPEG/source/jmemmgr.c ****     else
 633              		.loc 1 313 32 is_stmt 0 view .LVU200
ARM GAS  /tmp/ccsPRUoP.s 			page 28


 634 00d2 08F10C08 		add	r8, r8, #12
 635              	.LVL77:
 313:Middlewares/Third_Party/LibJPEG/source/jmemmgr.c ****     else
 636              		.loc 1 313 32 view .LVU201
 637 00d6 0BEB8808 		add	r8, fp, r8, lsl #2
 638              	.LVL78:
 313:Middlewares/Third_Party/LibJPEG/source/jmemmgr.c ****     else
 639              		.loc 1 313 32 view .LVU202
 640 00da C8F80400 		str	r0, [r8, #4]
 641 00de BEE7     		b	.L24
 642              	.L39:
 643              		.align	2
 644              	.L38:
 645 00e0 00000000 		.word	.LANCHOR1
 646 00e4 00000000 		.word	.LANCHOR0
 647              		.cfi_endproc
 648              	.LFE8:
 650              		.section	.text.request_virt_barray,"ax",%progbits
 651              		.align	1
 652              		.syntax unified
 653              		.thumb
 654              		.thumb_func
 655              		.fpu fpv4-sp-d16
 657              	request_virt_barray:
 658              	.LVL79:
 659              	.LFB13:
 558:Middlewares/Third_Party/LibJPEG/source/jmemmgr.c ****   my_mem_ptr mem = (my_mem_ptr) cinfo->mem;
 660              		.loc 1 558 1 is_stmt 1 view -0
 661              		.cfi_startproc
 662              		@ args = 8, pretend = 0, frame = 0
 663              		@ frame_needed = 0, uses_anonymous_args = 0
 558:Middlewares/Third_Party/LibJPEG/source/jmemmgr.c ****   my_mem_ptr mem = (my_mem_ptr) cinfo->mem;
 664              		.loc 1 558 1 is_stmt 0 view .LVU204
 665 0000 2DE9F041 		push	{r4, r5, r6, r7, r8, lr}
 666              	.LCFI8:
 667              		.cfi_def_cfa_offset 24
 668              		.cfi_offset 4, -24
 669              		.cfi_offset 5, -20
 670              		.cfi_offset 6, -16
 671              		.cfi_offset 7, -12
 672              		.cfi_offset 8, -8
 673              		.cfi_offset 14, -4
 674 0004 0446     		mov	r4, r0
 675 0006 0D46     		mov	r5, r1
 676 0008 1646     		mov	r6, r2
 677 000a 1F46     		mov	r7, r3
 559:Middlewares/Third_Party/LibJPEG/source/jmemmgr.c ****   jvirt_barray_ptr result;
 678              		.loc 1 559 3 is_stmt 1 view .LVU205
 559:Middlewares/Third_Party/LibJPEG/source/jmemmgr.c ****   jvirt_barray_ptr result;
 679              		.loc 1 559 14 is_stmt 0 view .LVU206
 680 000c D0F80480 		ldr	r8, [r0, #4]
 681              	.LVL80:
 560:Middlewares/Third_Party/LibJPEG/source/jmemmgr.c **** 
 682              		.loc 1 560 3 is_stmt 1 view .LVU207
 563:Middlewares/Third_Party/LibJPEG/source/jmemmgr.c ****     ERREXIT1(cinfo, JERR_BAD_POOL_ID, pool_id);	/* safety check */
 683              		.loc 1 563 3 view .LVU208
 563:Middlewares/Third_Party/LibJPEG/source/jmemmgr.c ****     ERREXIT1(cinfo, JERR_BAD_POOL_ID, pool_id);	/* safety check */
ARM GAS  /tmp/ccsPRUoP.s 			page 29


 684              		.loc 1 563 6 is_stmt 0 view .LVU209
 685 0010 0129     		cmp	r1, #1
 686 0012 07D0     		beq	.L41
 564:Middlewares/Third_Party/LibJPEG/source/jmemmgr.c **** 
 687              		.loc 1 564 5 is_stmt 1 view .LVU210
 688 0014 0368     		ldr	r3, [r0]
 689              	.LVL81:
 564:Middlewares/Third_Party/LibJPEG/source/jmemmgr.c **** 
 690              		.loc 1 564 5 is_stmt 0 view .LVU211
 691 0016 0F22     		movs	r2, #15
 692              	.LVL82:
 564:Middlewares/Third_Party/LibJPEG/source/jmemmgr.c **** 
 693              		.loc 1 564 5 view .LVU212
 694 0018 5A61     		str	r2, [r3, #20]
 695 001a 0368     		ldr	r3, [r0]
 696 001c 9961     		str	r1, [r3, #24]
 697 001e 0368     		ldr	r3, [r0]
 698 0020 1B68     		ldr	r3, [r3]
 699 0022 9847     		blx	r3
 700              	.LVL83:
 701              	.L41:
 567:Middlewares/Third_Party/LibJPEG/source/jmemmgr.c **** 					  SIZEOF(struct jvirt_barray_control));
 702              		.loc 1 567 3 is_stmt 1 view .LVU213
 567:Middlewares/Third_Party/LibJPEG/source/jmemmgr.c **** 					  SIZEOF(struct jvirt_barray_control));
 703              		.loc 1 567 31 is_stmt 0 view .LVU214
 704 0024 3C22     		movs	r2, #60
 705 0026 2946     		mov	r1, r5
 706 0028 2046     		mov	r0, r4
 707 002a FFF7FEFF 		bl	alloc_small
 708              	.LVL84:
 570:Middlewares/Third_Party/LibJPEG/source/jmemmgr.c ****   result->rows_in_array = numrows;
 709              		.loc 1 570 3 is_stmt 1 view .LVU215
 570:Middlewares/Third_Party/LibJPEG/source/jmemmgr.c ****   result->rows_in_array = numrows;
 710              		.loc 1 570 22 is_stmt 0 view .LVU216
 711 002e 0023     		movs	r3, #0
 712 0030 0360     		str	r3, [r0]
 571:Middlewares/Third_Party/LibJPEG/source/jmemmgr.c ****   result->blocksperrow = blocksperrow;
 713              		.loc 1 571 3 is_stmt 1 view .LVU217
 571:Middlewares/Third_Party/LibJPEG/source/jmemmgr.c ****   result->blocksperrow = blocksperrow;
 714              		.loc 1 571 25 is_stmt 0 view .LVU218
 715 0032 069A     		ldr	r2, [sp, #24]
 716 0034 4260     		str	r2, [r0, #4]
 572:Middlewares/Third_Party/LibJPEG/source/jmemmgr.c ****   result->maxaccess = maxaccess;
 717              		.loc 1 572 3 is_stmt 1 view .LVU219
 572:Middlewares/Third_Party/LibJPEG/source/jmemmgr.c ****   result->maxaccess = maxaccess;
 718              		.loc 1 572 24 is_stmt 0 view .LVU220
 719 0036 8760     		str	r7, [r0, #8]
 573:Middlewares/Third_Party/LibJPEG/source/jmemmgr.c ****   result->pre_zero = pre_zero;
 720              		.loc 1 573 3 is_stmt 1 view .LVU221
 573:Middlewares/Third_Party/LibJPEG/source/jmemmgr.c ****   result->pre_zero = pre_zero;
 721              		.loc 1 573 21 is_stmt 0 view .LVU222
 722 0038 079A     		ldr	r2, [sp, #28]
 723 003a C260     		str	r2, [r0, #12]
 574:Middlewares/Third_Party/LibJPEG/source/jmemmgr.c ****   result->b_s_open = FALSE;	/* no associated backing-store object */
 724              		.loc 1 574 3 is_stmt 1 view .LVU223
 574:Middlewares/Third_Party/LibJPEG/source/jmemmgr.c ****   result->b_s_open = FALSE;	/* no associated backing-store object */
 725              		.loc 1 574 20 is_stmt 0 view .LVU224
ARM GAS  /tmp/ccsPRUoP.s 			page 30


 726 003c 0662     		str	r6, [r0, #32]
 575:Middlewares/Third_Party/LibJPEG/source/jmemmgr.c ****   result->next = mem->virt_barray_list; /* add to list of virtual arrays */
 727              		.loc 1 575 3 is_stmt 1 view .LVU225
 575:Middlewares/Third_Party/LibJPEG/source/jmemmgr.c ****   result->next = mem->virt_barray_list; /* add to list of virtual arrays */
 728              		.loc 1 575 20 is_stmt 0 view .LVU226
 729 003e 8362     		str	r3, [r0, #40]
 576:Middlewares/Third_Party/LibJPEG/source/jmemmgr.c ****   mem->virt_barray_list = result;
 730              		.loc 1 576 3 is_stmt 1 view .LVU227
 576:Middlewares/Third_Party/LibJPEG/source/jmemmgr.c ****   mem->virt_barray_list = result;
 731              		.loc 1 576 21 is_stmt 0 view .LVU228
 732 0040 D8F84830 		ldr	r3, [r8, #72]
 576:Middlewares/Third_Party/LibJPEG/source/jmemmgr.c ****   mem->virt_barray_list = result;
 733              		.loc 1 576 16 view .LVU229
 734 0044 C362     		str	r3, [r0, #44]
 577:Middlewares/Third_Party/LibJPEG/source/jmemmgr.c **** 
 735              		.loc 1 577 3 is_stmt 1 view .LVU230
 577:Middlewares/Third_Party/LibJPEG/source/jmemmgr.c **** 
 736              		.loc 1 577 25 is_stmt 0 view .LVU231
 737 0046 C8F84800 		str	r0, [r8, #72]
 579:Middlewares/Third_Party/LibJPEG/source/jmemmgr.c **** }
 738              		.loc 1 579 3 is_stmt 1 view .LVU232
 580:Middlewares/Third_Party/LibJPEG/source/jmemmgr.c **** 
 739              		.loc 1 580 1 is_stmt 0 view .LVU233
 740 004a BDE8F081 		pop	{r4, r5, r6, r7, r8, pc}
 580:Middlewares/Third_Party/LibJPEG/source/jmemmgr.c **** 
 741              		.loc 1 580 1 view .LVU234
 742              		.cfi_endproc
 743              	.LFE13:
 745              		.section	.text.request_virt_sarray,"ax",%progbits
 746              		.align	1
 747              		.syntax unified
 748              		.thumb
 749              		.thumb_func
 750              		.fpu fpv4-sp-d16
 752              	request_virt_sarray:
 753              	.LVL85:
 754              	.LFB12:
 528:Middlewares/Third_Party/LibJPEG/source/jmemmgr.c ****   my_mem_ptr mem = (my_mem_ptr) cinfo->mem;
 755              		.loc 1 528 1 is_stmt 1 view -0
 756              		.cfi_startproc
 757              		@ args = 8, pretend = 0, frame = 0
 758              		@ frame_needed = 0, uses_anonymous_args = 0
 528:Middlewares/Third_Party/LibJPEG/source/jmemmgr.c ****   my_mem_ptr mem = (my_mem_ptr) cinfo->mem;
 759              		.loc 1 528 1 is_stmt 0 view .LVU236
 760 0000 2DE9F041 		push	{r4, r5, r6, r7, r8, lr}
 761              	.LCFI9:
 762              		.cfi_def_cfa_offset 24
 763              		.cfi_offset 4, -24
 764              		.cfi_offset 5, -20
 765              		.cfi_offset 6, -16
 766              		.cfi_offset 7, -12
 767              		.cfi_offset 8, -8
 768              		.cfi_offset 14, -4
 769 0004 0446     		mov	r4, r0
 770 0006 0D46     		mov	r5, r1
 771 0008 1646     		mov	r6, r2
 772 000a 1F46     		mov	r7, r3
ARM GAS  /tmp/ccsPRUoP.s 			page 31


 529:Middlewares/Third_Party/LibJPEG/source/jmemmgr.c ****   jvirt_sarray_ptr result;
 773              		.loc 1 529 3 is_stmt 1 view .LVU237
 529:Middlewares/Third_Party/LibJPEG/source/jmemmgr.c ****   jvirt_sarray_ptr result;
 774              		.loc 1 529 14 is_stmt 0 view .LVU238
 775 000c D0F80480 		ldr	r8, [r0, #4]
 776              	.LVL86:
 530:Middlewares/Third_Party/LibJPEG/source/jmemmgr.c **** 
 777              		.loc 1 530 3 is_stmt 1 view .LVU239
 533:Middlewares/Third_Party/LibJPEG/source/jmemmgr.c ****     ERREXIT1(cinfo, JERR_BAD_POOL_ID, pool_id);	/* safety check */
 778              		.loc 1 533 3 view .LVU240
 533:Middlewares/Third_Party/LibJPEG/source/jmemmgr.c ****     ERREXIT1(cinfo, JERR_BAD_POOL_ID, pool_id);	/* safety check */
 779              		.loc 1 533 6 is_stmt 0 view .LVU241
 780 0010 0129     		cmp	r1, #1
 781 0012 07D0     		beq	.L44
 534:Middlewares/Third_Party/LibJPEG/source/jmemmgr.c **** 
 782              		.loc 1 534 5 is_stmt 1 view .LVU242
 783 0014 0368     		ldr	r3, [r0]
 784              	.LVL87:
 534:Middlewares/Third_Party/LibJPEG/source/jmemmgr.c **** 
 785              		.loc 1 534 5 is_stmt 0 view .LVU243
 786 0016 0F22     		movs	r2, #15
 787              	.LVL88:
 534:Middlewares/Third_Party/LibJPEG/source/jmemmgr.c **** 
 788              		.loc 1 534 5 view .LVU244
 789 0018 5A61     		str	r2, [r3, #20]
 790 001a 0368     		ldr	r3, [r0]
 791 001c 9961     		str	r1, [r3, #24]
 792 001e 0368     		ldr	r3, [r0]
 793 0020 1B68     		ldr	r3, [r3]
 794 0022 9847     		blx	r3
 795              	.LVL89:
 796              	.L44:
 537:Middlewares/Third_Party/LibJPEG/source/jmemmgr.c **** 					  SIZEOF(struct jvirt_sarray_control));
 797              		.loc 1 537 3 is_stmt 1 view .LVU245
 537:Middlewares/Third_Party/LibJPEG/source/jmemmgr.c **** 					  SIZEOF(struct jvirt_sarray_control));
 798              		.loc 1 537 31 is_stmt 0 view .LVU246
 799 0024 3C22     		movs	r2, #60
 800 0026 2946     		mov	r1, r5
 801 0028 2046     		mov	r0, r4
 802 002a FFF7FEFF 		bl	alloc_small
 803              	.LVL90:
 540:Middlewares/Third_Party/LibJPEG/source/jmemmgr.c ****   result->rows_in_array = numrows;
 804              		.loc 1 540 3 is_stmt 1 view .LVU247
 540:Middlewares/Third_Party/LibJPEG/source/jmemmgr.c ****   result->rows_in_array = numrows;
 805              		.loc 1 540 22 is_stmt 0 view .LVU248
 806 002e 0023     		movs	r3, #0
 807 0030 0360     		str	r3, [r0]
 541:Middlewares/Third_Party/LibJPEG/source/jmemmgr.c ****   result->samplesperrow = samplesperrow;
 808              		.loc 1 541 3 is_stmt 1 view .LVU249
 541:Middlewares/Third_Party/LibJPEG/source/jmemmgr.c ****   result->samplesperrow = samplesperrow;
 809              		.loc 1 541 25 is_stmt 0 view .LVU250
 810 0032 069A     		ldr	r2, [sp, #24]
 811 0034 4260     		str	r2, [r0, #4]
 542:Middlewares/Third_Party/LibJPEG/source/jmemmgr.c ****   result->maxaccess = maxaccess;
 812              		.loc 1 542 3 is_stmt 1 view .LVU251
 542:Middlewares/Third_Party/LibJPEG/source/jmemmgr.c ****   result->maxaccess = maxaccess;
 813              		.loc 1 542 25 is_stmt 0 view .LVU252
ARM GAS  /tmp/ccsPRUoP.s 			page 32


 814 0036 8760     		str	r7, [r0, #8]
 543:Middlewares/Third_Party/LibJPEG/source/jmemmgr.c ****   result->pre_zero = pre_zero;
 815              		.loc 1 543 3 is_stmt 1 view .LVU253
 543:Middlewares/Third_Party/LibJPEG/source/jmemmgr.c ****   result->pre_zero = pre_zero;
 816              		.loc 1 543 21 is_stmt 0 view .LVU254
 817 0038 079A     		ldr	r2, [sp, #28]
 818 003a C260     		str	r2, [r0, #12]
 544:Middlewares/Third_Party/LibJPEG/source/jmemmgr.c ****   result->b_s_open = FALSE;	/* no associated backing-store object */
 819              		.loc 1 544 3 is_stmt 1 view .LVU255
 544:Middlewares/Third_Party/LibJPEG/source/jmemmgr.c ****   result->b_s_open = FALSE;	/* no associated backing-store object */
 820              		.loc 1 544 20 is_stmt 0 view .LVU256
 821 003c 0662     		str	r6, [r0, #32]
 545:Middlewares/Third_Party/LibJPEG/source/jmemmgr.c ****   result->next = mem->virt_sarray_list; /* add to list of virtual arrays */
 822              		.loc 1 545 3 is_stmt 1 view .LVU257
 545:Middlewares/Third_Party/LibJPEG/source/jmemmgr.c ****   result->next = mem->virt_sarray_list; /* add to list of virtual arrays */
 823              		.loc 1 545 20 is_stmt 0 view .LVU258
 824 003e 8362     		str	r3, [r0, #40]
 546:Middlewares/Third_Party/LibJPEG/source/jmemmgr.c ****   mem->virt_sarray_list = result;
 825              		.loc 1 546 3 is_stmt 1 view .LVU259
 546:Middlewares/Third_Party/LibJPEG/source/jmemmgr.c ****   mem->virt_sarray_list = result;
 826              		.loc 1 546 21 is_stmt 0 view .LVU260
 827 0040 D8F84430 		ldr	r3, [r8, #68]
 546:Middlewares/Third_Party/LibJPEG/source/jmemmgr.c ****   mem->virt_sarray_list = result;
 828              		.loc 1 546 16 view .LVU261
 829 0044 C362     		str	r3, [r0, #44]
 547:Middlewares/Third_Party/LibJPEG/source/jmemmgr.c **** 
 830              		.loc 1 547 3 is_stmt 1 view .LVU262
 547:Middlewares/Third_Party/LibJPEG/source/jmemmgr.c **** 
 831              		.loc 1 547 25 is_stmt 0 view .LVU263
 832 0046 C8F84400 		str	r0, [r8, #68]
 549:Middlewares/Third_Party/LibJPEG/source/jmemmgr.c **** }
 833              		.loc 1 549 3 is_stmt 1 view .LVU264
 550:Middlewares/Third_Party/LibJPEG/source/jmemmgr.c **** 
 834              		.loc 1 550 1 is_stmt 0 view .LVU265
 835 004a BDE8F081 		pop	{r4, r5, r6, r7, r8, pc}
 550:Middlewares/Third_Party/LibJPEG/source/jmemmgr.c **** 
 836              		.loc 1 550 1 view .LVU266
 837              		.cfi_endproc
 838              	.LFE12:
 840              		.section	.text.free_pool,"ax",%progbits
 841              		.align	1
 842              		.syntax unified
 843              		.thumb
 844              		.thumb_func
 845              		.fpu fpv4-sp-d16
 847              	free_pool:
 848              	.LVL91:
 849              	.LFB19:
 754:Middlewares/Third_Party/LibJPEG/source/jmemmgr.c **** 
 755:Middlewares/Third_Party/LibJPEG/source/jmemmgr.c **** 
 756:Middlewares/Third_Party/LibJPEG/source/jmemmgr.c **** METHODDEF(JSAMPARRAY)
 757:Middlewares/Third_Party/LibJPEG/source/jmemmgr.c **** access_virt_sarray (j_common_ptr cinfo, jvirt_sarray_ptr ptr,
 758:Middlewares/Third_Party/LibJPEG/source/jmemmgr.c **** 		    JDIMENSION start_row, JDIMENSION num_rows,
 759:Middlewares/Third_Party/LibJPEG/source/jmemmgr.c **** 		    boolean writable)
 760:Middlewares/Third_Party/LibJPEG/source/jmemmgr.c **** /* Access the part of a virtual sample array starting at start_row */
 761:Middlewares/Third_Party/LibJPEG/source/jmemmgr.c **** /* and extending for num_rows rows.  writable is true if  */
 762:Middlewares/Third_Party/LibJPEG/source/jmemmgr.c **** /* caller intends to modify the accessed area. */
ARM GAS  /tmp/ccsPRUoP.s 			page 33


 763:Middlewares/Third_Party/LibJPEG/source/jmemmgr.c **** {
 764:Middlewares/Third_Party/LibJPEG/source/jmemmgr.c ****   JDIMENSION end_row = start_row + num_rows;
 765:Middlewares/Third_Party/LibJPEG/source/jmemmgr.c ****   JDIMENSION undef_row;
 766:Middlewares/Third_Party/LibJPEG/source/jmemmgr.c **** 
 767:Middlewares/Third_Party/LibJPEG/source/jmemmgr.c ****   /* debugging check */
 768:Middlewares/Third_Party/LibJPEG/source/jmemmgr.c ****   if (end_row > ptr->rows_in_array || num_rows > ptr->maxaccess ||
 769:Middlewares/Third_Party/LibJPEG/source/jmemmgr.c ****       ptr->mem_buffer == NULL)
 770:Middlewares/Third_Party/LibJPEG/source/jmemmgr.c ****     ERREXIT(cinfo, JERR_BAD_VIRTUAL_ACCESS);
 771:Middlewares/Third_Party/LibJPEG/source/jmemmgr.c **** 
 772:Middlewares/Third_Party/LibJPEG/source/jmemmgr.c ****   /* Make the desired part of the virtual array accessible */
 773:Middlewares/Third_Party/LibJPEG/source/jmemmgr.c ****   if (start_row < ptr->cur_start_row ||
 774:Middlewares/Third_Party/LibJPEG/source/jmemmgr.c ****       end_row > ptr->cur_start_row+ptr->rows_in_mem) {
 775:Middlewares/Third_Party/LibJPEG/source/jmemmgr.c ****     if (! ptr->b_s_open)
 776:Middlewares/Third_Party/LibJPEG/source/jmemmgr.c ****       ERREXIT(cinfo, JERR_VIRTUAL_BUG);
 777:Middlewares/Third_Party/LibJPEG/source/jmemmgr.c ****     /* Flush old buffer contents if necessary */
 778:Middlewares/Third_Party/LibJPEG/source/jmemmgr.c ****     if (ptr->dirty) {
 779:Middlewares/Third_Party/LibJPEG/source/jmemmgr.c ****       do_sarray_io(cinfo, ptr, TRUE);
 780:Middlewares/Third_Party/LibJPEG/source/jmemmgr.c ****       ptr->dirty = FALSE;
 781:Middlewares/Third_Party/LibJPEG/source/jmemmgr.c ****     }
 782:Middlewares/Third_Party/LibJPEG/source/jmemmgr.c ****     /* Decide what part of virtual array to access.
 783:Middlewares/Third_Party/LibJPEG/source/jmemmgr.c ****      * Algorithm: if target address > current window, assume forward scan,
 784:Middlewares/Third_Party/LibJPEG/source/jmemmgr.c ****      * load starting at target address.  If target address < current window,
 785:Middlewares/Third_Party/LibJPEG/source/jmemmgr.c ****      * assume backward scan, load so that target area is top of window.
 786:Middlewares/Third_Party/LibJPEG/source/jmemmgr.c ****      * Note that when switching from forward write to forward read, will have
 787:Middlewares/Third_Party/LibJPEG/source/jmemmgr.c ****      * start_row = 0, so the limiting case applies and we load from 0 anyway.
 788:Middlewares/Third_Party/LibJPEG/source/jmemmgr.c ****      */
 789:Middlewares/Third_Party/LibJPEG/source/jmemmgr.c ****     if (start_row > ptr->cur_start_row) {
 790:Middlewares/Third_Party/LibJPEG/source/jmemmgr.c ****       ptr->cur_start_row = start_row;
 791:Middlewares/Third_Party/LibJPEG/source/jmemmgr.c ****     } else {
 792:Middlewares/Third_Party/LibJPEG/source/jmemmgr.c ****       /* use long arithmetic here to avoid overflow & unsigned problems */
 793:Middlewares/Third_Party/LibJPEG/source/jmemmgr.c ****       long ltemp;
 794:Middlewares/Third_Party/LibJPEG/source/jmemmgr.c **** 
 795:Middlewares/Third_Party/LibJPEG/source/jmemmgr.c ****       ltemp = (long) end_row - (long) ptr->rows_in_mem;
 796:Middlewares/Third_Party/LibJPEG/source/jmemmgr.c ****       if (ltemp < 0)
 797:Middlewares/Third_Party/LibJPEG/source/jmemmgr.c **** 	ltemp = 0;		/* don't fall off front end of file */
 798:Middlewares/Third_Party/LibJPEG/source/jmemmgr.c ****       ptr->cur_start_row = (JDIMENSION) ltemp;
 799:Middlewares/Third_Party/LibJPEG/source/jmemmgr.c ****     }
 800:Middlewares/Third_Party/LibJPEG/source/jmemmgr.c ****     /* Read in the selected part of the array.
 801:Middlewares/Third_Party/LibJPEG/source/jmemmgr.c ****      * During the initial write pass, we will do no actual read
 802:Middlewares/Third_Party/LibJPEG/source/jmemmgr.c ****      * because the selected part is all undefined.
 803:Middlewares/Third_Party/LibJPEG/source/jmemmgr.c ****      */
 804:Middlewares/Third_Party/LibJPEG/source/jmemmgr.c ****     do_sarray_io(cinfo, ptr, FALSE);
 805:Middlewares/Third_Party/LibJPEG/source/jmemmgr.c ****   }
 806:Middlewares/Third_Party/LibJPEG/source/jmemmgr.c ****   /* Ensure the accessed part of the array is defined; prezero if needed.
 807:Middlewares/Third_Party/LibJPEG/source/jmemmgr.c ****    * To improve locality of access, we only prezero the part of the array
 808:Middlewares/Third_Party/LibJPEG/source/jmemmgr.c ****    * that the caller is about to access, not the entire in-memory array.
 809:Middlewares/Third_Party/LibJPEG/source/jmemmgr.c ****    */
 810:Middlewares/Third_Party/LibJPEG/source/jmemmgr.c ****   if (ptr->first_undef_row < end_row) {
 811:Middlewares/Third_Party/LibJPEG/source/jmemmgr.c ****     if (ptr->first_undef_row < start_row) {
 812:Middlewares/Third_Party/LibJPEG/source/jmemmgr.c ****       if (writable)		/* writer skipped over a section of array */
 813:Middlewares/Third_Party/LibJPEG/source/jmemmgr.c **** 	ERREXIT(cinfo, JERR_BAD_VIRTUAL_ACCESS);
 814:Middlewares/Third_Party/LibJPEG/source/jmemmgr.c ****       undef_row = start_row;	/* but reader is allowed to read ahead */
 815:Middlewares/Third_Party/LibJPEG/source/jmemmgr.c ****     } else {
 816:Middlewares/Third_Party/LibJPEG/source/jmemmgr.c ****       undef_row = ptr->first_undef_row;
 817:Middlewares/Third_Party/LibJPEG/source/jmemmgr.c ****     }
 818:Middlewares/Third_Party/LibJPEG/source/jmemmgr.c ****     if (writable)
 819:Middlewares/Third_Party/LibJPEG/source/jmemmgr.c ****       ptr->first_undef_row = end_row;
ARM GAS  /tmp/ccsPRUoP.s 			page 34


 820:Middlewares/Third_Party/LibJPEG/source/jmemmgr.c ****     if (ptr->pre_zero) {
 821:Middlewares/Third_Party/LibJPEG/source/jmemmgr.c ****       size_t bytesperrow = (size_t) ptr->samplesperrow * SIZEOF(JSAMPLE);
 822:Middlewares/Third_Party/LibJPEG/source/jmemmgr.c ****       undef_row -= ptr->cur_start_row; /* make indexes relative to buffer */
 823:Middlewares/Third_Party/LibJPEG/source/jmemmgr.c ****       end_row -= ptr->cur_start_row;
 824:Middlewares/Third_Party/LibJPEG/source/jmemmgr.c ****       while (undef_row < end_row) {
 825:Middlewares/Third_Party/LibJPEG/source/jmemmgr.c **** 	FMEMZERO((void FAR *) ptr->mem_buffer[undef_row], bytesperrow);
 826:Middlewares/Third_Party/LibJPEG/source/jmemmgr.c **** 	undef_row++;
 827:Middlewares/Third_Party/LibJPEG/source/jmemmgr.c ****       }
 828:Middlewares/Third_Party/LibJPEG/source/jmemmgr.c ****     } else {
 829:Middlewares/Third_Party/LibJPEG/source/jmemmgr.c ****       if (! writable)		/* reader looking at undefined data */
 830:Middlewares/Third_Party/LibJPEG/source/jmemmgr.c **** 	ERREXIT(cinfo, JERR_BAD_VIRTUAL_ACCESS);
 831:Middlewares/Third_Party/LibJPEG/source/jmemmgr.c ****     }
 832:Middlewares/Third_Party/LibJPEG/source/jmemmgr.c ****   }
 833:Middlewares/Third_Party/LibJPEG/source/jmemmgr.c ****   /* Flag the buffer dirty if caller will write in it */
 834:Middlewares/Third_Party/LibJPEG/source/jmemmgr.c ****   if (writable)
 835:Middlewares/Third_Party/LibJPEG/source/jmemmgr.c ****     ptr->dirty = TRUE;
 836:Middlewares/Third_Party/LibJPEG/source/jmemmgr.c ****   /* Return address of proper part of the buffer */
 837:Middlewares/Third_Party/LibJPEG/source/jmemmgr.c ****   return ptr->mem_buffer + (start_row - ptr->cur_start_row);
 838:Middlewares/Third_Party/LibJPEG/source/jmemmgr.c **** }
 839:Middlewares/Third_Party/LibJPEG/source/jmemmgr.c **** 
 840:Middlewares/Third_Party/LibJPEG/source/jmemmgr.c **** 
 841:Middlewares/Third_Party/LibJPEG/source/jmemmgr.c **** METHODDEF(JBLOCKARRAY)
 842:Middlewares/Third_Party/LibJPEG/source/jmemmgr.c **** access_virt_barray (j_common_ptr cinfo, jvirt_barray_ptr ptr,
 843:Middlewares/Third_Party/LibJPEG/source/jmemmgr.c **** 		    JDIMENSION start_row, JDIMENSION num_rows,
 844:Middlewares/Third_Party/LibJPEG/source/jmemmgr.c **** 		    boolean writable)
 845:Middlewares/Third_Party/LibJPEG/source/jmemmgr.c **** /* Access the part of a virtual block array starting at start_row */
 846:Middlewares/Third_Party/LibJPEG/source/jmemmgr.c **** /* and extending for num_rows rows.  writable is true if  */
 847:Middlewares/Third_Party/LibJPEG/source/jmemmgr.c **** /* caller intends to modify the accessed area. */
 848:Middlewares/Third_Party/LibJPEG/source/jmemmgr.c **** {
 849:Middlewares/Third_Party/LibJPEG/source/jmemmgr.c ****   JDIMENSION end_row = start_row + num_rows;
 850:Middlewares/Third_Party/LibJPEG/source/jmemmgr.c ****   JDIMENSION undef_row;
 851:Middlewares/Third_Party/LibJPEG/source/jmemmgr.c **** 
 852:Middlewares/Third_Party/LibJPEG/source/jmemmgr.c ****   /* debugging check */
 853:Middlewares/Third_Party/LibJPEG/source/jmemmgr.c ****   if (end_row > ptr->rows_in_array || num_rows > ptr->maxaccess ||
 854:Middlewares/Third_Party/LibJPEG/source/jmemmgr.c ****       ptr->mem_buffer == NULL)
 855:Middlewares/Third_Party/LibJPEG/source/jmemmgr.c ****     ERREXIT(cinfo, JERR_BAD_VIRTUAL_ACCESS);
 856:Middlewares/Third_Party/LibJPEG/source/jmemmgr.c **** 
 857:Middlewares/Third_Party/LibJPEG/source/jmemmgr.c ****   /* Make the desired part of the virtual array accessible */
 858:Middlewares/Third_Party/LibJPEG/source/jmemmgr.c ****   if (start_row < ptr->cur_start_row ||
 859:Middlewares/Third_Party/LibJPEG/source/jmemmgr.c ****       end_row > ptr->cur_start_row+ptr->rows_in_mem) {
 860:Middlewares/Third_Party/LibJPEG/source/jmemmgr.c ****     if (! ptr->b_s_open)
 861:Middlewares/Third_Party/LibJPEG/source/jmemmgr.c ****       ERREXIT(cinfo, JERR_VIRTUAL_BUG);
 862:Middlewares/Third_Party/LibJPEG/source/jmemmgr.c ****     /* Flush old buffer contents if necessary */
 863:Middlewares/Third_Party/LibJPEG/source/jmemmgr.c ****     if (ptr->dirty) {
 864:Middlewares/Third_Party/LibJPEG/source/jmemmgr.c ****       do_barray_io(cinfo, ptr, TRUE);
 865:Middlewares/Third_Party/LibJPEG/source/jmemmgr.c ****       ptr->dirty = FALSE;
 866:Middlewares/Third_Party/LibJPEG/source/jmemmgr.c ****     }
 867:Middlewares/Third_Party/LibJPEG/source/jmemmgr.c ****     /* Decide what part of virtual array to access.
 868:Middlewares/Third_Party/LibJPEG/source/jmemmgr.c ****      * Algorithm: if target address > current window, assume forward scan,
 869:Middlewares/Third_Party/LibJPEG/source/jmemmgr.c ****      * load starting at target address.  If target address < current window,
 870:Middlewares/Third_Party/LibJPEG/source/jmemmgr.c ****      * assume backward scan, load so that target area is top of window.
 871:Middlewares/Third_Party/LibJPEG/source/jmemmgr.c ****      * Note that when switching from forward write to forward read, will have
 872:Middlewares/Third_Party/LibJPEG/source/jmemmgr.c ****      * start_row = 0, so the limiting case applies and we load from 0 anyway.
 873:Middlewares/Third_Party/LibJPEG/source/jmemmgr.c ****      */
 874:Middlewares/Third_Party/LibJPEG/source/jmemmgr.c ****     if (start_row > ptr->cur_start_row) {
 875:Middlewares/Third_Party/LibJPEG/source/jmemmgr.c ****       ptr->cur_start_row = start_row;
 876:Middlewares/Third_Party/LibJPEG/source/jmemmgr.c ****     } else {
ARM GAS  /tmp/ccsPRUoP.s 			page 35


 877:Middlewares/Third_Party/LibJPEG/source/jmemmgr.c ****       /* use long arithmetic here to avoid overflow & unsigned problems */
 878:Middlewares/Third_Party/LibJPEG/source/jmemmgr.c ****       long ltemp;
 879:Middlewares/Third_Party/LibJPEG/source/jmemmgr.c **** 
 880:Middlewares/Third_Party/LibJPEG/source/jmemmgr.c ****       ltemp = (long) end_row - (long) ptr->rows_in_mem;
 881:Middlewares/Third_Party/LibJPEG/source/jmemmgr.c ****       if (ltemp < 0)
 882:Middlewares/Third_Party/LibJPEG/source/jmemmgr.c **** 	ltemp = 0;		/* don't fall off front end of file */
 883:Middlewares/Third_Party/LibJPEG/source/jmemmgr.c ****       ptr->cur_start_row = (JDIMENSION) ltemp;
 884:Middlewares/Third_Party/LibJPEG/source/jmemmgr.c ****     }
 885:Middlewares/Third_Party/LibJPEG/source/jmemmgr.c ****     /* Read in the selected part of the array.
 886:Middlewares/Third_Party/LibJPEG/source/jmemmgr.c ****      * During the initial write pass, we will do no actual read
 887:Middlewares/Third_Party/LibJPEG/source/jmemmgr.c ****      * because the selected part is all undefined.
 888:Middlewares/Third_Party/LibJPEG/source/jmemmgr.c ****      */
 889:Middlewares/Third_Party/LibJPEG/source/jmemmgr.c ****     do_barray_io(cinfo, ptr, FALSE);
 890:Middlewares/Third_Party/LibJPEG/source/jmemmgr.c ****   }
 891:Middlewares/Third_Party/LibJPEG/source/jmemmgr.c ****   /* Ensure the accessed part of the array is defined; prezero if needed.
 892:Middlewares/Third_Party/LibJPEG/source/jmemmgr.c ****    * To improve locality of access, we only prezero the part of the array
 893:Middlewares/Third_Party/LibJPEG/source/jmemmgr.c ****    * that the caller is about to access, not the entire in-memory array.
 894:Middlewares/Third_Party/LibJPEG/source/jmemmgr.c ****    */
 895:Middlewares/Third_Party/LibJPEG/source/jmemmgr.c ****   if (ptr->first_undef_row < end_row) {
 896:Middlewares/Third_Party/LibJPEG/source/jmemmgr.c ****     if (ptr->first_undef_row < start_row) {
 897:Middlewares/Third_Party/LibJPEG/source/jmemmgr.c ****       if (writable)		/* writer skipped over a section of array */
 898:Middlewares/Third_Party/LibJPEG/source/jmemmgr.c **** 	ERREXIT(cinfo, JERR_BAD_VIRTUAL_ACCESS);
 899:Middlewares/Third_Party/LibJPEG/source/jmemmgr.c ****       undef_row = start_row;	/* but reader is allowed to read ahead */
 900:Middlewares/Third_Party/LibJPEG/source/jmemmgr.c ****     } else {
 901:Middlewares/Third_Party/LibJPEG/source/jmemmgr.c ****       undef_row = ptr->first_undef_row;
 902:Middlewares/Third_Party/LibJPEG/source/jmemmgr.c ****     }
 903:Middlewares/Third_Party/LibJPEG/source/jmemmgr.c ****     if (writable)
 904:Middlewares/Third_Party/LibJPEG/source/jmemmgr.c ****       ptr->first_undef_row = end_row;
 905:Middlewares/Third_Party/LibJPEG/source/jmemmgr.c ****     if (ptr->pre_zero) {
 906:Middlewares/Third_Party/LibJPEG/source/jmemmgr.c ****       size_t bytesperrow = (size_t) ptr->blocksperrow * SIZEOF(JBLOCK);
 907:Middlewares/Third_Party/LibJPEG/source/jmemmgr.c ****       undef_row -= ptr->cur_start_row; /* make indexes relative to buffer */
 908:Middlewares/Third_Party/LibJPEG/source/jmemmgr.c ****       end_row -= ptr->cur_start_row;
 909:Middlewares/Third_Party/LibJPEG/source/jmemmgr.c ****       while (undef_row < end_row) {
 910:Middlewares/Third_Party/LibJPEG/source/jmemmgr.c **** 	FMEMZERO((void FAR *) ptr->mem_buffer[undef_row], bytesperrow);
 911:Middlewares/Third_Party/LibJPEG/source/jmemmgr.c **** 	undef_row++;
 912:Middlewares/Third_Party/LibJPEG/source/jmemmgr.c ****       }
 913:Middlewares/Third_Party/LibJPEG/source/jmemmgr.c ****     } else {
 914:Middlewares/Third_Party/LibJPEG/source/jmemmgr.c ****       if (! writable)		/* reader looking at undefined data */
 915:Middlewares/Third_Party/LibJPEG/source/jmemmgr.c **** 	ERREXIT(cinfo, JERR_BAD_VIRTUAL_ACCESS);
 916:Middlewares/Third_Party/LibJPEG/source/jmemmgr.c ****     }
 917:Middlewares/Third_Party/LibJPEG/source/jmemmgr.c ****   }
 918:Middlewares/Third_Party/LibJPEG/source/jmemmgr.c ****   /* Flag the buffer dirty if caller will write in it */
 919:Middlewares/Third_Party/LibJPEG/source/jmemmgr.c ****   if (writable)
 920:Middlewares/Third_Party/LibJPEG/source/jmemmgr.c ****     ptr->dirty = TRUE;
 921:Middlewares/Third_Party/LibJPEG/source/jmemmgr.c ****   /* Return address of proper part of the buffer */
 922:Middlewares/Third_Party/LibJPEG/source/jmemmgr.c ****   return ptr->mem_buffer + (start_row - ptr->cur_start_row);
 923:Middlewares/Third_Party/LibJPEG/source/jmemmgr.c **** }
 924:Middlewares/Third_Party/LibJPEG/source/jmemmgr.c **** 
 925:Middlewares/Third_Party/LibJPEG/source/jmemmgr.c **** 
 926:Middlewares/Third_Party/LibJPEG/source/jmemmgr.c **** /*
 927:Middlewares/Third_Party/LibJPEG/source/jmemmgr.c ****  * Release all objects belonging to a specified pool.
 928:Middlewares/Third_Party/LibJPEG/source/jmemmgr.c ****  */
 929:Middlewares/Third_Party/LibJPEG/source/jmemmgr.c **** 
 930:Middlewares/Third_Party/LibJPEG/source/jmemmgr.c **** METHODDEF(void)
 931:Middlewares/Third_Party/LibJPEG/source/jmemmgr.c **** free_pool (j_common_ptr cinfo, int pool_id)
 932:Middlewares/Third_Party/LibJPEG/source/jmemmgr.c **** {
 850              		.loc 1 932 1 is_stmt 1 view -0
ARM GAS  /tmp/ccsPRUoP.s 			page 36


 851              		.cfi_startproc
 852              		@ args = 0, pretend = 0, frame = 0
 853              		@ frame_needed = 0, uses_anonymous_args = 0
 854              		.loc 1 932 1 is_stmt 0 view .LVU268
 855 0000 2DE9F041 		push	{r4, r5, r6, r7, r8, lr}
 856              	.LCFI10:
 857              		.cfi_def_cfa_offset 24
 858              		.cfi_offset 4, -24
 859              		.cfi_offset 5, -20
 860              		.cfi_offset 6, -16
 861              		.cfi_offset 7, -12
 862              		.cfi_offset 8, -8
 863              		.cfi_offset 14, -4
 864 0004 0646     		mov	r6, r0
 865 0006 8846     		mov	r8, r1
 933:Middlewares/Third_Party/LibJPEG/source/jmemmgr.c ****   my_mem_ptr mem = (my_mem_ptr) cinfo->mem;
 866              		.loc 1 933 3 is_stmt 1 view .LVU269
 867              		.loc 1 933 14 is_stmt 0 view .LVU270
 868 0008 4568     		ldr	r5, [r0, #4]
 869              	.LVL92:
 934:Middlewares/Third_Party/LibJPEG/source/jmemmgr.c ****   small_pool_ptr shdr_ptr;
 870              		.loc 1 934 3 is_stmt 1 view .LVU271
 935:Middlewares/Third_Party/LibJPEG/source/jmemmgr.c ****   large_pool_ptr lhdr_ptr;
 871              		.loc 1 935 3 view .LVU272
 936:Middlewares/Third_Party/LibJPEG/source/jmemmgr.c ****   size_t space_freed;
 872              		.loc 1 936 3 view .LVU273
 937:Middlewares/Third_Party/LibJPEG/source/jmemmgr.c **** 
 938:Middlewares/Third_Party/LibJPEG/source/jmemmgr.c ****   if (pool_id < 0 || pool_id >= JPOOL_NUMPOOLS)
 873              		.loc 1 938 3 view .LVU274
 874              		.loc 1 938 6 is_stmt 0 view .LVU275
 875 000a 0129     		cmp	r1, #1
 876 000c 07D9     		bls	.L47
 939:Middlewares/Third_Party/LibJPEG/source/jmemmgr.c ****     ERREXIT1(cinfo, JERR_BAD_POOL_ID, pool_id);	/* safety check */
 877              		.loc 1 939 5 is_stmt 1 view .LVU276
 878 000e 0368     		ldr	r3, [r0]
 879 0010 0F22     		movs	r2, #15
 880 0012 5A61     		str	r2, [r3, #20]
 881 0014 0368     		ldr	r3, [r0]
 882 0016 9961     		str	r1, [r3, #24]
 883 0018 0368     		ldr	r3, [r0]
 884 001a 1B68     		ldr	r3, [r3]
 885 001c 9847     		blx	r3
 886              	.LVL93:
 887              	.L47:
 940:Middlewares/Third_Party/LibJPEG/source/jmemmgr.c **** 
 941:Middlewares/Third_Party/LibJPEG/source/jmemmgr.c **** #ifdef MEM_STATS
 942:Middlewares/Third_Party/LibJPEG/source/jmemmgr.c ****   if (cinfo->err->trace_level > 1)
 943:Middlewares/Third_Party/LibJPEG/source/jmemmgr.c ****     print_mem_stats(cinfo, pool_id); /* print pool's memory usage statistics */
 944:Middlewares/Third_Party/LibJPEG/source/jmemmgr.c **** #endif
 945:Middlewares/Third_Party/LibJPEG/source/jmemmgr.c **** 
 946:Middlewares/Third_Party/LibJPEG/source/jmemmgr.c ****   /* If freeing IMAGE pool, close any virtual arrays first */
 947:Middlewares/Third_Party/LibJPEG/source/jmemmgr.c ****   if (pool_id == JPOOL_IMAGE) {
 888              		.loc 1 947 3 view .LVU277
 889              		.loc 1 947 6 is_stmt 0 view .LVU278
 890 001e B8F1010F 		cmp	r8, #1
 891 0022 07D0     		beq	.L60
 892              	.L48:
ARM GAS  /tmp/ccsPRUoP.s 			page 37


 948:Middlewares/Third_Party/LibJPEG/source/jmemmgr.c ****     jvirt_sarray_ptr sptr;
 949:Middlewares/Third_Party/LibJPEG/source/jmemmgr.c ****     jvirt_barray_ptr bptr;
 950:Middlewares/Third_Party/LibJPEG/source/jmemmgr.c **** 
 951:Middlewares/Third_Party/LibJPEG/source/jmemmgr.c ****     for (sptr = mem->virt_sarray_list; sptr != NULL; sptr = sptr->next) {
 952:Middlewares/Third_Party/LibJPEG/source/jmemmgr.c ****       if (sptr->b_s_open) {	/* there may be no backing store */
 953:Middlewares/Third_Party/LibJPEG/source/jmemmgr.c **** 	sptr->b_s_open = FALSE;	/* prevent recursive close if error */
 954:Middlewares/Third_Party/LibJPEG/source/jmemmgr.c **** 	(*sptr->b_s_info.close_backing_store) (cinfo, & sptr->b_s_info);
 955:Middlewares/Third_Party/LibJPEG/source/jmemmgr.c ****       }
 956:Middlewares/Third_Party/LibJPEG/source/jmemmgr.c ****     }
 957:Middlewares/Third_Party/LibJPEG/source/jmemmgr.c ****     mem->virt_sarray_list = NULL;
 958:Middlewares/Third_Party/LibJPEG/source/jmemmgr.c ****     for (bptr = mem->virt_barray_list; bptr != NULL; bptr = bptr->next) {
 959:Middlewares/Third_Party/LibJPEG/source/jmemmgr.c ****       if (bptr->b_s_open) {	/* there may be no backing store */
 960:Middlewares/Third_Party/LibJPEG/source/jmemmgr.c **** 	bptr->b_s_open = FALSE;	/* prevent recursive close if error */
 961:Middlewares/Third_Party/LibJPEG/source/jmemmgr.c **** 	(*bptr->b_s_info.close_backing_store) (cinfo, & bptr->b_s_info);
 962:Middlewares/Third_Party/LibJPEG/source/jmemmgr.c ****       }
 963:Middlewares/Third_Party/LibJPEG/source/jmemmgr.c ****     }
 964:Middlewares/Third_Party/LibJPEG/source/jmemmgr.c ****     mem->virt_barray_list = NULL;
 965:Middlewares/Third_Party/LibJPEG/source/jmemmgr.c ****   }
 966:Middlewares/Third_Party/LibJPEG/source/jmemmgr.c **** 
 967:Middlewares/Third_Party/LibJPEG/source/jmemmgr.c ****   /* Release large objects */
 968:Middlewares/Third_Party/LibJPEG/source/jmemmgr.c ****   lhdr_ptr = mem->large_list[pool_id];
 893              		.loc 1 968 3 is_stmt 1 view .LVU279
 894              		.loc 1 968 12 is_stmt 0 view .LVU280
 895 0024 08F10E03 		add	r3, r8, #14
 896 0028 05EB8303 		add	r3, r5, r3, lsl #2
 897 002c 5968     		ldr	r1, [r3, #4]
 898              	.LVL94:
 969:Middlewares/Third_Party/LibJPEG/source/jmemmgr.c ****   mem->large_list[pool_id] = NULL;
 899              		.loc 1 969 3 is_stmt 1 view .LVU281
 900              		.loc 1 969 28 is_stmt 0 view .LVU282
 901 002e 0022     		movs	r2, #0
 902 0030 5A60     		str	r2, [r3, #4]
 970:Middlewares/Third_Party/LibJPEG/source/jmemmgr.c **** 
 971:Middlewares/Third_Party/LibJPEG/source/jmemmgr.c ****   while (lhdr_ptr != NULL) {
 903              		.loc 1 971 3 is_stmt 1 view .LVU283
 904              		.loc 1 971 9 is_stmt 0 view .LVU284
 905 0032 2FE0     		b	.L55
 906              	.LVL95:
 907              	.L60:
 908              	.LBB2:
 948:Middlewares/Third_Party/LibJPEG/source/jmemmgr.c ****     jvirt_barray_ptr bptr;
 909              		.loc 1 948 5 is_stmt 1 view .LVU285
 949:Middlewares/Third_Party/LibJPEG/source/jmemmgr.c **** 
 910              		.loc 1 949 5 view .LVU286
 951:Middlewares/Third_Party/LibJPEG/source/jmemmgr.c ****       if (sptr->b_s_open) {	/* there may be no backing store */
 911              		.loc 1 951 5 view .LVU287
 951:Middlewares/Third_Party/LibJPEG/source/jmemmgr.c ****       if (sptr->b_s_open) {	/* there may be no backing store */
 912              		.loc 1 951 15 is_stmt 0 view .LVU288
 913 0034 6C6C     		ldr	r4, [r5, #68]
 914              	.LVL96:
 951:Middlewares/Third_Party/LibJPEG/source/jmemmgr.c ****       if (sptr->b_s_open) {	/* there may be no backing store */
 915              		.loc 1 951 5 view .LVU289
 916 0036 00E0     		b	.L49
 917              	.L50:
 951:Middlewares/Third_Party/LibJPEG/source/jmemmgr.c ****       if (sptr->b_s_open) {	/* there may be no backing store */
 918              		.loc 1 951 54 is_stmt 1 discriminator 2 view .LVU290
 951:Middlewares/Third_Party/LibJPEG/source/jmemmgr.c ****       if (sptr->b_s_open) {	/* there may be no backing store */
ARM GAS  /tmp/ccsPRUoP.s 			page 38


 919              		.loc 1 951 59 is_stmt 0 discriminator 2 view .LVU291
 920 0038 E46A     		ldr	r4, [r4, #44]
 921              	.LVL97:
 922              	.L49:
 951:Middlewares/Third_Party/LibJPEG/source/jmemmgr.c ****       if (sptr->b_s_open) {	/* there may be no backing store */
 923              		.loc 1 951 40 is_stmt 1 discriminator 1 view .LVU292
 951:Middlewares/Third_Party/LibJPEG/source/jmemmgr.c ****       if (sptr->b_s_open) {	/* there may be no backing store */
 924              		.loc 1 951 5 is_stmt 0 discriminator 1 view .LVU293
 925 003a 54B1     		cbz	r4, .L61
 952:Middlewares/Third_Party/LibJPEG/source/jmemmgr.c **** 	sptr->b_s_open = FALSE;	/* prevent recursive close if error */
 926              		.loc 1 952 7 is_stmt 1 view .LVU294
 952:Middlewares/Third_Party/LibJPEG/source/jmemmgr.c **** 	sptr->b_s_open = FALSE;	/* prevent recursive close if error */
 927              		.loc 1 952 15 is_stmt 0 view .LVU295
 928 003c A36A     		ldr	r3, [r4, #40]
 952:Middlewares/Third_Party/LibJPEG/source/jmemmgr.c **** 	sptr->b_s_open = FALSE;	/* prevent recursive close if error */
 929              		.loc 1 952 10 view .LVU296
 930 003e 002B     		cmp	r3, #0
 931 0040 FAD0     		beq	.L50
 953:Middlewares/Third_Party/LibJPEG/source/jmemmgr.c **** 	(*sptr->b_s_info.close_backing_store) (cinfo, & sptr->b_s_info);
 932              		.loc 1 953 2 is_stmt 1 view .LVU297
 953:Middlewares/Third_Party/LibJPEG/source/jmemmgr.c **** 	(*sptr->b_s_info.close_backing_store) (cinfo, & sptr->b_s_info);
 933              		.loc 1 953 17 is_stmt 0 view .LVU298
 934 0042 0023     		movs	r3, #0
 935 0044 A362     		str	r3, [r4, #40]
 954:Middlewares/Third_Party/LibJPEG/source/jmemmgr.c ****       }
 936              		.loc 1 954 2 is_stmt 1 view .LVU299
 954:Middlewares/Third_Party/LibJPEG/source/jmemmgr.c ****       }
 937              		.loc 1 954 3 is_stmt 0 view .LVU300
 938 0046 A36B     		ldr	r3, [r4, #56]
 939 0048 04F13001 		add	r1, r4, #48
 940 004c 3046     		mov	r0, r6
 941 004e 9847     		blx	r3
 942              	.LVL98:
 943 0050 F2E7     		b	.L50
 944              	.L61:
 957:Middlewares/Third_Party/LibJPEG/source/jmemmgr.c ****     for (bptr = mem->virt_barray_list; bptr != NULL; bptr = bptr->next) {
 945              		.loc 1 957 5 is_stmt 1 view .LVU301
 957:Middlewares/Third_Party/LibJPEG/source/jmemmgr.c ****     for (bptr = mem->virt_barray_list; bptr != NULL; bptr = bptr->next) {
 946              		.loc 1 957 27 is_stmt 0 view .LVU302
 947 0052 0023     		movs	r3, #0
 948 0054 6B64     		str	r3, [r5, #68]
 958:Middlewares/Third_Party/LibJPEG/source/jmemmgr.c ****       if (bptr->b_s_open) {	/* there may be no backing store */
 949              		.loc 1 958 5 is_stmt 1 view .LVU303
 958:Middlewares/Third_Party/LibJPEG/source/jmemmgr.c ****       if (bptr->b_s_open) {	/* there may be no backing store */
 950              		.loc 1 958 15 is_stmt 0 view .LVU304
 951 0056 AC6C     		ldr	r4, [r5, #72]
 952              	.LVL99:
 958:Middlewares/Third_Party/LibJPEG/source/jmemmgr.c ****       if (bptr->b_s_open) {	/* there may be no backing store */
 953              		.loc 1 958 5 view .LVU305
 954 0058 00E0     		b	.L52
 955              	.L53:
 958:Middlewares/Third_Party/LibJPEG/source/jmemmgr.c ****       if (bptr->b_s_open) {	/* there may be no backing store */
 956              		.loc 1 958 54 is_stmt 1 discriminator 2 view .LVU306
 958:Middlewares/Third_Party/LibJPEG/source/jmemmgr.c ****       if (bptr->b_s_open) {	/* there may be no backing store */
 957              		.loc 1 958 59 is_stmt 0 discriminator 2 view .LVU307
 958 005a E46A     		ldr	r4, [r4, #44]
 959              	.LVL100:
ARM GAS  /tmp/ccsPRUoP.s 			page 39


 960              	.L52:
 958:Middlewares/Third_Party/LibJPEG/source/jmemmgr.c ****       if (bptr->b_s_open) {	/* there may be no backing store */
 961              		.loc 1 958 40 is_stmt 1 discriminator 1 view .LVU308
 958:Middlewares/Third_Party/LibJPEG/source/jmemmgr.c ****       if (bptr->b_s_open) {	/* there may be no backing store */
 962              		.loc 1 958 5 is_stmt 0 discriminator 1 view .LVU309
 963 005c 54B1     		cbz	r4, .L62
 959:Middlewares/Third_Party/LibJPEG/source/jmemmgr.c **** 	bptr->b_s_open = FALSE;	/* prevent recursive close if error */
 964              		.loc 1 959 7 is_stmt 1 view .LVU310
 959:Middlewares/Third_Party/LibJPEG/source/jmemmgr.c **** 	bptr->b_s_open = FALSE;	/* prevent recursive close if error */
 965              		.loc 1 959 15 is_stmt 0 view .LVU311
 966 005e A36A     		ldr	r3, [r4, #40]
 959:Middlewares/Third_Party/LibJPEG/source/jmemmgr.c **** 	bptr->b_s_open = FALSE;	/* prevent recursive close if error */
 967              		.loc 1 959 10 view .LVU312
 968 0060 002B     		cmp	r3, #0
 969 0062 FAD0     		beq	.L53
 960:Middlewares/Third_Party/LibJPEG/source/jmemmgr.c **** 	(*bptr->b_s_info.close_backing_store) (cinfo, & bptr->b_s_info);
 970              		.loc 1 960 2 is_stmt 1 view .LVU313
 960:Middlewares/Third_Party/LibJPEG/source/jmemmgr.c **** 	(*bptr->b_s_info.close_backing_store) (cinfo, & bptr->b_s_info);
 971              		.loc 1 960 17 is_stmt 0 view .LVU314
 972 0064 0023     		movs	r3, #0
 973 0066 A362     		str	r3, [r4, #40]
 961:Middlewares/Third_Party/LibJPEG/source/jmemmgr.c ****       }
 974              		.loc 1 961 2 is_stmt 1 view .LVU315
 961:Middlewares/Third_Party/LibJPEG/source/jmemmgr.c ****       }
 975              		.loc 1 961 3 is_stmt 0 view .LVU316
 976 0068 A36B     		ldr	r3, [r4, #56]
 977 006a 04F13001 		add	r1, r4, #48
 978 006e 3046     		mov	r0, r6
 979 0070 9847     		blx	r3
 980              	.LVL101:
 981 0072 F2E7     		b	.L53
 982              	.L62:
 964:Middlewares/Third_Party/LibJPEG/source/jmemmgr.c ****   }
 983              		.loc 1 964 5 is_stmt 1 view .LVU317
 964:Middlewares/Third_Party/LibJPEG/source/jmemmgr.c ****   }
 984              		.loc 1 964 27 is_stmt 0 view .LVU318
 985 0074 0023     		movs	r3, #0
 986 0076 AB64     		str	r3, [r5, #72]
 987 0078 D4E7     		b	.L48
 988              	.LVL102:
 989              	.L56:
 964:Middlewares/Third_Party/LibJPEG/source/jmemmgr.c ****   }
 990              		.loc 1 964 27 view .LVU319
 991              	.LBE2:
 992              	.LBB3:
 972:Middlewares/Third_Party/LibJPEG/source/jmemmgr.c ****     large_pool_ptr next_lhdr_ptr = lhdr_ptr->hdr.next;
 993              		.loc 1 972 5 is_stmt 1 view .LVU320
 994              		.loc 1 972 20 is_stmt 0 view .LVU321
 995 007a 0F68     		ldr	r7, [r1]
 996              	.LVL103:
 973:Middlewares/Third_Party/LibJPEG/source/jmemmgr.c ****     space_freed = lhdr_ptr->hdr.bytes_used +
 997              		.loc 1 973 5 is_stmt 1 view .LVU322
 998              		.loc 1 973 32 is_stmt 0 view .LVU323
 999 007c 4C68     		ldr	r4, [r1, #4]
 974:Middlewares/Third_Party/LibJPEG/source/jmemmgr.c **** 		  lhdr_ptr->hdr.bytes_left +
 1000              		.loc 1 974 18 view .LVU324
 1001 007e 8B68     		ldr	r3, [r1, #8]
ARM GAS  /tmp/ccsPRUoP.s 			page 40


 973:Middlewares/Third_Party/LibJPEG/source/jmemmgr.c ****     space_freed = lhdr_ptr->hdr.bytes_used +
 1002              		.loc 1 973 44 view .LVU325
 1003 0080 1C44     		add	r4, r4, r3
 973:Middlewares/Third_Party/LibJPEG/source/jmemmgr.c ****     space_freed = lhdr_ptr->hdr.bytes_used +
 1004              		.loc 1 973 17 view .LVU326
 1005 0082 1034     		adds	r4, r4, #16
 1006              	.LVL104:
 975:Middlewares/Third_Party/LibJPEG/source/jmemmgr.c **** 		  SIZEOF(large_pool_hdr);
 976:Middlewares/Third_Party/LibJPEG/source/jmemmgr.c ****     jpeg_free_large(cinfo, (void FAR *) lhdr_ptr, space_freed);
 1007              		.loc 1 976 5 is_stmt 1 view .LVU327
 1008 0084 2246     		mov	r2, r4
 1009 0086 3046     		mov	r0, r6
 1010 0088 FFF7FEFF 		bl	jpeg_free_large
 1011              	.LVL105:
 977:Middlewares/Third_Party/LibJPEG/source/jmemmgr.c ****     mem->total_space_allocated -= space_freed;
 1012              		.loc 1 977 5 view .LVU328
 1013              		.loc 1 977 32 is_stmt 0 view .LVU329
 1014 008c EB6C     		ldr	r3, [r5, #76]
 1015 008e 1B1B     		subs	r3, r3, r4
 1016 0090 EB64     		str	r3, [r5, #76]
 978:Middlewares/Third_Party/LibJPEG/source/jmemmgr.c ****     lhdr_ptr = next_lhdr_ptr;
 1017              		.loc 1 978 5 is_stmt 1 view .LVU330
 1018              	.LVL106:
 1019              		.loc 1 978 14 is_stmt 0 view .LVU331
 1020 0092 3946     		mov	r1, r7
 1021              	.LVL107:
 1022              	.L55:
 1023              		.loc 1 978 14 view .LVU332
 1024              	.LBE3:
 971:Middlewares/Third_Party/LibJPEG/source/jmemmgr.c ****     large_pool_ptr next_lhdr_ptr = lhdr_ptr->hdr.next;
 1025              		.loc 1 971 9 is_stmt 1 view .LVU333
 1026 0094 0029     		cmp	r1, #0
 1027 0096 F0D1     		bne	.L56
 979:Middlewares/Third_Party/LibJPEG/source/jmemmgr.c ****   }
 980:Middlewares/Third_Party/LibJPEG/source/jmemmgr.c **** 
 981:Middlewares/Third_Party/LibJPEG/source/jmemmgr.c ****   /* Release small objects */
 982:Middlewares/Third_Party/LibJPEG/source/jmemmgr.c ****   shdr_ptr = mem->small_list[pool_id];
 1028              		.loc 1 982 3 view .LVU334
 1029              		.loc 1 982 12 is_stmt 0 view .LVU335
 1030 0098 08F10C08 		add	r8, r8, #12
 1031              	.LVL108:
 1032              		.loc 1 982 12 view .LVU336
 1033 009c 05EB8808 		add	r8, r5, r8, lsl #2
 1034              	.LVL109:
 1035              		.loc 1 982 12 view .LVU337
 1036 00a0 D8F80410 		ldr	r1, [r8, #4]
 1037              	.LVL110:
 983:Middlewares/Third_Party/LibJPEG/source/jmemmgr.c ****   mem->small_list[pool_id] = NULL;
 1038              		.loc 1 983 3 is_stmt 1 view .LVU338
 1039              		.loc 1 983 28 is_stmt 0 view .LVU339
 1040 00a4 0023     		movs	r3, #0
 1041 00a6 C8F80430 		str	r3, [r8, #4]
 984:Middlewares/Third_Party/LibJPEG/source/jmemmgr.c **** 
 985:Middlewares/Third_Party/LibJPEG/source/jmemmgr.c ****   while (shdr_ptr != NULL) {
 1042              		.loc 1 985 3 is_stmt 1 view .LVU340
 1043              		.loc 1 985 9 is_stmt 0 view .LVU341
 1044 00aa 0CE0     		b	.L57
ARM GAS  /tmp/ccsPRUoP.s 			page 41


 1045              	.L58:
 1046              	.LBB4:
 986:Middlewares/Third_Party/LibJPEG/source/jmemmgr.c ****     small_pool_ptr next_shdr_ptr = shdr_ptr->hdr.next;
 1047              		.loc 1 986 5 is_stmt 1 view .LVU342
 1048              		.loc 1 986 20 is_stmt 0 view .LVU343
 1049 00ac 0F68     		ldr	r7, [r1]
 1050              	.LVL111:
 987:Middlewares/Third_Party/LibJPEG/source/jmemmgr.c ****     space_freed = shdr_ptr->hdr.bytes_used +
 1051              		.loc 1 987 5 is_stmt 1 view .LVU344
 1052              		.loc 1 987 32 is_stmt 0 view .LVU345
 1053 00ae 4C68     		ldr	r4, [r1, #4]
 988:Middlewares/Third_Party/LibJPEG/source/jmemmgr.c **** 		  shdr_ptr->hdr.bytes_left +
 1054              		.loc 1 988 18 view .LVU346
 1055 00b0 8B68     		ldr	r3, [r1, #8]
 987:Middlewares/Third_Party/LibJPEG/source/jmemmgr.c ****     space_freed = shdr_ptr->hdr.bytes_used +
 1056              		.loc 1 987 44 view .LVU347
 1057 00b2 1C44     		add	r4, r4, r3
 987:Middlewares/Third_Party/LibJPEG/source/jmemmgr.c ****     space_freed = shdr_ptr->hdr.bytes_used +
 1058              		.loc 1 987 17 view .LVU348
 1059 00b4 1034     		adds	r4, r4, #16
 1060              	.LVL112:
 989:Middlewares/Third_Party/LibJPEG/source/jmemmgr.c **** 		  SIZEOF(small_pool_hdr);
 990:Middlewares/Third_Party/LibJPEG/source/jmemmgr.c ****     jpeg_free_small(cinfo, (void *) shdr_ptr, space_freed);
 1061              		.loc 1 990 5 is_stmt 1 view .LVU349
 1062 00b6 2246     		mov	r2, r4
 1063 00b8 3046     		mov	r0, r6
 1064 00ba FFF7FEFF 		bl	jpeg_free_small
 1065              	.LVL113:
 991:Middlewares/Third_Party/LibJPEG/source/jmemmgr.c ****     mem->total_space_allocated -= space_freed;
 1066              		.loc 1 991 5 view .LVU350
 1067              		.loc 1 991 32 is_stmt 0 view .LVU351
 1068 00be EB6C     		ldr	r3, [r5, #76]
 1069 00c0 1B1B     		subs	r3, r3, r4
 1070 00c2 EB64     		str	r3, [r5, #76]
 992:Middlewares/Third_Party/LibJPEG/source/jmemmgr.c ****     shdr_ptr = next_shdr_ptr;
 1071              		.loc 1 992 5 is_stmt 1 view .LVU352
 1072              	.LVL114:
 1073              		.loc 1 992 14 is_stmt 0 view .LVU353
 1074 00c4 3946     		mov	r1, r7
 1075              	.LVL115:
 1076              	.L57:
 1077              		.loc 1 992 14 view .LVU354
 1078              	.LBE4:
 985:Middlewares/Third_Party/LibJPEG/source/jmemmgr.c ****     small_pool_ptr next_shdr_ptr = shdr_ptr->hdr.next;
 1079              		.loc 1 985 9 is_stmt 1 view .LVU355
 1080 00c6 0029     		cmp	r1, #0
 1081 00c8 F0D1     		bne	.L58
 993:Middlewares/Third_Party/LibJPEG/source/jmemmgr.c ****   }
 994:Middlewares/Third_Party/LibJPEG/source/jmemmgr.c **** }
 1082              		.loc 1 994 1 is_stmt 0 view .LVU356
 1083 00ca BDE8F081 		pop	{r4, r5, r6, r7, r8, pc}
 1084              		.loc 1 994 1 view .LVU357
 1085              		.cfi_endproc
 1086              	.LFE19:
 1088              		.section	.text.self_destruct,"ax",%progbits
 1089              		.align	1
 1090              		.syntax unified
ARM GAS  /tmp/ccsPRUoP.s 			page 42


 1091              		.thumb
 1092              		.thumb_func
 1093              		.fpu fpv4-sp-d16
 1095              	self_destruct:
 1096              	.LVL116:
 1097              	.LFB20:
 995:Middlewares/Third_Party/LibJPEG/source/jmemmgr.c **** 
 996:Middlewares/Third_Party/LibJPEG/source/jmemmgr.c **** 
 997:Middlewares/Third_Party/LibJPEG/source/jmemmgr.c **** /*
 998:Middlewares/Third_Party/LibJPEG/source/jmemmgr.c ****  * Close up shop entirely.
 999:Middlewares/Third_Party/LibJPEG/source/jmemmgr.c ****  * Note that this cannot be called unless cinfo->mem is non-NULL.
1000:Middlewares/Third_Party/LibJPEG/source/jmemmgr.c ****  */
1001:Middlewares/Third_Party/LibJPEG/source/jmemmgr.c **** 
1002:Middlewares/Third_Party/LibJPEG/source/jmemmgr.c **** METHODDEF(void)
1003:Middlewares/Third_Party/LibJPEG/source/jmemmgr.c **** self_destruct (j_common_ptr cinfo)
1004:Middlewares/Third_Party/LibJPEG/source/jmemmgr.c **** {
 1098              		.loc 1 1004 1 is_stmt 1 view -0
 1099              		.cfi_startproc
 1100              		@ args = 0, pretend = 0, frame = 0
 1101              		@ frame_needed = 0, uses_anonymous_args = 0
 1102              		.loc 1 1004 1 is_stmt 0 view .LVU359
 1103 0000 38B5     		push	{r3, r4, r5, lr}
 1104              	.LCFI11:
 1105              		.cfi_def_cfa_offset 16
 1106              		.cfi_offset 3, -16
 1107              		.cfi_offset 4, -12
 1108              		.cfi_offset 5, -8
 1109              		.cfi_offset 14, -4
 1110 0002 0546     		mov	r5, r0
1005:Middlewares/Third_Party/LibJPEG/source/jmemmgr.c ****   int pool;
 1111              		.loc 1 1005 3 is_stmt 1 view .LVU360
1006:Middlewares/Third_Party/LibJPEG/source/jmemmgr.c **** 
1007:Middlewares/Third_Party/LibJPEG/source/jmemmgr.c ****   /* Close all backing store, release all memory.
1008:Middlewares/Third_Party/LibJPEG/source/jmemmgr.c ****    * Releasing pools in reverse order might help avoid fragmentation
1009:Middlewares/Third_Party/LibJPEG/source/jmemmgr.c ****    * with some (brain-damaged) malloc libraries.
1010:Middlewares/Third_Party/LibJPEG/source/jmemmgr.c ****    */
1011:Middlewares/Third_Party/LibJPEG/source/jmemmgr.c ****   for (pool = JPOOL_NUMPOOLS-1; pool >= JPOOL_PERMANENT; pool--) {
 1112              		.loc 1 1011 3 view .LVU361
 1113              	.LVL117:
 1114              		.loc 1 1011 13 is_stmt 0 view .LVU362
 1115 0004 0124     		movs	r4, #1
 1116              		.loc 1 1011 3 view .LVU363
 1117 0006 04E0     		b	.L64
 1118              	.LVL118:
 1119              	.L65:
1012:Middlewares/Third_Party/LibJPEG/source/jmemmgr.c ****     free_pool(cinfo, pool);
 1120              		.loc 1 1012 5 is_stmt 1 discriminator 3 view .LVU364
 1121 0008 2146     		mov	r1, r4
 1122 000a 2846     		mov	r0, r5
 1123 000c FFF7FEFF 		bl	free_pool
 1124              	.LVL119:
1011:Middlewares/Third_Party/LibJPEG/source/jmemmgr.c ****     free_pool(cinfo, pool);
 1125              		.loc 1 1011 58 discriminator 3 view .LVU365
1011:Middlewares/Third_Party/LibJPEG/source/jmemmgr.c ****     free_pool(cinfo, pool);
 1126              		.loc 1 1011 62 is_stmt 0 discriminator 3 view .LVU366
 1127 0010 013C     		subs	r4, r4, #1
 1128              	.LVL120:
ARM GAS  /tmp/ccsPRUoP.s 			page 43


 1129              	.L64:
1011:Middlewares/Third_Party/LibJPEG/source/jmemmgr.c ****     free_pool(cinfo, pool);
 1130              		.loc 1 1011 33 is_stmt 1 discriminator 1 view .LVU367
1011:Middlewares/Third_Party/LibJPEG/source/jmemmgr.c ****     free_pool(cinfo, pool);
 1131              		.loc 1 1011 3 is_stmt 0 discriminator 1 view .LVU368
 1132 0012 002C     		cmp	r4, #0
 1133 0014 F8DA     		bge	.L65
1013:Middlewares/Third_Party/LibJPEG/source/jmemmgr.c ****   }
1014:Middlewares/Third_Party/LibJPEG/source/jmemmgr.c **** 
1015:Middlewares/Third_Party/LibJPEG/source/jmemmgr.c ****   /* Release the memory manager control block too. */
1016:Middlewares/Third_Party/LibJPEG/source/jmemmgr.c ****   jpeg_free_small(cinfo, (void *) cinfo->mem, SIZEOF(my_memory_mgr));
 1134              		.loc 1 1016 3 is_stmt 1 view .LVU369
 1135 0016 5422     		movs	r2, #84
 1136 0018 6968     		ldr	r1, [r5, #4]
 1137 001a 2846     		mov	r0, r5
 1138 001c FFF7FEFF 		bl	jpeg_free_small
 1139              	.LVL121:
1017:Middlewares/Third_Party/LibJPEG/source/jmemmgr.c ****   cinfo->mem = NULL;		/* ensures I will be called only once */
 1140              		.loc 1 1017 3 view .LVU370
 1141              		.loc 1 1017 14 is_stmt 0 view .LVU371
 1142 0020 0023     		movs	r3, #0
 1143 0022 6B60     		str	r3, [r5, #4]
1018:Middlewares/Third_Party/LibJPEG/source/jmemmgr.c **** 
1019:Middlewares/Third_Party/LibJPEG/source/jmemmgr.c ****   jpeg_mem_term(cinfo);		/* system-dependent cleanup */
 1144              		.loc 1 1019 3 is_stmt 1 view .LVU372
 1145 0024 2846     		mov	r0, r5
 1146 0026 FFF7FEFF 		bl	jpeg_mem_term
 1147              	.LVL122:
1020:Middlewares/Third_Party/LibJPEG/source/jmemmgr.c **** }
 1148              		.loc 1 1020 1 is_stmt 0 view .LVU373
 1149 002a 38BD     		pop	{r3, r4, r5, pc}
 1150              		.loc 1 1020 1 view .LVU374
 1151              		.cfi_endproc
 1152              	.LFE20:
 1154              		.section	.text.access_virt_barray,"ax",%progbits
 1155              		.align	1
 1156              		.syntax unified
 1157              		.thumb
 1158              		.thumb_func
 1159              		.fpu fpv4-sp-d16
 1161              	access_virt_barray:
 1162              	.LVL123:
 1163              	.LFB18:
 848:Middlewares/Third_Party/LibJPEG/source/jmemmgr.c ****   JDIMENSION end_row = start_row + num_rows;
 1164              		.loc 1 848 1 is_stmt 1 view -0
 1165              		.cfi_startproc
 1166              		@ args = 4, pretend = 0, frame = 0
 1167              		@ frame_needed = 0, uses_anonymous_args = 0
 848:Middlewares/Third_Party/LibJPEG/source/jmemmgr.c ****   JDIMENSION end_row = start_row + num_rows;
 1168              		.loc 1 848 1 is_stmt 0 view .LVU376
 1169 0000 2DE9F843 		push	{r3, r4, r5, r6, r7, r8, r9, lr}
 1170              	.LCFI12:
 1171              		.cfi_def_cfa_offset 32
 1172              		.cfi_offset 3, -32
 1173              		.cfi_offset 4, -28
 1174              		.cfi_offset 5, -24
 1175              		.cfi_offset 6, -20
ARM GAS  /tmp/ccsPRUoP.s 			page 44


 1176              		.cfi_offset 7, -16
 1177              		.cfi_offset 8, -12
 1178              		.cfi_offset 9, -8
 1179              		.cfi_offset 14, -4
 1180 0004 0746     		mov	r7, r0
 1181 0006 0C46     		mov	r4, r1
 1182 0008 1646     		mov	r6, r2
 1183 000a DDF82090 		ldr	r9, [sp, #32]
 849:Middlewares/Third_Party/LibJPEG/source/jmemmgr.c ****   JDIMENSION undef_row;
 1184              		.loc 1 849 3 is_stmt 1 view .LVU377
 849:Middlewares/Third_Party/LibJPEG/source/jmemmgr.c ****   JDIMENSION undef_row;
 1185              		.loc 1 849 14 is_stmt 0 view .LVU378
 1186 000e 02EB0308 		add	r8, r2, r3
 1187              	.LVL124:
 850:Middlewares/Third_Party/LibJPEG/source/jmemmgr.c **** 
 1188              		.loc 1 850 3 is_stmt 1 view .LVU379
 853:Middlewares/Third_Party/LibJPEG/source/jmemmgr.c ****       ptr->mem_buffer == NULL)
 1189              		.loc 1 853 3 view .LVU380
 853:Middlewares/Third_Party/LibJPEG/source/jmemmgr.c ****       ptr->mem_buffer == NULL)
 1190              		.loc 1 853 20 is_stmt 0 view .LVU381
 1191 0012 4A68     		ldr	r2, [r1, #4]
 1192              	.LVL125:
 853:Middlewares/Third_Party/LibJPEG/source/jmemmgr.c ****       ptr->mem_buffer == NULL)
 1193              		.loc 1 853 6 view .LVU382
 1194 0014 4245     		cmp	r2, r8
 1195 0016 04D3     		bcc	.L68
 853:Middlewares/Third_Party/LibJPEG/source/jmemmgr.c ****       ptr->mem_buffer == NULL)
 1196              		.loc 1 853 53 discriminator 1 view .LVU383
 1197 0018 CA68     		ldr	r2, [r1, #12]
 853:Middlewares/Third_Party/LibJPEG/source/jmemmgr.c ****       ptr->mem_buffer == NULL)
 1198              		.loc 1 853 36 discriminator 1 view .LVU384
 1199 001a 9A42     		cmp	r2, r3
 1200 001c 01D3     		bcc	.L68
 854:Middlewares/Third_Party/LibJPEG/source/jmemmgr.c ****     ERREXIT(cinfo, JERR_BAD_VIRTUAL_ACCESS);
 1201              		.loc 1 854 10 discriminator 2 view .LVU385
 1202 001e 0B68     		ldr	r3, [r1]
 1203              	.LVL126:
 853:Middlewares/Third_Party/LibJPEG/source/jmemmgr.c ****       ptr->mem_buffer == NULL)
 1204              		.loc 1 853 65 discriminator 2 view .LVU386
 1205 0020 33B9     		cbnz	r3, .L69
 1206              	.L68:
 855:Middlewares/Third_Party/LibJPEG/source/jmemmgr.c **** 
 1207              		.loc 1 855 5 is_stmt 1 view .LVU387
 1208 0022 3B68     		ldr	r3, [r7]
 1209 0024 1722     		movs	r2, #23
 1210 0026 5A61     		str	r2, [r3, #20]
 1211 0028 3B68     		ldr	r3, [r7]
 1212 002a 1B68     		ldr	r3, [r3]
 1213 002c 3846     		mov	r0, r7
 1214              	.LVL127:
 855:Middlewares/Third_Party/LibJPEG/source/jmemmgr.c **** 
 1215              		.loc 1 855 5 is_stmt 0 view .LVU388
 1216 002e 9847     		blx	r3
 1217              	.LVL128:
 1218              	.L69:
 858:Middlewares/Third_Party/LibJPEG/source/jmemmgr.c ****       end_row > ptr->cur_start_row+ptr->rows_in_mem) {
 1219              		.loc 1 858 3 is_stmt 1 view .LVU389
ARM GAS  /tmp/ccsPRUoP.s 			page 45


 858:Middlewares/Third_Party/LibJPEG/source/jmemmgr.c ****       end_row > ptr->cur_start_row+ptr->rows_in_mem) {
 1220              		.loc 1 858 22 is_stmt 0 view .LVU390
 1221 0030 A369     		ldr	r3, [r4, #24]
 858:Middlewares/Third_Party/LibJPEG/source/jmemmgr.c ****       end_row > ptr->cur_start_row+ptr->rows_in_mem) {
 1222              		.loc 1 858 6 view .LVU391
 1223 0032 B342     		cmp	r3, r6
 1224 0034 03D8     		bhi	.L70
 859:Middlewares/Third_Party/LibJPEG/source/jmemmgr.c ****     if (! ptr->b_s_open)
 1225              		.loc 1 859 39 discriminator 1 view .LVU392
 1226 0036 2269     		ldr	r2, [r4, #16]
 859:Middlewares/Third_Party/LibJPEG/source/jmemmgr.c ****     if (! ptr->b_s_open)
 1227              		.loc 1 859 35 discriminator 1 view .LVU393
 1228 0038 1344     		add	r3, r3, r2
 858:Middlewares/Third_Party/LibJPEG/source/jmemmgr.c ****       end_row > ptr->cur_start_row+ptr->rows_in_mem) {
 1229              		.loc 1 858 38 discriminator 1 view .LVU394
 1230 003a 4345     		cmp	r3, r8
 1231 003c 13D2     		bcs	.L71
 1232              	.L70:
 860:Middlewares/Third_Party/LibJPEG/source/jmemmgr.c ****       ERREXIT(cinfo, JERR_VIRTUAL_BUG);
 1233              		.loc 1 860 5 is_stmt 1 view .LVU395
 860:Middlewares/Third_Party/LibJPEG/source/jmemmgr.c ****       ERREXIT(cinfo, JERR_VIRTUAL_BUG);
 1234              		.loc 1 860 14 is_stmt 0 view .LVU396
 1235 003e A36A     		ldr	r3, [r4, #40]
 860:Middlewares/Third_Party/LibJPEG/source/jmemmgr.c ****       ERREXIT(cinfo, JERR_VIRTUAL_BUG);
 1236              		.loc 1 860 8 view .LVU397
 1237 0040 33B9     		cbnz	r3, .L72
 861:Middlewares/Third_Party/LibJPEG/source/jmemmgr.c ****     /* Flush old buffer contents if necessary */
 1238              		.loc 1 861 7 is_stmt 1 view .LVU398
 1239 0042 3B68     		ldr	r3, [r7]
 1240 0044 4722     		movs	r2, #71
 1241 0046 5A61     		str	r2, [r3, #20]
 1242 0048 3B68     		ldr	r3, [r7]
 1243 004a 1B68     		ldr	r3, [r3]
 1244 004c 3846     		mov	r0, r7
 1245 004e 9847     		blx	r3
 1246              	.LVL129:
 1247              	.L72:
 863:Middlewares/Third_Party/LibJPEG/source/jmemmgr.c ****       do_barray_io(cinfo, ptr, TRUE);
 1248              		.loc 1 863 5 view .LVU399
 863:Middlewares/Third_Party/LibJPEG/source/jmemmgr.c ****       do_barray_io(cinfo, ptr, TRUE);
 1249              		.loc 1 863 12 is_stmt 0 view .LVU400
 1250 0050 636A     		ldr	r3, [r4, #36]
 863:Middlewares/Third_Party/LibJPEG/source/jmemmgr.c ****       do_barray_io(cinfo, ptr, TRUE);
 1251              		.loc 1 863 8 view .LVU401
 1252 0052 33BB     		cbnz	r3, .L87
 1253              	.L73:
 874:Middlewares/Third_Party/LibJPEG/source/jmemmgr.c ****       ptr->cur_start_row = start_row;
 1254              		.loc 1 874 5 is_stmt 1 view .LVU402
 874:Middlewares/Third_Party/LibJPEG/source/jmemmgr.c ****       ptr->cur_start_row = start_row;
 1255              		.loc 1 874 24 is_stmt 0 view .LVU403
 1256 0054 A369     		ldr	r3, [r4, #24]
 874:Middlewares/Third_Party/LibJPEG/source/jmemmgr.c ****       ptr->cur_start_row = start_row;
 1257              		.loc 1 874 8 view .LVU404
 1258 0056 B342     		cmp	r3, r6
 1259 0058 2BD2     		bcs	.L74
 875:Middlewares/Third_Party/LibJPEG/source/jmemmgr.c ****     } else {
 1260              		.loc 1 875 7 is_stmt 1 view .LVU405
ARM GAS  /tmp/ccsPRUoP.s 			page 46


 875:Middlewares/Third_Party/LibJPEG/source/jmemmgr.c ****     } else {
 1261              		.loc 1 875 26 is_stmt 0 view .LVU406
 1262 005a A661     		str	r6, [r4, #24]
 1263              	.L75:
 889:Middlewares/Third_Party/LibJPEG/source/jmemmgr.c ****   }
 1264              		.loc 1 889 5 is_stmt 1 view .LVU407
 1265 005c 0022     		movs	r2, #0
 1266 005e 2146     		mov	r1, r4
 1267 0060 3846     		mov	r0, r7
 1268 0062 FFF7FEFF 		bl	do_barray_io
 1269              	.LVL130:
 1270              	.L71:
 895:Middlewares/Third_Party/LibJPEG/source/jmemmgr.c ****     if (ptr->first_undef_row < start_row) {
 1271              		.loc 1 895 3 view .LVU408
 895:Middlewares/Third_Party/LibJPEG/source/jmemmgr.c ****     if (ptr->first_undef_row < start_row) {
 1272              		.loc 1 895 10 is_stmt 0 view .LVU409
 1273 0066 E569     		ldr	r5, [r4, #28]
 895:Middlewares/Third_Party/LibJPEG/source/jmemmgr.c ****     if (ptr->first_undef_row < start_row) {
 1274              		.loc 1 895 6 view .LVU410
 1275 0068 4545     		cmp	r5, r8
 1276 006a 36D2     		bcs	.L77
 896:Middlewares/Third_Party/LibJPEG/source/jmemmgr.c ****       if (writable)		/* writer skipped over a section of array */
 1277              		.loc 1 896 5 is_stmt 1 view .LVU411
 896:Middlewares/Third_Party/LibJPEG/source/jmemmgr.c ****       if (writable)		/* writer skipped over a section of array */
 1278              		.loc 1 896 8 is_stmt 0 view .LVU412
 1279 006c B542     		cmp	r5, r6
 1280 006e 0AD2     		bcs	.L78
 897:Middlewares/Third_Party/LibJPEG/source/jmemmgr.c **** 	ERREXIT(cinfo, JERR_BAD_VIRTUAL_ACCESS);
 1281              		.loc 1 897 7 is_stmt 1 view .LVU413
 897:Middlewares/Third_Party/LibJPEG/source/jmemmgr.c **** 	ERREXIT(cinfo, JERR_BAD_VIRTUAL_ACCESS);
 1282              		.loc 1 897 10 is_stmt 0 view .LVU414
 1283 0070 B9F1000F 		cmp	r9, #0
 1284 0074 25D0     		beq	.L85
 898:Middlewares/Third_Party/LibJPEG/source/jmemmgr.c ****       undef_row = start_row;	/* but reader is allowed to read ahead */
 1285              		.loc 1 898 2 is_stmt 1 view .LVU415
 1286 0076 3B68     		ldr	r3, [r7]
 1287 0078 1722     		movs	r2, #23
 1288 007a 5A61     		str	r2, [r3, #20]
 1289 007c 3B68     		ldr	r3, [r7]
 1290 007e 1B68     		ldr	r3, [r3]
 1291 0080 3846     		mov	r0, r7
 1292 0082 9847     		blx	r3
 1293              	.LVL131:
 899:Middlewares/Third_Party/LibJPEG/source/jmemmgr.c ****     } else {
 1294              		.loc 1 899 17 is_stmt 0 view .LVU416
 1295 0084 3546     		mov	r5, r6
 1296              	.L78:
 1297              	.LVL132:
 903:Middlewares/Third_Party/LibJPEG/source/jmemmgr.c ****       ptr->first_undef_row = end_row;
 1298              		.loc 1 903 5 is_stmt 1 view .LVU417
 903:Middlewares/Third_Party/LibJPEG/source/jmemmgr.c ****       ptr->first_undef_row = end_row;
 1299              		.loc 1 903 8 is_stmt 0 view .LVU418
 1300 0086 B9F1000F 		cmp	r9, #0
 1301 008a 01D0     		beq	.L79
 904:Middlewares/Third_Party/LibJPEG/source/jmemmgr.c ****     if (ptr->pre_zero) {
 1302              		.loc 1 904 7 is_stmt 1 view .LVU419
 904:Middlewares/Third_Party/LibJPEG/source/jmemmgr.c ****     if (ptr->pre_zero) {
ARM GAS  /tmp/ccsPRUoP.s 			page 47


 1303              		.loc 1 904 28 is_stmt 0 view .LVU420
 1304 008c C4F81C80 		str	r8, [r4, #28]
 1305              	.L79:
 905:Middlewares/Third_Party/LibJPEG/source/jmemmgr.c ****       size_t bytesperrow = (size_t) ptr->blocksperrow * SIZEOF(JBLOCK);
 1306              		.loc 1 905 5 is_stmt 1 view .LVU421
 905:Middlewares/Third_Party/LibJPEG/source/jmemmgr.c ****       size_t bytesperrow = (size_t) ptr->blocksperrow * SIZEOF(JBLOCK);
 1307              		.loc 1 905 12 is_stmt 0 view .LVU422
 1308 0090 236A     		ldr	r3, [r4, #32]
 905:Middlewares/Third_Party/LibJPEG/source/jmemmgr.c ****       size_t bytesperrow = (size_t) ptr->blocksperrow * SIZEOF(JBLOCK);
 1309              		.loc 1 905 8 view .LVU423
 1310 0092 73B3     		cbz	r3, .L80
 1311              	.LBB5:
 906:Middlewares/Third_Party/LibJPEG/source/jmemmgr.c ****       undef_row -= ptr->cur_start_row; /* make indexes relative to buffer */
 1312              		.loc 1 906 7 is_stmt 1 view .LVU424
 906:Middlewares/Third_Party/LibJPEG/source/jmemmgr.c ****       undef_row -= ptr->cur_start_row; /* make indexes relative to buffer */
 1313              		.loc 1 906 40 is_stmt 0 view .LVU425
 1314 0094 A768     		ldr	r7, [r4, #8]
 1315              	.LVL133:
 906:Middlewares/Third_Party/LibJPEG/source/jmemmgr.c ****       undef_row -= ptr->cur_start_row; /* make indexes relative to buffer */
 1316              		.loc 1 906 14 view .LVU426
 1317 0096 FF01     		lsls	r7, r7, #7
 1318              	.LVL134:
 907:Middlewares/Third_Party/LibJPEG/source/jmemmgr.c ****       end_row -= ptr->cur_start_row;
 1319              		.loc 1 907 7 is_stmt 1 view .LVU427
 907:Middlewares/Third_Party/LibJPEG/source/jmemmgr.c ****       end_row -= ptr->cur_start_row;
 1320              		.loc 1 907 23 is_stmt 0 view .LVU428
 1321 0098 A369     		ldr	r3, [r4, #24]
 907:Middlewares/Third_Party/LibJPEG/source/jmemmgr.c ****       end_row -= ptr->cur_start_row;
 1322              		.loc 1 907 17 view .LVU429
 1323 009a ED1A     		subs	r5, r5, r3
 1324              	.LVL135:
 908:Middlewares/Third_Party/LibJPEG/source/jmemmgr.c ****       while (undef_row < end_row) {
 1325              		.loc 1 908 7 is_stmt 1 view .LVU430
 908:Middlewares/Third_Party/LibJPEG/source/jmemmgr.c ****       while (undef_row < end_row) {
 1326              		.loc 1 908 15 is_stmt 0 view .LVU431
 1327 009c A8EB0308 		sub	r8, r8, r3
 1328              	.LVL136:
 909:Middlewares/Third_Party/LibJPEG/source/jmemmgr.c **** 	FMEMZERO((void FAR *) ptr->mem_buffer[undef_row], bytesperrow);
 1329              		.loc 1 909 7 is_stmt 1 view .LVU432
 909:Middlewares/Third_Party/LibJPEG/source/jmemmgr.c **** 	FMEMZERO((void FAR *) ptr->mem_buffer[undef_row], bytesperrow);
 1330              		.loc 1 909 13 is_stmt 0 view .LVU433
 1331 00a0 19E0     		b	.L81
 1332              	.LVL137:
 1333              	.L87:
 909:Middlewares/Third_Party/LibJPEG/source/jmemmgr.c **** 	FMEMZERO((void FAR *) ptr->mem_buffer[undef_row], bytesperrow);
 1334              		.loc 1 909 13 view .LVU434
 1335              	.LBE5:
 864:Middlewares/Third_Party/LibJPEG/source/jmemmgr.c ****       ptr->dirty = FALSE;
 1336              		.loc 1 864 7 is_stmt 1 view .LVU435
 1337 00a2 0122     		movs	r2, #1
 1338 00a4 2146     		mov	r1, r4
 1339 00a6 3846     		mov	r0, r7
 1340 00a8 FFF7FEFF 		bl	do_barray_io
 1341              	.LVL138:
 865:Middlewares/Third_Party/LibJPEG/source/jmemmgr.c ****     }
 1342              		.loc 1 865 7 view .LVU436
 865:Middlewares/Third_Party/LibJPEG/source/jmemmgr.c ****     }
ARM GAS  /tmp/ccsPRUoP.s 			page 48


 1343              		.loc 1 865 18 is_stmt 0 view .LVU437
 1344 00ac 0023     		movs	r3, #0
 1345 00ae 6362     		str	r3, [r4, #36]
 1346 00b0 D0E7     		b	.L73
 1347              	.L74:
 1348              	.LBB6:
 878:Middlewares/Third_Party/LibJPEG/source/jmemmgr.c **** 
 1349              		.loc 1 878 7 is_stmt 1 view .LVU438
 880:Middlewares/Third_Party/LibJPEG/source/jmemmgr.c ****       if (ltemp < 0)
 1350              		.loc 1 880 7 view .LVU439
 880:Middlewares/Third_Party/LibJPEG/source/jmemmgr.c ****       if (ltemp < 0)
 1351              		.loc 1 880 42 is_stmt 0 view .LVU440
 1352 00b2 2369     		ldr	r3, [r4, #16]
 1353              	.LVL139:
 881:Middlewares/Third_Party/LibJPEG/source/jmemmgr.c **** 	ltemp = 0;		/* don't fall off front end of file */
 1354              		.loc 1 881 7 is_stmt 1 view .LVU441
 881:Middlewares/Third_Party/LibJPEG/source/jmemmgr.c **** 	ltemp = 0;		/* don't fall off front end of file */
 1355              		.loc 1 881 10 is_stmt 0 view .LVU442
 1356 00b4 B8EB0303 		subs	r3, r8, r3
 1357              	.LVL140:
 881:Middlewares/Third_Party/LibJPEG/source/jmemmgr.c **** 	ltemp = 0;		/* don't fall off front end of file */
 1358              		.loc 1 881 10 view .LVU443
 1359 00b8 01D4     		bmi	.L88
 1360              	.LVL141:
 1361              	.L76:
 883:Middlewares/Third_Party/LibJPEG/source/jmemmgr.c ****     }
 1362              		.loc 1 883 7 is_stmt 1 view .LVU444
 883:Middlewares/Third_Party/LibJPEG/source/jmemmgr.c ****     }
 1363              		.loc 1 883 26 is_stmt 0 view .LVU445
 1364 00ba A361     		str	r3, [r4, #24]
 1365 00bc CEE7     		b	.L75
 1366              	.L88:
 882:Middlewares/Third_Party/LibJPEG/source/jmemmgr.c ****       ptr->cur_start_row = (JDIMENSION) ltemp;
 1367              		.loc 1 882 8 view .LVU446
 1368 00be 0023     		movs	r3, #0
 1369              	.LVL142:
 882:Middlewares/Third_Party/LibJPEG/source/jmemmgr.c ****       ptr->cur_start_row = (JDIMENSION) ltemp;
 1370              		.loc 1 882 8 view .LVU447
 1371 00c0 FBE7     		b	.L76
 1372              	.LVL143:
 1373              	.L85:
 882:Middlewares/Third_Party/LibJPEG/source/jmemmgr.c ****       ptr->cur_start_row = (JDIMENSION) ltemp;
 1374              		.loc 1 882 8 view .LVU448
 1375              	.LBE6:
 899:Middlewares/Third_Party/LibJPEG/source/jmemmgr.c ****     } else {
 1376              		.loc 1 899 17 view .LVU449
 1377 00c2 3546     		mov	r5, r6
 1378 00c4 DFE7     		b	.L78
 1379              	.LVL144:
 1380              	.L82:
 1381              	.LBB7:
 910:Middlewares/Third_Party/LibJPEG/source/jmemmgr.c **** 	undef_row++;
 1382              		.loc 1 910 2 is_stmt 1 view .LVU450
 1383 00c6 2368     		ldr	r3, [r4]
 1384 00c8 3A46     		mov	r2, r7
 1385 00ca 0021     		movs	r1, #0
 1386 00cc 53F82500 		ldr	r0, [r3, r5, lsl #2]
ARM GAS  /tmp/ccsPRUoP.s 			page 49


 1387 00d0 FFF7FEFF 		bl	memset
 1388              	.LVL145:
 911:Middlewares/Third_Party/LibJPEG/source/jmemmgr.c ****       }
 1389              		.loc 1 911 2 view .LVU451
 911:Middlewares/Third_Party/LibJPEG/source/jmemmgr.c ****       }
 1390              		.loc 1 911 11 is_stmt 0 view .LVU452
 1391 00d4 0135     		adds	r5, r5, #1
 1392              	.LVL146:
 1393              	.L81:
 909:Middlewares/Third_Party/LibJPEG/source/jmemmgr.c **** 	FMEMZERO((void FAR *) ptr->mem_buffer[undef_row], bytesperrow);
 1394              		.loc 1 909 13 is_stmt 1 view .LVU453
 1395 00d6 4545     		cmp	r5, r8
 1396 00d8 F5D3     		bcc	.L82
 1397              	.LVL147:
 1398              	.L77:
 909:Middlewares/Third_Party/LibJPEG/source/jmemmgr.c **** 	FMEMZERO((void FAR *) ptr->mem_buffer[undef_row], bytesperrow);
 1399              		.loc 1 909 13 is_stmt 0 view .LVU454
 1400              	.LBE7:
 919:Middlewares/Third_Party/LibJPEG/source/jmemmgr.c ****     ptr->dirty = TRUE;
 1401              		.loc 1 919 3 is_stmt 1 view .LVU455
 919:Middlewares/Third_Party/LibJPEG/source/jmemmgr.c ****     ptr->dirty = TRUE;
 1402              		.loc 1 919 6 is_stmt 0 view .LVU456
 1403 00da B9F1000F 		cmp	r9, #0
 1404 00de 01D0     		beq	.L83
 920:Middlewares/Third_Party/LibJPEG/source/jmemmgr.c ****   /* Return address of proper part of the buffer */
 1405              		.loc 1 920 5 is_stmt 1 view .LVU457
 920:Middlewares/Third_Party/LibJPEG/source/jmemmgr.c ****   /* Return address of proper part of the buffer */
 1406              		.loc 1 920 16 is_stmt 0 view .LVU458
 1407 00e0 0123     		movs	r3, #1
 1408 00e2 6362     		str	r3, [r4, #36]
 1409              	.L83:
 922:Middlewares/Third_Party/LibJPEG/source/jmemmgr.c **** }
 1410              		.loc 1 922 3 is_stmt 1 view .LVU459
 922:Middlewares/Third_Party/LibJPEG/source/jmemmgr.c **** }
 1411              		.loc 1 922 13 is_stmt 0 view .LVU460
 1412 00e4 2068     		ldr	r0, [r4]
 922:Middlewares/Third_Party/LibJPEG/source/jmemmgr.c **** }
 1413              		.loc 1 922 44 view .LVU461
 1414 00e6 A269     		ldr	r2, [r4, #24]
 922:Middlewares/Third_Party/LibJPEG/source/jmemmgr.c **** }
 1415              		.loc 1 922 39 view .LVU462
 1416 00e8 B61A     		subs	r6, r6, r2
 1417              	.LVL148:
 923:Middlewares/Third_Party/LibJPEG/source/jmemmgr.c **** 
 1418              		.loc 1 923 1 view .LVU463
 1419 00ea 00EB8600 		add	r0, r0, r6, lsl #2
 1420 00ee BDE8F883 		pop	{r3, r4, r5, r6, r7, r8, r9, pc}
 1421              	.LVL149:
 1422              	.L80:
 914:Middlewares/Third_Party/LibJPEG/source/jmemmgr.c **** 	ERREXIT(cinfo, JERR_BAD_VIRTUAL_ACCESS);
 1423              		.loc 1 914 7 is_stmt 1 view .LVU464
 914:Middlewares/Third_Party/LibJPEG/source/jmemmgr.c **** 	ERREXIT(cinfo, JERR_BAD_VIRTUAL_ACCESS);
 1424              		.loc 1 914 10 is_stmt 0 view .LVU465
 1425 00f2 B9F1000F 		cmp	r9, #0
 1426 00f6 F0D1     		bne	.L77
 915:Middlewares/Third_Party/LibJPEG/source/jmemmgr.c ****     }
 1427              		.loc 1 915 2 is_stmt 1 view .LVU466
ARM GAS  /tmp/ccsPRUoP.s 			page 50


 1428 00f8 3B68     		ldr	r3, [r7]
 1429 00fa 1722     		movs	r2, #23
 1430 00fc 5A61     		str	r2, [r3, #20]
 1431 00fe 3B68     		ldr	r3, [r7]
 1432 0100 1B68     		ldr	r3, [r3]
 1433 0102 3846     		mov	r0, r7
 1434 0104 9847     		blx	r3
 1435              	.LVL150:
 1436 0106 E8E7     		b	.L77
 1437              		.cfi_endproc
 1438              	.LFE18:
 1440              		.section	.text.access_virt_sarray,"ax",%progbits
 1441              		.align	1
 1442              		.syntax unified
 1443              		.thumb
 1444              		.thumb_func
 1445              		.fpu fpv4-sp-d16
 1447              	access_virt_sarray:
 1448              	.LVL151:
 1449              	.LFB17:
 763:Middlewares/Third_Party/LibJPEG/source/jmemmgr.c ****   JDIMENSION end_row = start_row + num_rows;
 1450              		.loc 1 763 1 view -0
 1451              		.cfi_startproc
 1452              		@ args = 4, pretend = 0, frame = 0
 1453              		@ frame_needed = 0, uses_anonymous_args = 0
 763:Middlewares/Third_Party/LibJPEG/source/jmemmgr.c ****   JDIMENSION end_row = start_row + num_rows;
 1454              		.loc 1 763 1 is_stmt 0 view .LVU468
 1455 0000 2DE9F843 		push	{r3, r4, r5, r6, r7, r8, r9, lr}
 1456              	.LCFI13:
 1457              		.cfi_def_cfa_offset 32
 1458              		.cfi_offset 3, -32
 1459              		.cfi_offset 4, -28
 1460              		.cfi_offset 5, -24
 1461              		.cfi_offset 6, -20
 1462              		.cfi_offset 7, -16
 1463              		.cfi_offset 8, -12
 1464              		.cfi_offset 9, -8
 1465              		.cfi_offset 14, -4
 1466 0004 0746     		mov	r7, r0
 1467 0006 0C46     		mov	r4, r1
 1468 0008 1646     		mov	r6, r2
 1469 000a DDF82090 		ldr	r9, [sp, #32]
 764:Middlewares/Third_Party/LibJPEG/source/jmemmgr.c ****   JDIMENSION undef_row;
 1470              		.loc 1 764 3 is_stmt 1 view .LVU469
 764:Middlewares/Third_Party/LibJPEG/source/jmemmgr.c ****   JDIMENSION undef_row;
 1471              		.loc 1 764 14 is_stmt 0 view .LVU470
 1472 000e 02EB0308 		add	r8, r2, r3
 1473              	.LVL152:
 765:Middlewares/Third_Party/LibJPEG/source/jmemmgr.c **** 
 1474              		.loc 1 765 3 is_stmt 1 view .LVU471
 768:Middlewares/Third_Party/LibJPEG/source/jmemmgr.c ****       ptr->mem_buffer == NULL)
 1475              		.loc 1 768 3 view .LVU472
 768:Middlewares/Third_Party/LibJPEG/source/jmemmgr.c ****       ptr->mem_buffer == NULL)
 1476              		.loc 1 768 20 is_stmt 0 view .LVU473
 1477 0012 4A68     		ldr	r2, [r1, #4]
 1478              	.LVL153:
 768:Middlewares/Third_Party/LibJPEG/source/jmemmgr.c ****       ptr->mem_buffer == NULL)
ARM GAS  /tmp/ccsPRUoP.s 			page 51


 1479              		.loc 1 768 6 view .LVU474
 1480 0014 4245     		cmp	r2, r8
 1481 0016 04D3     		bcc	.L90
 768:Middlewares/Third_Party/LibJPEG/source/jmemmgr.c ****       ptr->mem_buffer == NULL)
 1482              		.loc 1 768 53 discriminator 1 view .LVU475
 1483 0018 CA68     		ldr	r2, [r1, #12]
 768:Middlewares/Third_Party/LibJPEG/source/jmemmgr.c ****       ptr->mem_buffer == NULL)
 1484              		.loc 1 768 36 discriminator 1 view .LVU476
 1485 001a 9A42     		cmp	r2, r3
 1486 001c 01D3     		bcc	.L90
 769:Middlewares/Third_Party/LibJPEG/source/jmemmgr.c ****     ERREXIT(cinfo, JERR_BAD_VIRTUAL_ACCESS);
 1487              		.loc 1 769 10 discriminator 2 view .LVU477
 1488 001e 0B68     		ldr	r3, [r1]
 1489              	.LVL154:
 768:Middlewares/Third_Party/LibJPEG/source/jmemmgr.c ****       ptr->mem_buffer == NULL)
 1490              		.loc 1 768 65 discriminator 2 view .LVU478
 1491 0020 33B9     		cbnz	r3, .L91
 1492              	.L90:
 770:Middlewares/Third_Party/LibJPEG/source/jmemmgr.c **** 
 1493              		.loc 1 770 5 is_stmt 1 view .LVU479
 1494 0022 3B68     		ldr	r3, [r7]
 1495 0024 1722     		movs	r2, #23
 1496 0026 5A61     		str	r2, [r3, #20]
 1497 0028 3B68     		ldr	r3, [r7]
 1498 002a 1B68     		ldr	r3, [r3]
 1499 002c 3846     		mov	r0, r7
 1500              	.LVL155:
 770:Middlewares/Third_Party/LibJPEG/source/jmemmgr.c **** 
 1501              		.loc 1 770 5 is_stmt 0 view .LVU480
 1502 002e 9847     		blx	r3
 1503              	.LVL156:
 1504              	.L91:
 773:Middlewares/Third_Party/LibJPEG/source/jmemmgr.c ****       end_row > ptr->cur_start_row+ptr->rows_in_mem) {
 1505              		.loc 1 773 3 is_stmt 1 view .LVU481
 773:Middlewares/Third_Party/LibJPEG/source/jmemmgr.c ****       end_row > ptr->cur_start_row+ptr->rows_in_mem) {
 1506              		.loc 1 773 22 is_stmt 0 view .LVU482
 1507 0030 A369     		ldr	r3, [r4, #24]
 773:Middlewares/Third_Party/LibJPEG/source/jmemmgr.c ****       end_row > ptr->cur_start_row+ptr->rows_in_mem) {
 1508              		.loc 1 773 6 view .LVU483
 1509 0032 B342     		cmp	r3, r6
 1510 0034 03D8     		bhi	.L92
 774:Middlewares/Third_Party/LibJPEG/source/jmemmgr.c ****     if (! ptr->b_s_open)
 1511              		.loc 1 774 39 discriminator 1 view .LVU484
 1512 0036 2269     		ldr	r2, [r4, #16]
 774:Middlewares/Third_Party/LibJPEG/source/jmemmgr.c ****     if (! ptr->b_s_open)
 1513              		.loc 1 774 35 discriminator 1 view .LVU485
 1514 0038 1344     		add	r3, r3, r2
 773:Middlewares/Third_Party/LibJPEG/source/jmemmgr.c ****       end_row > ptr->cur_start_row+ptr->rows_in_mem) {
 1515              		.loc 1 773 38 discriminator 1 view .LVU486
 1516 003a 4345     		cmp	r3, r8
 1517 003c 13D2     		bcs	.L93
 1518              	.L92:
 775:Middlewares/Third_Party/LibJPEG/source/jmemmgr.c ****       ERREXIT(cinfo, JERR_VIRTUAL_BUG);
 1519              		.loc 1 775 5 is_stmt 1 view .LVU487
 775:Middlewares/Third_Party/LibJPEG/source/jmemmgr.c ****       ERREXIT(cinfo, JERR_VIRTUAL_BUG);
 1520              		.loc 1 775 14 is_stmt 0 view .LVU488
 1521 003e A36A     		ldr	r3, [r4, #40]
ARM GAS  /tmp/ccsPRUoP.s 			page 52


 775:Middlewares/Third_Party/LibJPEG/source/jmemmgr.c ****       ERREXIT(cinfo, JERR_VIRTUAL_BUG);
 1522              		.loc 1 775 8 view .LVU489
 1523 0040 33B9     		cbnz	r3, .L94
 776:Middlewares/Third_Party/LibJPEG/source/jmemmgr.c ****     /* Flush old buffer contents if necessary */
 1524              		.loc 1 776 7 is_stmt 1 view .LVU490
 1525 0042 3B68     		ldr	r3, [r7]
 1526 0044 4722     		movs	r2, #71
 1527 0046 5A61     		str	r2, [r3, #20]
 1528 0048 3B68     		ldr	r3, [r7]
 1529 004a 1B68     		ldr	r3, [r3]
 1530 004c 3846     		mov	r0, r7
 1531 004e 9847     		blx	r3
 1532              	.LVL157:
 1533              	.L94:
 778:Middlewares/Third_Party/LibJPEG/source/jmemmgr.c ****       do_sarray_io(cinfo, ptr, TRUE);
 1534              		.loc 1 778 5 view .LVU491
 778:Middlewares/Third_Party/LibJPEG/source/jmemmgr.c ****       do_sarray_io(cinfo, ptr, TRUE);
 1535              		.loc 1 778 12 is_stmt 0 view .LVU492
 1536 0050 636A     		ldr	r3, [r4, #36]
 778:Middlewares/Third_Party/LibJPEG/source/jmemmgr.c ****       do_sarray_io(cinfo, ptr, TRUE);
 1537              		.loc 1 778 8 view .LVU493
 1538 0052 2BBB     		cbnz	r3, .L109
 1539              	.L95:
 789:Middlewares/Third_Party/LibJPEG/source/jmemmgr.c ****       ptr->cur_start_row = start_row;
 1540              		.loc 1 789 5 is_stmt 1 view .LVU494
 789:Middlewares/Third_Party/LibJPEG/source/jmemmgr.c ****       ptr->cur_start_row = start_row;
 1541              		.loc 1 789 24 is_stmt 0 view .LVU495
 1542 0054 A369     		ldr	r3, [r4, #24]
 789:Middlewares/Third_Party/LibJPEG/source/jmemmgr.c ****       ptr->cur_start_row = start_row;
 1543              		.loc 1 789 8 view .LVU496
 1544 0056 B342     		cmp	r3, r6
 1545 0058 2AD2     		bcs	.L96
 790:Middlewares/Third_Party/LibJPEG/source/jmemmgr.c ****     } else {
 1546              		.loc 1 790 7 is_stmt 1 view .LVU497
 790:Middlewares/Third_Party/LibJPEG/source/jmemmgr.c ****     } else {
 1547              		.loc 1 790 26 is_stmt 0 view .LVU498
 1548 005a A661     		str	r6, [r4, #24]
 1549              	.L97:
 804:Middlewares/Third_Party/LibJPEG/source/jmemmgr.c ****   }
 1550              		.loc 1 804 5 is_stmt 1 view .LVU499
 1551 005c 0022     		movs	r2, #0
 1552 005e 2146     		mov	r1, r4
 1553 0060 3846     		mov	r0, r7
 1554 0062 FFF7FEFF 		bl	do_sarray_io
 1555              	.LVL158:
 1556              	.L93:
 810:Middlewares/Third_Party/LibJPEG/source/jmemmgr.c ****     if (ptr->first_undef_row < start_row) {
 1557              		.loc 1 810 3 view .LVU500
 810:Middlewares/Third_Party/LibJPEG/source/jmemmgr.c ****     if (ptr->first_undef_row < start_row) {
 1558              		.loc 1 810 10 is_stmt 0 view .LVU501
 1559 0066 E569     		ldr	r5, [r4, #28]
 810:Middlewares/Third_Party/LibJPEG/source/jmemmgr.c ****     if (ptr->first_undef_row < start_row) {
 1560              		.loc 1 810 6 view .LVU502
 1561 0068 4545     		cmp	r5, r8
 1562 006a 35D2     		bcs	.L99
 811:Middlewares/Third_Party/LibJPEG/source/jmemmgr.c ****       if (writable)		/* writer skipped over a section of array */
 1563              		.loc 1 811 5 is_stmt 1 view .LVU503
ARM GAS  /tmp/ccsPRUoP.s 			page 53


 811:Middlewares/Third_Party/LibJPEG/source/jmemmgr.c ****       if (writable)		/* writer skipped over a section of array */
 1564              		.loc 1 811 8 is_stmt 0 view .LVU504
 1565 006c B542     		cmp	r5, r6
 1566 006e 0AD2     		bcs	.L100
 812:Middlewares/Third_Party/LibJPEG/source/jmemmgr.c **** 	ERREXIT(cinfo, JERR_BAD_VIRTUAL_ACCESS);
 1567              		.loc 1 812 7 is_stmt 1 view .LVU505
 812:Middlewares/Third_Party/LibJPEG/source/jmemmgr.c **** 	ERREXIT(cinfo, JERR_BAD_VIRTUAL_ACCESS);
 1568              		.loc 1 812 10 is_stmt 0 view .LVU506
 1569 0070 B9F1000F 		cmp	r9, #0
 1570 0074 24D0     		beq	.L107
 813:Middlewares/Third_Party/LibJPEG/source/jmemmgr.c ****       undef_row = start_row;	/* but reader is allowed to read ahead */
 1571              		.loc 1 813 2 is_stmt 1 view .LVU507
 1572 0076 3B68     		ldr	r3, [r7]
 1573 0078 1722     		movs	r2, #23
 1574 007a 5A61     		str	r2, [r3, #20]
 1575 007c 3B68     		ldr	r3, [r7]
 1576 007e 1B68     		ldr	r3, [r3]
 1577 0080 3846     		mov	r0, r7
 1578 0082 9847     		blx	r3
 1579              	.LVL159:
 814:Middlewares/Third_Party/LibJPEG/source/jmemmgr.c ****     } else {
 1580              		.loc 1 814 17 is_stmt 0 view .LVU508
 1581 0084 3546     		mov	r5, r6
 1582              	.L100:
 1583              	.LVL160:
 818:Middlewares/Third_Party/LibJPEG/source/jmemmgr.c ****       ptr->first_undef_row = end_row;
 1584              		.loc 1 818 5 is_stmt 1 view .LVU509
 818:Middlewares/Third_Party/LibJPEG/source/jmemmgr.c ****       ptr->first_undef_row = end_row;
 1585              		.loc 1 818 8 is_stmt 0 view .LVU510
 1586 0086 B9F1000F 		cmp	r9, #0
 1587 008a 01D0     		beq	.L101
 819:Middlewares/Third_Party/LibJPEG/source/jmemmgr.c ****     if (ptr->pre_zero) {
 1588              		.loc 1 819 7 is_stmt 1 view .LVU511
 819:Middlewares/Third_Party/LibJPEG/source/jmemmgr.c ****     if (ptr->pre_zero) {
 1589              		.loc 1 819 28 is_stmt 0 view .LVU512
 1590 008c C4F81C80 		str	r8, [r4, #28]
 1591              	.L101:
 820:Middlewares/Third_Party/LibJPEG/source/jmemmgr.c ****       size_t bytesperrow = (size_t) ptr->samplesperrow * SIZEOF(JSAMPLE);
 1592              		.loc 1 820 5 is_stmt 1 view .LVU513
 820:Middlewares/Third_Party/LibJPEG/source/jmemmgr.c ****       size_t bytesperrow = (size_t) ptr->samplesperrow * SIZEOF(JSAMPLE);
 1593              		.loc 1 820 12 is_stmt 0 view .LVU514
 1594 0090 236A     		ldr	r3, [r4, #32]
 820:Middlewares/Third_Party/LibJPEG/source/jmemmgr.c ****       size_t bytesperrow = (size_t) ptr->samplesperrow * SIZEOF(JSAMPLE);
 1595              		.loc 1 820 8 view .LVU515
 1596 0092 6BB3     		cbz	r3, .L102
 1597              	.LBB8:
 821:Middlewares/Third_Party/LibJPEG/source/jmemmgr.c ****       undef_row -= ptr->cur_start_row; /* make indexes relative to buffer */
 1598              		.loc 1 821 7 is_stmt 1 view .LVU516
 821:Middlewares/Third_Party/LibJPEG/source/jmemmgr.c ****       undef_row -= ptr->cur_start_row; /* make indexes relative to buffer */
 1599              		.loc 1 821 14 is_stmt 0 view .LVU517
 1600 0094 A768     		ldr	r7, [r4, #8]
 1601              	.LVL161:
 822:Middlewares/Third_Party/LibJPEG/source/jmemmgr.c ****       end_row -= ptr->cur_start_row;
 1602              		.loc 1 822 7 is_stmt 1 view .LVU518
 822:Middlewares/Third_Party/LibJPEG/source/jmemmgr.c ****       end_row -= ptr->cur_start_row;
 1603              		.loc 1 822 23 is_stmt 0 view .LVU519
 1604 0096 A369     		ldr	r3, [r4, #24]
ARM GAS  /tmp/ccsPRUoP.s 			page 54


 822:Middlewares/Third_Party/LibJPEG/source/jmemmgr.c ****       end_row -= ptr->cur_start_row;
 1605              		.loc 1 822 17 view .LVU520
 1606 0098 ED1A     		subs	r5, r5, r3
 1607              	.LVL162:
 823:Middlewares/Third_Party/LibJPEG/source/jmemmgr.c ****       while (undef_row < end_row) {
 1608              		.loc 1 823 7 is_stmt 1 view .LVU521
 823:Middlewares/Third_Party/LibJPEG/source/jmemmgr.c ****       while (undef_row < end_row) {
 1609              		.loc 1 823 15 is_stmt 0 view .LVU522
 1610 009a A8EB0308 		sub	r8, r8, r3
 1611              	.LVL163:
 824:Middlewares/Third_Party/LibJPEG/source/jmemmgr.c **** 	FMEMZERO((void FAR *) ptr->mem_buffer[undef_row], bytesperrow);
 1612              		.loc 1 824 7 is_stmt 1 view .LVU523
 824:Middlewares/Third_Party/LibJPEG/source/jmemmgr.c **** 	FMEMZERO((void FAR *) ptr->mem_buffer[undef_row], bytesperrow);
 1613              		.loc 1 824 13 is_stmt 0 view .LVU524
 1614 009e 19E0     		b	.L103
 1615              	.LVL164:
 1616              	.L109:
 824:Middlewares/Third_Party/LibJPEG/source/jmemmgr.c **** 	FMEMZERO((void FAR *) ptr->mem_buffer[undef_row], bytesperrow);
 1617              		.loc 1 824 13 view .LVU525
 1618              	.LBE8:
 779:Middlewares/Third_Party/LibJPEG/source/jmemmgr.c ****       ptr->dirty = FALSE;
 1619              		.loc 1 779 7 is_stmt 1 view .LVU526
 1620 00a0 0122     		movs	r2, #1
 1621 00a2 2146     		mov	r1, r4
 1622 00a4 3846     		mov	r0, r7
 1623 00a6 FFF7FEFF 		bl	do_sarray_io
 1624              	.LVL165:
 780:Middlewares/Third_Party/LibJPEG/source/jmemmgr.c ****     }
 1625              		.loc 1 780 7 view .LVU527
 780:Middlewares/Third_Party/LibJPEG/source/jmemmgr.c ****     }
 1626              		.loc 1 780 18 is_stmt 0 view .LVU528
 1627 00aa 0023     		movs	r3, #0
 1628 00ac 6362     		str	r3, [r4, #36]
 1629 00ae D1E7     		b	.L95
 1630              	.L96:
 1631              	.LBB9:
 793:Middlewares/Third_Party/LibJPEG/source/jmemmgr.c **** 
 1632              		.loc 1 793 7 is_stmt 1 view .LVU529
 795:Middlewares/Third_Party/LibJPEG/source/jmemmgr.c ****       if (ltemp < 0)
 1633              		.loc 1 795 7 view .LVU530
 795:Middlewares/Third_Party/LibJPEG/source/jmemmgr.c ****       if (ltemp < 0)
 1634              		.loc 1 795 42 is_stmt 0 view .LVU531
 1635 00b0 2369     		ldr	r3, [r4, #16]
 1636              	.LVL166:
 796:Middlewares/Third_Party/LibJPEG/source/jmemmgr.c **** 	ltemp = 0;		/* don't fall off front end of file */
 1637              		.loc 1 796 7 is_stmt 1 view .LVU532
 796:Middlewares/Third_Party/LibJPEG/source/jmemmgr.c **** 	ltemp = 0;		/* don't fall off front end of file */
 1638              		.loc 1 796 10 is_stmt 0 view .LVU533
 1639 00b2 B8EB0303 		subs	r3, r8, r3
 1640              	.LVL167:
 796:Middlewares/Third_Party/LibJPEG/source/jmemmgr.c **** 	ltemp = 0;		/* don't fall off front end of file */
 1641              		.loc 1 796 10 view .LVU534
 1642 00b6 01D4     		bmi	.L110
 1643              	.LVL168:
 1644              	.L98:
 798:Middlewares/Third_Party/LibJPEG/source/jmemmgr.c ****     }
 1645              		.loc 1 798 7 is_stmt 1 view .LVU535
ARM GAS  /tmp/ccsPRUoP.s 			page 55


 798:Middlewares/Third_Party/LibJPEG/source/jmemmgr.c ****     }
 1646              		.loc 1 798 26 is_stmt 0 view .LVU536
 1647 00b8 A361     		str	r3, [r4, #24]
 1648 00ba CFE7     		b	.L97
 1649              	.L110:
 797:Middlewares/Third_Party/LibJPEG/source/jmemmgr.c ****       ptr->cur_start_row = (JDIMENSION) ltemp;
 1650              		.loc 1 797 8 view .LVU537
 1651 00bc 0023     		movs	r3, #0
 1652              	.LVL169:
 797:Middlewares/Third_Party/LibJPEG/source/jmemmgr.c ****       ptr->cur_start_row = (JDIMENSION) ltemp;
 1653              		.loc 1 797 8 view .LVU538
 1654 00be FBE7     		b	.L98
 1655              	.LVL170:
 1656              	.L107:
 797:Middlewares/Third_Party/LibJPEG/source/jmemmgr.c ****       ptr->cur_start_row = (JDIMENSION) ltemp;
 1657              		.loc 1 797 8 view .LVU539
 1658              	.LBE9:
 814:Middlewares/Third_Party/LibJPEG/source/jmemmgr.c ****     } else {
 1659              		.loc 1 814 17 view .LVU540
 1660 00c0 3546     		mov	r5, r6
 1661 00c2 E0E7     		b	.L100
 1662              	.LVL171:
 1663              	.L104:
 1664              	.LBB10:
 825:Middlewares/Third_Party/LibJPEG/source/jmemmgr.c **** 	undef_row++;
 1665              		.loc 1 825 2 is_stmt 1 view .LVU541
 1666 00c4 2368     		ldr	r3, [r4]
 1667 00c6 3A46     		mov	r2, r7
 1668 00c8 0021     		movs	r1, #0
 1669 00ca 53F82500 		ldr	r0, [r3, r5, lsl #2]
 1670 00ce FFF7FEFF 		bl	memset
 1671              	.LVL172:
 826:Middlewares/Third_Party/LibJPEG/source/jmemmgr.c ****       }
 1672              		.loc 1 826 2 view .LVU542
 826:Middlewares/Third_Party/LibJPEG/source/jmemmgr.c ****       }
 1673              		.loc 1 826 11 is_stmt 0 view .LVU543
 1674 00d2 0135     		adds	r5, r5, #1
 1675              	.LVL173:
 1676              	.L103:
 824:Middlewares/Third_Party/LibJPEG/source/jmemmgr.c **** 	FMEMZERO((void FAR *) ptr->mem_buffer[undef_row], bytesperrow);
 1677              		.loc 1 824 13 is_stmt 1 view .LVU544
 1678 00d4 4545     		cmp	r5, r8
 1679 00d6 F5D3     		bcc	.L104
 1680              	.LVL174:
 1681              	.L99:
 824:Middlewares/Third_Party/LibJPEG/source/jmemmgr.c **** 	FMEMZERO((void FAR *) ptr->mem_buffer[undef_row], bytesperrow);
 1682              		.loc 1 824 13 is_stmt 0 view .LVU545
 1683              	.LBE10:
 834:Middlewares/Third_Party/LibJPEG/source/jmemmgr.c ****     ptr->dirty = TRUE;
 1684              		.loc 1 834 3 is_stmt 1 view .LVU546
 834:Middlewares/Third_Party/LibJPEG/source/jmemmgr.c ****     ptr->dirty = TRUE;
 1685              		.loc 1 834 6 is_stmt 0 view .LVU547
 1686 00d8 B9F1000F 		cmp	r9, #0
 1687 00dc 01D0     		beq	.L105
 835:Middlewares/Third_Party/LibJPEG/source/jmemmgr.c ****   /* Return address of proper part of the buffer */
 1688              		.loc 1 835 5 is_stmt 1 view .LVU548
 835:Middlewares/Third_Party/LibJPEG/source/jmemmgr.c ****   /* Return address of proper part of the buffer */
ARM GAS  /tmp/ccsPRUoP.s 			page 56


 1689              		.loc 1 835 16 is_stmt 0 view .LVU549
 1690 00de 0123     		movs	r3, #1
 1691 00e0 6362     		str	r3, [r4, #36]
 1692              	.L105:
 837:Middlewares/Third_Party/LibJPEG/source/jmemmgr.c **** }
 1693              		.loc 1 837 3 is_stmt 1 view .LVU550
 837:Middlewares/Third_Party/LibJPEG/source/jmemmgr.c **** }
 1694              		.loc 1 837 13 is_stmt 0 view .LVU551
 1695 00e2 2068     		ldr	r0, [r4]
 837:Middlewares/Third_Party/LibJPEG/source/jmemmgr.c **** }
 1696              		.loc 1 837 44 view .LVU552
 1697 00e4 A269     		ldr	r2, [r4, #24]
 837:Middlewares/Third_Party/LibJPEG/source/jmemmgr.c **** }
 1698              		.loc 1 837 39 view .LVU553
 1699 00e6 B61A     		subs	r6, r6, r2
 1700              	.LVL175:
 838:Middlewares/Third_Party/LibJPEG/source/jmemmgr.c **** 
 1701              		.loc 1 838 1 view .LVU554
 1702 00e8 00EB8600 		add	r0, r0, r6, lsl #2
 1703 00ec BDE8F883 		pop	{r3, r4, r5, r6, r7, r8, r9, pc}
 1704              	.LVL176:
 1705              	.L102:
 829:Middlewares/Third_Party/LibJPEG/source/jmemmgr.c **** 	ERREXIT(cinfo, JERR_BAD_VIRTUAL_ACCESS);
 1706              		.loc 1 829 7 is_stmt 1 view .LVU555
 829:Middlewares/Third_Party/LibJPEG/source/jmemmgr.c **** 	ERREXIT(cinfo, JERR_BAD_VIRTUAL_ACCESS);
 1707              		.loc 1 829 10 is_stmt 0 view .LVU556
 1708 00f0 B9F1000F 		cmp	r9, #0
 1709 00f4 F0D1     		bne	.L99
 830:Middlewares/Third_Party/LibJPEG/source/jmemmgr.c ****     }
 1710              		.loc 1 830 2 is_stmt 1 view .LVU557
 1711 00f6 3B68     		ldr	r3, [r7]
 1712 00f8 1722     		movs	r2, #23
 1713 00fa 5A61     		str	r2, [r3, #20]
 1714 00fc 3B68     		ldr	r3, [r7]
 1715 00fe 1B68     		ldr	r3, [r3]
 1716 0100 3846     		mov	r0, r7
 1717 0102 9847     		blx	r3
 1718              	.LVL177:
 1719 0104 E8E7     		b	.L99
 1720              		.cfi_endproc
 1721              	.LFE17:
 1723              		.section	.text.alloc_large,"ax",%progbits
 1724              		.align	1
 1725              		.syntax unified
 1726              		.thumb
 1727              		.thumb_func
 1728              		.fpu fpv4-sp-d16
 1730              	alloc_large:
 1731              	.LVL178:
 1732              	.LFB9:
 345:Middlewares/Third_Party/LibJPEG/source/jmemmgr.c ****   my_mem_ptr mem = (my_mem_ptr) cinfo->mem;
 1733              		.loc 1 345 1 view -0
 1734              		.cfi_startproc
 1735              		@ args = 0, pretend = 0, frame = 0
 1736              		@ frame_needed = 0, uses_anonymous_args = 0
 345:Middlewares/Third_Party/LibJPEG/source/jmemmgr.c ****   my_mem_ptr mem = (my_mem_ptr) cinfo->mem;
 1737              		.loc 1 345 1 is_stmt 0 view .LVU559
ARM GAS  /tmp/ccsPRUoP.s 			page 57


 1738 0000 2DE9F041 		push	{r4, r5, r6, r7, r8, lr}
 1739              	.LCFI14:
 1740              		.cfi_def_cfa_offset 24
 1741              		.cfi_offset 4, -24
 1742              		.cfi_offset 5, -20
 1743              		.cfi_offset 6, -16
 1744              		.cfi_offset 7, -12
 1745              		.cfi_offset 8, -8
 1746              		.cfi_offset 14, -4
 1747 0004 0546     		mov	r5, r0
 1748 0006 0E46     		mov	r6, r1
 1749 0008 1446     		mov	r4, r2
 346:Middlewares/Third_Party/LibJPEG/source/jmemmgr.c ****   large_pool_ptr hdr_ptr;
 1750              		.loc 1 346 3 is_stmt 1 view .LVU560
 346:Middlewares/Third_Party/LibJPEG/source/jmemmgr.c ****   large_pool_ptr hdr_ptr;
 1751              		.loc 1 346 14 is_stmt 0 view .LVU561
 1752 000a 4768     		ldr	r7, [r0, #4]
 1753              	.LVL179:
 347:Middlewares/Third_Party/LibJPEG/source/jmemmgr.c ****   size_t odd_bytes;
 1754              		.loc 1 347 3 is_stmt 1 view .LVU562
 348:Middlewares/Third_Party/LibJPEG/source/jmemmgr.c **** 
 1755              		.loc 1 348 3 view .LVU563
 351:Middlewares/Third_Party/LibJPEG/source/jmemmgr.c ****     out_of_memory(cinfo, 3);	/* request exceeds malloc's ability */
 1756              		.loc 1 351 3 view .LVU564
 351:Middlewares/Third_Party/LibJPEG/source/jmemmgr.c ****     out_of_memory(cinfo, 3);	/* request exceeds malloc's ability */
 1757              		.loc 1 351 6 is_stmt 0 view .LVU565
 1758 000c 4FF6F073 		movw	r3, #65520
 1759 0010 9A42     		cmp	r2, r3
 1760 0012 2BD8     		bhi	.L117
 1761              	.LVL180:
 1762              	.L112:
 355:Middlewares/Third_Party/LibJPEG/source/jmemmgr.c ****   if (odd_bytes > 0)
 1763              		.loc 1 355 3 is_stmt 1 view .LVU566
 356:Middlewares/Third_Party/LibJPEG/source/jmemmgr.c ****     sizeofobject += SIZEOF(ALIGN_TYPE) - odd_bytes;
 1764              		.loc 1 356 3 view .LVU567
 356:Middlewares/Third_Party/LibJPEG/source/jmemmgr.c ****     sizeofobject += SIZEOF(ALIGN_TYPE) - odd_bytes;
 1765              		.loc 1 356 6 is_stmt 0 view .LVU568
 1766 0014 14F00702 		ands	r2, r4, #7
 1767              	.LVL181:
 356:Middlewares/Third_Party/LibJPEG/source/jmemmgr.c ****     sizeofobject += SIZEOF(ALIGN_TYPE) - odd_bytes;
 1768              		.loc 1 356 6 view .LVU569
 1769 0018 01D0     		beq	.L113
 357:Middlewares/Third_Party/LibJPEG/source/jmemmgr.c **** 
 1770              		.loc 1 357 5 is_stmt 1 view .LVU570
 357:Middlewares/Third_Party/LibJPEG/source/jmemmgr.c **** 
 1771              		.loc 1 357 18 is_stmt 0 view .LVU571
 1772 001a A41A     		subs	r4, r4, r2
 1773              	.LVL182:
 357:Middlewares/Third_Party/LibJPEG/source/jmemmgr.c **** 
 1774              		.loc 1 357 18 view .LVU572
 1775 001c 0834     		adds	r4, r4, #8
 1776              	.LVL183:
 1777              	.L113:
 360:Middlewares/Third_Party/LibJPEG/source/jmemmgr.c ****     ERREXIT1(cinfo, JERR_BAD_POOL_ID, pool_id);	/* safety check */
 1778              		.loc 1 360 3 is_stmt 1 view .LVU573
 360:Middlewares/Third_Party/LibJPEG/source/jmemmgr.c ****     ERREXIT1(cinfo, JERR_BAD_POOL_ID, pool_id);	/* safety check */
 1779              		.loc 1 360 6 is_stmt 0 view .LVU574
ARM GAS  /tmp/ccsPRUoP.s 			page 58


 1780 001e 012E     		cmp	r6, #1
 1781 0020 08D9     		bls	.L114
 361:Middlewares/Third_Party/LibJPEG/source/jmemmgr.c **** 
 1782              		.loc 1 361 5 is_stmt 1 view .LVU575
 1783 0022 2B68     		ldr	r3, [r5]
 1784 0024 0F22     		movs	r2, #15
 1785              	.LVL184:
 361:Middlewares/Third_Party/LibJPEG/source/jmemmgr.c **** 
 1786              		.loc 1 361 5 is_stmt 0 view .LVU576
 1787 0026 5A61     		str	r2, [r3, #20]
 1788 0028 2B68     		ldr	r3, [r5]
 1789 002a 9E61     		str	r6, [r3, #24]
 1790 002c 2B68     		ldr	r3, [r5]
 1791 002e 1B68     		ldr	r3, [r3]
 1792 0030 2846     		mov	r0, r5
 1793 0032 9847     		blx	r3
 1794              	.LVL185:
 1795              	.L114:
 363:Middlewares/Third_Party/LibJPEG/source/jmemmgr.c **** 					    SIZEOF(large_pool_hdr));
 1796              		.loc 1 363 3 is_stmt 1 view .LVU577
 363:Middlewares/Third_Party/LibJPEG/source/jmemmgr.c **** 					    SIZEOF(large_pool_hdr));
 1797              		.loc 1 363 30 is_stmt 0 view .LVU578
 1798 0034 04F11001 		add	r1, r4, #16
 1799 0038 2846     		mov	r0, r5
 1800 003a FFF7FEFF 		bl	jpeg_get_large
 1801              	.LVL186:
 365:Middlewares/Third_Party/LibJPEG/source/jmemmgr.c ****     out_of_memory(cinfo, 4);	/* jpeg_get_large failed */
 1802              		.loc 1 365 3 is_stmt 1 view .LVU579
 365:Middlewares/Third_Party/LibJPEG/source/jmemmgr.c ****     out_of_memory(cinfo, 4);	/* jpeg_get_large failed */
 1803              		.loc 1 365 6 is_stmt 0 view .LVU580
 1804 003e 8046     		mov	r8, r0
 1805 0040 C0B1     		cbz	r0, .L118
 1806              	.LVL187:
 1807              	.L115:
 367:Middlewares/Third_Party/LibJPEG/source/jmemmgr.c **** 
 1808              		.loc 1 367 3 is_stmt 1 view .LVU581
 367:Middlewares/Third_Party/LibJPEG/source/jmemmgr.c **** 
 1809              		.loc 1 367 30 is_stmt 0 view .LVU582
 1810 0042 FB6C     		ldr	r3, [r7, #76]
 1811 0044 2344     		add	r3, r3, r4
 1812 0046 1033     		adds	r3, r3, #16
 1813 0048 FB64     		str	r3, [r7, #76]
 370:Middlewares/Third_Party/LibJPEG/source/jmemmgr.c ****   /* We maintain space counts in each pool header for statistical purposes,
 1814              		.loc 1 370 3 is_stmt 1 view .LVU583
 370:Middlewares/Third_Party/LibJPEG/source/jmemmgr.c ****   /* We maintain space counts in each pool header for statistical purposes,
 1815              		.loc 1 370 38 is_stmt 0 view .LVU584
 1816 004a 0E36     		adds	r6, r6, #14
 1817              	.LVL188:
 370:Middlewares/Third_Party/LibJPEG/source/jmemmgr.c ****   /* We maintain space counts in each pool header for statistical purposes,
 1818              		.loc 1 370 38 view .LVU585
 1819 004c 07EB8607 		add	r7, r7, r6, lsl #2
 1820              	.LVL189:
 370:Middlewares/Third_Party/LibJPEG/source/jmemmgr.c ****   /* We maintain space counts in each pool header for statistical purposes,
 1821              		.loc 1 370 38 view .LVU586
 1822 0050 7B68     		ldr	r3, [r7, #4]
 370:Middlewares/Third_Party/LibJPEG/source/jmemmgr.c ****   /* We maintain space counts in each pool header for statistical purposes,
 1823              		.loc 1 370 21 view .LVU587
ARM GAS  /tmp/ccsPRUoP.s 			page 59


 1824 0052 C8F80030 		str	r3, [r8]
 374:Middlewares/Third_Party/LibJPEG/source/jmemmgr.c ****   hdr_ptr->hdr.bytes_left = 0;
 1825              		.loc 1 374 3 is_stmt 1 view .LVU588
 374:Middlewares/Third_Party/LibJPEG/source/jmemmgr.c ****   hdr_ptr->hdr.bytes_left = 0;
 1826              		.loc 1 374 27 is_stmt 0 view .LVU589
 1827 0056 C8F80440 		str	r4, [r8, #4]
 375:Middlewares/Third_Party/LibJPEG/source/jmemmgr.c ****   mem->large_list[pool_id] = hdr_ptr;
 1828              		.loc 1 375 3 is_stmt 1 view .LVU590
 375:Middlewares/Third_Party/LibJPEG/source/jmemmgr.c ****   mem->large_list[pool_id] = hdr_ptr;
 1829              		.loc 1 375 27 is_stmt 0 view .LVU591
 1830 005a 0023     		movs	r3, #0
 1831 005c C8F80830 		str	r3, [r8, #8]
 376:Middlewares/Third_Party/LibJPEG/source/jmemmgr.c **** 
 1832              		.loc 1 376 3 is_stmt 1 view .LVU592
 376:Middlewares/Third_Party/LibJPEG/source/jmemmgr.c **** 
 1833              		.loc 1 376 28 is_stmt 0 view .LVU593
 1834 0060 C7F80480 		str	r8, [r7, #4]
 378:Middlewares/Third_Party/LibJPEG/source/jmemmgr.c **** }
 1835              		.loc 1 378 3 is_stmt 1 view .LVU594
 379:Middlewares/Third_Party/LibJPEG/source/jmemmgr.c **** 
 1836              		.loc 1 379 1 is_stmt 0 view .LVU595
 1837 0064 08F11000 		add	r0, r8, #16
 1838 0068 BDE8F081 		pop	{r4, r5, r6, r7, r8, pc}
 1839              	.LVL190:
 1840              	.L117:
 352:Middlewares/Third_Party/LibJPEG/source/jmemmgr.c **** 
 1841              		.loc 1 352 5 is_stmt 1 view .LVU596
 1842 006c 0321     		movs	r1, #3
 1843              	.LVL191:
 352:Middlewares/Third_Party/LibJPEG/source/jmemmgr.c **** 
 1844              		.loc 1 352 5 is_stmt 0 view .LVU597
 1845 006e FFF7FEFF 		bl	out_of_memory
 1846              	.LVL192:
 352:Middlewares/Third_Party/LibJPEG/source/jmemmgr.c **** 
 1847              		.loc 1 352 5 view .LVU598
 1848 0072 CFE7     		b	.L112
 1849              	.LVL193:
 1850              	.L118:
 366:Middlewares/Third_Party/LibJPEG/source/jmemmgr.c ****   mem->total_space_allocated += sizeofobject + SIZEOF(large_pool_hdr);
 1851              		.loc 1 366 5 is_stmt 1 view .LVU599
 1852 0074 0421     		movs	r1, #4
 1853 0076 2846     		mov	r0, r5
 1854              	.LVL194:
 366:Middlewares/Third_Party/LibJPEG/source/jmemmgr.c ****   mem->total_space_allocated += sizeofobject + SIZEOF(large_pool_hdr);
 1855              		.loc 1 366 5 is_stmt 0 view .LVU600
 1856 0078 FFF7FEFF 		bl	out_of_memory
 1857              	.LVL195:
 1858 007c E1E7     		b	.L115
 1859              		.cfi_endproc
 1860              	.LFE9:
 1862              		.section	.text.alloc_barray,"ax",%progbits
 1863              		.align	1
 1864              		.syntax unified
 1865              		.thumb
 1866              		.thumb_func
 1867              		.fpu fpv4-sp-d16
 1869              	alloc_barray:
ARM GAS  /tmp/ccsPRUoP.s 			page 60


 1870              	.LVL196:
 1871              	.LFB11:
 447:Middlewares/Third_Party/LibJPEG/source/jmemmgr.c ****   my_mem_ptr mem = (my_mem_ptr) cinfo->mem;
 1872              		.loc 1 447 1 is_stmt 1 view -0
 1873              		.cfi_startproc
 1874              		@ args = 0, pretend = 0, frame = 0
 1875              		@ frame_needed = 0, uses_anonymous_args = 0
 447:Middlewares/Third_Party/LibJPEG/source/jmemmgr.c ****   my_mem_ptr mem = (my_mem_ptr) cinfo->mem;
 1876              		.loc 1 447 1 is_stmt 0 view .LVU602
 1877 0000 2DE9F84F 		push	{r3, r4, r5, r6, r7, r8, r9, r10, fp, lr}
 1878              	.LCFI15:
 1879              		.cfi_def_cfa_offset 40
 1880              		.cfi_offset 3, -40
 1881              		.cfi_offset 4, -36
 1882              		.cfi_offset 5, -32
 1883              		.cfi_offset 6, -28
 1884              		.cfi_offset 7, -24
 1885              		.cfi_offset 8, -20
 1886              		.cfi_offset 9, -16
 1887              		.cfi_offset 10, -12
 1888              		.cfi_offset 11, -8
 1889              		.cfi_offset 14, -4
 1890 0004 8146     		mov	r9, r0
 1891 0006 8A46     		mov	r10, r1
 1892 0008 9346     		mov	fp, r2
 1893 000a 9846     		mov	r8, r3
 448:Middlewares/Third_Party/LibJPEG/source/jmemmgr.c ****   JBLOCKARRAY result;
 1894              		.loc 1 448 3 is_stmt 1 view .LVU603
 448:Middlewares/Third_Party/LibJPEG/source/jmemmgr.c ****   JBLOCKARRAY result;
 1895              		.loc 1 448 14 is_stmt 0 view .LVU604
 1896 000c 4468     		ldr	r4, [r0, #4]
 1897              	.LVL197:
 449:Middlewares/Third_Party/LibJPEG/source/jmemmgr.c ****   JBLOCKROW workspace;
 1898              		.loc 1 449 3 is_stmt 1 view .LVU605
 450:Middlewares/Third_Party/LibJPEG/source/jmemmgr.c ****   JDIMENSION rowsperchunk, currow, i;
 1899              		.loc 1 450 3 view .LVU606
 451:Middlewares/Third_Party/LibJPEG/source/jmemmgr.c ****   long ltemp;
 1900              		.loc 1 451 3 view .LVU607
 452:Middlewares/Third_Party/LibJPEG/source/jmemmgr.c **** 
 1901              		.loc 1 452 3 view .LVU608
 455:Middlewares/Third_Party/LibJPEG/source/jmemmgr.c **** 	  ((long) blocksperrow * SIZEOF(JBLOCK));
 1902              		.loc 1 455 3 view .LVU609
 456:Middlewares/Third_Party/LibJPEG/source/jmemmgr.c ****   if (ltemp <= 0)
 1903              		.loc 1 456 25 is_stmt 0 view .LVU610
 1904 000e D601     		lsls	r6, r2, #7
 455:Middlewares/Third_Party/LibJPEG/source/jmemmgr.c **** 	  ((long) blocksperrow * SIZEOF(JBLOCK));
 1905              		.loc 1 455 52 view .LVU611
 1906 0010 4FF6F077 		movw	r7, #65520
 1907 0014 B7FBF6F7 		udiv	r7, r7, r6
 455:Middlewares/Third_Party/LibJPEG/source/jmemmgr.c **** 	  ((long) blocksperrow * SIZEOF(JBLOCK));
 1908              		.loc 1 455 9 view .LVU612
 1909 0018 3D46     		mov	r5, r7
 1910              	.LVL198:
 457:Middlewares/Third_Party/LibJPEG/source/jmemmgr.c ****     ERREXIT(cinfo, JERR_WIDTH_OVERFLOW);
 1911              		.loc 1 457 3 is_stmt 1 view .LVU613
 457:Middlewares/Third_Party/LibJPEG/source/jmemmgr.c ****     ERREXIT(cinfo, JERR_WIDTH_OVERFLOW);
 1912              		.loc 1 457 6 is_stmt 0 view .LVU614
ARM GAS  /tmp/ccsPRUoP.s 			page 61


 1913 001a 67B1     		cbz	r7, .L128
 1914              	.LVL199:
 1915              	.L120:
 459:Middlewares/Third_Party/LibJPEG/source/jmemmgr.c ****     rowsperchunk = (JDIMENSION) ltemp;
 1916              		.loc 1 459 3 is_stmt 1 view .LVU615
 459:Middlewares/Third_Party/LibJPEG/source/jmemmgr.c ****     rowsperchunk = (JDIMENSION) ltemp;
 1917              		.loc 1 459 6 is_stmt 0 view .LVU616
 1918 001c A845     		cmp	r8, r5
 1919 001e 00DC     		bgt	.L121
 462:Middlewares/Third_Party/LibJPEG/source/jmemmgr.c ****   mem->last_rowsperchunk = rowsperchunk;
 1920              		.loc 1 462 18 view .LVU617
 1921 0020 4746     		mov	r7, r8
 1922              	.L121:
 1923              	.LVL200:
 463:Middlewares/Third_Party/LibJPEG/source/jmemmgr.c **** 
 1924              		.loc 1 463 3 is_stmt 1 view .LVU618
 463:Middlewares/Third_Party/LibJPEG/source/jmemmgr.c **** 
 1925              		.loc 1 463 26 is_stmt 0 view .LVU619
 1926 0022 2765     		str	r7, [r4, #80]
 466:Middlewares/Third_Party/LibJPEG/source/jmemmgr.c **** 				     (size_t) (numrows * SIZEOF(JBLOCKROW)));
 1927              		.loc 1 466 3 is_stmt 1 view .LVU620
 466:Middlewares/Third_Party/LibJPEG/source/jmemmgr.c **** 				     (size_t) (numrows * SIZEOF(JBLOCKROW)));
 1928              		.loc 1 466 26 is_stmt 0 view .LVU621
 1929 0024 4FEA8802 		lsl	r2, r8, #2
 1930 0028 5146     		mov	r1, r10
 1931 002a 4846     		mov	r0, r9
 1932 002c FFF7FEFF 		bl	alloc_small
 1933              	.LVL201:
 1934 0030 0546     		mov	r5, r0
 1935              	.LVL202:
 470:Middlewares/Third_Party/LibJPEG/source/jmemmgr.c ****   while (currow < numrows) {
 1936              		.loc 1 470 3 is_stmt 1 view .LVU622
 471:Middlewares/Third_Party/LibJPEG/source/jmemmgr.c ****     rowsperchunk = MIN(rowsperchunk, numrows - currow);
 1937              		.loc 1 471 3 view .LVU623
 470:Middlewares/Third_Party/LibJPEG/source/jmemmgr.c ****   while (currow < numrows) {
 1938              		.loc 1 470 10 is_stmt 0 view .LVU624
 1939 0032 0024     		movs	r4, #0
 1940              	.LVL203:
 471:Middlewares/Third_Party/LibJPEG/source/jmemmgr.c ****     rowsperchunk = MIN(rowsperchunk, numrows - currow);
 1941              		.loc 1 471 9 view .LVU625
 1942 0034 0DE0     		b	.L122
 1943              	.LVL204:
 1944              	.L128:
 458:Middlewares/Third_Party/LibJPEG/source/jmemmgr.c ****   if (ltemp < (long) numrows)
 1945              		.loc 1 458 5 is_stmt 1 view .LVU626
 1946 0036 0368     		ldr	r3, [r0]
 1947              	.LVL205:
 458:Middlewares/Third_Party/LibJPEG/source/jmemmgr.c ****   if (ltemp < (long) numrows)
 1948              		.loc 1 458 5 is_stmt 0 view .LVU627
 1949 0038 4822     		movs	r2, #72
 1950              	.LVL206:
 458:Middlewares/Third_Party/LibJPEG/source/jmemmgr.c ****   if (ltemp < (long) numrows)
 1951              		.loc 1 458 5 view .LVU628
 1952 003a 5A61     		str	r2, [r3, #20]
 1953 003c 0368     		ldr	r3, [r0]
 1954 003e 1B68     		ldr	r3, [r3]
 1955 0040 9847     		blx	r3
ARM GAS  /tmp/ccsPRUoP.s 			page 62


 1956              	.LVL207:
 458:Middlewares/Third_Party/LibJPEG/source/jmemmgr.c ****   if (ltemp < (long) numrows)
 1957              		.loc 1 458 5 view .LVU629
 1958 0042 EBE7     		b	.L120
 1959              	.LVL208:
 1960              	.L124:
 477:Middlewares/Third_Party/LibJPEG/source/jmemmgr.c ****       workspace += blocksperrow;
 1961              		.loc 1 477 7 is_stmt 1 discriminator 3 view .LVU630
 477:Middlewares/Third_Party/LibJPEG/source/jmemmgr.c ****       workspace += blocksperrow;
 1962              		.loc 1 477 24 is_stmt 0 discriminator 3 view .LVU631
 1963 0044 45F82400 		str	r0, [r5, r4, lsl #2]
 478:Middlewares/Third_Party/LibJPEG/source/jmemmgr.c ****     }
 1964              		.loc 1 478 7 is_stmt 1 discriminator 3 view .LVU632
 478:Middlewares/Third_Party/LibJPEG/source/jmemmgr.c ****     }
 1965              		.loc 1 478 17 is_stmt 0 discriminator 3 view .LVU633
 1966 0048 3044     		add	r0, r0, r6
 1967              	.LVL209:
 476:Middlewares/Third_Party/LibJPEG/source/jmemmgr.c ****       result[currow++] = workspace;
 1968              		.loc 1 476 35 is_stmt 1 discriminator 3 view .LVU634
 476:Middlewares/Third_Party/LibJPEG/source/jmemmgr.c ****       result[currow++] = workspace;
 1969              		.loc 1 476 36 is_stmt 0 discriminator 3 view .LVU635
 1970 004a 013B     		subs	r3, r3, #1
 1971              	.LVL210:
 477:Middlewares/Third_Party/LibJPEG/source/jmemmgr.c ****       workspace += blocksperrow;
 1972              		.loc 1 477 20 discriminator 3 view .LVU636
 1973 004c 0134     		adds	r4, r4, #1
 1974              	.LVL211:
 1975              	.L123:
 476:Middlewares/Third_Party/LibJPEG/source/jmemmgr.c ****       result[currow++] = workspace;
 1976              		.loc 1 476 28 is_stmt 1 discriminator 1 view .LVU637
 476:Middlewares/Third_Party/LibJPEG/source/jmemmgr.c ****       result[currow++] = workspace;
 1977              		.loc 1 476 5 is_stmt 0 discriminator 1 view .LVU638
 1978 004e 002B     		cmp	r3, #0
 1979 0050 F8D1     		bne	.L124
 1980              	.LVL212:
 1981              	.L122:
 471:Middlewares/Third_Party/LibJPEG/source/jmemmgr.c ****     rowsperchunk = MIN(rowsperchunk, numrows - currow);
 1982              		.loc 1 471 9 is_stmt 1 view .LVU639
 1983 0052 4445     		cmp	r4, r8
 1984 0054 0DD2     		bcs	.L129
 472:Middlewares/Third_Party/LibJPEG/source/jmemmgr.c ****     workspace = (JBLOCKROW) alloc_large(cinfo, pool_id,
 1985              		.loc 1 472 5 view .LVU640
 472:Middlewares/Third_Party/LibJPEG/source/jmemmgr.c ****     workspace = (JBLOCKROW) alloc_large(cinfo, pool_id,
 1986              		.loc 1 472 20 is_stmt 0 view .LVU641
 1987 0056 A8EB0403 		sub	r3, r8, r4
 472:Middlewares/Third_Party/LibJPEG/source/jmemmgr.c ****     workspace = (JBLOCKROW) alloc_large(cinfo, pool_id,
 1988              		.loc 1 472 18 view .LVU642
 1989 005a 9F42     		cmp	r7, r3
 1990 005c 28BF     		it	cs
 1991 005e 1F46     		movcs	r7, r3
 1992              	.LVL213:
 473:Middlewares/Third_Party/LibJPEG/source/jmemmgr.c **** 	(size_t) ((size_t) rowsperchunk * (size_t) blocksperrow
 1993              		.loc 1 473 5 is_stmt 1 view .LVU643
 474:Middlewares/Third_Party/LibJPEG/source/jmemmgr.c **** 		  * SIZEOF(JBLOCK)));
 1994              		.loc 1 474 34 is_stmt 0 view .LVU644
 1995 0060 07FB0BF2 		mul	r2, r7, fp
 473:Middlewares/Third_Party/LibJPEG/source/jmemmgr.c **** 	(size_t) ((size_t) rowsperchunk * (size_t) blocksperrow
ARM GAS  /tmp/ccsPRUoP.s 			page 63


 1996              		.loc 1 473 29 view .LVU645
 1997 0064 D201     		lsls	r2, r2, #7
 1998 0066 5146     		mov	r1, r10
 1999 0068 4846     		mov	r0, r9
 2000 006a FFF7FEFF 		bl	alloc_large
 2001              	.LVL214:
 476:Middlewares/Third_Party/LibJPEG/source/jmemmgr.c ****       result[currow++] = workspace;
 2002              		.loc 1 476 5 is_stmt 1 view .LVU646
 476:Middlewares/Third_Party/LibJPEG/source/jmemmgr.c ****       result[currow++] = workspace;
 2003              		.loc 1 476 12 is_stmt 0 view .LVU647
 2004 006e 3B46     		mov	r3, r7
 476:Middlewares/Third_Party/LibJPEG/source/jmemmgr.c ****       result[currow++] = workspace;
 2005              		.loc 1 476 5 view .LVU648
 2006 0070 EDE7     		b	.L123
 2007              	.LVL215:
 2008              	.L129:
 482:Middlewares/Third_Party/LibJPEG/source/jmemmgr.c **** }
 2009              		.loc 1 482 3 is_stmt 1 view .LVU649
 483:Middlewares/Third_Party/LibJPEG/source/jmemmgr.c **** 
 2010              		.loc 1 483 1 is_stmt 0 view .LVU650
 2011 0072 2846     		mov	r0, r5
 2012 0074 BDE8F88F 		pop	{r3, r4, r5, r6, r7, r8, r9, r10, fp, pc}
 483:Middlewares/Third_Party/LibJPEG/source/jmemmgr.c **** 
 2013              		.loc 1 483 1 view .LVU651
 2014              		.cfi_endproc
 2015              	.LFE11:
 2017              		.section	.text.alloc_sarray,"ax",%progbits
 2018              		.align	1
 2019              		.syntax unified
 2020              		.thumb
 2021              		.thumb_func
 2022              		.fpu fpv4-sp-d16
 2024              	alloc_sarray:
 2025              	.LVL216:
 2026              	.LFB10:
 399:Middlewares/Third_Party/LibJPEG/source/jmemmgr.c ****   my_mem_ptr mem = (my_mem_ptr) cinfo->mem;
 2027              		.loc 1 399 1 is_stmt 1 view -0
 2028              		.cfi_startproc
 2029              		@ args = 0, pretend = 0, frame = 0
 2030              		@ frame_needed = 0, uses_anonymous_args = 0
 399:Middlewares/Third_Party/LibJPEG/source/jmemmgr.c ****   my_mem_ptr mem = (my_mem_ptr) cinfo->mem;
 2031              		.loc 1 399 1 is_stmt 0 view .LVU653
 2032 0000 2DE9F047 		push	{r4, r5, r6, r7, r8, r9, r10, lr}
 2033              	.LCFI16:
 2034              		.cfi_def_cfa_offset 32
 2035              		.cfi_offset 4, -32
 2036              		.cfi_offset 5, -28
 2037              		.cfi_offset 6, -24
 2038              		.cfi_offset 7, -20
 2039              		.cfi_offset 8, -16
 2040              		.cfi_offset 9, -12
 2041              		.cfi_offset 10, -8
 2042              		.cfi_offset 14, -4
 2043 0004 8146     		mov	r9, r0
 2044 0006 8A46     		mov	r10, r1
 2045 0008 1546     		mov	r5, r2
 2046 000a 9846     		mov	r8, r3
ARM GAS  /tmp/ccsPRUoP.s 			page 64


 400:Middlewares/Third_Party/LibJPEG/source/jmemmgr.c ****   JSAMPARRAY result;
 2047              		.loc 1 400 3 is_stmt 1 view .LVU654
 400:Middlewares/Third_Party/LibJPEG/source/jmemmgr.c ****   JSAMPARRAY result;
 2048              		.loc 1 400 14 is_stmt 0 view .LVU655
 2049 000c 4468     		ldr	r4, [r0, #4]
 2050              	.LVL217:
 401:Middlewares/Third_Party/LibJPEG/source/jmemmgr.c ****   JSAMPROW workspace;
 2051              		.loc 1 401 3 is_stmt 1 view .LVU656
 402:Middlewares/Third_Party/LibJPEG/source/jmemmgr.c ****   JDIMENSION rowsperchunk, currow, i;
 2052              		.loc 1 402 3 view .LVU657
 403:Middlewares/Third_Party/LibJPEG/source/jmemmgr.c ****   long ltemp;
 2053              		.loc 1 403 3 view .LVU658
 404:Middlewares/Third_Party/LibJPEG/source/jmemmgr.c **** 
 2054              		.loc 1 404 3 view .LVU659
 407:Middlewares/Third_Party/LibJPEG/source/jmemmgr.c **** 	  ((long) samplesperrow * SIZEOF(JSAMPLE));
 2055              		.loc 1 407 3 view .LVU660
 407:Middlewares/Third_Party/LibJPEG/source/jmemmgr.c **** 	  ((long) samplesperrow * SIZEOF(JSAMPLE));
 2056              		.loc 1 407 52 is_stmt 0 view .LVU661
 2057 000e 4FF6F077 		movw	r7, #65520
 2058 0012 B7FBF2F7 		udiv	r7, r7, r2
 407:Middlewares/Third_Party/LibJPEG/source/jmemmgr.c **** 	  ((long) samplesperrow * SIZEOF(JSAMPLE));
 2059              		.loc 1 407 9 view .LVU662
 2060 0016 3E46     		mov	r6, r7
 2061              	.LVL218:
 409:Middlewares/Third_Party/LibJPEG/source/jmemmgr.c ****     ERREXIT(cinfo, JERR_WIDTH_OVERFLOW);
 2062              		.loc 1 409 3 is_stmt 1 view .LVU663
 409:Middlewares/Third_Party/LibJPEG/source/jmemmgr.c ****     ERREXIT(cinfo, JERR_WIDTH_OVERFLOW);
 2063              		.loc 1 409 6 is_stmt 0 view .LVU664
 2064 0018 67B1     		cbz	r7, .L139
 2065              	.LVL219:
 2066              	.L131:
 411:Middlewares/Third_Party/LibJPEG/source/jmemmgr.c ****     rowsperchunk = (JDIMENSION) ltemp;
 2067              		.loc 1 411 3 is_stmt 1 view .LVU665
 411:Middlewares/Third_Party/LibJPEG/source/jmemmgr.c ****     rowsperchunk = (JDIMENSION) ltemp;
 2068              		.loc 1 411 6 is_stmt 0 view .LVU666
 2069 001a B045     		cmp	r8, r6
 2070 001c 00DC     		bgt	.L132
 414:Middlewares/Third_Party/LibJPEG/source/jmemmgr.c ****   mem->last_rowsperchunk = rowsperchunk;
 2071              		.loc 1 414 18 view .LVU667
 2072 001e 4746     		mov	r7, r8
 2073              	.L132:
 2074              	.LVL220:
 415:Middlewares/Third_Party/LibJPEG/source/jmemmgr.c **** 
 2075              		.loc 1 415 3 is_stmt 1 view .LVU668
 415:Middlewares/Third_Party/LibJPEG/source/jmemmgr.c **** 
 2076              		.loc 1 415 26 is_stmt 0 view .LVU669
 2077 0020 2765     		str	r7, [r4, #80]
 418:Middlewares/Third_Party/LibJPEG/source/jmemmgr.c **** 				    (size_t) (numrows * SIZEOF(JSAMPROW)));
 2078              		.loc 1 418 3 is_stmt 1 view .LVU670
 418:Middlewares/Third_Party/LibJPEG/source/jmemmgr.c **** 				    (size_t) (numrows * SIZEOF(JSAMPROW)));
 2079              		.loc 1 418 25 is_stmt 0 view .LVU671
 2080 0022 4FEA8802 		lsl	r2, r8, #2
 2081 0026 5146     		mov	r1, r10
 2082 0028 4846     		mov	r0, r9
 2083 002a FFF7FEFF 		bl	alloc_small
 2084              	.LVL221:
 2085 002e 0646     		mov	r6, r0
ARM GAS  /tmp/ccsPRUoP.s 			page 65


 2086              	.LVL222:
 422:Middlewares/Third_Party/LibJPEG/source/jmemmgr.c ****   while (currow < numrows) {
 2087              		.loc 1 422 3 is_stmt 1 view .LVU672
 423:Middlewares/Third_Party/LibJPEG/source/jmemmgr.c ****     rowsperchunk = MIN(rowsperchunk, numrows - currow);
 2088              		.loc 1 423 3 view .LVU673
 422:Middlewares/Third_Party/LibJPEG/source/jmemmgr.c ****   while (currow < numrows) {
 2089              		.loc 1 422 10 is_stmt 0 view .LVU674
 2090 0030 0024     		movs	r4, #0
 2091              	.LVL223:
 423:Middlewares/Third_Party/LibJPEG/source/jmemmgr.c ****     rowsperchunk = MIN(rowsperchunk, numrows - currow);
 2092              		.loc 1 423 9 view .LVU675
 2093 0032 0DE0     		b	.L133
 2094              	.LVL224:
 2095              	.L139:
 410:Middlewares/Third_Party/LibJPEG/source/jmemmgr.c ****   if (ltemp < (long) numrows)
 2096              		.loc 1 410 5 is_stmt 1 view .LVU676
 2097 0034 0368     		ldr	r3, [r0]
 2098              	.LVL225:
 410:Middlewares/Third_Party/LibJPEG/source/jmemmgr.c ****   if (ltemp < (long) numrows)
 2099              		.loc 1 410 5 is_stmt 0 view .LVU677
 2100 0036 4822     		movs	r2, #72
 2101              	.LVL226:
 410:Middlewares/Third_Party/LibJPEG/source/jmemmgr.c ****   if (ltemp < (long) numrows)
 2102              		.loc 1 410 5 view .LVU678
 2103 0038 5A61     		str	r2, [r3, #20]
 2104 003a 0368     		ldr	r3, [r0]
 2105 003c 1B68     		ldr	r3, [r3]
 2106 003e 9847     		blx	r3
 2107              	.LVL227:
 410:Middlewares/Third_Party/LibJPEG/source/jmemmgr.c ****   if (ltemp < (long) numrows)
 2108              		.loc 1 410 5 view .LVU679
 2109 0040 EBE7     		b	.L131
 2110              	.LVL228:
 2111              	.L135:
 429:Middlewares/Third_Party/LibJPEG/source/jmemmgr.c ****       workspace += samplesperrow;
 2112              		.loc 1 429 7 is_stmt 1 discriminator 3 view .LVU680
 429:Middlewares/Third_Party/LibJPEG/source/jmemmgr.c ****       workspace += samplesperrow;
 2113              		.loc 1 429 24 is_stmt 0 discriminator 3 view .LVU681
 2114 0042 46F82400 		str	r0, [r6, r4, lsl #2]
 430:Middlewares/Third_Party/LibJPEG/source/jmemmgr.c ****     }
 2115              		.loc 1 430 7 is_stmt 1 discriminator 3 view .LVU682
 430:Middlewares/Third_Party/LibJPEG/source/jmemmgr.c ****     }
 2116              		.loc 1 430 17 is_stmt 0 discriminator 3 view .LVU683
 2117 0046 2844     		add	r0, r0, r5
 2118              	.LVL229:
 428:Middlewares/Third_Party/LibJPEG/source/jmemmgr.c ****       result[currow++] = workspace;
 2119              		.loc 1 428 35 is_stmt 1 discriminator 3 view .LVU684
 428:Middlewares/Third_Party/LibJPEG/source/jmemmgr.c ****       result[currow++] = workspace;
 2120              		.loc 1 428 36 is_stmt 0 discriminator 3 view .LVU685
 2121 0048 013B     		subs	r3, r3, #1
 2122              	.LVL230:
 429:Middlewares/Third_Party/LibJPEG/source/jmemmgr.c ****       workspace += samplesperrow;
 2123              		.loc 1 429 20 discriminator 3 view .LVU686
 2124 004a 0134     		adds	r4, r4, #1
 2125              	.LVL231:
 2126              	.L134:
 428:Middlewares/Third_Party/LibJPEG/source/jmemmgr.c ****       result[currow++] = workspace;
ARM GAS  /tmp/ccsPRUoP.s 			page 66


 2127              		.loc 1 428 28 is_stmt 1 discriminator 1 view .LVU687
 428:Middlewares/Third_Party/LibJPEG/source/jmemmgr.c ****       result[currow++] = workspace;
 2128              		.loc 1 428 5 is_stmt 0 discriminator 1 view .LVU688
 2129 004c 002B     		cmp	r3, #0
 2130 004e F8D1     		bne	.L135
 2131              	.LVL232:
 2132              	.L133:
 423:Middlewares/Third_Party/LibJPEG/source/jmemmgr.c ****     rowsperchunk = MIN(rowsperchunk, numrows - currow);
 2133              		.loc 1 423 9 is_stmt 1 view .LVU689
 2134 0050 4445     		cmp	r4, r8
 2135 0052 0CD2     		bcs	.L140
 424:Middlewares/Third_Party/LibJPEG/source/jmemmgr.c ****     workspace = (JSAMPROW) alloc_large(cinfo, pool_id,
 2136              		.loc 1 424 5 view .LVU690
 424:Middlewares/Third_Party/LibJPEG/source/jmemmgr.c ****     workspace = (JSAMPROW) alloc_large(cinfo, pool_id,
 2137              		.loc 1 424 20 is_stmt 0 view .LVU691
 2138 0054 A8EB0403 		sub	r3, r8, r4
 424:Middlewares/Third_Party/LibJPEG/source/jmemmgr.c ****     workspace = (JSAMPROW) alloc_large(cinfo, pool_id,
 2139              		.loc 1 424 18 view .LVU692
 2140 0058 9F42     		cmp	r7, r3
 2141 005a 28BF     		it	cs
 2142 005c 1F46     		movcs	r7, r3
 2143              	.LVL233:
 425:Middlewares/Third_Party/LibJPEG/source/jmemmgr.c **** 	(size_t) ((size_t) rowsperchunk * (size_t) samplesperrow
 2144              		.loc 1 425 5 is_stmt 1 view .LVU693
 425:Middlewares/Third_Party/LibJPEG/source/jmemmgr.c **** 	(size_t) ((size_t) rowsperchunk * (size_t) samplesperrow
 2145              		.loc 1 425 28 is_stmt 0 view .LVU694
 2146 005e 07FB05F2 		mul	r2, r7, r5
 2147 0062 5146     		mov	r1, r10
 2148 0064 4846     		mov	r0, r9
 2149 0066 FFF7FEFF 		bl	alloc_large
 2150              	.LVL234:
 428:Middlewares/Third_Party/LibJPEG/source/jmemmgr.c ****       result[currow++] = workspace;
 2151              		.loc 1 428 5 is_stmt 1 view .LVU695
 428:Middlewares/Third_Party/LibJPEG/source/jmemmgr.c ****       result[currow++] = workspace;
 2152              		.loc 1 428 12 is_stmt 0 view .LVU696
 2153 006a 3B46     		mov	r3, r7
 428:Middlewares/Third_Party/LibJPEG/source/jmemmgr.c ****       result[currow++] = workspace;
 2154              		.loc 1 428 5 view .LVU697
 2155 006c EEE7     		b	.L134
 2156              	.LVL235:
 2157              	.L140:
 434:Middlewares/Third_Party/LibJPEG/source/jmemmgr.c **** }
 2158              		.loc 1 434 3 is_stmt 1 view .LVU698
 435:Middlewares/Third_Party/LibJPEG/source/jmemmgr.c **** 
 2159              		.loc 1 435 1 is_stmt 0 view .LVU699
 2160 006e 3046     		mov	r0, r6
 2161 0070 BDE8F087 		pop	{r4, r5, r6, r7, r8, r9, r10, pc}
 435:Middlewares/Third_Party/LibJPEG/source/jmemmgr.c **** 
 2162              		.loc 1 435 1 view .LVU700
 2163              		.cfi_endproc
 2164              	.LFE10:
 2166              		.section	.text.realize_virt_arrays,"ax",%progbits
 2167              		.align	1
 2168              		.syntax unified
 2169              		.thumb
 2170              		.thumb_func
 2171              		.fpu fpv4-sp-d16
ARM GAS  /tmp/ccsPRUoP.s 			page 67


 2173              	realize_virt_arrays:
 2174              	.LVL236:
 2175              	.LFB14:
 586:Middlewares/Third_Party/LibJPEG/source/jmemmgr.c ****   my_mem_ptr mem = (my_mem_ptr) cinfo->mem;
 2176              		.loc 1 586 1 is_stmt 1 view -0
 2177              		.cfi_startproc
 2178              		@ args = 0, pretend = 0, frame = 0
 2179              		@ frame_needed = 0, uses_anonymous_args = 0
 586:Middlewares/Third_Party/LibJPEG/source/jmemmgr.c ****   my_mem_ptr mem = (my_mem_ptr) cinfo->mem;
 2180              		.loc 1 586 1 is_stmt 0 view .LVU702
 2181 0000 F8B5     		push	{r3, r4, r5, r6, r7, lr}
 2182              	.LCFI17:
 2183              		.cfi_def_cfa_offset 24
 2184              		.cfi_offset 3, -24
 2185              		.cfi_offset 4, -20
 2186              		.cfi_offset 5, -16
 2187              		.cfi_offset 6, -12
 2188              		.cfi_offset 7, -8
 2189              		.cfi_offset 14, -4
 2190 0002 0546     		mov	r5, r0
 587:Middlewares/Third_Party/LibJPEG/source/jmemmgr.c ****   long space_per_minheight, maximum_space, avail_mem;
 2191              		.loc 1 587 3 is_stmt 1 view .LVU703
 587:Middlewares/Third_Party/LibJPEG/source/jmemmgr.c ****   long space_per_minheight, maximum_space, avail_mem;
 2192              		.loc 1 587 14 is_stmt 0 view .LVU704
 2193 0004 4668     		ldr	r6, [r0, #4]
 2194              	.LVL237:
 588:Middlewares/Third_Party/LibJPEG/source/jmemmgr.c ****   long minheights, max_minheights;
 2195              		.loc 1 588 3 is_stmt 1 view .LVU705
 589:Middlewares/Third_Party/LibJPEG/source/jmemmgr.c ****   jvirt_sarray_ptr sptr;
 2196              		.loc 1 589 3 view .LVU706
 590:Middlewares/Third_Party/LibJPEG/source/jmemmgr.c ****   jvirt_barray_ptr bptr;
 2197              		.loc 1 590 3 view .LVU707
 591:Middlewares/Third_Party/LibJPEG/source/jmemmgr.c **** 
 2198              		.loc 1 591 3 view .LVU708
 597:Middlewares/Third_Party/LibJPEG/source/jmemmgr.c ****   maximum_space = 0;
 2199              		.loc 1 597 3 view .LVU709
 598:Middlewares/Third_Party/LibJPEG/source/jmemmgr.c ****   for (sptr = mem->virt_sarray_list; sptr != NULL; sptr = sptr->next) {
 2200              		.loc 1 598 3 view .LVU710
 599:Middlewares/Third_Party/LibJPEG/source/jmemmgr.c ****     if (sptr->mem_buffer == NULL) { /* if not realized yet */
 2201              		.loc 1 599 3 view .LVU711
 599:Middlewares/Third_Party/LibJPEG/source/jmemmgr.c ****     if (sptr->mem_buffer == NULL) { /* if not realized yet */
 2202              		.loc 1 599 13 is_stmt 0 view .LVU712
 2203 0006 736C     		ldr	r3, [r6, #68]
 2204              	.LVL238:
 598:Middlewares/Third_Party/LibJPEG/source/jmemmgr.c ****   for (sptr = mem->virt_sarray_list; sptr != NULL; sptr = sptr->next) {
 2205              		.loc 1 598 17 view .LVU713
 2206 0008 0024     		movs	r4, #0
 597:Middlewares/Third_Party/LibJPEG/source/jmemmgr.c ****   maximum_space = 0;
 2207              		.loc 1 597 23 view .LVU714
 2208 000a 2746     		mov	r7, r4
 599:Middlewares/Third_Party/LibJPEG/source/jmemmgr.c ****     if (sptr->mem_buffer == NULL) { /* if not realized yet */
 2209              		.loc 1 599 3 view .LVU715
 2210 000c 00E0     		b	.L142
 2211              	.LVL239:
 2212              	.L143:
 599:Middlewares/Third_Party/LibJPEG/source/jmemmgr.c ****     if (sptr->mem_buffer == NULL) { /* if not realized yet */
 2213              		.loc 1 599 52 is_stmt 1 discriminator 2 view .LVU716
ARM GAS  /tmp/ccsPRUoP.s 			page 68


 599:Middlewares/Third_Party/LibJPEG/source/jmemmgr.c ****     if (sptr->mem_buffer == NULL) { /* if not realized yet */
 2214              		.loc 1 599 57 is_stmt 0 discriminator 2 view .LVU717
 2215 000e DB6A     		ldr	r3, [r3, #44]
 2216              	.LVL240:
 2217              	.L142:
 599:Middlewares/Third_Party/LibJPEG/source/jmemmgr.c ****     if (sptr->mem_buffer == NULL) { /* if not realized yet */
 2218              		.loc 1 599 38 is_stmt 1 discriminator 1 view .LVU718
 599:Middlewares/Third_Party/LibJPEG/source/jmemmgr.c ****     if (sptr->mem_buffer == NULL) { /* if not realized yet */
 2219              		.loc 1 599 3 is_stmt 0 discriminator 1 view .LVU719
 2220 0010 53B1     		cbz	r3, .L163
 600:Middlewares/Third_Party/LibJPEG/source/jmemmgr.c ****       space_per_minheight += (long) sptr->maxaccess *
 2221              		.loc 1 600 5 is_stmt 1 view .LVU720
 600:Middlewares/Third_Party/LibJPEG/source/jmemmgr.c ****       space_per_minheight += (long) sptr->maxaccess *
 2222              		.loc 1 600 13 is_stmt 0 view .LVU721
 2223 0012 1A68     		ldr	r2, [r3]
 600:Middlewares/Third_Party/LibJPEG/source/jmemmgr.c ****       space_per_minheight += (long) sptr->maxaccess *
 2224              		.loc 1 600 8 view .LVU722
 2225 0014 002A     		cmp	r2, #0
 2226 0016 FAD1     		bne	.L143
 601:Middlewares/Third_Party/LibJPEG/source/jmemmgr.c **** 			     (long) sptr->samplesperrow * SIZEOF(JSAMPLE);
 2227              		.loc 1 601 7 is_stmt 1 view .LVU723
 601:Middlewares/Third_Party/LibJPEG/source/jmemmgr.c **** 			     (long) sptr->samplesperrow * SIZEOF(JSAMPLE);
 2228              		.loc 1 601 41 is_stmt 0 view .LVU724
 2229 0018 D968     		ldr	r1, [r3, #12]
 602:Middlewares/Third_Party/LibJPEG/source/jmemmgr.c ****       maximum_space += (long) sptr->rows_in_array *
 2230              		.loc 1 602 20 view .LVU725
 2231 001a 9A68     		ldr	r2, [r3, #8]
 601:Middlewares/Third_Party/LibJPEG/source/jmemmgr.c **** 			     (long) sptr->samplesperrow * SIZEOF(JSAMPLE);
 2232              		.loc 1 601 27 view .LVU726
 2233 001c 02FB0177 		mla	r7, r2, r1, r7
 2234              	.LVL241:
 603:Middlewares/Third_Party/LibJPEG/source/jmemmgr.c **** 		       (long) sptr->samplesperrow * SIZEOF(JSAMPLE);
 2235              		.loc 1 603 7 is_stmt 1 view .LVU727
 603:Middlewares/Third_Party/LibJPEG/source/jmemmgr.c **** 		       (long) sptr->samplesperrow * SIZEOF(JSAMPLE);
 2236              		.loc 1 603 35 is_stmt 0 view .LVU728
 2237 0020 5968     		ldr	r1, [r3, #4]
 603:Middlewares/Third_Party/LibJPEG/source/jmemmgr.c **** 		       (long) sptr->samplesperrow * SIZEOF(JSAMPLE);
 2238              		.loc 1 603 21 view .LVU729
 2239 0022 01FB0244 		mla	r4, r1, r2, r4
 2240              	.LVL242:
 603:Middlewares/Third_Party/LibJPEG/source/jmemmgr.c **** 		       (long) sptr->samplesperrow * SIZEOF(JSAMPLE);
 2241              		.loc 1 603 21 view .LVU730
 2242 0026 F2E7     		b	.L143
 2243              	.L163:
 607:Middlewares/Third_Party/LibJPEG/source/jmemmgr.c ****     if (bptr->mem_buffer == NULL) { /* if not realized yet */
 2244              		.loc 1 607 3 is_stmt 1 view .LVU731
 607:Middlewares/Third_Party/LibJPEG/source/jmemmgr.c ****     if (bptr->mem_buffer == NULL) { /* if not realized yet */
 2245              		.loc 1 607 13 is_stmt 0 view .LVU732
 2246 0028 B36C     		ldr	r3, [r6, #72]
 2247              	.LVL243:
 607:Middlewares/Third_Party/LibJPEG/source/jmemmgr.c ****     if (bptr->mem_buffer == NULL) { /* if not realized yet */
 2248              		.loc 1 607 3 view .LVU733
 2249 002a 00E0     		b	.L145
 2250              	.L146:
 607:Middlewares/Third_Party/LibJPEG/source/jmemmgr.c ****     if (bptr->mem_buffer == NULL) { /* if not realized yet */
 2251              		.loc 1 607 52 is_stmt 1 discriminator 2 view .LVU734
 607:Middlewares/Third_Party/LibJPEG/source/jmemmgr.c ****     if (bptr->mem_buffer == NULL) { /* if not realized yet */
ARM GAS  /tmp/ccsPRUoP.s 			page 69


 2252              		.loc 1 607 57 is_stmt 0 discriminator 2 view .LVU735
 2253 002c DB6A     		ldr	r3, [r3, #44]
 2254              	.LVL244:
 2255              	.L145:
 607:Middlewares/Third_Party/LibJPEG/source/jmemmgr.c ****     if (bptr->mem_buffer == NULL) { /* if not realized yet */
 2256              		.loc 1 607 38 is_stmt 1 discriminator 1 view .LVU736
 607:Middlewares/Third_Party/LibJPEG/source/jmemmgr.c ****     if (bptr->mem_buffer == NULL) { /* if not realized yet */
 2257              		.loc 1 607 3 is_stmt 0 discriminator 1 view .LVU737
 2258 002e 73B1     		cbz	r3, .L164
 608:Middlewares/Third_Party/LibJPEG/source/jmemmgr.c ****       space_per_minheight += (long) bptr->maxaccess *
 2259              		.loc 1 608 5 is_stmt 1 view .LVU738
 608:Middlewares/Third_Party/LibJPEG/source/jmemmgr.c ****       space_per_minheight += (long) bptr->maxaccess *
 2260              		.loc 1 608 13 is_stmt 0 view .LVU739
 2261 0030 1A68     		ldr	r2, [r3]
 608:Middlewares/Third_Party/LibJPEG/source/jmemmgr.c ****       space_per_minheight += (long) bptr->maxaccess *
 2262              		.loc 1 608 8 view .LVU740
 2263 0032 002A     		cmp	r2, #0
 2264 0034 FAD1     		bne	.L146
 609:Middlewares/Third_Party/LibJPEG/source/jmemmgr.c **** 			     (long) bptr->blocksperrow * SIZEOF(JBLOCK);
 2265              		.loc 1 609 7 is_stmt 1 view .LVU741
 609:Middlewares/Third_Party/LibJPEG/source/jmemmgr.c **** 			     (long) bptr->blocksperrow * SIZEOF(JBLOCK);
 2266              		.loc 1 609 41 is_stmt 0 view .LVU742
 2267 0036 D968     		ldr	r1, [r3, #12]
 610:Middlewares/Third_Party/LibJPEG/source/jmemmgr.c ****       maximum_space += (long) bptr->rows_in_array *
 2268              		.loc 1 610 20 view .LVU743
 2269 0038 9A68     		ldr	r2, [r3, #8]
 609:Middlewares/Third_Party/LibJPEG/source/jmemmgr.c **** 			     (long) bptr->blocksperrow * SIZEOF(JBLOCK);
 2270              		.loc 1 609 53 view .LVU744
 2271 003a 02FB01F1 		mul	r1, r2, r1
 609:Middlewares/Third_Party/LibJPEG/source/jmemmgr.c **** 			     (long) bptr->blocksperrow * SIZEOF(JBLOCK);
 2272              		.loc 1 609 27 view .LVU745
 2273 003e 07EBC117 		add	r7, r7, r1, lsl #7
 2274              	.LVL245:
 611:Middlewares/Third_Party/LibJPEG/source/jmemmgr.c **** 		       (long) bptr->blocksperrow * SIZEOF(JBLOCK);
 2275              		.loc 1 611 7 is_stmt 1 view .LVU746
 611:Middlewares/Third_Party/LibJPEG/source/jmemmgr.c **** 		       (long) bptr->blocksperrow * SIZEOF(JBLOCK);
 2276              		.loc 1 611 35 is_stmt 0 view .LVU747
 2277 0042 5968     		ldr	r1, [r3, #4]
 611:Middlewares/Third_Party/LibJPEG/source/jmemmgr.c **** 		       (long) bptr->blocksperrow * SIZEOF(JBLOCK);
 2278              		.loc 1 611 51 view .LVU748
 2279 0044 01FB02F2 		mul	r2, r1, r2
 611:Middlewares/Third_Party/LibJPEG/source/jmemmgr.c **** 		       (long) bptr->blocksperrow * SIZEOF(JBLOCK);
 2280              		.loc 1 611 21 view .LVU749
 2281 0048 04EBC214 		add	r4, r4, r2, lsl #7
 2282              	.LVL246:
 611:Middlewares/Third_Party/LibJPEG/source/jmemmgr.c **** 		       (long) bptr->blocksperrow * SIZEOF(JBLOCK);
 2283              		.loc 1 611 21 view .LVU750
 2284 004c EEE7     		b	.L146
 2285              	.L164:
 616:Middlewares/Third_Party/LibJPEG/source/jmemmgr.c ****     return;			/* no unrealized arrays, no work */
 2286              		.loc 1 616 3 is_stmt 1 view .LVU751
 616:Middlewares/Third_Party/LibJPEG/source/jmemmgr.c ****     return;			/* no unrealized arrays, no work */
 2287              		.loc 1 616 6 is_stmt 0 view .LVU752
 2288 004e 002F     		cmp	r7, #0
 2289 0050 65DD     		ble	.L141
 620:Middlewares/Third_Party/LibJPEG/source/jmemmgr.c **** 				 mem->total_space_allocated);
 2290              		.loc 1 620 3 is_stmt 1 view .LVU753
ARM GAS  /tmp/ccsPRUoP.s 			page 70


 620:Middlewares/Third_Party/LibJPEG/source/jmemmgr.c **** 				 mem->total_space_allocated);
 2291              		.loc 1 620 15 is_stmt 0 view .LVU754
 2292 0052 F36C     		ldr	r3, [r6, #76]
 2293              	.LVL247:
 620:Middlewares/Third_Party/LibJPEG/source/jmemmgr.c **** 				 mem->total_space_allocated);
 2294              		.loc 1 620 15 view .LVU755
 2295 0054 2246     		mov	r2, r4
 2296 0056 3946     		mov	r1, r7
 2297 0058 2846     		mov	r0, r5
 2298              	.LVL248:
 620:Middlewares/Third_Party/LibJPEG/source/jmemmgr.c **** 				 mem->total_space_allocated);
 2299              		.loc 1 620 15 view .LVU756
 2300 005a FFF7FEFF 		bl	jpeg_mem_available
 2301              	.LVL249:
 627:Middlewares/Third_Party/LibJPEG/source/jmemmgr.c ****     max_minheights = 1000000000L;
 2302              		.loc 1 627 3 is_stmt 1 view .LVU757
 627:Middlewares/Third_Party/LibJPEG/source/jmemmgr.c ****     max_minheights = 1000000000L;
 2303              		.loc 1 627 6 is_stmt 0 view .LVU758
 2304 005e 8442     		cmp	r4, r0
 2305 0060 05DD     		ble	.L160
 630:Middlewares/Third_Party/LibJPEG/source/jmemmgr.c ****     /* If there doesn't seem to be enough space, try to get the minimum
 2306              		.loc 1 630 5 is_stmt 1 view .LVU759
 630:Middlewares/Third_Party/LibJPEG/source/jmemmgr.c ****     /* If there doesn't seem to be enough space, try to get the minimum
 2307              		.loc 1 630 20 is_stmt 0 view .LVU760
 2308 0062 90FBF7F7 		sdiv	r7, r0, r7
 2309              	.LVL250:
 634:Middlewares/Third_Party/LibJPEG/source/jmemmgr.c ****       max_minheights = 1;
 2310              		.loc 1 634 5 is_stmt 1 view .LVU761
 634:Middlewares/Third_Party/LibJPEG/source/jmemmgr.c ****       max_minheights = 1;
 2311              		.loc 1 634 8 is_stmt 0 view .LVU762
 2312 0066 002F     		cmp	r7, #0
 2313 0068 02DC     		bgt	.L149
 635:Middlewares/Third_Party/LibJPEG/source/jmemmgr.c ****   }
 2314              		.loc 1 635 22 view .LVU763
 2315 006a 0127     		movs	r7, #1
 2316              	.LVL251:
 635:Middlewares/Third_Party/LibJPEG/source/jmemmgr.c ****   }
 2317              		.loc 1 635 22 view .LVU764
 2318 006c 00E0     		b	.L149
 2319              	.LVL252:
 2320              	.L160:
 628:Middlewares/Third_Party/LibJPEG/source/jmemmgr.c ****   else {
 2321              		.loc 1 628 20 view .LVU765
 2322 006e 2C4F     		ldr	r7, .L167
 2323              	.LVL253:
 2324              	.L149:
 640:Middlewares/Third_Party/LibJPEG/source/jmemmgr.c ****     if (sptr->mem_buffer == NULL) { /* if not realized yet */
 2325              		.loc 1 640 3 is_stmt 1 view .LVU766
 640:Middlewares/Third_Party/LibJPEG/source/jmemmgr.c ****     if (sptr->mem_buffer == NULL) { /* if not realized yet */
 2326              		.loc 1 640 13 is_stmt 0 view .LVU767
 2327 0070 746C     		ldr	r4, [r6, #68]
 2328              	.LVL254:
 640:Middlewares/Third_Party/LibJPEG/source/jmemmgr.c ****     if (sptr->mem_buffer == NULL) { /* if not realized yet */
 2329              		.loc 1 640 3 view .LVU768
 2330 0072 1AE0     		b	.L150
 2331              	.LVL255:
 2332              	.L152:
ARM GAS  /tmp/ccsPRUoP.s 			page 71


 648:Middlewares/Third_Party/LibJPEG/source/jmemmgr.c **** 	jpeg_open_backing_store(cinfo, & sptr->b_s_info,
 2333              		.loc 1 648 2 is_stmt 1 view .LVU769
 648:Middlewares/Third_Party/LibJPEG/source/jmemmgr.c **** 	jpeg_open_backing_store(cinfo, & sptr->b_s_info,
 2334              		.loc 1 648 51 is_stmt 0 view .LVU770
 2335 0074 07FB01F1 		mul	r1, r7, r1
 648:Middlewares/Third_Party/LibJPEG/source/jmemmgr.c **** 	jpeg_open_backing_store(cinfo, & sptr->b_s_info,
 2336              		.loc 1 648 20 view .LVU771
 2337 0078 2161     		str	r1, [r4, #16]
 649:Middlewares/Third_Party/LibJPEG/source/jmemmgr.c **** 				(long) sptr->rows_in_array *
 2338              		.loc 1 649 2 is_stmt 1 view .LVU772
 651:Middlewares/Third_Party/LibJPEG/source/jmemmgr.c **** 				(long) SIZEOF(JSAMPLE));
 2339              		.loc 1 651 16 is_stmt 0 view .LVU773
 2340 007a A368     		ldr	r3, [r4, #8]
 2341              	.LVL256:
 649:Middlewares/Third_Party/LibJPEG/source/jmemmgr.c **** 				(long) sptr->rows_in_array *
 2342              		.loc 1 649 2 view .LVU774
 2343 007c 03FB02F2 		mul	r2, r3, r2
 2344              	.LVL257:
 649:Middlewares/Third_Party/LibJPEG/source/jmemmgr.c **** 				(long) sptr->rows_in_array *
 2345              		.loc 1 649 2 view .LVU775
 2346 0080 04F13001 		add	r1, r4, #48
 2347 0084 2846     		mov	r0, r5
 2348 0086 FFF7FEFF 		bl	jpeg_open_backing_store
 2349              	.LVL258:
 653:Middlewares/Third_Party/LibJPEG/source/jmemmgr.c ****       }
 2350              		.loc 1 653 2 is_stmt 1 view .LVU776
 653:Middlewares/Third_Party/LibJPEG/source/jmemmgr.c ****       }
 2351              		.loc 1 653 17 is_stmt 0 view .LVU777
 2352 008a 0123     		movs	r3, #1
 2353 008c A362     		str	r3, [r4, #40]
 2354              	.L153:
 655:Middlewares/Third_Party/LibJPEG/source/jmemmgr.c **** 				      sptr->samplesperrow, sptr->rows_in_mem);
 2355              		.loc 1 655 7 is_stmt 1 view .LVU778
 655:Middlewares/Third_Party/LibJPEG/source/jmemmgr.c **** 				      sptr->samplesperrow, sptr->rows_in_mem);
 2356              		.loc 1 655 26 is_stmt 0 view .LVU779
 2357 008e 2369     		ldr	r3, [r4, #16]
 2358 0090 A268     		ldr	r2, [r4, #8]
 2359 0092 0121     		movs	r1, #1
 2360 0094 2846     		mov	r0, r5
 2361 0096 FFF7FEFF 		bl	alloc_sarray
 2362              	.LVL259:
 655:Middlewares/Third_Party/LibJPEG/source/jmemmgr.c **** 				      sptr->samplesperrow, sptr->rows_in_mem);
 2363              		.loc 1 655 24 view .LVU780
 2364 009a 2060     		str	r0, [r4]
 657:Middlewares/Third_Party/LibJPEG/source/jmemmgr.c ****       sptr->cur_start_row = 0;
 2365              		.loc 1 657 7 is_stmt 1 view .LVU781
 657:Middlewares/Third_Party/LibJPEG/source/jmemmgr.c ****       sptr->cur_start_row = 0;
 2366              		.loc 1 657 31 is_stmt 0 view .LVU782
 2367 009c 336D     		ldr	r3, [r6, #80]
 657:Middlewares/Third_Party/LibJPEG/source/jmemmgr.c ****       sptr->cur_start_row = 0;
 2368              		.loc 1 657 26 view .LVU783
 2369 009e 6361     		str	r3, [r4, #20]
 658:Middlewares/Third_Party/LibJPEG/source/jmemmgr.c ****       sptr->first_undef_row = 0;
 2370              		.loc 1 658 7 is_stmt 1 view .LVU784
 658:Middlewares/Third_Party/LibJPEG/source/jmemmgr.c ****       sptr->first_undef_row = 0;
 2371              		.loc 1 658 27 is_stmt 0 view .LVU785
 2372 00a0 0023     		movs	r3, #0
ARM GAS  /tmp/ccsPRUoP.s 			page 72


 2373 00a2 A361     		str	r3, [r4, #24]
 659:Middlewares/Third_Party/LibJPEG/source/jmemmgr.c ****       sptr->dirty = FALSE;
 2374              		.loc 1 659 7 is_stmt 1 view .LVU786
 659:Middlewares/Third_Party/LibJPEG/source/jmemmgr.c ****       sptr->dirty = FALSE;
 2375              		.loc 1 659 29 is_stmt 0 view .LVU787
 2376 00a4 E361     		str	r3, [r4, #28]
 660:Middlewares/Third_Party/LibJPEG/source/jmemmgr.c ****     }
 2377              		.loc 1 660 7 is_stmt 1 view .LVU788
 660:Middlewares/Third_Party/LibJPEG/source/jmemmgr.c ****     }
 2378              		.loc 1 660 19 is_stmt 0 view .LVU789
 2379 00a6 6362     		str	r3, [r4, #36]
 2380              	.L151:
 640:Middlewares/Third_Party/LibJPEG/source/jmemmgr.c ****     if (sptr->mem_buffer == NULL) { /* if not realized yet */
 2381              		.loc 1 640 52 is_stmt 1 discriminator 2 view .LVU790
 640:Middlewares/Third_Party/LibJPEG/source/jmemmgr.c ****     if (sptr->mem_buffer == NULL) { /* if not realized yet */
 2382              		.loc 1 640 57 is_stmt 0 discriminator 2 view .LVU791
 2383 00a8 E46A     		ldr	r4, [r4, #44]
 2384              	.LVL260:
 2385              	.L150:
 640:Middlewares/Third_Party/LibJPEG/source/jmemmgr.c ****     if (sptr->mem_buffer == NULL) { /* if not realized yet */
 2386              		.loc 1 640 38 is_stmt 1 discriminator 1 view .LVU792
 640:Middlewares/Third_Party/LibJPEG/source/jmemmgr.c ****     if (sptr->mem_buffer == NULL) { /* if not realized yet */
 2387              		.loc 1 640 3 is_stmt 0 discriminator 1 view .LVU793
 2388 00aa 64B1     		cbz	r4, .L165
 641:Middlewares/Third_Party/LibJPEG/source/jmemmgr.c ****       minheights = ((long) sptr->rows_in_array - 1L) / sptr->maxaccess + 1L;
 2389              		.loc 1 641 5 is_stmt 1 view .LVU794
 641:Middlewares/Third_Party/LibJPEG/source/jmemmgr.c ****       minheights = ((long) sptr->rows_in_array - 1L) / sptr->maxaccess + 1L;
 2390              		.loc 1 641 13 is_stmt 0 view .LVU795
 2391 00ac 2368     		ldr	r3, [r4]
 641:Middlewares/Third_Party/LibJPEG/source/jmemmgr.c ****       minheights = ((long) sptr->rows_in_array - 1L) / sptr->maxaccess + 1L;
 2392              		.loc 1 641 8 view .LVU796
 2393 00ae 002B     		cmp	r3, #0
 2394 00b0 FAD1     		bne	.L151
 642:Middlewares/Third_Party/LibJPEG/source/jmemmgr.c ****       if (minheights <= max_minheights) {
 2395              		.loc 1 642 7 is_stmt 1 view .LVU797
 642:Middlewares/Third_Party/LibJPEG/source/jmemmgr.c ****       if (minheights <= max_minheights) {
 2396              		.loc 1 642 32 is_stmt 0 view .LVU798
 2397 00b2 6268     		ldr	r2, [r4, #4]
 642:Middlewares/Third_Party/LibJPEG/source/jmemmgr.c ****       if (minheights <= max_minheights) {
 2398              		.loc 1 642 48 view .LVU799
 2399 00b4 531E     		subs	r3, r2, #1
 642:Middlewares/Third_Party/LibJPEG/source/jmemmgr.c ****       if (minheights <= max_minheights) {
 2400              		.loc 1 642 60 view .LVU800
 2401 00b6 E168     		ldr	r1, [r4, #12]
 642:Middlewares/Third_Party/LibJPEG/source/jmemmgr.c ****       if (minheights <= max_minheights) {
 2402              		.loc 1 642 54 view .LVU801
 2403 00b8 B3FBF1F3 		udiv	r3, r3, r1
 642:Middlewares/Third_Party/LibJPEG/source/jmemmgr.c ****       if (minheights <= max_minheights) {
 2404              		.loc 1 642 72 view .LVU802
 2405 00bc 0133     		adds	r3, r3, #1
 2406              	.LVL261:
 643:Middlewares/Third_Party/LibJPEG/source/jmemmgr.c **** 	/* This buffer fits in memory */
 2407              		.loc 1 643 7 is_stmt 1 view .LVU803
 643:Middlewares/Third_Party/LibJPEG/source/jmemmgr.c **** 	/* This buffer fits in memory */
 2408              		.loc 1 643 10 is_stmt 0 view .LVU804
 2409 00be 9F42     		cmp	r7, r3
 2410 00c0 D8DB     		blt	.L152
ARM GAS  /tmp/ccsPRUoP.s 			page 73


 645:Middlewares/Third_Party/LibJPEG/source/jmemmgr.c ****       } else {
 2411              		.loc 1 645 2 is_stmt 1 view .LVU805
 645:Middlewares/Third_Party/LibJPEG/source/jmemmgr.c ****       } else {
 2412              		.loc 1 645 20 is_stmt 0 view .LVU806
 2413 00c2 2261     		str	r2, [r4, #16]
 2414 00c4 E3E7     		b	.L153
 2415              	.LVL262:
 2416              	.L165:
 664:Middlewares/Third_Party/LibJPEG/source/jmemmgr.c ****     if (bptr->mem_buffer == NULL) { /* if not realized yet */
 2417              		.loc 1 664 3 is_stmt 1 view .LVU807
 664:Middlewares/Third_Party/LibJPEG/source/jmemmgr.c ****     if (bptr->mem_buffer == NULL) { /* if not realized yet */
 2418              		.loc 1 664 13 is_stmt 0 view .LVU808
 2419 00c6 B46C     		ldr	r4, [r6, #72]
 2420              	.LVL263:
 664:Middlewares/Third_Party/LibJPEG/source/jmemmgr.c ****     if (bptr->mem_buffer == NULL) { /* if not realized yet */
 2421              		.loc 1 664 3 view .LVU809
 2422 00c8 0EE0     		b	.L155
 2423              	.LVL264:
 2424              	.L166:
 669:Middlewares/Third_Party/LibJPEG/source/jmemmgr.c ****       } else {
 2425              		.loc 1 669 2 is_stmt 1 view .LVU810
 669:Middlewares/Third_Party/LibJPEG/source/jmemmgr.c ****       } else {
 2426              		.loc 1 669 20 is_stmt 0 view .LVU811
 2427 00ca 2261     		str	r2, [r4, #16]
 2428              	.LVL265:
 2429              	.L158:
 679:Middlewares/Third_Party/LibJPEG/source/jmemmgr.c **** 				      bptr->blocksperrow, bptr->rows_in_mem);
 2430              		.loc 1 679 7 is_stmt 1 view .LVU812
 679:Middlewares/Third_Party/LibJPEG/source/jmemmgr.c **** 				      bptr->blocksperrow, bptr->rows_in_mem);
 2431              		.loc 1 679 26 is_stmt 0 view .LVU813
 2432 00cc 2369     		ldr	r3, [r4, #16]
 2433 00ce A268     		ldr	r2, [r4, #8]
 2434 00d0 0121     		movs	r1, #1
 2435 00d2 2846     		mov	r0, r5
 2436 00d4 FFF7FEFF 		bl	alloc_barray
 2437              	.LVL266:
 679:Middlewares/Third_Party/LibJPEG/source/jmemmgr.c **** 				      bptr->blocksperrow, bptr->rows_in_mem);
 2438              		.loc 1 679 24 view .LVU814
 2439 00d8 2060     		str	r0, [r4]
 681:Middlewares/Third_Party/LibJPEG/source/jmemmgr.c ****       bptr->cur_start_row = 0;
 2440              		.loc 1 681 7 is_stmt 1 view .LVU815
 681:Middlewares/Third_Party/LibJPEG/source/jmemmgr.c ****       bptr->cur_start_row = 0;
 2441              		.loc 1 681 31 is_stmt 0 view .LVU816
 2442 00da 336D     		ldr	r3, [r6, #80]
 681:Middlewares/Third_Party/LibJPEG/source/jmemmgr.c ****       bptr->cur_start_row = 0;
 2443              		.loc 1 681 26 view .LVU817
 2444 00dc 6361     		str	r3, [r4, #20]
 682:Middlewares/Third_Party/LibJPEG/source/jmemmgr.c ****       bptr->first_undef_row = 0;
 2445              		.loc 1 682 7 is_stmt 1 view .LVU818
 682:Middlewares/Third_Party/LibJPEG/source/jmemmgr.c ****       bptr->first_undef_row = 0;
 2446              		.loc 1 682 27 is_stmt 0 view .LVU819
 2447 00de 0023     		movs	r3, #0
 2448 00e0 A361     		str	r3, [r4, #24]
 683:Middlewares/Third_Party/LibJPEG/source/jmemmgr.c ****       bptr->dirty = FALSE;
 2449              		.loc 1 683 7 is_stmt 1 view .LVU820
 683:Middlewares/Third_Party/LibJPEG/source/jmemmgr.c ****       bptr->dirty = FALSE;
 2450              		.loc 1 683 29 is_stmt 0 view .LVU821
ARM GAS  /tmp/ccsPRUoP.s 			page 74


 2451 00e2 E361     		str	r3, [r4, #28]
 684:Middlewares/Third_Party/LibJPEG/source/jmemmgr.c ****     }
 2452              		.loc 1 684 7 is_stmt 1 view .LVU822
 684:Middlewares/Third_Party/LibJPEG/source/jmemmgr.c ****     }
 2453              		.loc 1 684 19 is_stmt 0 view .LVU823
 2454 00e4 6362     		str	r3, [r4, #36]
 2455              	.L156:
 664:Middlewares/Third_Party/LibJPEG/source/jmemmgr.c ****     if (bptr->mem_buffer == NULL) { /* if not realized yet */
 2456              		.loc 1 664 52 is_stmt 1 discriminator 2 view .LVU824
 664:Middlewares/Third_Party/LibJPEG/source/jmemmgr.c ****     if (bptr->mem_buffer == NULL) { /* if not realized yet */
 2457              		.loc 1 664 57 is_stmt 0 discriminator 2 view .LVU825
 2458 00e6 E46A     		ldr	r4, [r4, #44]
 2459              	.LVL267:
 2460              	.L155:
 664:Middlewares/Third_Party/LibJPEG/source/jmemmgr.c ****     if (bptr->mem_buffer == NULL) { /* if not realized yet */
 2461              		.loc 1 664 38 is_stmt 1 discriminator 1 view .LVU826
 664:Middlewares/Third_Party/LibJPEG/source/jmemmgr.c ****     if (bptr->mem_buffer == NULL) { /* if not realized yet */
 2462              		.loc 1 664 3 is_stmt 0 discriminator 1 view .LVU827
 2463 00e8 CCB1     		cbz	r4, .L141
 665:Middlewares/Third_Party/LibJPEG/source/jmemmgr.c ****       minheights = ((long) bptr->rows_in_array - 1L) / bptr->maxaccess + 1L;
 2464              		.loc 1 665 5 is_stmt 1 view .LVU828
 665:Middlewares/Third_Party/LibJPEG/source/jmemmgr.c ****       minheights = ((long) bptr->rows_in_array - 1L) / bptr->maxaccess + 1L;
 2465              		.loc 1 665 13 is_stmt 0 view .LVU829
 2466 00ea 2368     		ldr	r3, [r4]
 665:Middlewares/Third_Party/LibJPEG/source/jmemmgr.c ****       minheights = ((long) bptr->rows_in_array - 1L) / bptr->maxaccess + 1L;
 2467              		.loc 1 665 8 view .LVU830
 2468 00ec 002B     		cmp	r3, #0
 2469 00ee FAD1     		bne	.L156
 666:Middlewares/Third_Party/LibJPEG/source/jmemmgr.c ****       if (minheights <= max_minheights) {
 2470              		.loc 1 666 7 is_stmt 1 view .LVU831
 666:Middlewares/Third_Party/LibJPEG/source/jmemmgr.c ****       if (minheights <= max_minheights) {
 2471              		.loc 1 666 32 is_stmt 0 view .LVU832
 2472 00f0 6268     		ldr	r2, [r4, #4]
 666:Middlewares/Third_Party/LibJPEG/source/jmemmgr.c ****       if (minheights <= max_minheights) {
 2473              		.loc 1 666 48 view .LVU833
 2474 00f2 531E     		subs	r3, r2, #1
 666:Middlewares/Third_Party/LibJPEG/source/jmemmgr.c ****       if (minheights <= max_minheights) {
 2475              		.loc 1 666 60 view .LVU834
 2476 00f4 E168     		ldr	r1, [r4, #12]
 666:Middlewares/Third_Party/LibJPEG/source/jmemmgr.c ****       if (minheights <= max_minheights) {
 2477              		.loc 1 666 54 view .LVU835
 2478 00f6 B3FBF1F3 		udiv	r3, r3, r1
 666:Middlewares/Third_Party/LibJPEG/source/jmemmgr.c ****       if (minheights <= max_minheights) {
 2479              		.loc 1 666 72 view .LVU836
 2480 00fa 0133     		adds	r3, r3, #1
 2481              	.LVL268:
 667:Middlewares/Third_Party/LibJPEG/source/jmemmgr.c **** 	/* This buffer fits in memory */
 2482              		.loc 1 667 7 is_stmt 1 view .LVU837
 667:Middlewares/Third_Party/LibJPEG/source/jmemmgr.c **** 	/* This buffer fits in memory */
 2483              		.loc 1 667 10 is_stmt 0 view .LVU838
 2484 00fc 9F42     		cmp	r7, r3
 2485 00fe E4DA     		bge	.L166
 672:Middlewares/Third_Party/LibJPEG/source/jmemmgr.c **** 	jpeg_open_backing_store(cinfo, & bptr->b_s_info,
 2486              		.loc 1 672 2 is_stmt 1 view .LVU839
 672:Middlewares/Third_Party/LibJPEG/source/jmemmgr.c **** 	jpeg_open_backing_store(cinfo, & bptr->b_s_info,
 2487              		.loc 1 672 51 is_stmt 0 view .LVU840
 2488 0100 07FB01F1 		mul	r1, r7, r1
ARM GAS  /tmp/ccsPRUoP.s 			page 75


 672:Middlewares/Third_Party/LibJPEG/source/jmemmgr.c **** 	jpeg_open_backing_store(cinfo, & bptr->b_s_info,
 2489              		.loc 1 672 20 view .LVU841
 2490 0104 2161     		str	r1, [r4, #16]
 673:Middlewares/Third_Party/LibJPEG/source/jmemmgr.c **** 				(long) bptr->rows_in_array *
 2491              		.loc 1 673 2 is_stmt 1 view .LVU842
 675:Middlewares/Third_Party/LibJPEG/source/jmemmgr.c **** 				(long) SIZEOF(JBLOCK));
 2492              		.loc 1 675 16 is_stmt 0 view .LVU843
 2493 0106 A368     		ldr	r3, [r4, #8]
 2494              	.LVL269:
 674:Middlewares/Third_Party/LibJPEG/source/jmemmgr.c **** 				(long) bptr->blocksperrow *
 2495              		.loc 1 674 32 view .LVU844
 2496 0108 03FB02F2 		mul	r2, r3, r2
 2497              	.LVL270:
 673:Middlewares/Third_Party/LibJPEG/source/jmemmgr.c **** 				(long) bptr->rows_in_array *
 2498              		.loc 1 673 2 view .LVU845
 2499 010c D201     		lsls	r2, r2, #7
 2500 010e 04F13001 		add	r1, r4, #48
 2501 0112 2846     		mov	r0, r5
 2502 0114 FFF7FEFF 		bl	jpeg_open_backing_store
 2503              	.LVL271:
 677:Middlewares/Third_Party/LibJPEG/source/jmemmgr.c ****       }
 2504              		.loc 1 677 2 is_stmt 1 view .LVU846
 677:Middlewares/Third_Party/LibJPEG/source/jmemmgr.c ****       }
 2505              		.loc 1 677 17 is_stmt 0 view .LVU847
 2506 0118 0123     		movs	r3, #1
 2507 011a A362     		str	r3, [r4, #40]
 2508 011c D6E7     		b	.L158
 2509              	.LVL272:
 2510              	.L141:
 687:Middlewares/Third_Party/LibJPEG/source/jmemmgr.c **** 
 2511              		.loc 1 687 1 view .LVU848
 2512 011e F8BD     		pop	{r3, r4, r5, r6, r7, pc}
 2513              	.LVL273:
 2514              	.L168:
 687:Middlewares/Third_Party/LibJPEG/source/jmemmgr.c **** 
 2515              		.loc 1 687 1 view .LVU849
 2516              		.align	2
 2517              	.L167:
 2518 0120 00CA9A3B 		.word	1000000000
 2519              		.cfi_endproc
 2520              	.LFE14:
 2522              		.section	.text.jinit_memory_mgr,"ax",%progbits
 2523              		.align	1
 2524              		.global	jinit_memory_mgr
 2525              		.syntax unified
 2526              		.thumb
 2527              		.thumb_func
 2528              		.fpu fpv4-sp-d16
 2530              	jinit_memory_mgr:
 2531              	.LVL274:
 2532              	.LFB21:
1021:Middlewares/Third_Party/LibJPEG/source/jmemmgr.c **** 
1022:Middlewares/Third_Party/LibJPEG/source/jmemmgr.c **** 
1023:Middlewares/Third_Party/LibJPEG/source/jmemmgr.c **** /*
1024:Middlewares/Third_Party/LibJPEG/source/jmemmgr.c ****  * Memory manager initialization.
1025:Middlewares/Third_Party/LibJPEG/source/jmemmgr.c ****  * When this is called, only the error manager pointer is valid in cinfo!
1026:Middlewares/Third_Party/LibJPEG/source/jmemmgr.c ****  */
ARM GAS  /tmp/ccsPRUoP.s 			page 76


1027:Middlewares/Third_Party/LibJPEG/source/jmemmgr.c **** 
1028:Middlewares/Third_Party/LibJPEG/source/jmemmgr.c **** GLOBAL(void)
1029:Middlewares/Third_Party/LibJPEG/source/jmemmgr.c **** jinit_memory_mgr (j_common_ptr cinfo)
1030:Middlewares/Third_Party/LibJPEG/source/jmemmgr.c **** {
 2533              		.loc 1 1030 1 is_stmt 1 view -0
 2534              		.cfi_startproc
 2535              		@ args = 0, pretend = 0, frame = 0
 2536              		@ frame_needed = 0, uses_anonymous_args = 0
 2537              		.loc 1 1030 1 is_stmt 0 view .LVU851
 2538 0000 70B5     		push	{r4, r5, r6, lr}
 2539              	.LCFI18:
 2540              		.cfi_def_cfa_offset 16
 2541              		.cfi_offset 4, -16
 2542              		.cfi_offset 5, -12
 2543              		.cfi_offset 6, -8
 2544              		.cfi_offset 14, -4
 2545 0002 0546     		mov	r5, r0
1031:Middlewares/Third_Party/LibJPEG/source/jmemmgr.c ****   my_mem_ptr mem;
 2546              		.loc 1 1031 3 is_stmt 1 view .LVU852
1032:Middlewares/Third_Party/LibJPEG/source/jmemmgr.c ****   long max_to_use;
 2547              		.loc 1 1032 3 view .LVU853
1033:Middlewares/Third_Party/LibJPEG/source/jmemmgr.c ****   int pool;
 2548              		.loc 1 1033 3 view .LVU854
1034:Middlewares/Third_Party/LibJPEG/source/jmemmgr.c ****   size_t test_mac;
 2549              		.loc 1 1034 3 view .LVU855
1035:Middlewares/Third_Party/LibJPEG/source/jmemmgr.c **** 
1036:Middlewares/Third_Party/LibJPEG/source/jmemmgr.c ****   cinfo->mem = NULL;		/* for safety if init fails */
 2550              		.loc 1 1036 3 view .LVU856
 2551              		.loc 1 1036 14 is_stmt 0 view .LVU857
 2552 0004 0023     		movs	r3, #0
 2553 0006 4360     		str	r3, [r0, #4]
1037:Middlewares/Third_Party/LibJPEG/source/jmemmgr.c **** 
1038:Middlewares/Third_Party/LibJPEG/source/jmemmgr.c ****   /* Check for configuration errors.
1039:Middlewares/Third_Party/LibJPEG/source/jmemmgr.c ****    * SIZEOF(ALIGN_TYPE) should be a power of 2; otherwise, it probably
1040:Middlewares/Third_Party/LibJPEG/source/jmemmgr.c ****    * doesn't reflect any real hardware alignment requirement.
1041:Middlewares/Third_Party/LibJPEG/source/jmemmgr.c ****    * The test is a little tricky: for X>0, X and X-1 have no one-bits
1042:Middlewares/Third_Party/LibJPEG/source/jmemmgr.c ****    * in common if and only if X is a power of 2, ie has only one one-bit.
1043:Middlewares/Third_Party/LibJPEG/source/jmemmgr.c ****    * Some compilers may give an "unreachable code" warning here; ignore it.
1044:Middlewares/Third_Party/LibJPEG/source/jmemmgr.c ****    */
1045:Middlewares/Third_Party/LibJPEG/source/jmemmgr.c ****   if ((SIZEOF(ALIGN_TYPE) & (SIZEOF(ALIGN_TYPE)-1)) != 0)
 2554              		.loc 1 1045 3 is_stmt 1 view .LVU858
1046:Middlewares/Third_Party/LibJPEG/source/jmemmgr.c ****     ERREXIT(cinfo, JERR_BAD_ALIGN_TYPE);
1047:Middlewares/Third_Party/LibJPEG/source/jmemmgr.c ****   /* MAX_ALLOC_CHUNK must be representable as type size_t, and must be
1048:Middlewares/Third_Party/LibJPEG/source/jmemmgr.c ****    * a multiple of SIZEOF(ALIGN_TYPE).
1049:Middlewares/Third_Party/LibJPEG/source/jmemmgr.c ****    * Again, an "unreachable code" warning may be ignored here.
1050:Middlewares/Third_Party/LibJPEG/source/jmemmgr.c ****    * But a "constant too large" warning means you need to fix MAX_ALLOC_CHUNK.
1051:Middlewares/Third_Party/LibJPEG/source/jmemmgr.c ****    */
1052:Middlewares/Third_Party/LibJPEG/source/jmemmgr.c ****   test_mac = (size_t) MAX_ALLOC_CHUNK;
 2555              		.loc 1 1052 3 view .LVU859
 2556              	.LVL275:
1053:Middlewares/Third_Party/LibJPEG/source/jmemmgr.c ****   if ((long) test_mac != MAX_ALLOC_CHUNK ||
 2557              		.loc 1 1053 3 view .LVU860
1054:Middlewares/Third_Party/LibJPEG/source/jmemmgr.c ****       (MAX_ALLOC_CHUNK % SIZEOF(ALIGN_TYPE)) != 0)
1055:Middlewares/Third_Party/LibJPEG/source/jmemmgr.c ****     ERREXIT(cinfo, JERR_BAD_ALLOC_CHUNK);
1056:Middlewares/Third_Party/LibJPEG/source/jmemmgr.c **** 
1057:Middlewares/Third_Party/LibJPEG/source/jmemmgr.c ****   max_to_use = jpeg_mem_init(cinfo); /* system-dependent initialization */
 2558              		.loc 1 1057 3 view .LVU861
ARM GAS  /tmp/ccsPRUoP.s 			page 77


 2559              		.loc 1 1057 16 is_stmt 0 view .LVU862
 2560 0008 FFF7FEFF 		bl	jpeg_mem_init
 2561              	.LVL276:
 2562              		.loc 1 1057 16 view .LVU863
 2563 000c 0646     		mov	r6, r0
 2564              	.LVL277:
1058:Middlewares/Third_Party/LibJPEG/source/jmemmgr.c **** 
1059:Middlewares/Third_Party/LibJPEG/source/jmemmgr.c ****   /* Attempt to allocate memory manager's control block */
1060:Middlewares/Third_Party/LibJPEG/source/jmemmgr.c ****   mem = (my_mem_ptr) jpeg_get_small(cinfo, SIZEOF(my_memory_mgr));
 2565              		.loc 1 1060 3 is_stmt 1 view .LVU864
 2566              		.loc 1 1060 22 is_stmt 0 view .LVU865
 2567 000e 5421     		movs	r1, #84
 2568 0010 2846     		mov	r0, r5
 2569              	.LVL278:
 2570              		.loc 1 1060 22 view .LVU866
 2571 0012 FFF7FEFF 		bl	jpeg_get_small
 2572              	.LVL279:
1061:Middlewares/Third_Party/LibJPEG/source/jmemmgr.c **** 
1062:Middlewares/Third_Party/LibJPEG/source/jmemmgr.c ****   if (mem == NULL) {
 2573              		.loc 1 1062 3 is_stmt 1 view .LVU867
 2574              		.loc 1 1062 6 is_stmt 0 view .LVU868
 2575 0016 0446     		mov	r4, r0
 2576 0018 D8B1     		cbz	r0, .L174
 2577              	.LVL280:
 2578              	.L170:
1063:Middlewares/Third_Party/LibJPEG/source/jmemmgr.c ****     jpeg_mem_term(cinfo);	/* system-dependent cleanup */
1064:Middlewares/Third_Party/LibJPEG/source/jmemmgr.c ****     ERREXIT1(cinfo, JERR_OUT_OF_MEMORY, 0);
1065:Middlewares/Third_Party/LibJPEG/source/jmemmgr.c ****   }
1066:Middlewares/Third_Party/LibJPEG/source/jmemmgr.c **** 
1067:Middlewares/Third_Party/LibJPEG/source/jmemmgr.c ****   /* OK, fill in the method pointers */
1068:Middlewares/Third_Party/LibJPEG/source/jmemmgr.c ****   mem->pub.alloc_small = alloc_small;
 2579              		.loc 1 1068 3 is_stmt 1 view .LVU869
 2580              		.loc 1 1068 24 is_stmt 0 view .LVU870
 2581 001a 1F4B     		ldr	r3, .L175
 2582 001c 2360     		str	r3, [r4]
1069:Middlewares/Third_Party/LibJPEG/source/jmemmgr.c ****   mem->pub.alloc_large = alloc_large;
 2583              		.loc 1 1069 3 is_stmt 1 view .LVU871
 2584              		.loc 1 1069 24 is_stmt 0 view .LVU872
 2585 001e 1F4B     		ldr	r3, .L175+4
 2586 0020 6360     		str	r3, [r4, #4]
1070:Middlewares/Third_Party/LibJPEG/source/jmemmgr.c ****   mem->pub.alloc_sarray = alloc_sarray;
 2587              		.loc 1 1070 3 is_stmt 1 view .LVU873
 2588              		.loc 1 1070 25 is_stmt 0 view .LVU874
 2589 0022 1F4B     		ldr	r3, .L175+8
 2590 0024 A360     		str	r3, [r4, #8]
1071:Middlewares/Third_Party/LibJPEG/source/jmemmgr.c ****   mem->pub.alloc_barray = alloc_barray;
 2591              		.loc 1 1071 3 is_stmt 1 view .LVU875
 2592              		.loc 1 1071 25 is_stmt 0 view .LVU876
 2593 0026 1F4B     		ldr	r3, .L175+12
 2594 0028 E360     		str	r3, [r4, #12]
1072:Middlewares/Third_Party/LibJPEG/source/jmemmgr.c ****   mem->pub.request_virt_sarray = request_virt_sarray;
 2595              		.loc 1 1072 3 is_stmt 1 view .LVU877
 2596              		.loc 1 1072 32 is_stmt 0 view .LVU878
 2597 002a 1F4B     		ldr	r3, .L175+16
 2598 002c 2361     		str	r3, [r4, #16]
1073:Middlewares/Third_Party/LibJPEG/source/jmemmgr.c ****   mem->pub.request_virt_barray = request_virt_barray;
 2599              		.loc 1 1073 3 is_stmt 1 view .LVU879
ARM GAS  /tmp/ccsPRUoP.s 			page 78


 2600              		.loc 1 1073 32 is_stmt 0 view .LVU880
 2601 002e 1F4B     		ldr	r3, .L175+20
 2602 0030 6361     		str	r3, [r4, #20]
1074:Middlewares/Third_Party/LibJPEG/source/jmemmgr.c ****   mem->pub.realize_virt_arrays = realize_virt_arrays;
 2603              		.loc 1 1074 3 is_stmt 1 view .LVU881
 2604              		.loc 1 1074 32 is_stmt 0 view .LVU882
 2605 0032 1F4B     		ldr	r3, .L175+24
 2606 0034 A361     		str	r3, [r4, #24]
1075:Middlewares/Third_Party/LibJPEG/source/jmemmgr.c ****   mem->pub.access_virt_sarray = access_virt_sarray;
 2607              		.loc 1 1075 3 is_stmt 1 view .LVU883
 2608              		.loc 1 1075 31 is_stmt 0 view .LVU884
 2609 0036 1F4B     		ldr	r3, .L175+28
 2610 0038 E361     		str	r3, [r4, #28]
1076:Middlewares/Third_Party/LibJPEG/source/jmemmgr.c ****   mem->pub.access_virt_barray = access_virt_barray;
 2611              		.loc 1 1076 3 is_stmt 1 view .LVU885
 2612              		.loc 1 1076 31 is_stmt 0 view .LVU886
 2613 003a 1F4B     		ldr	r3, .L175+32
 2614 003c 2362     		str	r3, [r4, #32]
1077:Middlewares/Third_Party/LibJPEG/source/jmemmgr.c ****   mem->pub.free_pool = free_pool;
 2615              		.loc 1 1077 3 is_stmt 1 view .LVU887
 2616              		.loc 1 1077 22 is_stmt 0 view .LVU888
 2617 003e 1F4B     		ldr	r3, .L175+36
 2618 0040 6362     		str	r3, [r4, #36]
1078:Middlewares/Third_Party/LibJPEG/source/jmemmgr.c ****   mem->pub.self_destruct = self_destruct;
 2619              		.loc 1 1078 3 is_stmt 1 view .LVU889
 2620              		.loc 1 1078 26 is_stmt 0 view .LVU890
 2621 0042 1F4B     		ldr	r3, .L175+40
 2622 0044 A362     		str	r3, [r4, #40]
1079:Middlewares/Third_Party/LibJPEG/source/jmemmgr.c **** 
1080:Middlewares/Third_Party/LibJPEG/source/jmemmgr.c ****   /* Make MAX_ALLOC_CHUNK accessible to other modules */
1081:Middlewares/Third_Party/LibJPEG/source/jmemmgr.c ****   mem->pub.max_alloc_chunk = MAX_ALLOC_CHUNK;
 2623              		.loc 1 1081 3 is_stmt 1 view .LVU891
 2624              		.loc 1 1081 28 is_stmt 0 view .LVU892
 2625 0046 4FF48033 		mov	r3, #65536
 2626 004a 2363     		str	r3, [r4, #48]
1082:Middlewares/Third_Party/LibJPEG/source/jmemmgr.c **** 
1083:Middlewares/Third_Party/LibJPEG/source/jmemmgr.c ****   /* Initialize working state */
1084:Middlewares/Third_Party/LibJPEG/source/jmemmgr.c ****   mem->pub.max_memory_to_use = max_to_use;
 2627              		.loc 1 1084 3 is_stmt 1 view .LVU893
 2628              		.loc 1 1084 30 is_stmt 0 view .LVU894
 2629 004c E662     		str	r6, [r4, #44]
1085:Middlewares/Third_Party/LibJPEG/source/jmemmgr.c **** 
1086:Middlewares/Third_Party/LibJPEG/source/jmemmgr.c ****   for (pool = JPOOL_NUMPOOLS-1; pool >= JPOOL_PERMANENT; pool--) {
 2630              		.loc 1 1086 3 is_stmt 1 view .LVU895
 2631              	.LVL281:
 2632              		.loc 1 1086 13 is_stmt 0 view .LVU896
 2633 004e 0123     		movs	r3, #1
 2634              		.loc 1 1086 3 view .LVU897
 2635 0050 19E0     		b	.L171
 2636              	.LVL282:
 2637              	.L174:
1063:Middlewares/Third_Party/LibJPEG/source/jmemmgr.c ****     ERREXIT1(cinfo, JERR_OUT_OF_MEMORY, 0);
 2638              		.loc 1 1063 5 is_stmt 1 view .LVU898
 2639 0052 2846     		mov	r0, r5
 2640              	.LVL283:
1063:Middlewares/Third_Party/LibJPEG/source/jmemmgr.c ****     ERREXIT1(cinfo, JERR_OUT_OF_MEMORY, 0);
 2641              		.loc 1 1063 5 is_stmt 0 view .LVU899
ARM GAS  /tmp/ccsPRUoP.s 			page 79


 2642 0054 FFF7FEFF 		bl	jpeg_mem_term
 2643              	.LVL284:
1064:Middlewares/Third_Party/LibJPEG/source/jmemmgr.c ****   }
 2644              		.loc 1 1064 5 is_stmt 1 view .LVU900
 2645 0058 2B68     		ldr	r3, [r5]
 2646 005a 3822     		movs	r2, #56
 2647 005c 5A61     		str	r2, [r3, #20]
 2648 005e 2B68     		ldr	r3, [r5]
 2649 0060 0022     		movs	r2, #0
 2650 0062 9A61     		str	r2, [r3, #24]
 2651 0064 2B68     		ldr	r3, [r5]
 2652 0066 1B68     		ldr	r3, [r3]
 2653 0068 2846     		mov	r0, r5
 2654 006a 9847     		blx	r3
 2655              	.LVL285:
 2656 006c D5E7     		b	.L170
 2657              	.LVL286:
 2658              	.L172:
1087:Middlewares/Third_Party/LibJPEG/source/jmemmgr.c ****     mem->small_list[pool] = NULL;
 2659              		.loc 1 1087 5 discriminator 3 view .LVU901
 2660              		.loc 1 1087 27 is_stmt 0 discriminator 3 view .LVU902
 2661 006e 03F10C02 		add	r2, r3, #12
 2662 0072 04EB8202 		add	r2, r4, r2, lsl #2
 2663 0076 0021     		movs	r1, #0
 2664 0078 5160     		str	r1, [r2, #4]
1088:Middlewares/Third_Party/LibJPEG/source/jmemmgr.c ****     mem->large_list[pool] = NULL;
 2665              		.loc 1 1088 5 is_stmt 1 discriminator 3 view .LVU903
 2666              		.loc 1 1088 27 is_stmt 0 discriminator 3 view .LVU904
 2667 007a 03F10E02 		add	r2, r3, #14
 2668 007e 04EB8202 		add	r2, r4, r2, lsl #2
 2669 0082 5160     		str	r1, [r2, #4]
1086:Middlewares/Third_Party/LibJPEG/source/jmemmgr.c ****     mem->small_list[pool] = NULL;
 2670              		.loc 1 1086 58 is_stmt 1 discriminator 3 view .LVU905
1086:Middlewares/Third_Party/LibJPEG/source/jmemmgr.c ****     mem->small_list[pool] = NULL;
 2671              		.loc 1 1086 62 is_stmt 0 discriminator 3 view .LVU906
 2672 0084 013B     		subs	r3, r3, #1
 2673              	.LVL287:
 2674              	.L171:
1086:Middlewares/Third_Party/LibJPEG/source/jmemmgr.c ****     mem->small_list[pool] = NULL;
 2675              		.loc 1 1086 33 is_stmt 1 discriminator 1 view .LVU907
1086:Middlewares/Third_Party/LibJPEG/source/jmemmgr.c ****     mem->small_list[pool] = NULL;
 2676              		.loc 1 1086 3 is_stmt 0 discriminator 1 view .LVU908
 2677 0086 002B     		cmp	r3, #0
 2678 0088 F1DA     		bge	.L172
1089:Middlewares/Third_Party/LibJPEG/source/jmemmgr.c ****   }
1090:Middlewares/Third_Party/LibJPEG/source/jmemmgr.c ****   mem->virt_sarray_list = NULL;
 2679              		.loc 1 1090 3 is_stmt 1 view .LVU909
 2680              		.loc 1 1090 25 is_stmt 0 view .LVU910
 2681 008a 0023     		movs	r3, #0
 2682              	.LVL288:
 2683              		.loc 1 1090 25 view .LVU911
 2684 008c 6364     		str	r3, [r4, #68]
1091:Middlewares/Third_Party/LibJPEG/source/jmemmgr.c ****   mem->virt_barray_list = NULL;
 2685              		.loc 1 1091 3 is_stmt 1 view .LVU912
 2686              		.loc 1 1091 25 is_stmt 0 view .LVU913
 2687 008e A364     		str	r3, [r4, #72]
1092:Middlewares/Third_Party/LibJPEG/source/jmemmgr.c **** 
ARM GAS  /tmp/ccsPRUoP.s 			page 80


1093:Middlewares/Third_Party/LibJPEG/source/jmemmgr.c ****   mem->total_space_allocated = SIZEOF(my_memory_mgr);
 2688              		.loc 1 1093 3 is_stmt 1 view .LVU914
 2689              		.loc 1 1093 30 is_stmt 0 view .LVU915
 2690 0090 5423     		movs	r3, #84
 2691 0092 E364     		str	r3, [r4, #76]
1094:Middlewares/Third_Party/LibJPEG/source/jmemmgr.c **** 
1095:Middlewares/Third_Party/LibJPEG/source/jmemmgr.c ****   /* Declare ourselves open for business */
1096:Middlewares/Third_Party/LibJPEG/source/jmemmgr.c ****   cinfo->mem = & mem->pub;
 2692              		.loc 1 1096 3 is_stmt 1 view .LVU916
 2693              		.loc 1 1096 14 is_stmt 0 view .LVU917
 2694 0094 6C60     		str	r4, [r5, #4]
1097:Middlewares/Third_Party/LibJPEG/source/jmemmgr.c **** 
1098:Middlewares/Third_Party/LibJPEG/source/jmemmgr.c ****   /* Check for an environment variable JPEGMEM; if found, override the
1099:Middlewares/Third_Party/LibJPEG/source/jmemmgr.c ****    * default max_memory setting from jpeg_mem_init.  Note that the
1100:Middlewares/Third_Party/LibJPEG/source/jmemmgr.c ****    * surrounding application may again override this value.
1101:Middlewares/Third_Party/LibJPEG/source/jmemmgr.c ****    * If your system doesn't support getenv(), define NO_GETENV to disable
1102:Middlewares/Third_Party/LibJPEG/source/jmemmgr.c ****    * this feature.
1103:Middlewares/Third_Party/LibJPEG/source/jmemmgr.c ****    */
1104:Middlewares/Third_Party/LibJPEG/source/jmemmgr.c **** #ifndef NO_GETENV
1105:Middlewares/Third_Party/LibJPEG/source/jmemmgr.c ****   { char * memenv;
1106:Middlewares/Third_Party/LibJPEG/source/jmemmgr.c **** 
1107:Middlewares/Third_Party/LibJPEG/source/jmemmgr.c ****     if ((memenv = getenv("JPEGMEM")) != NULL) {
1108:Middlewares/Third_Party/LibJPEG/source/jmemmgr.c ****       char ch = 'x';
1109:Middlewares/Third_Party/LibJPEG/source/jmemmgr.c **** 
1110:Middlewares/Third_Party/LibJPEG/source/jmemmgr.c ****       if (sscanf(memenv, "%ld%c", &max_to_use, &ch) > 0) {
1111:Middlewares/Third_Party/LibJPEG/source/jmemmgr.c **** 	if (ch == 'm' || ch == 'M')
1112:Middlewares/Third_Party/LibJPEG/source/jmemmgr.c **** 	  max_to_use *= 1000L;
1113:Middlewares/Third_Party/LibJPEG/source/jmemmgr.c **** 	mem->pub.max_memory_to_use = max_to_use * 1000L;
1114:Middlewares/Third_Party/LibJPEG/source/jmemmgr.c ****       }
1115:Middlewares/Third_Party/LibJPEG/source/jmemmgr.c ****     }
1116:Middlewares/Third_Party/LibJPEG/source/jmemmgr.c ****   }
1117:Middlewares/Third_Party/LibJPEG/source/jmemmgr.c **** #endif
1118:Middlewares/Third_Party/LibJPEG/source/jmemmgr.c **** 
1119:Middlewares/Third_Party/LibJPEG/source/jmemmgr.c **** }
 2695              		.loc 1 1119 1 view .LVU918
 2696 0096 70BD     		pop	{r4, r5, r6, pc}
 2697              	.LVL289:
 2698              	.L176:
 2699              		.loc 1 1119 1 view .LVU919
 2700              		.align	2
 2701              	.L175:
 2702 0098 00000000 		.word	alloc_small
 2703 009c 00000000 		.word	alloc_large
 2704 00a0 00000000 		.word	alloc_sarray
 2705 00a4 00000000 		.word	alloc_barray
 2706 00a8 00000000 		.word	request_virt_sarray
 2707 00ac 00000000 		.word	request_virt_barray
 2708 00b0 00000000 		.word	realize_virt_arrays
 2709 00b4 00000000 		.word	access_virt_sarray
 2710 00b8 00000000 		.word	access_virt_barray
 2711 00bc 00000000 		.word	free_pool
 2712 00c0 00000000 		.word	self_destruct
 2713              		.cfi_endproc
 2714              	.LFE21:
 2716              		.section	.rodata.extra_pool_slop,"a"
 2717              		.align	2
 2718              		.set	.LANCHOR1,. + 0
ARM GAS  /tmp/ccsPRUoP.s 			page 81


 2721              	extra_pool_slop:
 2722 0000 00000000 		.word	0
 2723 0004 88130000 		.word	5000
 2724              		.section	.rodata.first_pool_slop,"a"
 2725              		.align	2
 2726              		.set	.LANCHOR0,. + 0
 2729              	first_pool_slop:
 2730 0000 40060000 		.word	1600
 2731 0004 803E0000 		.word	16000
 2732              		.text
 2733              	.Letext0:
 2734              		.file 2 "/usr/lib/gcc/arm-none-eabi/10.3.1/include/stddef.h"
 2735              		.file 3 "LIBJPEG/Target/jmorecfg.h"
 2736              		.file 4 "Middlewares/Third_Party/LibJPEG/include/jpeglib.h"
 2737              		.file 5 "Middlewares/Third_Party/LibJPEG/include/jmemsys.h"
 2738              		.file 6 "Middlewares/Third_Party/LibJPEG/include/jerror.h"
 2739              		.file 7 "<built-in>"
ARM GAS  /tmp/ccsPRUoP.s 			page 82


DEFINED SYMBOLS
                            *ABS*:0000000000000000 jmemmgr.c
     /tmp/ccsPRUoP.s:18     .text.out_of_memory:0000000000000000 $t
     /tmp/ccsPRUoP.s:25     .text.out_of_memory:0000000000000000 out_of_memory
     /tmp/ccsPRUoP.s:55     .text.do_sarray_io:0000000000000000 $t
     /tmp/ccsPRUoP.s:61     .text.do_sarray_io:0000000000000000 do_sarray_io
     /tmp/ccsPRUoP.s:219    .text.do_barray_io:0000000000000000 $t
     /tmp/ccsPRUoP.s:225    .text.do_barray_io:0000000000000000 do_barray_io
     /tmp/ccsPRUoP.s:385    .text.alloc_small:0000000000000000 $t
     /tmp/ccsPRUoP.s:391    .text.alloc_small:0000000000000000 alloc_small
     /tmp/ccsPRUoP.s:645    .text.alloc_small:00000000000000e0 $d
     /tmp/ccsPRUoP.s:651    .text.request_virt_barray:0000000000000000 $t
     /tmp/ccsPRUoP.s:657    .text.request_virt_barray:0000000000000000 request_virt_barray
     /tmp/ccsPRUoP.s:746    .text.request_virt_sarray:0000000000000000 $t
     /tmp/ccsPRUoP.s:752    .text.request_virt_sarray:0000000000000000 request_virt_sarray
     /tmp/ccsPRUoP.s:841    .text.free_pool:0000000000000000 $t
     /tmp/ccsPRUoP.s:847    .text.free_pool:0000000000000000 free_pool
     /tmp/ccsPRUoP.s:1089   .text.self_destruct:0000000000000000 $t
     /tmp/ccsPRUoP.s:1095   .text.self_destruct:0000000000000000 self_destruct
     /tmp/ccsPRUoP.s:1155   .text.access_virt_barray:0000000000000000 $t
     /tmp/ccsPRUoP.s:1161   .text.access_virt_barray:0000000000000000 access_virt_barray
     /tmp/ccsPRUoP.s:1441   .text.access_virt_sarray:0000000000000000 $t
     /tmp/ccsPRUoP.s:1447   .text.access_virt_sarray:0000000000000000 access_virt_sarray
     /tmp/ccsPRUoP.s:1724   .text.alloc_large:0000000000000000 $t
     /tmp/ccsPRUoP.s:1730   .text.alloc_large:0000000000000000 alloc_large
     /tmp/ccsPRUoP.s:1863   .text.alloc_barray:0000000000000000 $t
     /tmp/ccsPRUoP.s:1869   .text.alloc_barray:0000000000000000 alloc_barray
     /tmp/ccsPRUoP.s:2018   .text.alloc_sarray:0000000000000000 $t
     /tmp/ccsPRUoP.s:2024   .text.alloc_sarray:0000000000000000 alloc_sarray
     /tmp/ccsPRUoP.s:2167   .text.realize_virt_arrays:0000000000000000 $t
     /tmp/ccsPRUoP.s:2173   .text.realize_virt_arrays:0000000000000000 realize_virt_arrays
     /tmp/ccsPRUoP.s:2518   .text.realize_virt_arrays:0000000000000120 $d
     /tmp/ccsPRUoP.s:2523   .text.jinit_memory_mgr:0000000000000000 $t
     /tmp/ccsPRUoP.s:2530   .text.jinit_memory_mgr:0000000000000000 jinit_memory_mgr
     /tmp/ccsPRUoP.s:2702   .text.jinit_memory_mgr:0000000000000098 $d
     /tmp/ccsPRUoP.s:2717   .rodata.extra_pool_slop:0000000000000000 $d
     /tmp/ccsPRUoP.s:2721   .rodata.extra_pool_slop:0000000000000000 extra_pool_slop
     /tmp/ccsPRUoP.s:2725   .rodata.first_pool_slop:0000000000000000 $d
     /tmp/ccsPRUoP.s:2729   .rodata.first_pool_slop:0000000000000000 first_pool_slop

UNDEFINED SYMBOLS
jpeg_get_small
jpeg_free_large
jpeg_free_small
jpeg_mem_term
memset
jpeg_get_large
jpeg_mem_available
jpeg_open_backing_store
jpeg_mem_init
