:020000040800F2
:1000000000C000203D760008113F0008133F0008A3
:10001000153F0008173F0008193F000800000000C6
:10002000000000000000000000000000016C00085B
:100030001B3F000800000000A16C0008E56C0008F0
:1000400085760008857600088576000885760008A4
:100050008576000885760008857600088576000894
:100060008576000885760008857600088576000884
:1000700085760008857600081D3F00082D3F0008A2
:100080008576000885760008857600088576000864
:100090008576000885760008857600088576000854
:1000A0008576000885760008857600088576000844
:1000B0008576000885760008857600088576000834
:1000C0008576000885760008857600088576000824
:1000D000857600083D3F0008857600088576000893
:1000E0008576000885760008857600088576000804
:1000F0004D3F000885760008857600088576000863
:1001000085760008857600088576000885760008E3
:1001100085760008857600088576000885760008D3
:1001200085760008857600088576000885760008C3
:1001300000000000000000000000000000000000BF
:1001400000000000000000000000000000000000AF
:10015000000000000000000000000000000000009F
:10016000000000000000000000000000000000008F
:10017000000000000000000000000000000000007F
:10018000000000000000000000000000000000006F
:10019000000000000000000000000000000000005F
:1001A000000000000000000000000000000000004F
:1001B000000000000000000000000000000000003F
:1001C000000000000000000000000000000000002F
:1001D000000000000000000000000000000000001F
:0401E0005FF8E0F1F3
:1001F0000348044B834202D0034B03B118477047B6
:1002000030010020300100200000000005480649B0
:100210000B1AD90F01EBA301491002D0034B03B114
:100220001847704730010020300100200000000016
:1002300010B5064C237843B9FFF7DAFF044B13B12E
:100240000448AFF300800123237010BD300100206B
:1002500000000000D03C010808B5044B1BB1044964
:100260000448AFF30080BDE80840CFE7000000007D
:1002700034010020D03C0108014B1868704700BFD2
:100280000000002070B50D4E0D4D761BB61006D047
:10029000002455F8043B01349847A642F9D1094E91
:1002A000094D13F015FD761BB61006D0002455F845
:1002B000043B01349847A642F9D170BD604B010858
:1002C000604B0108684B0108604B0108844641EA15
:1002D000000313F0030349D1403A23D30B680360B2
:1002E0004B6843608B688360CB68C3600B690361B4
:1002F0004B6943618B698361CB69C3610B6A03629C
:100300004B6A43628B6A8362CB6AC3620B6B036383
:100310004B6B43638B6B8363CB6BC3634030403168
:10032000403ADBD230320BD30B6803604B6843603A
:100330008B688360CB68C36010301031103AF3D201
:100340000C3205D351F8043B40F8043B043AF9D28F
:10035000043208D0D2071CBF11F8013B00F8013B62
:1003600001D30B8803806046704700BF082A13D36F
:100370008B07B1D010F00303AED0C3F10403D21A3F
:10038000DB071CBF11F8013B00F8013BA4D331F897
:10039000023B20F8023B9FE7043AD9D3013A11F817
:1003A000013B00F8013BF9D20B7803704B784370A6
:1003B0008B78837060467047830730B548D0541EF1
:1003C000002A3FD00346CAB201E0013C3AD303F809
:1003D000012B9D07F9D1032C2DD9CDB245EA052576
:1003E0000F2C45EA054536D9A4F1100222F00F0C76
:1003F00003F1200EE6444FEA121C03F1100242E919
:10040000045542E9025510327245F8D10CF101024F
:1004100014F00C0F03EB021204F00F0C13D0ACF12C
:10042000040323F003030433134442F8045B9342B0
:10043000FBD10CF003042CB1CAB21C4403F8012B0D
:100440009C42FBD130BD64461346002CF4D1F9E741
:1004500003461446BFE71A46A446E0E70EB410B5BB
:10046000044683B008B183695BB106AB2046059AA8
:10047000A168019300F092FD03B0BDE8104003B005
:10048000704700F09DFBF0E70FB410B50A4B82B047
:100490001C680CB1A3695BB105AB2046049AA16846
:1004A000019300F07BFD02B0BDE8104004B070473E
:1004B000204600F085FBEFE7000000202DE9F04129
:1004C0000E680C460546BEB137688FB1D7F800807C
:1004D000B8F1000F08D0D8F8001009B1FFF7EEFF0F
:1004E0004146284600F05EFC3946284600F05AFC9A
:1004F0003146284600F056FC21462846BDE8F0412A
:1005000000F050BC314B1B68834259D0426A70B531
:100510000546002A4FD0D16891B100268C5944B1CC
:1005200021462468284600F03DFC002CF8D16B6A77
:10053000D9680436802EF1D1284600F033FC6A6A6F
:10054000116800293DD0284600F02CFC696911B1E2
:10055000284600F027FC6A6A1AB11146284600F0C6
:1005600021FCA96B11B1284600F01CFCE96B11B10C
:10057000284600F017FC296C11B1284600F012FC47
:10058000E96D11B1284600F00DFCA96D11B12846A6
:1005900000F008FC696B11B1284600F003FCAB6960
:1005A0006BB12846AB6A9847A96C41B12846BDE8B3
:1005B0007040FFF783BF41690029C9D1D1E770BD01
:1005C000704769690029C3D1C7E700BF0000002058
:1005D00020F0030110F00300C0F1000051F8043BCB
:1005E00000F1040C4FEACC0C6FF000021CBF22FAA1
:1005F0000CF213434FF0010C4CEA0C2C4CEA0C4C5F
:10060000A3EB0C0222EA030212EACC1204BF51F857
:10061000043B0430F4D0C2F1000102EA0102B2FA54
:1006200082F2C2F11F0200EBD2007047F8B5064615
:100630000D46144608B1836943B3254B9C422AD02A
:10064000244B9C4229D0244B9C4208BFF468A269E9
:10065000A389A2601A0722D5236903B322686169BE
:10066000D31AEDB299422F4629DD0133A168013931
:10067000A160511C2160157062699A4216D0A3894D
:10068000DB0701D50A2D11D03846F8BD00F098FAE5
:100690000F4B9C42D4D17468D9E7B468D7E72146A0
:1006A000304600F025F838B92369D7E721463046AF
:1006B00000F024F90028E7D04FF0FF37E4E72146A7
:1006C000304600F01BF90028F6D101232268CDE75F
:1006D000483D0108283D0108083D010803460A4637
:1006E000024908681946FFF7A1BF00BF00000020BB
:1006F0003C4B70B51D6806460C460DB1AB69E3B1C5
:10070000394B9C421FD0394B9C424DD0384B9C42B8
:1007100008BFEC68B4F90C3018079AB219D52169F2
:1007200011B312F001002FD000256069A56040428E
:10073000A06100292ED0002070BD284600F040FAAC
:10074000294B9C42DFD16C68B4F90C3018079AB27F
:10075000E5D4D1063ED5520728D4216943F00803D9
:10076000A3819AB20029DCD102F42070B0F5007F99
:10077000D7D02146304600F087FAB4F90C30216911
:100780009AB212F00100CFD1950758BF6069A060FE
:100790000029D0D1120658BF0846CDD543F04003FA
:1007A0004FF0FF30A38170BDAC68B3E7616B51B10E
:1007B00004F14402914204D0304600F0F3FAB4F957
:1007C0000C30002262630022216923F02403C4E973
:1007D0000012C3E7092243F0400332604FF0FF30BC
:1007E000A38170BD00000020483D0108283D01089C
:1007F000083D0108F8B58B890C46190707463BD41C
:100800006268002A55DDE66A002E50D000223D685D
:100810003A6013F4805250D101233846216AB04720
:10082000421C5CD0A389E66A5B0705D56368C01AE1
:10083000636B0BB1236CC01A0246216A0023384651
:10084000B047411C3BD13B68002B38D01D2B01D059
:10085000162B4BD100232269C4E90023616B3D6054
:1008600029B304F14403994202D0384600F09AFAC1
:10087000002318466363F8BD2669C6B19A0718BFFE
:100880000023256808BF63692660AD1BA3600CE0E8
:100890002B463246D4F828C03846216AE047B0F1EA
:1008A000000CA5EB0C05664412DD002DF0DC0020E9
:1008B000F8BD226C002AA6DCF9E7606DB4E70022DF
:1008C000236962602360A389DB04C7D56065C5E73F
:1008D000A3894FF0FF3043F04003A381F8BD3B688C
:1008E000002B9FD01D2B06D0162B04D0A38943F0DC
:1008F0004003A381F8BD00203D60F8BD38B50B6909
:10090000BBB10C46054608B18369B3B10D4B9C429F
:1009100011D00D4B9C4213D00C4B9C4208BFEC688D
:10092000B4F90C302BB121462846BDE83840FFF71A
:1009300061BF002038BD6C68F2E700F041F9E5E7DF
:10094000AC68EDE7483D0108283D0108083D010875
:1009500038B540B303690446E3B1174B1D680DB1C8
:10096000AB69CBB1154B9C420FD0154B9C4221D0AB
:10097000144B9C4208BFEC68B4F90C3053B12146CB
:100980002846BDE83840FFF735BF6C68B4F90C3035
:10099000002BF4D1002038BD284600F011F9074B98
:1009A0009C42E2D1F1E7084B08491868BDE838409D
:1009B00000F046B9AC68DFE700000020483D0108C0
:1009C000283D0108083D0108043D0108FD08000814
:1009D00000207047014900F033B900BFFD0800084E
:1009E00000207047682270B54D1E02FB05F50E46CB
:1009F00005F1740100F03CFA044640B100210C30CE
:100A0000C4E9016005F168022160FFF7D5FC2046CA
:100A100070BD00BF274B2DE9F0411E680746B36942
:100A200053B34FF004084836D6E90134013B04D5EE
:100A30001EE05A1C04F168041AD0B4F90C50013BB2
:100A4000002DF6D11C4B08222946C4E90055C4E903
:100A50000253C4E904556566A56104F15C00FFF723
:100A6000ABFCC4E90D55C4E912552046BDE8F08140
:100A700035682DB12E46D7E7304600F01FF8D0E795
:100A80004FF4D671384600F0F3F9044668B10560BA
:100A900029460546C0F804800C304FF4D072A0609F
:100AA000FFF78AFC34602E46BEE70C2330603B60C3
:100AB000DBE700BF043D01080100FFFF0023334ACC
:100AC0002DE9F0471268C0E912339042036508BF70
:100AD00001232F4908BF836181620546FFF79AFF12
:100AE000034628466B60FFF795FFA8602846002460
:100AF000FFF790FF04236E68DFF898A0DFF8989066
:100B0000DFF89880264FE8600822F3602146C6E9A6
:100B10000044C6E904447466B460B46106F15C0044
:100B2000FFF74AFC1F4BC6E9086AC6E90A98376313
:100B3000AE680822F3602146C6E90044C6E90444D1
:100B40007466B460B46106F15C00FFF735FC164BC7
:100B5000C6E9086AC6E90A983763EE682146F36079
:100B60000822C6E90044C6E904447466B460B4616E
:100B700006F15C00FFF720FC0123C6E9086AC6E91C
:100B80000B87C6F82890AB61BDE8F087043D0108EB
:100B9000D5090008451600086D160008AD160008B6
:100BA000CD1600080900010012000200024B0349A3
:100BB000186800F045B800BF043D0108FD080008B2
:100BC000836903B97AE77047704700BF704700BF79
:100BD000704700BF704700BF024B0349186800F020
:100BE0000FB800BF00000020D1090008024B0349E4
:100BF000186800F005B800BF00000020E1090008F7
:100C00002DE9F0410026884600F14807D7E9015454
:100C1000013D0ED4A389013D012B06D9B4F90E3054
:100C2000013302D02046C04706436B1C04F1680420
:100C3000F0D13F68002FE9D13046BDE8F08100BF18
:100C40002DE9F8434FF000090746884600F14806B1
:100C5000D6E90154013D10D4A389013D012B08D9E7
:100C6000B4F90E30013304D021463846C04749EA72
:100C700000096B1C04F16804EED13668002EE7D140
:100C80004846BDE8F88300BFF0B58B890C4699074C
:100C900097B007D5012204F14703C4E90432236069
:100CA00017B0F0BDB4F90E10054600292DDB6A46D9
:100CB00000F038FD002827DB019E4FF4806706F422
:100CC0007046A6F50056B6FA86F6394628467609E5
:100CD00000F0CEF830B3A3891A4A43F08003AA6229
:100CE000C4E90407A3812060002ED9D02846B4F9B6
:100CF0000E1000F0A3FE0028D2D0A38923F0030336
:100D000043F00103A381CBE7A38913F0800F14BF45
:100D100040274FF4806728463946002600F0A8F89F
:100D20000028D8D1B4F90C309A05B9D4012123F0A8
:100D3000030304F1470243F00203C4E90421A38141
:100D40002260ADE7D509000870B50C46B1F90E1068
:100D5000164600291D4696B013DB6A4600F0E2FCF9
:100D600000280EDB01994FF4806301F47041A1F576
:100D70000051B1FA81F1002049092960336016B0B1
:100D800070BD0022B4F90C302A601B0604D5402344
:100D90000020336016B070BD4FF4806300203360D4
:100DA00016B070BD002952D038B551F8043C0C1F64
:100DB000002BB8BFE418054600F02CFF2B4A13683F
:100DC000002B45D0A3420CD921686018834228D05B
:100DD000636028461460BDE8384000F01DBFA342A0
:100DE0000FD81A465B68002BF9D11168501884425D
:100DF0001DD034D3636054602846BDE8384000F00D
:100E00000BBF11685018A04215D028D8216860186F
:100E10008342EFD118685B680144C4E90013546051
:100E2000EAE718685B680144C4E90013D1E7236866
:100E300019441160E0E720680144501883421160B2
:100E4000DAD1D3E900030144C2E90013D4E77047C3
:100E5000284663601460BDE8384000F0DDBE0C2316
:100E600028462B60BDE8384000F0D6BE5001002077
:100E7000F8B5CD1C25F0030508350C2D38BF0C2521
:100E8000002D064623DBA94221D8264F00F0C2FEE2
:100E90003A6822B3144603E063682246FBB11C465D
:100EA00023685B1BF8D40B2B15D8636894420CBFE6
:100EB0003B605360304600F0AFFE04F10B00231D91
:100EC00020F00700C21A01D01B1AA350F8BD0C2352
:100ED00000203360F8BD23601C442560EAE7796890
:100EE000D1B12946304600F09BFB431C01460CD093
:100EF000C41C24F00304A04205D03046611A00F05F
:100F00008FFB013001D02560D4E70C2330463360DD
:100F100000F082FE0020F8BD304600F081FB7860D2
:100F2000DFE700BF500100209368013B002B936076
:100F300005DAD2F818C0634507DB0A2905D0136823
:100F4000581C1060084619707047FFF76FBB00BF50
:100F50009BB1F8B5134406460F46541E5D1E01E0D2
:100F6000AC4208D03A46304614F8011FFFF7DCFFC8
:100F7000431CF5D1F8BD0020F8BD0020704700BF2C
:100F8000936810B5144613B91846536010BD00F0AD
:100F9000DDFB0023C4E9013310BD00BF2DE9F04F94
:100FA0000E4692461C4607469FB018B18369002B37
:100FB00000F0A880954B9E4200F0AA80944B9E4280
:100FC00000F0B580934B9E4208BFFE68B3891807B6
:100FD00040F1A3803369002B00F09F800023202282
:100FE0000B9330239AF80010059401258A4C8DF854
:100FF00031208DF8323000297DD0D1460B4604E0F7
:1010000019F8013F002B00F09480252BF8D1B9EBA3
:101010000A0B40F0918099F80030002B6BD0002330
:101020004FF0FF3209F10109CDE907230693099337
:101030008DF85B301C9304E0001B05FA00F01843A8
:101040000690CA460522204619F8011B00F01EFD35
:10105000069B0028F0D1D90644BF20228DF85B20E2
:101060001A0748BF2B229AF8001048BF8DF85B2062
:101070002A2972D1059A1168043200290592C0F21A
:10108000A08009919AF801100AF1010A2E2976D060
:10109000DFF888910322484600F0F8FC48B140226E
:1010A000069BA0EB090002FA00F003430AF1010AD3
:1010B00006931AF8011B062259488DF8301000F0EB
:1010C000E5FC002800F08380564B002B6CD005A96E
:1010D000009132463846544B06A9AFF30080039086
:1010E000039B013307D00B9B039A9AF8001013441B
:1010F0000B93002981D1B3895B0615D40B981FB0DF
:10110000BDE8F08FFFF75CFD404B9E427FF456AF89
:101110007E68B38918073FF55DAF31463846FFF763
:10112000E7FA00283FF45AAF4FF0FF30E7E7BE6818
:101130004CE7B9EB0A0BDED0D046CAF1010A03E056
:10114000934538D918F8011F32463846FFF7ECFEB0
:1011500001300AEB0802F3D1CDE7A1F13002092AF0
:1011600094D8099B1AF8011F03EB830302EB430396
:10117000A1F13002092AF5D92E29099388D19AF8CC
:1011800001102A292DD1059B0AF102001A680433A7
:10119000002A0593B8BF4FF0FF339AF80210079268
:1011A0008246B8BF079373E7059B073323F0070315
:1011B0000833059397E70B9A99F800305A440B923D
:1011C0002BE7494243F00203099106935AE705A928
:1011D000009132463846144B06A900F0CBF8039034
:1011E0007EE70023A1F13002092A0AF1010A0793E0
:1011F0003FF64EAF1AF8011F03EB830302EB4303E4
:10120000A1F13002092AF5D9079341E7483D0108C9
:10121000283D0108083D01084C3F0108543F0108E2
:10122000583F010800000000510F00088C4600B52F
:1012300086461346034A714610685DF804EB624621
:10124000FFF7ACBE000000202DE9F04791461E4696
:101250000A698B680C469A42B8BF1A46C9F8002042
:1012600091F843300546DDF8208013B10132C9F80A
:101270000020226891065DD5D9F800300233C9F804
:101280000030226812F0060F11461ED1E168CB1A19
:10129000002BD8BF114618DD002704F1190A06E01B
:1012A000D9F80030E268A2EB030CBC450CDD012349
:1012B000524631462846C047013007F10107EFD1B9
:1012C0004FF0FF30BDE8F087216894F84330003BD1
:1012D00018BF01238A060AD53021E21882F843108C
:1012E00094F845105A1C2244023382F843103146C8
:1012F000284604F14302C0470130E1D0236803F0DF
:101300000603042B1DD0A3682269934225DD002724
:101310009B1A1F4404F11A09002401E0BC421CDAA4
:1013200001234A4631462846C047013004F10104F2
:10133000F4D1C5E712F0060F12D0003B18BF01230D
:10134000D5E7D9F80030E1682269C91AA36821EA13
:10135000E1779342DCDC0029DCDC0020BDE8F0878B
:10136000E168D9F80030CB1A002BD8BF114693DCC6
:10137000ABE700BF2DE9F04317460A7E85B00C4667
:10138000064698460C9D01F1430C002A33D0A2F189
:101390005803D9B2202967D8202B65D8DFE813F08D
:1013A000DD006400640064006400640064006400A4
:1013B000640064006400A3006E00640064006400C4
:1013C00064006E00640064006400640021007F001B
:1013D000BF0064006400AE0064007F00640064002D
:1013E000E40023681A0640F102812B686269191D26
:1013F00029601B681A600023E14623613B462146B1
:101400003046CDF8008003AAFFF71EFF013020D040
:101410004A46394630462369C047013019D023680F
:10142000E0689B07039919D5431A002B16DD0025A8
:1014300004F1190904E0E0680399431AAB420DDD99
:1014400001234A4639463046C047013005F10105BF
:10145000F1D14FF0FF3005B0BDE8F0838842B8BF4E
:10146000084605B0BDE8F083012384F8422004F16A
:1014700042092361002384F84330BFE7236819063B
:1014800002D45A0600F1BF8029680A680431296035
:101490001146002A6ADB0A25DFF87CE110E02368A8
:1014A000180640F19A802B68191D296019686F2A67
:1014B0000CBF08250A25DFF860E1002384F84330DB
:1014C0006268002AA2607DDB236823F004032360A6
:1014D000002959D1002A77D1E146082D63D0ACEB21
:1014E000090323618AE701222B6804F14209196884
:1014F00004332B6084F842102261BBE72B68002183
:101500001A1D2A60D3F800906268484600F0BEFABF
:1015100000287FD0A0EB090060602061AAE7236863
:1015200043F0200323607822DFF8F0E084F84520C0
:101530002A68111D2960190642D45D0640D511881C
:10154000D80744BF43F020032360002943D1236818
:10155000102523F020032360AFE75823DFF8B8E01D
:1015600084F845302368E3E72368DCE72D2284F81C
:10157000432062684942002AA26002DB23F0040390
:1015800023600A25DFF890E0E146B1FBF5F30A4657
:1015900005FB131019461EF80030AA4209F8013D58
:1015A000F3D2082D9BD12368D90798D562682369A7
:1015B0009A4294DC302309F1FF3989F800308EE734
:1015C0001168BDE70029DFD19EF8003004F142091F
:1015D00084F8423081E710256FE713F0400F2B6845
:1015E00003F1040129600CBF196819885FE713F043
:1015F000400F2B68626903F1040129601B6814BF66
:101600001A801A60F7E62A68B2F9001004322A60DC
:101610000A463EE7606880E7603F0108743F0108C2
:10162000002238B5064D044608462A6002F038FD0F
:10163000431C00D038BD2B68002BFBD0236038BD85
:101640004C01002010B50C46B1F90E1000F00EFB55
:10165000002803DB636D0344636510BDA38923F495
:101660008053A38110BD00BF002070472DE9F041D9
:101670000C46B1F90C101F46CB05054616460BD497
:1016800021F48051A1813B4632462846B4F90E1020
:10169000BDE8F04100F01EB8B4F90E10022300229C
:1016A00000F0DEF9B4F90C10EAE700BF10B50C4603
:1016B000B1F90E1000F0D4F9A389421C0EBF23F437
:1016C000805343F480536065A38110BDB1F90E10BF
:1016D00000F016B838B50C46114600228446074D76
:1016E00020462A601A46644602F0CCFC431C00D017
:1016F00038BD2B68002BFBD0236038BD4C01002087
:10170000002238B5064D044608462A6002F0EEFC79
:10171000431C00D038BD2B68002BFBD0236038BDA4
:101720004C01002070B50026074D044608461146BE
:101730002E6002F0DEFC431C00D070BD2B68002B35
:10174000FBD0236070BD00BF4C0100209368002BCC
:1017500000F0B7802DE9F04FB1F90C300C461907B5
:101760008046174683B098B225D523691BB310F085
:1017700002033D682DD04FF0000B5E46DFF8B8A2A3
:10178000002E00F08B80564533465A4628BF5346FC
:101790004046216AD4F828C0E047002840F38780FB
:1017A000BB6883441B1A361ABB60002BE8D10020AB
:1017B00003B0BDE8F08F21464046FEF799FF0028B0
:1017C00040F03681B4F90C303D6898B210F0020355
:1017D000D1D110F0010976D14E46002E5AD08205A3
:1017E000D4F808B040F1B580B3455A4600F2CD8038
:1017F00010F4906F00F0CB8023682169A3EB010BFC
:10180000636903EB430A0AEBDA7A0BF101034FEA4F
:101810006A0A33445345524684BF9A4652464305AA
:1018200040F1EA8011464046FFF722FB002800F015
:10183000F9805A4621690190FEF748FDA289019B73
:1018400022F4906242F08002A28103EB0B0023613C
:101850003246AAEB0B03B346C4F814A0A360206081
:10186000B24600264946019200F058F9A368216863
:10187000019AA3EB0B030A44A3602260B868D14429
:10188000A0EB0A00B860002891D0B4F90C0080B237
:10189000002EA4D1D5E9009608359EE7D5E900B61B
:1018A00008356DE721464046FFF728F880B3B4F9C4
:1018B0000C304FF0FF3043F04003A38103B0BDE88C
:1018C000F08F002070471E46AA46994618461D46CE
:1018D00056B3002832D04A4620682169B24228BF58
:1018E00032468842636904D9A16803EB010B5A456B
:1018F00074DC934265DC2A464046216AD4F828C04D
:10190000E047B0F1000BD2DDB9EB0B09CAD00120E2
:10191000BB685D44A3EB0B03A6EB0B06BB60002B7F
:101920003FF445AF002ED4D10AF1080353F8046CFC
:101930009A4653F8085C0833002EF7D032460A2145
:10194000284600F0A3F8002869D00130A0EB050973
:10195000C1E72068236998421BD86369B34218D84D
:101960006FF0004CB44528BFB4469CFBF3FC4A46DC
:1019700003FB0CF34046216AD4F828C0E047B0F1DD
:10198000000A94DDA6EB0A0678E7B34632462068E3
:1019900066E7B345DA4628BFB2464946524600F0EC
:1019A000BDF8A3682268A3EB0A035244A360226037
:1019B000002BE7D121464046FEF7A0FF0028E1D0EA
:1019C00075E729469346019200F0A8F8A368019AAA
:1019D0009B1AA36023681A44226095E729465A4659
:1019E00000F09CF8236821465B4440462360FEF7E4
:1019F00085FF002888D05AE7404600F00FF90346DB
:101A000000287FF422AF40462169FFF7CBF90C2272
:101A1000B4F90C30C8F8002023F0800349E7721CA9
:101A2000914659E70C22B4F90C30C8F8002040E781
:101A30004FF0FF30BCE600BF00FCFF7F002238B54E
:101A4000064D044608462A6002F058FB431C00D0AD
:101A500038BD2B68002BFBD0236038BD4C01002023
:101A600038B50C46114600228446074D20462A60B0
:101A70001A46644602F044FB431C00D038BD2B6874
:101A8000002BFBD0236038BD4C0100205FFA81FCA5
:101A9000810710D00346511E2AB90AE09A0718465A
:101AA0000AD0013905D3184613F8012B6245F5D148
:101AB000704700207047114603290CD80029F8D040
:101AC0000346014401E08B42F3D0184613F8012B82
:101AD0006245F8D1ECE7024610B54CEA0C2444EA22
:101AE00004441046036804326340A3F1013E2EEA29
:101AF000030313F0803F04D1043903291046F0D8C2
:101B000051B10346014401E08B4205D0184613F859
:101B1000012B6245F8D110BD002010BD88420DD9BF
:101B20008B1883420AD900EB020CBAB1624613F853
:101B300001CD994202F801CDF9D170470F2A0ED894
:101B4000034602F1FF3C4AB10CF1010C013B8C440D
:101B500011F8012B614503F8012FF9D1704740EAD4
:101B600001039B074FD1A2F1100370B501F1200CC6
:101B700023F00F0501F1100E00F11004AC441B0915
:101B80005EF8105C0EF1100E44F8105C5EF81C5C00
:101B9000103444F81C5C5EF8185C44F8185C5EF87D
:101BA000145CE64544F8145CEAD1013312F00C0FE2
:101BB00001EB031102F00F0400EB031327D08E4654
:101BC000043C24F003064FEA940C1E441C1F5EF8EC
:101BD000045B44F8045FB442F9D10CF1010402F053
:101BE000030203EB840301EB840102F1FF3C4AB1E1
:101BF0000CF1010C013B8C4411F8012B614503F8F9
:101C0000012FF9D170BD034602F1FF3C9CE722464B
:101C1000EBE700BF704700BF704700BFF8B5144640
:101C2000F9B1CAB106460D4600F036F8A04202D31B
:101C30002F463846F8BD21463046FFF719F90746CA
:101C40000028F6D022462946FEF740FB30462946BA
:101C5000FFF7A8F83846F8BD2746FFF7A3F838463F
:101C6000F8BD1146BDE8F840FFF702B938B50C469B
:101C7000114600228446074D20462A601A466446D3
:101C800002F0F0F9431C00D038BD2B68002BFBD0CC
:101C9000236038BD4C01002051F8040C0028A0F14D
:101CA0000400BCBF0B58C018704700BF80F0004054
:101CB00002E000BF81F0004142001FBF5FEA410324
:101CC00092EA030F7FEA226C7FEA236C6AD04FEA24
:101CD0001262D2EB1363C1BFD21841404840414069
:101CE000B8BF5B42192B88BF704710F0004F40F41B
:101CF000000020F07F4018BF404211F0004F41F437
:101D0000000121F07F4118BF494292EA030F3FD002
:101D1000A2F1010241FA03FC10EB0C00C3F1200315
:101D200001FA03F100F0004302D5494260EB4000A4
:101D3000B0F5000F13D3B0F1807F06D340084FEA0F
:101D4000310102F10102FE2A51D2B1F1004F40EB04
:101D5000C25008BF20F0010040EA0300704749006C
:101D600040EB0000013A28BFB0F5000FEDD2B0FA09
:101D700080FCACF1080CB2EB0C0200FA0CF0AABF2C
:101D800000EBC25052421843BCBFD04018437047CA
:101D900092F0000F81F4000106BF80F400000132D0
:101DA000013BB5E74FEA41037FEA226C18BF7FEAA7
:101DB000236C21D092EA030F04D092F0000F08BFE9
:101DC0000846704790EA010F1CBF0020704712F0D0
:101DD0007F4F04D1400028BF40F00040704712F10F
:101DE00000723CBF00F50000704700F0004343F074
:101DF000FE4040F4000070477FEA226216BF0846AA
:101E00007FEA23630146420206BF5FEA412390EA6C
:101E1000010F40F4800070474FF0000304E000BF62
:101E200010F0004348BF40425FEA000C08BF704713
:101E300043F0964301464FF000001CE050EA0102D7
:101E400008BF70474FF000030AE000BF50EA0102EC
:101E500008BF704711F0004302D5404261EB4101D9
:101E60005FEA010C02BF84460146002043F0B643FE
:101E700008BFA3F18053A3F50003BCFA8CF2083A23
:101E8000A3EBC25310DB01FA02FC634400FA02FC2C
:101E9000C2F12002BCF1004F20FA02F243EB020033
:101EA00008BF20F00100704702F1200201FA02FC95
:101EB000C2F1200250EA4C0021FA02F243EB020088
:101EC00008BF20EADC7070474FF0FF0C1CEAD052CC
:101ED0001EBF1CEAD15392EA0C0F93EA0C0F6FD08D
:101EE0001A4480EA010C400218BF5FEA41211ED06B
:101EF0004FF0006343EA501043EA5111A0FB013157
:101F00000CF00040B1F5000F3EBF490041EAD3712B
:101F10005B0040EA010062F17F02FD2A1DD8B3F1A7
:101F2000004F40EBC25008BF20F00100704790F016
:101F3000000F0CF0004C08BF49024CEA502040EA68
:101F400051207F3AC2BFD2F1FF0340EAC25070472E
:101F500040F400004FF00003013A5DDC12F1190F6C
:101F6000DCBF00F000407047C2F10002410021FADE
:101F700002F1C2F1200200FA02FC5FEA310040F1F6
:101F8000000053EA4C0308BF20EADC70704792F06F
:101F9000000F00F0004C02BF400010F4000F013AA7
:101FA000F9D040EA0C0093F0000F01F0004C02BFA2
:101FB000490011F4000F013BF9D041EA0C018FE711
:101FC0000CEAD15392EA0C0F18BF93EA0C0F0AD017
:101FD00030F0004C18BF31F0004CD8D180EA01003D
:101FE00000F00040704790F0000F17BF90F0004FD6
:101FF000084691F0000F91F0004F14D092EA0C0FB8
:1020000001D142020FD193EA0C0F03D14B0218BF4A
:10201000084608D180EA010000F0004040F0FE4090
:1020200040F40000704740F0FE4040F4400070472C
:102030004FF0FF0C1CEAD0521EBF1CEAD15392EAAB
:102040000C0F93EA0C0F69D0A2EB030280EA010C9B
:1020500049024FEA402037D04FF0805343EA111134
:1020600043EA10130CF000408B4238BF5B0042F192
:102070007D024FF4000C8B4224BF5B1A40EA0C0037
:10208000B3EB510F24BFA3EB510340EA5C00B3EB69
:10209000910F24BFA3EB910340EA9C00B3EBD10F57
:1020A00024BFA3EBD10340EADC001B0118BF5FEAA9
:1020B0001C1CE0D1FD2A3FF650AF8B4240EBC250D2
:1020C00008BF20F0010070470CF0004C4CEA502093
:1020D0007F32C2BFD2F1FF0340EAC250704740F4E2
:1020E00000004FF00003013A37E792F0000F00F0D4
:1020F000004C02BF400010F4000F013AF9D040EA52
:102100000C0093F0000F01F0004C02BF490011F4E5
:10211000000F013BF9D041EA0C0195E70CEAD153DD
:1021200092EA0C0F08D142027FF47DAF93EA0C0FC4
:102130007FF470AF084676E793EA0C0F04D14B02A8
:102140003FF44CAF08466EE730F0004C18BF31F05A
:10215000004CCAD130F000427FF45CAF31F0004354
:102160007FF43CAF5FE700BF4FEA4002B2F1FE4FA1
:102170000FD34FF09E03B3EB12620DD94FEA002349
:1021800043F0004310F0004F23FA02F018BF404222
:1021900070474FF00000704712F1610F01D1420209
:1021A00005D110F0004008BF6FF0004070474FF0BD
:1021B000000070477BB972B90029BEBF00204FF004
:1021C000004106E008BF00281CBF6FF000414FF03F
:1021D000FF3000F0C1B9ADF1080C6DE904CE002963
:1021E00009DB002B1ADB00F04DF8DDF804E0DDE937
:1021F000022304B07047404261EB4101002B1BDB1E
:1022000000F040F8DDF804E0DDE9022304B04042CC
:1022100061EB4101524263EB43037047524263EB6F
:10222000430300F02FF8DDF804E0DDE9022304B0F9
:10223000404261EB41017047524263EB430300F0BF
:1022400021F8DDF804E0DDE9022304B0524263EB3B
:102250004303704753B94AB9002908BF00281CBF7F
:102260004FF0FF314FF0FF3000F076B9ADF1080CC0
:102270006DE904CE00F006F8DDF804E0DDE90223A4
:1022800004B070472DE9F047089E0D460446884685
:10229000002B4DD18A42944668D9B2FA82F252B1EB
:1022A00001FA02F3C2F1200120FA01F10CFA02FC5A
:1022B00041EA030894404FEA1C41B8FBF1F71FFACA
:1022C0008CFE01FB178807FB0EF0230C43EA084342
:1022D00098420AD91CEB030307F1FF3580F01E81F9
:1022E000984240F21B81023F63441B1AB3FBF1F09A
:1022F00001FB103300FB0EFEA4B244EA0344A645E2
:102300000AD91CEB040400F1FF3380F00981A645D3
:1023100040F20681644402380021A4EB0E0440EA36
:1023200007401EB10023D440C6E90043BDE8F08752
:102330008B4208D9002E00F0EE800021C6E900058E
:102340000846BDE8F087B3FA83F100294AD1AB42D1
:1023500002D3824200F2FC80841A65EB0303012061
:102360009846002EE2D0C6E90048DFE702B9FFDE5A
:10237000B2FA82F2002A40F09180A1EB0C00012118
:102380004FEA1C471FFA8CFEB0FBF7F307FB130064
:10239000250C45EA00450EFB03F0A84208D91CEBCA
:1023A000050503F1FF3802D2A84200F2CE80434671
:1023B0002D1AB5FBF7F007FB10550EFB00FEA4B27B
:1023C00044EA0544A64508D91CEB040400F1FF3596
:1023D00002D2A64500F2B6802846A4EB0E0440EADD
:1023E00003409EE7C1F120078B4022FA07FC4CEA2C
:1023F000030C25FA07FA4FEA1C49BAFBF9F820FA50
:1024000007F309FB18AA8D401FFA8CFE1D4300FA42
:1024100001F308FB0EF02C0C44EA0A44A04202FA35
:1024200001F20BD91CEB040408F1FF3A80F088801C
:10243000A04240F28580A8F102086444241AB4FB4B
:10244000F9F009FB104400FB0EFEADB245EA04446E
:10245000A64508D91CEB040400F1FF356CD2A64553
:102460006AD90238644440EA0840A0FB0295A4EB14
:102470000E04AC42C846AE4656D353D0002E69D0A7
:10248000B3EB080264EB0E0422FA01F304FA07F737
:102490001F43CC40C6E90074002147E70CFA02FC58
:1024A000C2F1200125FA01F34FEA1C4720FA01F19D
:1024B00095400D43B3FBF7F107FB11331FFA8CFE78
:1024C000280C40EA034001FB0EF3834204FA02F4B5
:1024D00008D91CEB000001F1FF382FD283422DD91F
:1024E00002396044C01AB0FBF7F307FB1300ADB22A
:1024F00045EA004503FB0EF0A84208D91CEB050590
:1025000003F1FF3816D2A84214D9023B6544281AB9
:1025100043EA014138E73146304607E72F46E4E613
:102520001846F9E64B45A9D2B9EB020865EB0C0E4B
:102530000138A3E74346EAE7284694E74146D1E756
:10254000D0467BE76444023847E7023B65442FE707
:10255000084606E73146E9E6704700BF03460A46EB
:1025600002490868194600F0A7B800BF0000002023
:1025700003460A4602490868194600F011B800BF30
:102580000000002000B5054B83B0014601AA186881
:1025900000F006F803B05DF804FB00BF0000002067
:1025A0002DE9F047DFF8748006468946174600F0AB
:1025B000D1FED8F8005055B199F800301C4673B1DF
:1025C0004C4602E014F8013F3BB13D2BFAD13046B6
:1025D00000F0C2FE0020BDE8F087A4EB09042868E3
:1025E0000028F4D02246494600F018FB28B92B6891
:1025F0001A5D03EB040A3D2A04D055F8040F0028A5
:10260000F0D1E4E7D8F800303046ED1AAD103D6067
:1026100000F0A2FE0AF10100BDE8F087640000208E
:1026200000B583B001AAFFF7BBFF03B05DF804FB60
:10263000024B01461868FEF71BBC00BF00000020DB
:10264000024B01461868FEF7ADBB00BF000000203A
:10265000032A10B516D940EA010C1CF0030F0446FA
:102660000B4622D119462046D1F800E0D0F800C030
:102670000433F44504F1040417D1043A032A204634
:102680001946EFD8541EA2B100F1FF3C013901E018
:10269000C3180CD01CF801EF11F8012FA4EB0C03A8
:1026A0009645F5D0AEEB020010BD541EECE718467F
:1026B00010BD104610BD00BF38B502FB01F529461C
:1026C000FEF7D6FB044618B12A460021FDF774FE3A
:1026D000204638BD38B5124B04461D68AA6B1AB1A6
:1026E0000023C2E9044338BD1820FFF7A1FF0246CA
:1026F000A86378B100210B2301209381C2E9040172
:10270000084B0949094DC2E9011300231560C2E9CC
:10271000044338BD4221064B064800F0F5FD00BFDA
:1027200000000020ECDE050034126DE60E33CDAB68
:10273000CC4A0108E44A010838B5194B1C68A26B61
:102740008AB113691749546903FB01F1164800FB6C
:102750000411A3FB0030013341EB0001C2E9043155
:1027600021F0004038BD1820FFF762FF0246A06349
:1027700088B1012400250B230A480C49C2E904450D
:10278000116001460A4D0B4C93810B4BC2E9015479
:10279000C2E9043138BD4E21084B094800F0B4FDB0
:1027A000000000202DF451582D7F954C0E33CDABF9
:1027B00034126DE6ECDE05002E7F954CCC4A010804
:1027C000E44A010803460A46024908681946FFF729
:1027D00025BA00BF0000002008B410B5002A044646
:1027E0009DB031DB4FF402734FF6FF7CADF814302F
:1027F0000291069120AB15D0013A0492079202A9EA
:102800001F9A0193ADF816C000F0AAFE421C01DA2F
:102810008B2323600022029B1A701DB0BDE810407C
:1028200001B070470492079202A91F9A0193ADF874
:1028300016C000F095FE431C01DA8B2323601DB007
:10284000BDE8104001B070478B234FF0FF3023608C
:10285000F5E700BF0CB410B51E4B00291C689CB0F6
:1028600033DB4FF402734FF6FF7CADF81430029067
:1028700006901FAB16D001391E9A0491079120468D
:1028800002A90193ADF816C000F06AFE421C01DAFD
:102890008B2323600022029B1A701CB0BDE81040FD
:1028A00002B070470491079120461E9A02A9019335
:1028B000ADF816C000F054FE431C01DA8B232360F0
:1028C0001CB0BDE8104002B070478B234FF0FF30C2
:1028D0002360F5E70000002011F0FF01034644D01B
:1028E000820732D110B5046841EA012E4EEA0E4E3D
:1028F0008EEA0402A2F1013323EA0203A4F10132B9
:1029000022EA0402134313F0803F0FD150F8044F22
:1029100084EA0E0CA4F10133ACF1013223EA040382
:1029200022EA0C02134313F0803FEFD0037823B95F
:1029300036E010F8013F002B32D09942F9D110BD9A
:102940008A4211D09A071846CCD0184613F8012BAA
:10295000002AF5D1104670479907184607D0184647
:1029600002780133002AF7D170478207F7D1026855
:10297000A2F1013323EA020313F0803F08D150F89B
:10298000042FA2F1013323EA020313F0803FF6D0B3
:102990000378002BE8D010F8013F002BFBD17047E3
:1029A000184610BD80EA010C1CF0030F37D110F05F
:1029B000030C20F0030021F0030150F8042B08BFA2
:1029C00051F8043B0ED08CF0030C6FF07F434FEABC
:1029D000CC0C23FA0CFC51F8043B42EA0C0243EA0B
:1029E0000C0300BFA2F1013C9A4201BF2CEA020C89
:1029F0001CF0803F50F8042B51F8043BF2D04FEA12
:102A000002604FEA1222012828BFB0EB036F08BF13
:102A10001B0AF4D003F0FF03000EC01A704710F039
:102A2000030F0AD010F8012B11F8013B012A28BF2F
:102A30009A42F4D0A2EB030070474DF8045D50F8C1
:102A4000042B01F0030521F0030151F8043B022D92
:102A500026D04DD822F07F45B5EB132FA2F1013CD3
:102A60002CEA020C0DD11CF0803C08BF51F8043B4D
:102A70000AD185EA0205B5EB036F0CD150F8042B9F
:102A8000E8E74FEA13235BE03CF07F4C54D10B782E
:102A90004FEA126554E04FEA126503F0FF034FE07E
:102AA0004FEA0245A2F1013C4FEA15452CEA020C1F
:102AB000B5EB134F18D11CF0803C08BF51F8043B14
:102AC00007D185EA0205B5EB034F09D150F8042B75
:102AD000E6E75FEA0C4C2FD10B884FEA12452FE056
:102AE0004FEA03434FEA12454FEA134328E000BF81
:102AF00002F0FF05B5EB136FA2F1013C2CEA020CCA
:102B00000DD11CF0803C08BF51F8043B0AD185EA86
:102B10000205B5EB032F0AD150F8042BE8E74FEA82
:102B200013630DE012F0FF0F06D051F8043B4FEA9B
:102B3000122523F07F4303E04FF0000020BC7047D4
:102B400005F0FF0203F0FF00012828BF904204BFF8
:102B50002D0A1B0AF4D0A2EB000020BC704700BF76
:102B600080EA0102844612F0030F4FD111F0030FE7
:102B700032D14DF8044D11F0040F51F8043B0BD045
:102B8000A3F101329A4312F0803F04BF4CF8043B9A
:102B900051F8043B16D100BF51F8044BA3F10132A8
:102BA0009A4312F0803FA4F101320BD14CF8043B60
:102BB000A24312F0803F04BF51F8043B4CF8044B91
:102BC000EAD023460CF8013B13F0FF0F4FEA332302
:102BD000F8D15DF8044B704711F0010F06D011F8E1
:102BE000012B0CF8012B002A08BF704711F0020FCF
:102BF000BFD031F8022B12F0FF0F16BF2CF8022BBA
:102C00008CF8002012F47F4FB3D1704711F8012BDC
:102C10000CF8012B002AF9D1704700BFA2B330B5E0
:102C200040EA0104A40786460B462AD004780B78B4
:102C3000A3422FD1012A0CD0844654B11CF8014F75
:102C400011F8013F9C4225D16FEA0C031344C318CD
:102C5000F3D1002030BD1946DEF800407046A4F1E3
:102C6000013323EA040C0B4653F8045B0EF1040E07
:102C7000AC420BD1043AECD01CF0803FE9D1704655
:102C80001946032AE7D8D1E71046704704780B7835
:102C90009C42D1D0E01A30BD2DE9F04F012B1D46EA
:102CA00081460F469046ADF21C4D40F2478101230C
:102CB00000219C464FF0FF341A4606E019460122D7
:102CC000A3EB040C8B189D4210D908EB0400805C28
:102CD00018F803608642F1D300F081804FF0010CB8
:102CE00062460C4661448B189D42EED8CDF808C070
:102CF0004FF0010C00204FF0FF366146634606E0BE
:102D000018460121A3EB060C43189D420FD908EB8E
:102D1000010218F803E0925D9645F1D865D04FF0B6
:102D2000010C61460646604443189D42EFD80136C7
:102D300004F1010BB34502D8B346CDF808C005AB8A
:102D40000DF2144243F8045F9342FBD1002D00F0D2
:102D5000FA806C1E06AE08F1FF3208EB0400019603
:102D600012F8011FD3432B444344904246F82130CC
:102D7000F6D1029E5A46404608EB0601FFF768FC72
:102D8000002840F083800BF1FF3305938246AB1B94
:102D90000646039309EB060E1EF80430019A52F81A
:102DA000233043B3BAF1000F04D0029A9342039A3E
:102DB00038BF13464FF0000A1E447B1BB342E9D2D2
:102DC00009EB070045F4006100F0E4FC07447B1BBD
:102DD000B342DFD200200DF21C4DBDE8F08F9445C8
:102DE0000ABF0122013261446CE761450ABF401805
:102DF0000131012188E7D3455B4638BF5346A342E2
:102E000014D2591E9A1941444A4402E00133A342A4
:102E10000CD212F8010B11F801CF8445F6D0CBF19A
:102E2000010216444FF0000A1E44C6E7D345059B35
:102E30007DD90BEB06024A4408EB0B01CDF810B02C
:102E400002E0534516D0034612F8010D11F801CDEA
:102E500003F1010B844503F1FF30F2D05B46DDF84E
:102E600010B00AF1010A9A450BD8029BDDF80CA0BC
:102E70001E44A2E753460AF1010A9A45DDF810B054
:102E8000F3D970460DF21C4DBDE8F08FA5EB0B0396
:102E90005B4538BF5B4600260BF1FF3202920133DF
:102EA000CBF10102039245F4006A049309EB060E8C
:102EB0001EF80430019A52F823306BB11E447B1B7C
:102EC0009E42F3D909EB0700514600F063FC07442A
:102ED0007B1B9E42EAD97DE7A34513D202990BEBF7
:102EE00006025B464A44414402E00133A34209D250
:102EF00012F8010B11F801CF8445F6D0039A16445D
:102F00001E44DCE7BBF1000F13D00BEB0601494474
:102F100008EB0B0202E0013B43450AD0134611F8CF
:102F2000010D12F801CD8445F5D0049BC6E75B4640
:102F300097E770460DF21C4DBDE8F08F01234FF06E
:102F4000000B0293FBE606AB4FF0FF34019310E752
:102F50002DE9F0410D460978044690B0002953D080
:102F60006A78002A00F08380AB78002B50D0E87894
:102F7000002800F083802B79002B57D02846FDF7DE
:102F800027FB0646204646F4007100F003FC86420B
:102F90005CD8FE2E00F28780801B271840226846EE
:102FA000711CFDF709FA7EB16A1E5FFA86FC901962
:102FB00012F8013F03F03F034033A91A6B44614408
:102FC000824203F8401CF3D1013CA35D03F03F03B0
:102FD00040336B4413F8400C0444A74203D23AE058
:102FE0004444A74237D314F806C020460CF03F0CE7
:102FF0000CF140030DEB030C324629461CF8408CC3
:10300000FFF726FB0028EBD1204610B0BDE8F08189
:10301000007842EA014200E00C4640EA0343611CAA
:10302000A0B19A426078F7D1013CEDE722786AB10D
:10303000296809BA01E099421ED0204642EA0323DA
:1030400014F8012F002AF6D1994215D00024204609
:1030500010B0BDE8F081BB5DB819002BF6D04FF47D
:10306000006100F097FB0744BC42ADD9EEE710B019
:10307000BDE8F041FFF730BCC41EC5E7120442EAC8
:10308000016242EA03230146207800E02C4640EA30
:103090000102651C11020028D8D0B3EB022F607822
:1030A000F4D1023CB0E7014633462A46204610B030
:1030B000BDE8F041F0E500BF2DE9F04707460E46B8
:1030C0004A4D304616F801CB15F80C4014F00804B0
:1030D000F7D1BCF12D0FE64658D0BCF12B0F04BF41
:1030E00096F800E0861C5BB1102B54D04FF0FF38EF
:1030F000B8FBF3F803FB08FA99466FEA0A0A08E0FE
:10310000BEF1300F5AD00A234FF0050A9946DFF876
:10311000E0800025284607E0404515D829D0012544
:1031200009FB00C016F801EBAEF1300CBCF1090F41
:1031300006D9AEF1410CBCF1190F08D8AEF1370C2D
:1031400063450DDD002DE7DA4FF0FF35EAE7AEF11C
:10315000610CBCF1190F03D8AEF1570C6345F1DCDB
:10316000002D0BDB04B140420AB16DB91160BDE81E
:10317000F087D445D3DD4FF0FF35D3E722234FF05E
:10318000FF303B60002AF2D0711EEFE796F800E0B6
:103190000124861CA7E7BEF1300F21D1307800F062
:1031A000DF00582816D14FF0100996F801E04FF0D3
:1031B0000F0A6FF070484B460236AAE7337803F0E7
:1031C000DF03582BEFD008234FF0070A6FF0604859
:1031D00099469EE799466FF070484FF00F0A98E7BE
:1031E0004FF00F0A6FF07048994692E7893D010849
:1031F0009999991960E700BF8C4600B58646134639
:10320000034A714610685DF804EB624654E700BF5C
:10321000000000208C4600B586461346034A7146DE
:1032200010685DF804EB624646E700BF000000202E
:1032300010B5194C002924689AB028DB009004903E
:103240004FF402704FF6FF7CADF80C0011D001393D
:103250000291059120466946ADF80EC000F080F954
:10326000421C01DA8B2323600022009B1A701AB0E3
:1032700010BD0291059120466946ADF80EC000F0E0
:103280006FF9431C01DA8B2323601AB010BD8B2326
:103290004FF0FF302360F8E70000002030B51446FF
:1032A000002C05469BB029DB1A464FF402734FF6FB
:1032B000FF7C00910491ADF80C3011D0013C6946BF
:1032C0001E9B02940594ADF80EC000F049F9421C13
:1032D00001DA8B232B600022009B1A701BB030BDDB
:1032E0001E9B694602940594ADF80EC000F038F9B3
:1032F000431C01DA8B232B601BB030BD8B234FF0B6
:10330000FF302B60F8E700BF144600B51A460A4BA1
:103310000D461B6885B0DE6803464CB10749019134
:10332000304607490294009500F026F800F044FA70
:1033300004490C46F3E700BF00000020184B0108C9
:10334000284B0108244B010808B513460022FFF75B
:10335000DBFF00BF704700BF704700BF0CB400B573
:1033600083B004AB53F8042B0193FDF717FE03B0B1
:103370005DF804EB02B070470EB400B5074A82B0A6
:1033800003AB0146106853F8042B0193FDF706FECA
:1033900002B05DF804EB03B0704700BF00000020EE
:1033A0002DE9F0478F680C469F421D46164638D8D7
:1033B0008246888910F4906F0ED13D4608682A46EF
:1033C0003146FEF7ABFB0020A2682368D21B2B44DA
:1033D000A2602360BDE8F0874B69096903EB4308ED
:1033E000236808EBD878A3EB01096B1C4FEA680847
:1033F0004B444345424684BF98464246430513D555
:1034000011465046FDF734FD074608B34A46216988
:10341000FCF75CFFA38923F4906343F08003A3814E
:1034200007E01F460868CAE75046FEF7F7FB074665
:1034300050B107EB0900A8EB09032761C4F8148019
:103440002F46A3602060BAE750462169FDF7AAFC29
:103450000C23CAF80030A3894FF0FF3043F040033B
:10346000A381B7E72DE9F04F9368914683B0002B15
:103470006ED0176880460C4608688D68083744E0AF
:10348000B4F80CC01CF4906F2ED0D4E90413451A84
:1034900003EB430303EBD373AA194FEA630A531CEC
:1034A0005345524684BF9A4652461CF4806F36D02C
:1034B00011464046FDF7DCFC00283AD02A46216937
:1034C0000190FCF703FFA289019B22F4906242F075
:1034D0008002A2815819AAEB0505A560C4F814A0C2
:1034E0003546B2462361206059465246FEF716FB28
:1034F000D9F80830A16820684D1B50449E1BA56078
:103500002060C9F808601EB3083757E902B6002EDC
:10351000FAD0B542AA46B3D93546B246E4E74046AA
:10352000FEF77CFB03460028D4D140462169FDF715
:1035300039FC0C2300224FF0FF30C8F80030A3897B
:1035400043F04003A381C9E9012203B0BDE8F08F35
:1035500000231846C9F8043003B0BDE8F08F00BF5F
:103560002DE9F04F1C468B890F461D06804692467A
:103570009DB003D50B69002B00F0F3800023099365
:10358000302320228DF82A309AF800300394012548
:103590007B4C8DF82920002B76D0D14603E019F81A
:1035A000013F002B79D0252BF9D1B9EB0A0B77D14C
:1035B00099F80020002A67D000234FF0FF3209F16C
:1035C0000109CDE90523049307938DF853301A932D
:1035D00004E0001B05FA00F018430490CA460522D7
:1035E000204619F8011BFEF751FA049B0028F0D180
:1035F000D80644BF20228DF85320190748BF2B223C
:103600009AF8001048BF8DF853202A2956D1039A02
:1036100011680432002903927EDB07919AF80110A9
:103620000AF1010A2E295BD0DFF85891032248469F
:10363000FEF72CFA48B14022049BA0EB090002FAE5
:1036400000F003430AF1010A04931AF8011B062251
:103650004D488DF82810FEF719FA002862D04B4B20
:10366000002B52D003A900913A464046484B04A98A
:10367000AFF300800646721C06D0099B33440993C1
:103680009AF80030002B88D1BB895B064CBF4FF005
:10369000FF3009981DB0BDE8F08FB9EB0A0BF3D0ED
:1036A0005B46524639464046FFF77AFE0130EBD082
:1036B000099B99F800205B4409937BE7A1F1300254
:1036C000092AAFD8079B1AF8011F03EB830302EB0B
:1036D0004303A1F13002092AF5D92E290793A3D17A
:1036E0009AF801102A2927D1039B0AF102001A68CF
:1036F0000433002A0393B8BF4FF0FF339AF8021047
:1037000005928246B8BF05938EE7039B073323F0EB
:10371000070308330393B0E7494243F002030791DC
:1037200004937BE703A900913A464046184B04A94D
:10373000FDF720FE06469EE70023A1F13002092A8C
:103740000AF1010A05933FF66FAF1AF8011F03EB68
:10375000830302EB4303A1F13002092AF5D9059353
:1037600062E74021FDF784FB3860386110B14023E7
:103770007B6103E70C234FF0FF30C8F8003089E786
:103780004C3F0108543F0108583F01080000000069
:10379000A133000871B1034600EB010C01E0634561
:1037A00006D01A46117801330029F8D1101A704753
:1037B000181A704708467047062008B500F09AF8B6
:1037C000012000F049FC00BF38B5446C0CB100206A
:1037D00038BD80210546FDF74BFB0246686430B1D9
:1037E000031F7C3243F8044F9342FBD1EFE74FF0C5
:1037F000FF3038BD1F29F8B5054608D8466C0C4681
:1038000017464EB156F8240046F82470F8BD16232A
:103810004FF0FF302B60F8BD8021FDF729FB0646F5
:10382000686440B10021031F00F17C0543F8041FC8
:103830009D42FBD1E6E74FF0FF30F8BD1F2938B5B8
:10384000054620D8426C0C466AB152F8213053B17B
:10385000012B16D0591C10D00025204642F82450C8
:103860009847284638BD284600F0F8F82246014619
:103870002846BDE8384000F0DDB8162301202B6053
:1038800038BD002038BD16234FF0FF302B6038BD07
:103890001F292BD8426C38B50C46054682B152F828
:1038A000243002EB84024BB1591C1AD0012B16D0E4
:1038B0000025204615609847284638BD012038BDB0
:1038C0008021FDF7D5FA0246686460B10020131F1D
:1038D00002F17C0143F8040F9942FBD1DFE703209A
:1038E00038BD022038BD4FF0FF3038BD4FF0FF30FB
:1038F000704700BF38B5144B1F281D681FD86A6C6D
:10390000044662B152F820304BB1012B15D0591C3E
:103910000FD0002542F820509847284638BD284649
:1039200000F09CF8224601462846BDE8384000F0E9
:1039300081B8162301202B6038BD002038BD162326
:103940004FF0FF302B6038BD00000020124B1F28C5
:1039500070B51E6808D80D46716C044649B151F81F
:10396000240041F8245070BD16234FF0FF3033601F
:1039700070BD80213046FDF77BFA0146706440B18E
:103980000022031F00F17C0C43F8042F6345FBD198
:10399000E5E74FF0FF3070BD0000002038B50B4B5D
:1039A0001D686C6C0CB1002038BD80212846FDF7E5
:1039B0005FFA686438B1031F00F17C0243F8044FDA
:1039C0009342FBD1EFE74FF0FF3038BD00000020FD
:1039D00038B5174B1F281D6827D86A6C044682B17A
:1039E00052F8243002EB84024BB1591C1BD0012B3E
:1039F00017D00025204615609847284638BD01207D
:103A000038BD80212846FDF733FA0246686460B16C
:103A10000020131F02F17C0143F8040F8B42FBD1FD
:103A2000DEE7032038BD022038BD4FF0FF3038BD3F
:103A30000000002070B50026074D044608461146D8
:103A40002E6000F001FB431C00D070BD2B68002BE2
:103A5000FBD0236070BD00BF4C01002000F0F2BA23
:103A600008B50268034B9A4200D008BD00F05CFB29
:103A7000FBE700BF0034014072B6FEE700B591B02D
:103A80002822002106A8FCF797FC0023019302934B
:103A9000039304930593012206924FF48033079316
:103AA0000A9202220D920E934FF4E0130F9306A890
:103AB00000F076FB80B90F230193022102910023CD
:103AC00003934FF480620492059301A800F09AFDDD
:103AD00020B911B05DF804FBFFF7CEFFFFF7CCFF74
:103AE00008B500F00FFBFFF7C9FF00F00BF800F07E
:103AF00055F900F075F903F03BFA00F037F903F0DF
:103B000081F9FEE72DE9F04188B000240494059482
:103B100006940794244B9A6942F010029A619A69BC
:103B200002F010020092009A9A6942F020029A6113
:103B30009A6902F020020192019A9A6942F0040205
:103B40009A619A6902F004020292029A9A6942F01A
:103B500008029A619B6903F008030393039BDFF853
:103B60004C8022460321404600F066FF104D22465D
:103B7000C021284600F060FF032304930127059726
:103B800006940226079604A9404600F035FEC0239D
:103B9000049305970694079604A9284600F02CFE86
:103BA00008B0BDE8F08100BF0010024000080140ED
:103BB000000C01400000000070B5B0B0404B019314
:103BC000404B0093404B414A4149012004F02CFEF8
:103BD0002BA804F05FFD3F4B2B933F4B2C933F4BA7
:103BE0002D933F4B2E932BA804F064FD002842D068
:103BF0003C4D02A804F07CFDAE460DF1080CBCE87B
:103C00000F00AEE80F00DCF80030CEF80030364C84
:103C10002B4600221146204604F046FC334E234634
:103C2000334A3449304604F089FC05F013FB024660
:103C3000314B3146314804F0BDFC05F00BFB024628
:103C40002F4B31462AA804F0E9FC2B4601222146DD
:103C500008A804F075F9002400942A4B2A4A2AA9DE
:103C600008A804F0DDF9294B1C6001221146284800
:103C700000F0E2FE0FE0AC212648FCF705FCB7E7B8
:103C8000E5212548FCF700FC204A13680133136046
:103C9000C82003F0F1F808A3D3E9002308A804F032
:103CA000CDFB00221949154803F0BAFD0028E7D1E1
:103CB000EAE700BFAFF3008000E1F5050000000077
:103CC000C5750008877500087975000861750008DA
:103CD000D8400020F97300081D7400083D740008E6
:103CE0007D74000858010020983900208C3900208C
:103CF000244B0108C03E0108CC3E01089439002045
:103D0000E03E01081D3D000888390020843900206C
:103D100000080140983E0108FC3E010810B582B041
:103D200004680194002201A9084803F079FD40B914
:103D30002046FEF775F80146002003F079F902B03D
:103D400010BDFE210248FCF79FFBF1E794390020EB
:103D5000FC3E0108034B0360034B0B6080231360A0
:103D6000704700BFD03B0020CC39002010B588B090
:103D70000DF1040C074C0FCCACE80F0094E80700E1
:103D80008CE80700002101A803F041F8024B1860FD
:103D900008B010BDE83C01088039002000B583B0B0
:103DA0000E4B5A6942F001025A615B6903F001034C
:103DB0000193019B002205210E2001F041F90E2004
:103DC00001F076F9002205210F2001F039F90F20CA
:103DD00001F06EF903B05DF804FB00BF0010024073
:103DE00008B50A480A4B03600A4B4360002383600E
:103DF000C36003610C2242618361C36101F0C2FEB2
:103E000000B908BDFFF738FEFBE700BFD84000202F
:103E10000038014060E3160070B586B000230293BD
:103E20000393049305930268334B9A4201D006B082
:103E300070BD044603F558439A6942F480429A6182
:103E40009A6902F480420092009A9A6942F0040250
:103E50009A619B6903F004030193019B4FF4007383
:103E600002930223039303230593244E02A93046B1
:103E700000F0C2FC4FF48063029300250395049583
:103E800002A9304600F0B8FC1D481E4B0360456097
:103E900085608023C36005614561202383614FF401
:103EA0004053C36100F0E4FD00BB154BE3635C626B
:103EB0001548164B03601023436000238360802263
:103EC000C2600361436183614FF44053C36100F0FA
:103ED000CFFD70B90C4BA3635C6200220521252045
:103EE00001F0AEF8252001F0E3F8A0E7FFF7C4FDEC
:103EF000DBE7FFF7C1FDEDE70038014000080140B6
:103F000050400020580002409440002044000240ED
:103F1000FEE7FEE7FEE7FEE7FEE7704708B502486A
:103F200000F006FF08BD00BF9440002008B502481D
:103F300000F0FEFE08BD00BF5040002008B502485A
:103F400001F0BAFF08BD00BFD840002008B5024804
:103F500001F0BFF908BD00BF2041002000B583B0CB
:103F6000114B9A6942F001029A619A6902F00102CA
:103F70000092009ADA6942F08052DA61DB6903F05C
:103F800080530193019B00220F216FF0010001F08B
:103F900057F8064A536823F0E06343F00073536018
:103FA00003B05DF804FB00BF0010024000000140B8
:103FB00030B589B004461E4B9A6942F400529A61AA
:103FC0009B6903F400530193019B02A903A800F02D
:103FD000F5FB00F0E3FB03461648A0FB03239B0C14
:103FE000013B1548154A026040F2E732C260436067
:103FF000002303618360836101F074FA054610B108
:10400000284609B030BD0C4801F022F905460028C9
:10401000F6D12C2001F04CF80F2C01D90125EFE747
:10402000002221462C2001F00BF8054B1C60E7E72D
:104030000010024083DE1B43204100200034014079
:104040006C0000200120704708B5FCF715F9162315
:1040500003604FF0FF3008BD08B54FF0FF31FFF7A8
:10406000F3FFFEE770B50C461646002506E0AFF3F9
:104070000080214601F8010B01350C46B542F6DB04
:10408000304670BD70B50C461646002504E014F8A5
:10409000010BAFF300800135B542F8DB304670BD4F
:1040A00008B503460D4A12685AB10C4A1068034419
:1040B0000B4A11780B4A521A934206D8074A1360EA
:1040C00008BD064A08491160EFE700BEFCF7D4F8C6
:1040D0000C2303604FF0FF30F2E700BF6C4100207B
:1040E0000004000000C0002098AE00204FF0FF3018
:1040F00070474FF400534B60002070470120704719
:104100000020704708B5074A136843F01003136096
:10411000032000F083FF0F20FFF74AFFFFF71EFF89
:10412000002008BD00200240034A1168034B1B78A1
:104130000B441360704700BF7041002068000020EE
:10414000014B1868704700BF7041002038B5044625
:10415000FFF7F6FF0546B4F1FF3F02D0044B1B7892
:104160001C44FFF7EDFF401BA042FAD338BD00BF4F
:104170006800002082B0084B1B68084AA2FB03239A
:104180005B0A00FB03F3019300BF019B5A1E0192DF
:10419000002BF9D102B0704770000020D34D62109F
:1041A000002800F0F18170B582B00446036813F076
:1041B000010F2CD0994B5B6803F00C03042B1DD02E
:1041C000964B5B6803F00C03082B12D06368B3F5C1
:1041D000803F41D0002B55D103F1804303F50433D8
:1041E0001A6822F480321A601A6822F480221A6057
:1041F00037E08A4B5B6813F4803FE7D0874B1B683E
:1042000013F4003F03D06368002B00F0BF812368E4
:1042100013F0020F75D0814B5B6813F00C0F5FD069
:104220007E4B5B6803F00C03082B54D02369002BF2
:1042300000F08A807A4B01221A60FFF781FF054661
:10424000764B1B6813F0020F75D1FFF779FF401B07
:104250000228F5D903209EE1704A136843F48033A5
:104260001360636843B3FFF76BFF05466B4B1B6836
:1042700013F4003FCBD1FFF763FF401B6428F5D94F
:10428000032088E1B3F5A02F09D0644B1A6822F40B
:1042900080321A601A6822F480221A60E1E703F182
:1042A0008043A3F53C331A6842F480221A601A68EE
:1042B00042F480321A60D4E7FFF742FF0546574BBD
:1042C0001B6813F4003FA2D0FFF73AFF401B64289D
:1042D000F5D903205FE1514B5B6813F4803FA5D112
:1042E0004E4B1B6813F0020F03D02369012B40F0E3
:1042F0004F814A4A136823F0F803616943EAC10316
:104300001360236813F0080F33D0A369002B5CD02F
:10431000434B0122C3F88024FFF712FF05463F4BB1
:104320005B6A13F0020F21D1FFF70AFF401B02283E
:10433000F5D903202FE1394A136823F0F8036169A6
:1043400043EAC1031360DCE7354B00221A60FFF734
:10435000F7FE0546314B1B6813F0020FD1D0FFF773
:10436000EFFE401B0228F5D9032014E10120FFF7DE
:1043700001FF236813F0040F00F09680274BDB69E0
:1043800013F0805F34D1254BDA6942F08052DA6154
:10439000DB6903F080530193019B0125214B1B68CE
:1043A00013F4807F26D0E368012B3DD0002B53D13E
:1043B00003F1804303F504331A6A22F001021A6202
:1043C0001A6A22F004021A6233E0154B0022C3F885
:1043D0008024FFF7B5FE0546104B5B6A13F0020F11
:1043E000C7D0FFF7ADFE401B0228F5D90320D2E06D
:1043F0000025D3E70B4A136843F480731360FFF77B
:104400009FFE0646074B1B6813F4807FCBD1FFF756
:1044100097FE801B6428F5D90320BCE00010024001
:1044200000004242007000405F4A136A43F00103FB
:104430001362E36833B3FFF783FE06465A4B1B6AE9
:1044400013F0020F2FD1FFF77BFE801B41F2883360
:104450009842F3D903209EE0052B09D0524B1A6AEB
:1044600022F001021A621A6A22F004021A62E0E7DC
:104470004D4B1A6A42F004021A621A6A42F00102B3
:104480001A62D6E7FFF75CFE0646474B1B6A13F03D
:10449000020F08D0FFF754FE801B41F28833984288
:1044A000F3D9032077E0E5B9E369002B72D03E4AE7
:1044B000526802F00C02082A56D0022B17D03B4B50
:1044C00000221A66FFF73CFE0446374B1B6813F0C8
:1044D000007F47D0FFF734FE001B0228F5D90320E8
:1044E00059E0314AD36923F08053D361DCE72F4B85
:1044F00000221A66FFF724FE05462B4B1B6813F0BB
:10450000007F06D0FFF71CFE401B0228F5D90320D0
:1045100041E0236AB3F5803F1AD023494B6823F466
:104520007413226A606A024313434B601F4B0122DB
:104530001A66FFF705FE04461B4B1B6813F0007F4D
:104540000ED1FFF7FDFD001B0228F5D9032022E064
:10455000154A536823F40033A1680B435360DCE72A
:10456000002018E0002016E0012B16D00E4B5B68EF
:1045700003F48031226A914211D103F47013626A0C
:1045800093420ED1002006E001207047012002E096
:10459000012000E0002002B070BD0120FBE70120F7
:1045A000F9E70120F7E700BF001002400000424297
:1045B0000F4B5B6803F00C02082A01D00D487047CE
:1045C000C3F383420C49885C13F4803F0BD0084B43
:1045D0005B68C3F34043094AD35C064A02FB00F020
:1045E000B0FBF3F07047064B03FB00F0704700BFD1
:1045F0000010024000127A00183F0108283F01080D
:1046000000093D00002800F0A08070B50D4604466A
:10461000524B1B6803F007038B420BD24F4A1368BF
:1046200023F007030B431360136803F007038B4267
:1046300040F08D80236813F0020F17D013F0040FA1
:1046400004D0474A536843F4E0635360236813F08F
:10465000080F04D0424A536843F460535360404A01
:10466000536823F0F003A1680B435360236813F0F1
:10467000010F31D06368012B20D0022B25D0384A9E
:10468000126812F0020F64D035494A6822F0030222
:1046900013434B60FFF754FD0646314B5B6803F054
:1046A0000C036268B3EB820F16D0FFF749FD801B45
:1046B00041F288339842F0D9032045E0284A126835
:1046C00012F4003FE0D101203EE0254A126812F0CA
:1046D000007FD9D1012037E0204B1B6803F007038E
:1046E000AB420AD91D4A136823F007032B4313601A
:1046F000136803F00703AB422DD1236813F0040FB6
:1047000006D0174A536823F4E063E1680B43536013
:10471000236813F0080F07D0114A536823F460533D
:10472000216943EAC1035360FFF742FF0C4B5B680A
:10473000C3F303130B4AD35CD8400B4B18600B4BED
:104740001868FFF735FC002070BD0120704701207C
:10475000FAE70120F8E70120F6E700BF0020024059
:10476000001002402C3F0108700000206C00002067
:10477000014B1868704700BF7000002008B5FFF7B4
:10478000F7FF044B5B68C3F30223034AD35CD840B2
:1047900008BD00BF001002403C3F010808B5FFF70C
:1047A000E7FF044B5B68C3F3C223034AD35CD840E2
:1047B00008BD00BF001002403C3F01080F2303600A
:1047C0000B4B5A6802F0030242605A6802F0F00292
:1047D00082605A6802F4E062C2605B68DB0803F43E
:1047E000E0630361034B1B6803F007030B60704732
:1047F000001002400020024070B582B00024A446A0
:10480000B0E0874DAA4210D007D9864DAA420CD0FD
:1048100005F58035AA4208D013E0A5F58015AA4217
:1048200003D005F57025AA4207D18A68002A62D014
:10483000012A5BD04361082403E0A5F58015AA4254
:10484000F3D0BEF1FF0F58D80646BEF1FF0F56D881
:104850004FEA8C0233680F25954023EA050304FADA
:1048600002F2134333604B6813F0805F78D06E4BD5
:104870009A6942F001029A619B6903F00103019376
:10488000019B4FEA9C02951C684B53F825600CF085
:1048900003039D000F23AB4026EA0306644B9842B6
:1048A00033D003F58063984200F0988003F580636D
:1048B000984200F0958003F58063984200F0928062
:1048C00003F58063984200F08F8003F5806398427F
:1048D00019D006231AE0CC68B3E7CC680434B0E7FB
:1048E000CC680834ADE7CC680C34AAE7036108242F
:1048F000A7E70024A5E70424A3E7061DA5E7ACF17C
:1049000008029200A6E7052300E00023AB403343F2
:104910000232464D45F822304B6813F4801F65D0B3
:10492000444A936843EA0E0393604B6813F4001FF4
:1049300062D0404AD36843EA0E03D3604B6813F455
:10494000003F5FD03B4A536843EA0E0353604B6815
:1049500013F4803F5CD0374A136843EA0E031360B8
:104960000CF1010C0A6832FA0CF357D0012303FA58
:104970000CF302EA030E33EA0202F1D14A68122A6A
:104980003FF63FAF122A3FF65CAF01A555F822F083
:104990002B480008D7480008E1480008F348000801
:1049A00043480008434800084348000843480008BB
:1049B00043480008434800084348000843480008AB
:1049C000434800084348000843480008434800089B
:1049D00043480008DB480008E7480008012395E742
:1049E000022393E7032391E704238FE7114A936897
:1049F00023EA0E03936098E70E4AD36823EA0E0376
:104A0000D3609BE70B4A536823EA0E0353609EE78B
:104A1000084A136823EA0E031360A1E702B070BDD1
:104A20000000221000003110001002400000014080
:104A300000080140000401400AB101617047090407
:104A40000161704730B40124056CAC40C56B6C60EB
:104A5000046863604368102B05D00368996003689D
:104A6000DA6030BC704703689A600368D960F8E781
:104A700000283AD010B4024600681D4B984229D84D
:104A80001C4B03441C49A1FB03131B099B0013642B
:104A90001A4BD363022382F82130016821F47F513D
:104AA00021F03001536894682343D4682343146988
:104AB00023435469234394692343D46923430B4319
:104AC000036000209063012382F8213082F82000E7
:104AD00010BC70470A4B03440749A1FB03131B0991
:104AE0009B001364074BD363D4E70120704700BFDA
:104AF00007040240F8FFFDBFCDCCCCCC0000024043
:104B0000F8FBFDBF0004024038B5044690F82000D1
:104B1000012832D0012084F8200094F82100C0B28E
:104B2000012804D0002384F82030022038BD022060
:104B300084F821000020A0632568286820F0010087
:104B400028602046FFF77EFFE36A5BB122681368A6
:104B500043F00E0313602268136843F001031360EF
:104B60000020E3E72268136823F00403136022683F
:104B7000136843F00A031360EDE70220D6E790F8CC
:104B80002130DBB2022B06D004238363002380F89C
:104B90002030012070470268136823F00E03136071
:104BA0000268136823F001031360036CC16B0122D8
:104BB00002FA03F34B6080F82120002380F82030B4
:104BC0001846704708B590F82130DBB2022B03D0AD
:104BD00004238363012008BD0268136823F00E03D9
:104BE00013600268136823F00103136003684C4AE2
:104BF00093424ED9783A934224D01432934230D023
:104C0000143293422FD0143293422FD01432934255
:104C10002FD0143293422FD0143293422FD002F56A
:104C2000627293422ED0143293422DD014329342AA
:104C30002CD01432934202D04FF4803203E04FF470
:104C4000805200E00122374B5A60012380F8213066
:104C5000002380F82030436B002B5ED09847002063
:104C6000B9E71022EFE74FF48072ECE74FF480527F
:104C7000E9E74FF48032E6E74FF48012E3E74FF0C4
:104C80008072E0E70122DEE71022DCE74FF4807259
:104C9000D9E7254A934224D01432934225D01432C6
:104CA000934224D01432934224D01432934224D01D
:104CB0001432934224D01432934224D002F562720B
:104CC000934223D01432934222D01432934221D003
:104CD0001432934202D04FF4803203E04FF48052FA
:104CE00000E00122114B5A60AFE71022FAE74FF4BF
:104CF0008072F7E74FF48052F4E74FF48032F1E727
:104D00004FF48012EEE74FF08072EBE70122E9E703
:104D10001022E7E74FF48072E4E700205BE700BF72
:104D200080000240000402400800024000000240EF
:104D300038B5C36B1A6804682568016C04238B407E
:104D4000134200F09B8015F0040F00F09780236859
:104D500013F0200F03D1236823F0040323600368BA
:104D60009A4A934246D9783A934224D014329342D5
:104D700028D01432934227D01432934227D01432D1
:104D8000934227D01432934227D01432934227D033
:104D900002F56272934226D01432934225D0143227
:104DA000934224D01432934202D04FF4802203E085
:104DB0004FF4804200E00422854B5A60C36A03B17D
:104DC000984738BD4022F7E74FF48062F4E74FF48C
:104DD0008042F1E74FF48022EEE74FF48002EBE7E8
:104DE0004FF08062E8E70422E6E74022E4E74FF470
:104DF0008062E1E7774A934224D01432934225D06F
:104E00001432934224D01432934224D01432934269
:104E100024D01432934224D01432934224D002F589
:104E20006272934223D01432934222D014329342BE
:104E300021D01432934202D04FF4802203E04FF489
:104E4000804200E00422644B5A60B7E74022FAE750
:104E50004FF48062F7E74FF48042F4E74FF480228A
:104E6000F1E74FF48002EEE74FF08062EBE70422B7
:104E7000E9E74022E7E74FF48062E4E702238B4052
:104E8000134200F0AB8015F0020F00F0A7802368FA
:104E900013F0200F06D1236823F00A0323600123B7
:104EA00080F821300368494A93424BD9783A9342BB
:104EB00024D0143293422DD0143293422CD0143289
:104EC00093422CD0143293422CD0143293422CD0E3
:104ED000143293422CD002F5627293422BD01432DA
:104EE00093422AD01432934229D01432934202D0F2
:104EF0004FF4003203E04FF4005200E00222344B42
:104F00005A60002380F82030836A002B3FF459AFA9
:104F1000984756E72022F2E74FF40072EFE74FF48C
:104F20000052ECE74FF40032E9E74FF40012E6E7F5
:104F30004FF00072E3E70222E1E72022DFE74FF4BF
:104F40000072DCE7234A934224D01432934225D0E6
:104F50001432934224D01432934224D01432934218
:104F600024D01432934224D01432934224D002F538
:104F70006272934223D01432934222D0143293426D
:104F800021D01432934202D04FF4003203E04FF4A8
:104F9000005200E00222104B5A60B2E72022FAE7EA
:104FA0004FF40072F7E74FF40052F4E74FF4003289
:104FB000F1E74FF40012EEE74FF00072EBE7022248
:104FC000E9E72022E7E74FF40072E4E780000240BF
:104FD000000402400800024000000240082303FAD7
:104FE00001F111423FF4EDAE15F0080F3FF4E9AEC8
:104FF000236823F00E032360026CC16B012303FAC4
:1050000002F24A60836380F82130002380F8203068
:10501000036B002B3FF4D5AE9847D2E6074AD3681E
:1050200023F4E0631B041B0C000200F4E060034364
:1050300043F0BF6343F40033D360704700ED00E0FA
:1050400000B5194BDB68C3F30223C3F1070CBCF1B5
:10505000040F28BF4FF0040C03F1040EBEF1060F3D
:1050600018D9033B4FF0FF3E0EFA0CFC21EA0C016D
:1050700099400EFA03F322EA0303194300280BDBDD
:105080000901C9B200F1604000F5614080F80013E9
:105090005DF804FB0023E5E700F00F000901C9B249
:1050A000024B1954F4E700BF00ED00E014ED00E0FE
:1050B000002807DB00F01F02400901239340024A49
:1050C00042F82030704700BF00E100E030B4036ACE
:1050D000026A22F0010202624268846924F07304C9
:1050E0000D682C4323F0020C8B6843EA0C03104D2F
:1050F000A84203D005F50065A84205D123F00803B6
:10510000CD682B4323F00403094DA84203D005F5D5
:105110000065A84205D122F440724D692A438D6989
:105120002A43426084614A684263036230BC70472C
:10513000002C014030B4036A026A22F480720262D9
:105140004268C46924F0730C0C6844EA0C0523F42B
:1051500000738C6843EA0423114CA04203D004F589
:105160000064A04206D123F40063CC6843EA042320
:1051700023F480630A4CA04203D004F50064A042EB
:1051800007D122F440524C6942EA04128C6942EA87
:1051900004124260C5614A68C263036230BC704752
:1051A000002C014030B4036A026A22F48052026289
:1051B0004468C26922F4E6420D6842EA052223F4FB
:1051C00000538D6843EA0533094DA84203D005F525
:1051D0000065A84204D124F480444D6944EA851452
:1051E0004460C2614A680264036230BC704700BF19
:1051F000002C014010B4036A046A24F00104046224
:10520000846924F0F00C4CEA021223F00A030B43E9
:105210008261036210BC704710B4036A046A24F010
:1052200010040462846924F4704C4CEA023223F0C6
:10523000A00343EA01138261036210BC70478368D4
:1052400023F070030B4343F00703836070470000B3
:1052500090F83D30DBB2012B2FD1022380F83D3096
:105260000268D36843F00103D3600368154A934290
:1052700018D002F50062934214D0B3F1804F11D0E0
:10528000A2F5983293420DD002F58062934209D084
:1052900002F58062934205D01A6842F001021A605A
:1052A000002070479A6802F00702062A07D01A68A1
:1052B00042F001021A600020704701207047002070
:1052C000704700BF002C014070477047704770471F
:1052D000704710B5044603681A6912F0020F11D026
:1052E000DA6812F0020F0DD06FF002021A6101238A
:1052F000037703689B6913F0030F70D0FFF7E6FF95
:105300000023237723681A6912F0040F12D0DA6899
:1053100012F0040F0ED06FF004021A6102232377FB
:1053200023689B6913F4407F5FD02046FFF7CEFFD0
:105330000023237723681A6912F0080F12D0DA6865
:1053400012F0080F0ED06FF008021A6104232377C1
:105350002368DB6913F0030F4ED02046FFF7B6FF3A
:105360000023237723681A6912F0100F12D0DA682D
:1053700012F0100F0ED06FF010021A61082323777D
:105380002368DB6913F4407F3DD02046FFF79EFF82
:105390000023237723681A6912F0010F03D0DA681B
:1053A00012F0010F36D123681A6912F0800F03D072
:1053B000DA6812F0800F34D123681A6912F0400FB6
:1053C00003D0DA6812F0400F32D123681A6912F064
:1053D000200F03D0DA6812F0200F30D110BDFFF794
:1053E00074FF2046FFF773FF8AE72046FFF76DFF43
:1053F0002046FFF76CFF9BE72046FFF766FF20463D
:10540000FFF765FFACE72046FFF75FFF2046FFF799
:105410005EFFBDE76FF001021A612046FEF720FB38
:10542000C1E76FF080021A61204600F0F2FAC3E78C
:105430006FF040021A612046FFF74AFFC5E76FF0A0
:1054400020021A61204600F0E3FAC7E70368244A05
:10545000904212D002F5006290420ED0B0F1804F1F
:105460000BD0A2F59832904207D002F580629042AC
:1054700003D002F58062904203D123F070034A68A2
:105480001343174A904212D002F5006290420ED0A8
:10549000B0F1804F0BD0A2F59832904207D002F5C0
:1054A0008062904203D002F58062904203D123F4DF
:1054B0004073CA68134323F080034A6913430360AF
:1054C0008B68C3620B688362054B984203D003F577
:1054D0000063984201D10B69036301234361704764
:1054E000002C014040B310B5044690F83D30F3B1B4
:1054F000022384F83D30214651F8040BFFF7A6FF44
:10550000012384F8463084F83E3084F83F3084F834
:10551000403084F8413084F8423084F8433084F8D5
:10552000443084F8453084F83D30002010BD80F8C8
:105530003C3001F0E4FCDBE70120704740B310B5DC
:10554000044690F83D30F3B1022384F83D30214603
:1055500051F8040BFFF77AFF012384F8463084F8F2
:105560003E3084F83F3084F8403084F8413084F88D
:10557000423084F8433084F8443084F8453084F86D
:105580003D30002010BD80F83C30FFF79DFEDBE78A
:105590000120704730B4036A026A22F010020262EE
:1055A0004468826922F4E6420D6842EA052223F04B
:1055B00020038D6843EA0513114DA84203D005F579
:1055C0000065A84206D123F08003CD6843EA0513A5
:1055D00023F040030A4DA84203D005F50065A84218
:1055E00007D124F440644D6944EA85048D6944EA96
:1055F0008504446082614A688263036230BC7047FC
:10560000002C014038B590F83C30012B66D00446A0
:105610000D46012380F83C300C2A5AD8DFE802F00E
:10562000075959591B59595930595959440000685B
:10563000FFF74CFD2268936943F0080393612268E9
:10564000936923F0040393612268936929690B43EA
:10565000936100203EE00068FFF79CFF2268936999
:1056600043F4006393612268936923F48063936138
:1056700022689369296943EA01239361002029E0A4
:105680000068FFF757FD2268D36943F00803D36130
:105690002268D36923F00403D3612268D36929699E
:1056A0000B43D361002015E00068FFF77BFD226803
:1056B000D36943F40063D3612268D36923F4806320
:1056C000D3612268D369296943EA0123D3610020A9
:1056D00000E00120002384F83C3038BD0220FCE7C4
:1056E00010B4846824F47F4C42EA03220A4342EA5D
:1056F0000C02826010BC704790F83C30012B78D0CF
:1057000010B50446012380F83C30022380F83D3078
:105710000268936823F47F4323F0770393600B6858
:10572000602B4CD029D8402B54D00CD9502B22D1EF
:10573000CA6849680068FFF75DFD50212068FFF7DF
:105740007EFD002005E0202B0DD009D9302B0AD09A
:105750000120012384F83D30002384F83C3010BD43
:105760000BB1102B05D119462068FFF768FD00200A
:10577000EFE70120EDE70120EBE7B3F5805F34D0E0
:10578000B3F5005F0CD1CB684A6889680068FFF701
:10579000A7FF2268936843F4804393600020D8E712
:1057A000702B24D1CB684A6889680068FFF798FF9E
:1057B0002268936843F0770393600020C9E7CA68C2
:1057C00049680068FFF728FD60212068FFF737FD72
:1057D0000020BEE7CA6849680068FFF70BFD40215A
:1057E0002068FFF72CFD0020B3E70020B1E701207F
:1057F000AFE70220704701F01F01012303FA01FC0B
:10580000036A23EA0C030362036A02FA01F10B4301
:105810000362704710B50446084600293AD194F84F
:105820003E30DBB2013B18BF0123002B66D10028BC
:1058300049D1022384F83E30012201462068FFF757
:10584000DAFF23682F4A934203D002F500629342A5
:1058500003D15A6C42F400425A642368294A9342A5
:1058600041D002F5006293423DD0B3F1804F3AD06F
:10587000A2F59832934236D002F58062934232D03C
:1058800002F5806293422ED01A6842F001021A603B
:10589000002032E0042908D008290DD094F84130C6
:1058A000DBB2013B18BF0123BFE794F83F30DBB206
:1058B000013B18BF0123B8E794F84030DBB2013B4D
:1058C00018BF0123B1E7042805D0082807D0022318
:1058D00084F84130B0E7022384F83F30ACE702237C
:1058E00084F84030A8E79A6802F00702062A07D039
:1058F0001A6842F001021A60002010BD0120FCE786
:105900000020FAE7002C014038B504460D4600227D
:105910000068FFF770FF23681D4A934218D002F514
:105920000062934214D02368196A41F211121142A5
:1059300008D1196A40F24442114203D11A6822F098
:1059400001021A609DB9012384F83E30002038BD61
:10595000196A41F211121142E5D1196A40F244422A
:105960001142E0D15A6C22F400425A64DBE7042D64
:1059700005D0082D07D0012384F84130E6E7012344
:1059800084F83F30E2E7012384F84030DEE700BFCF
:10599000002C014090F83C30012B34D010B401238E
:1059A00080F83C30022380F83D3003685A689C68D8
:1059B00022F0700C0A6842EA0C025A600368134A2B
:1059C000934212D002F5006293420ED0B3F1804FA1
:1059D0000BD0A2F59832934207D002F58062934231
:1059E00003D002F58062934204D124F080044A6817
:1059F00014439C60012380F83D30002380F83C3044
:105A0000184610BC70470220704700BF002C0140B0
:105A100070477047026802F10C0353E8003F23F01F
:105A2000C0030C3242E800310029F3D1202380F872
:105A300041307047026802F10C0353E8003F23F441
:105A400090730C3242E800310029F3D1026802F170
:105A5000140353E8003F23F00103143242E80031FD
:105A60000029F3D1036B012B05D0202380F84230AD
:105A7000002303637047026802F10C0353E8003F00
:105A800023F010030C3242E800310029F3D1ECE797
:105A900090F84130DBB2212B01D00220704783689F
:105AA000B3F5805F17D0036A5A1C02621A78036844
:105AB0005A60C38C9BB2013B9BB2C3844BB9026852
:105AC000D36823F08003D3600268D36843F04003B7
:105AD000D360002070470369002BE4D1036A1B8860
:105AE0000268C3F308035360036A02330362E0E70A
:105AF00010B504460268136923F44053C1680B4390
:105B0000136183680269134342691A430168CB68D1
:105B100023F4B05323F00C031343CB6002685369A2
:105B200023F4407381690B4353610268134B9A421B
:105B300020D0FEF723FE024602EB820202EB820235
:105B400063689B00B2FBF3F20D48A0FB02314909E8
:105B5000642303FB11231B013233A0FB03235B09E6
:105B600003F0F00202EB011203F00F03216813446B
:105B70008B6010BDFEF712FE0246DDE700380140E3
:105B80001F85EB5160B310B5044690F8413013B354
:105B9000242384F841302268D36823F40053D3606F
:105BA0002046FFF7A5FF2268136923F49043136191
:105BB0002268536923F02A0353612268D36843F4AF
:105BC0000053D36000206064202384F8413084F8BF
:105BD0004230606310BD80F84030FEF71DF9D7E712
:105BE0000120704738B590F84130DBB2202B30D11E
:105BF000044600292FD00AB9012038BD01628284F1
:105C0000C28400234364212084F84100A06B134D1B
:105C10008562A06B124DC562A06B124D0563A06B2F
:105C2000436320681346021DA06BFEF76DFF2368D7
:105C30006FF040021A60226802F1140353E8003F3B
:105C400043F08003143242E800310029F3D10020F0
:105C5000D3E70220D1E70120CFE700BFEF5C0008C7
:105C6000575D0008675D000810B5044603685A696F
:105C700090F84130DBB2212B0AD023685A6902F038
:105C8000400294F84230DBB2222B19D0002010BD24
:105C900002F08002002AF0D0226802F1140353E8D7
:105CA000003F23F08003143242E800310029F3D191
:105CB000A06B08B1FEF763FF2046FFF7ABFEDCE701
:105CC000002AE3D0226802F1140353E8003F23F0D6
:105CD0004003143242E800310029F3D1E06B08B1EF
:105CE000FEF74DFF2046FFF7A5FECFE7704708B54A
:105CF0000346406A1B681B6813F0200F1AD100236B
:105D0000C384026802F1140353E8003F23F08003C8
:105D1000143242E800310029F3D1026802F10C0389
:105D200053E8003F43F040030C3242E800310029C1
:105D3000F3D108BDFFF7DAFFFBE708B50168CA68D1
:105D400022F04002CA60202280F84120FFF7CEFFF7
:105D5000002008BD704708B5406AFFF7FBFF08BD8B
:105D600070477047704710B5446A23685A6994F8C1
:105D70004130DBB2212B10D023685A6902F0400277
:105D800094F84230DBB2222B11D0636C43F0100345
:105D900063642046FFF7E6FF10BD02F08002002A90
:105DA000EAD00023E3842046FFF734FEE4E7002A2C
:105DB000EBD00023E3852046FFF73CFEE5E708B57E
:105DC000406A0023C385C384FFF7CCFF08BD70473A
:105DD00090F84230DBB2222B69D18368B3F5805F43
:105DE0004FD0826AB3F5805F04D0002B56D103698F
:105DF000002B53D103685B681370836A013383629D
:105E0000C38D9BB2013B9BB2C385002B51D100B522
:105E100083B00268D36823F02003D3600268D3689C
:105E200023F48073D3600268536923F00103536144
:105E3000202380F8423000234363036B012B33D1CE
:105E400000230363026802F10C0353E8003F23F0D0
:105E500010030C3242E800310029F3D103681A68BC
:105E600012F0100F06D0002201921A6801925B68AE
:105E70000193019B818DFFF7AAFF002003B05DF81D
:105E800004FB0269002AACD1826A03685B68C3F331
:105E900008031380836A02338362B1E703685B6897
:105EA00003F07F031370A8E7FFF75AFFE5E702202E
:105EB000704700207047000030B583B00446026888
:105EC0001368D068516913F00F0505D113F0200F46
:105ED00002D010F0200F19D12DB111F0010119D10C
:105EE00010F4907F16D1216B01297DD013F0800F23
:105EF00003D010F0800F40F0188113F0400F03D052
:105F000010F0400F40F0158103B030BD2046FFF780
:105F10005FFFF9E713F0010F06D010F4807F03D084
:105F2000626C42F00102626413F0040F04D019B1F4
:105F3000626C42F00202626413F0020F04D019B1E5
:105F4000626C42F00402626413F0080F07D010F094
:105F5000200F00D119B1626C42F008026264626CD9
:105F6000002AD1D013F0200F02D010F0200F29D139
:105F700023685B6903F04003626C12F0080F00D1E4
:105F800063B32046FFF756FD23685B6913F0400FAB
:105F900020D0226802F1140353E8003F23F04003AD
:105FA000143242E800310029F3D1E36B73B1634A44
:105FB0005A63E06BFEF706FE0028A5D0E06B436B4A
:105FC0009847A1E72046FFF703FFD1E72046FFF7F8
:105FD000C9FE99E72046FFF7C5FE95E72046FFF783
:105FE000C1FE002363648FE713F0100F3FF47EAF10
:105FF00010F0100F3FF47AAF002301931368019360
:1060000053680193019B536913F0400F51D0E26B29
:1060100013685B689BB2002B3FF476AFA18D994269
:106020007FF672AFE3859369202B37D0226802F1A7
:106030000C0353E8003F23F480730C3242E8003134
:106040000029F3D1226802F1140353E8003F23F042
:106050000103143242E800310029F3D1226802F131
:10606000140353E8003F23F04003143242E80031A8
:106070000029F3D1202384F84230002323632268CF
:1060800002F10C0353E8003F23F010030C3242E806
:1060900000310029F3D1E06BFEF771FD0223636349
:1060A000A18DE38D9BB2C91A89B22046FFF78FFEFE
:1060B0002AE7A18DE38D9BB2C91A89B2E38D9BB209
:1060C000002B3FF421AF00293FF41EAF226802F1FC
:1060D0000C0353E8003F23F490730C3242E8003085
:1060E0000028F3D1226802F1140353E8003F23F0A3
:1060F0000103143242E800300028F3D1202384F851
:10610000423000232363226802F10C0353E8003F6E
:1061100023F010030C3242E800300028F3D10223B0
:1061200063632046FFF753FEEEE62046FFF7B0FC20
:10613000EAE62046FFF701FEE6E600BFBF5D000885
:1061400008B5406A01234363036B012B02D0FFF7BC
:1061500008FE08BD818D4908FFF739FEF9E708B54B
:106160000346406A1B681B6813F0200F2BD10023E5
:10617000C385026802F10C0353E8003F23F48073E7
:106180000C3242E800310029F3D1026802F1140315
:1061900053E8003F23F00103143242E800310029A4
:1061A000F3D1026802F1140353E8003F23F04003E7
:1061B000143242E800310029F3D1202380F8423024
:1061C000036B012B07D000234363036B012B0FD01C
:1061D000FFF7C6FD08BD026802F10C0353E8003F5B
:1061E00023F010030C3242E800310029F3D1EAE732
:1061F000818DFFF7ECFDEDE730B583B00446134623
:106200008162828500254564222280F84220C26B8B
:106210001F489062E26B1F48D062E26B1E48106319
:10622000E26B556320680A46011DE06BFEF76CFCCB
:10623000019523681A6801925B680193019B2369A9
:106240005BB1226802F10C0353E8003F43F4807312
:106250000C3242E800310029F3D1226802F1140324
:1062600053E8003F43F00103143242E800310029B3
:10627000F3D1226802F1140353E8003F43F04003D6
:10628000143242E800310029F3D1002003B030BDC0
:106290005F61000841610008675D000808B590F87B
:1062A0004230DBB2202B08D149B10AB9012008BD28
:1062B00000230363FFF7A0FFF9E70220F7E70120BF
:1062C000F5E7704700F1080343604FF0FF3282604A
:1062D000C3600361002303607047002303617047BC
:1062E00043684B609A688A605160996008610368EE
:1062F00001330360704730B40D68B5F1FF3F11D032
:1063000000F108031C465B681A68AA42FAD9636860
:106310004B6099608C6061600861036801330360C1
:1063200030BC70470469F2E70369416882688A609B
:10633000416851605A68824206D0002202611A68A0
:10634000013A1A601868704782685A60F5E70000E1
:10635000084B1B681B6823B9074B4FF0FF321A60CC
:106360007047044B1B68DB68DB685A68024B1A6095
:10637000704700BF78410020504200202DE9F047CF
:1063800007469846089DDDF824900A9C266B02F18A
:106390008042013A06EB820626F007064FF0000C19
:1063A000BCF10F0F0BD811F80C2004EB0C0383F891
:1063B000342011F80C3013B10CF1010CF0E700237C
:1063C00084F84330062D00D90625E56265644FF058
:1063D000000AC4F848A0201DFFF77FFF04F1180051
:1063E000FFF77BFF2461C5F10705A5616462C4F86E
:1063F00078A484F87CA44FF48562514604F15000DF
:10640000F9F7DAFF04F54F73636504F56973A36563
:1064100004F20C43E36501220023C4E93E2343F266
:106420000E33A4F800314AF6CD33A4F8023141F21C
:106430003423A4F804314EF26D63A4F806314DF60E
:10644000EC63A4F808310523A4F80A310B23A4F85F
:106450000C3142463946304600F0BEFB2060B9F1AF
:10646000000F01D0C9F80040BDE8F08738B500241E
:1064700007E004EB840293000E481844FFF722FF64
:106480000134062CF5D90C4D2846FFF71BFF0B4CA9
:106490002046FFF717FF0A48FFF714FF0948FFF7E8
:1064A00011FF0948FFF70EFF084B1D60084B1C60E9
:1064B00038BD00BF80410020244200203842002027
:1064C0005842002084420020704200207841002081
:1064D0007C41002010B5044600F0A4FB214A13685B
:1064E00001331360204B1B685BB1204B1B686BB9F9
:1064F0001D4B1B68DA6AE36A9A4207D81A4B1C6084
:1065000004E0194B1C601368012B28D0184A13684B
:1065100001331360E06A01238340164A11680B437C
:10652000136000EB8000211D134B03EB8000FFF78D
:10653000D7FE00F099FB0D4B1B687BB10A4B1B6823
:10654000DA6AE36A9A4209D24FF0E0234FF08052B0
:10655000C3F8042DBFF34F8FBFF36F8F10BDFFF74C
:1065600085FFD3E70C420020744100206C420020DC
:106570001C420020204200208041002010B504462B
:106580005030F9F7BFFF94F87D3463B1012B11D07F
:10659000022B0ED04FF0500383F31188BFF36F8F9F
:1065A000BFF34F8FFEE7206B00F09EFC204600F00B
:1065B0009BFC10BD204600F097FCFAE70F4B1B68D0
:1065C000D3B110B500F02EFB0D4BDB68DC68201D4D
:1065D000FFF7AAFE0B4A1368013B1360074A1368D2
:1065E000013B136000F040FB2046FFF7C7FF034B61
:1065F0001B68002BE6D110BD704700BF1042002081
:10660000844200200C42002008B5FFF7D7FF074B5B
:106610001B68012BF9D94FF0E0234FF08052C3F8EB
:10662000042DBFF34F8FBFF36F8FEEE78041002043
:1066300070B504460D461D4B1E681D4B186804308E
:10664000FFF772FE50B91A4B1B68DA6A012303FA8E
:1066500002F218490B6823EA02030B60B4F1FF3F12
:106660000DD03444124B1B685C60A64210D9124B0B
:1066700018680F4B19680431FFF73DFE70BD002DFF
:10668000EFD00B4B196804310C48FFF729FEF5E7F2
:106690000B4B1868064B19680431FFF72CFE094BA9
:1066A0001B68A342EAD9074B1C60E7E79842002029
:1066B00074410020204200207C41002070420020D4
:1066C000784100205042002030B587B00B9C8CB13F
:1066D0000C9DC5B14FF490650495049DB5F5906F80
:1066E0001AD04FF0500383F31188BFF36F8FBFF3BD
:1066F0004F8FFEE74FF0500383F31188BFF36F8F86
:10670000BFF34F8FFEE74FF0500383F31188BFF3C1
:106710006F8FBFF34F8FFEE70C9D2C63022485F82B
:106720007D4400240394029505AC01940A9C0094D6
:10673000FFF724FE0C98FFF7CDFE059807B030BD9B
:106740002DE9F04385B00746884614461E46900062
:1067500000F09AFB08B381464FF4906000F094FB80
:106760000546B0B1C0F83090E5B1002385F87D341E
:10677000039302950D9B01930C9B00933346224695
:1067800041463846FFF7FAFD2846FFF7A3FE0120F1
:1067900005E0484600F0A8FBE6E74FF0FF3005B003
:1067A000BDE8F0834FF0FF30F9E7000010B588B086
:1067B00000240594069407AA06A905A8FDF7CAFABD
:1067C000059B0293069B019300942346079A104968
:1067D0001048FFF779FF104B1860B8B14FF0500325
:1067E00083F31188BFF36F8FBFF34F8F0B4B1B6881
:1067F00050330B4A13600B4B4FF0FF321A600A4BB9
:1068000001221A60094B1C6000F096FA08B010BD16
:10681000443F0108096600084C42002074410020F2
:1068200000000020504200206C42002098420020CE
:10683000024A136801331360704700BF18420020FA
:10684000F8B53A4B1B68002B64D1394B1D680135F4
:106850001D60C5B9374B1B681B6843B14FF050032F
:1068600083F31188BFF36F8FBFF34F8FFEE7314A79
:106870001168314B186810601960304A1368013391
:106880001360FFF765FD2E4B1B68AB4238D900271C
:106890002C4B1B68DB6A03EB83039A002A4B9B5843
:1068A000012B3CD901273AE00127224B1B681B68CA
:1068B00043B3204B1B68DB68DC6863689D4226D3CA
:1068C000261D3046FFF730FDA36A1BB104F1180006
:1068D000FFF72AFDE36A01229A401C490868024337
:1068E0000A6003EB83039A00314617481044FFF710
:1068F000F7FCE26A134B1B68DB6A9A42D4D2D4E7F6
:106900000027D2E70E4B4FF0FF321A60C0E70C4A67
:106910001360BDE70E4A13680133136000270D4B67
:106920001B6803B101273846F8BD00BF184200209C
:1069300098420020784100207C41002054420020F1
:10694000504200207441002080410020204200205D
:10695000144200209C42002038B5354B1B6843B9D7
:106960004FF0500383F31188BFF36F8FBFF34F8F46
:10697000FEE700F057F92E4B1A68013A1A601B68BF
:10698000002B4FD12B4B1B680BB900244BE000248C
:10699000294B1B681BB3284BDB68DC6804F118002B
:1069A000FFF7C2FC251D2846FFF7BEFCE06A012365
:1069B0008340224A11680B43136000EB8000294694
:1069C0001F4B03EB8000FFF78BFCE26A1D4B1B683B
:1069D000DB6A9A42DCD31C4B01221A60D8E70CB167
:1069E000FFF7B6FC194B1C6884B9174B1C68D4B16F
:1069F0004FF0E0234FF08052C3F8042DBFF34F8FC8
:106A0000BFF36F8F01240EE0013C07D0FFF718FFA2
:106A10000028F9D00C4B01221A60F5E70B4B00223D
:106A20001A60E2E7002400F01FF9204638BD00BFDD
:106A3000184200200C420020584200202042002032
:106A400080410020744100209C420020144200201C
:106A500010B5A8B10446104B1B6843B14FF050036A
:106A600083F31188BFF36F8FBFF34F8FFEE7FFF7FC
:106A7000DFFE00212046FFF7DBFDFFF76DFF48B981
:106A80004FF0E0234FF08052C3F8042DBFF34F8F37
:106A9000BFF36F8F10BD00BF18420020224B1B6850
:106AA0001BB1224B01221A607047204B00221A6052
:106AB0001F4B1B68B3FA83F3DBB2C3F11F0303EB75
:106AC00083018A001B498A5842B94FF0500383F36F
:106AD0001188BFF36F8FBFF34F8FFEE7154903EBAC
:106AE000830082000A4450684068506003EB830CC6
:106AF0004FEA8C020832114488420DD003EB830325
:106B00009A000C4B13445B68DA680B4B1A601B68E5
:106B100050330A4A13607047406862469100054A44
:106B20000A445060EAE700BF184200209C4200205F
:106B300020420020804100207441002000000020FD
:106B400060B110B5044600F06DF8094B1B68236076
:106B5000084B1B68636000F087F810BD4FF05003CE
:106B600083F31188BFF36F8FBFF34F8FFEE700BF32
:106B7000544200209842002082B0002301930D4B24
:106B80001B68B3F1FF3F08D04FF0500383F3118827
:106B9000BFF36F8FBFF34F8FFEE74FF0500383F3C8
:106BA0001188BFF36F8FBFF34F8F019B002BFCD079
:106BB00002B070477400002006480068006880F347
:106BC000088862B661B6BFF34F8FBFF36F8F00DFE7
:106BD00000BF000008ED00E04FF0807340F8043C77
:106BE00021F0010140F8081C034B40F80C3C40F830
:106BF000202C4038704700BF796B0008000000006F
:106C0000074B19680868B0E8F00F80F30988BFF3F4
:106C10006F8F4FF0000080F311884EF00D0E70471B
:106C2000744100204FF0500383F31188BFF36F8F3E
:106C3000BFF34F8F0B4A136801331360012B00D051
:106C400070474FF0E023D3F8043D13F0FF0FF7D067
:106C50004FF0500383F31188BFF36F8FBFF34F8F53
:106C6000FEE700BF74000020094B1B6843B94FF0DA
:106C7000500383F31188BFF36F8FBFF34F8FFEE78D
:106C8000013B034A13600BB983F31188704700BFBF
:106C90007400002000000000000000000000000060
:106CA000EFF30980BFF36F8F0D4B1A6820E9F00FE7
:106CB00010602DE908404FF0500080F31188FFF775
:106CC000EDFE4FF0000080F31188BDE80840196820
:106CD0000868B0E8F00F80F30988BFF36F8F704742
:106CE0007441002008B54FF0500383F31188BFF3BF
:106CF0006F8FBFF34F8FFFF7A3FD28B14FF0E02355
:106D00004FF08052C3F8042D002383F3118808BD8F
:106D10004FF0E022002313619361054B1B68054986
:106D2000A1FB03139B09013B5361072313617047C8
:106D300070000020D34D621010B582B02A4B1A7833
:106D4000D2B20192FF221A701B78DBB28DF80330A9
:106D50009DF8033003F05003244A1370244B07229C
:106D60001A6009E0224A1368013B13609DF8033062
:106D70005B00DBB28DF803309DF8033013F0800F19
:106D8000F0D11B4B1B68032B08D04FF0500383F34B
:106D90001188BFF36F8FBFF34F8FFEE71B02144ABA
:106DA000136003F4E0631360019BDBB20E4A1370BF
:106DB0004FF0E023D3F8202D42F47002C3F8202DC9
:106DC000D3F8202D42F07042C3F8202DFFF7A0FF2A
:106DD0000024084B1C60FFF7EFFEFFF75FFEFFF794
:106DE000CBFE204602B010BD00E400E0A04200202F
:106DF000A442002074000020842801D00330704792
:106E00000020704708B5FFF7D1FC002008BD2DE930
:106E1000F04387B004460F464569BDB18669AEB1FF
:106E2000D0F80480D0F80090B0F90800FFF7E4FF34
:106E30000296019500903B46226949464046FFF77D
:106E400043FC0590059807B0BDE8F08365682668A7
:106E5000D4F81080B4F90800FFF7CEFF05AB01931A
:106E600000903B461FFA88F231462846FFF768FC3F
:106E70000128E7D00020E6E708B500B90120FFF7B8
:106E8000E7FD002008BD000038B5044610F0070FEC
:106E900002D020F007040834FFF7CAFC0F4B1B6830
:106EA0008BB10F4B1B681C4440F6F732944210D84C
:106EB000A34210D2094A15681D44094B1C60FFF714
:106EC0004BFD284638BD074B23F00703034A1360E8
:106ED000E7E70025F3E70025F1E700BFA84200201F
:106EE000AC4E0020B442002040B14FF0500383F379
:106EF0001188BFF36F8FBFF34F8FFEE770470368B2
:106F0000B3F1804F00D0704782B003F50433DA69E3
:106F100042F00102DA61DB6903F001030193019B96
:106F200002B0704700B587B0002302930393049327
:106F300005930368B3F1804F02D007B05DF804FBFE
:106F400003F504339A6942F004029A619B6903F0E5
:106F500004030193019B0C230293022303930593E3
:106F600002A90248FDF748FCE7E700BF000801401E
:106F700000B58FB000230A930B930C930D930893E5
:106F80000993019302930393049305930693079344
:106F900026484FF0804202604722426083604FF4EF
:106FA0007A72C260036180238361FEF79BFA58BB4B
:106FB0004FF480530A930AA91C48FEF79DFB30BB8F
:106FC0001A48FEF7BBFA28BB00230893099308A9C7
:106FD0001648FEF7DFFC00BB6023019300230293F9
:106FE00003930593082201A91048FEF70BFBB8B9DB
:106FF0000C2201A90D48FEF705FBA0B90B48FFF7CD
:1070000091FF0FB05DF804FBFCF736FDD0E7FCF70D
:1070100033FDD5E7FCF730FDD6E7FCF72DFDDBE7C8
:10702000FCF72AFDE4E7FCF727FDE7E7B04E002078
:107030002DE9F04104460846454F04EB44054FEA6C
:10704000850807EB8505A968FAF7F2FFFBF78CF8CE
:107050000646696857F80800FEF7DCFB002531E0BA
:10706000042B0BD0082B13D004EB4403384A52F8FE
:1070700023301B684FF4FA721A6435E004EB4403C2
:10708000334A52F823301B684FF4FA729A632BE0AC
:1070900004EB44032E4A52F823301B684FF4FA7273
:1070A000DA6321E0042B32D0082B39D004EB4403FF
:1070B000274A52F823301B6800221A640120FDF78A
:1070C00045F80135B54234DA04EB4403204A02EBBB
:1070D00083035B68002BC3D104EB440352F82330D5
:1070E0001B684FF4FA725A630120FDF72FF804EB86
:1070F0004403174A02EB83035B68002BD2D104EBF5
:10710000440352F823301B6800225A63D6E704EB8D
:1071100044030F4A52F823301B6800229A63CDE7DC
:1071200004EB44030A4A52F823301B680022DA6356
:10713000C4E7074A04EB440302EB830304EB440473
:10714000596852F82400FEF7DFFBBDE8F08100BF6C
:1071500078000020124A12F0070F1ED0D11D21F036
:107160000701C1F5406313440A460E48026000213E
:1071700041601344083B23F007030B480360596048
:107180001960991A51601360084B1960084B196017
:10719000084B4FF000421A6070474FF44063E4E739
:1071A000FC4E0020085B0020F84E0020045B00200D
:1071B000005B0020FC5A0020154B1A461B688342D6
:1071C000FBD3516802EB010C844509D0416800EB08
:1071D000010C634509D00360904218D010607047DD
:1071E0004068014451601046F0E710B4094C24682F
:1071F000A3420AD05B681944416013681B680360AE
:10720000904200D0106010BC70470460F8E77047EF
:10721000085B0020F84E002070B50546FFF708FB1C
:10722000344B1B68A3B1344B1B681D424AD135B1A6
:10723000083515F0070F02D025F007050835002D99
:1072400042D02E4B1B68AB424DD32D4A146804E04C
:10725000FFF780FFE7E722461C466368AB4202D295
:107260002368002BF7D1234B1B68A3423DD016683F
:1072700008362368136063685B1B102B10D96019F4
:1072800010F0070F08D04FF0500383F31188BFF3BD
:107290006F8FBFF34F8FFEE743606560FFF78CFF92
:1072A000626816490B689B1A0B60164909688B4285
:1072B00001D214490B60104B1B6813436360002319
:1072C000236002E0002600E00026FFF745FB16F0F1
:1072D000070F0CD04FF0500383F31188BFF36F8F6B
:1072E000BFF34F8FFEE70026EFE70026EDE73046BD
:1072F00070BD00BFF84E0020FC5A0020005B00204B
:10730000085B0020045B002080B338B50446A0F180
:10731000080550F8043C164A1268134208D14FF091
:10732000500383F31188BFF36F8FBFF34F8FFEE7D6
:1073300050F8081C41B14FF0500383F31188BFF39C
:107340006F8FBFF34F8FFEE723EA020340F8043C40
:10735000FFF76EFA54F8041C064A13680B441360D6
:107360002846FFF729FFFFF7F7FA38BD704700BF3F
:10737000FC5A0020005B002050F8043C024A1068D0
:1073800023EA0000704700BFFC5A002070B5054694
:107390000C46FFF74DFA2046FFF73EFF064678B150
:1073A00075B12846FFF7E8FF0838844200D3044649
:1073B000224629463046F8F789FF2846FFF7A4FF02
:1073C000FFF7CAFA304670BD38B505460C46FFF7E0
:1073D0002FFA05FB04F42046FFF71EFF054603467F
:1073E00003E0002103F8011B1446621E002CF8D1B3
:1073F000FFF7B2FA284638BD08B5034605490A68C2
:1074000002440A6004490A6813440B60FFF704FF52
:1074100008BD00BF105B0020145B002058B110B500
:107420000446FFF7A9FF044A13681B1A136020469D
:10743000FFF76AFF10BD7047145B002038B50C469B
:107440000C4A13680B4413600B4A13680B44136017
:1074500058B10546FFF790FF074A13681B1A1360DF
:1074600021462846FFF792FF38BD0846FFF7D4FEB5
:10747000FAE700BF105B0020145B002010B501FB91
:1074800000F3054C22681A442260044C226813441D
:107490002360FFF799FF10BD105B0020145B0020F4
:1074A0002DE9F04107460E46144615A3D3E9002303
:1074B000FAF780FE0D4680462060616010A3D3E994
:1074C000002338463146FAF775FEA260002A01DB38
:1074D000BDE8F081084981FB0231D317C3EB21736A
:1074E0000133B8EB030165EBE37521606560034987
:1074F00001FB0322A260EBE7A12FB84400CA9A3B2C
:1075000000CA9A3B0000000030B583B00D4600244D
:10751000009401946846FFF713FB0099019A4FEA23
:10752000411C4CEAD26C53019B1A6CEB010C4FEAE4
:107530004C2C4CEAD35C5B029B1841EB0C0C4FEAE1
:107540008C1E4EEA936E9801C31A6EEB0C0C9818C1
:107550002A4641EB0C01FFF7A3FF204603B030BDE4
:1075600008B54FF400620349D0F88C02FEF796FE8E
:10757000012008BD185B002008B5D0F88C02FEF78A
:1075800073FB012008BD70B5D0F88C5295F84130DE
:10759000DBB2202B01D0002070BD144692B22846E9
:1075A000FEF720FB064646B995F84130DBB2202BAA
:1075B00003D00120FFF760FCF5E70EB92046EBE7AA
:1075C0000020E9E72DE9F8430D4614461F46D0F8A0
:1075D0008C82002672B6D8F83C301B685868C0F51B
:1075E0000060DFF84C90C9F8000062B60136012057
:1075F000FFF742FC0F4B1B68D9F80020934214D1CF
:10760000BE42E7DB002008E00B49C95C2954013386
:10761000C3F30A0307490B600130064B1B689A420B
:1076200001D0A042F0D3BDE8F8830020F5E700BF09
:107630001C63002018630020185B0020FEF741FE49
:107640000B480C490C4A002302E0D458C4500433C0
:10765000C4188C42F9D3094A094C002301E0136095
:107660000432A242FBD3F8F70DFEFCF739FA70475B
:1076700000000020300100206C4B01083001002088
:1076800098AE0020FEE70000014B1868704700BF6D
:10769000883F01082DE9F04788B0109D002D68D083
:1076A00005F1500904464846884617461E4601F033
:1076B0002FF800285DD0002C5BD0D4F800A0BAF1E0
:1076C000000F04D06426304608B0BDE8F08740467D
:1076D00006F09CF9002851D0002F4AD0002E48D047
:1076E000CDE903AA07AB059305F1580393E807001A
:1076F0008DE80700CDF81CA0314699E80C00404603
:1077000006F0D8F90646002850D1C8202B6D296E06
:1077100098472060002851D0404606F099F905F1BD
:107720006403009339462B46079A266801F0F6F861
:107730002168C6F8C400D1F8C40078B3703101F0F4
:10774000C9F90646E0B9236895F84820294683F828
:10775000B82018467022F8F7B9FDD8F80020C0F814
:10776000C02007986B6D296E9847304608B0BDE879
:10777000F0870B26304608B0BDE8F087C826A2E7A0
:107780002168C9B1D1F8C43043B1404606F060F970
:107790002368D3F8C41001F0ABF9216808466B6D7B
:1077A000296E9847002301262360DAE76728D8D09E
:1077B000692805D00A2801D00126D2E70A26D0E799
:1077C0006726CEE770B588B06E460446124D50224B
:1077D00012492846F8F77AFD02A800F089FF0DF15A
:1077E000080C05F1500EBCE80F00AEE80F00DCF805
:1077F00000303046CEF8003001F012F896E8030071
:1078000005F1640383E80300702229462046F8F757
:107810005DFD204608B070BD20630020903F010848
:10782000F8B1036870B50446B3B11646D3F8C42066
:1078300092B1D3F8C0000D4605F00AFD60B123688F
:10784000D3F8C40040B155B13246294601F006F8DC
:10785000003818BF012070BD4FF4967070BD0B202A
:1078600070BD4FF496707047A0B1036810B5044620
:1078700073B1D3F8C4205AB1D3F8C00005F0E8FCC6
:1078800030B12368D3F8C400003818BF012010BD00
:10789000002010BD0020704730B1006820B1D0F842
:1078A000C400003818BF0120704700BF002846D030
:1078B00010B50278034684B00A2A42D8DFE802F005
:1078C00012121814140606061A2E16000A6A002050
:1078D000596B52F82120121A18BF012283F839205F
:1078E00004B010BD0A68F2E78A69F0E78A68EEE73B
:1078F0000A69ECE75C68084604F1440204F14301BC
:1079000004F14203CDE90121009304F1400204F1A6
:10791000410304F1100107F08BFDE1E75C680846C4
:1079200004F1230204F12203CDE9003204F1100135
:1079300004F1210304F1200207F090FFD0E70B20AF
:1079400070470120CCE700BFF0B59BB0002800F0E5
:107950008880037804460A2B00F26881DFE803F090
:107960002D2D1544441919195A061500406890F830
:107970002030002B40F0B28090F82230002B40F0F5
:10798000E48090F82130002B6FD1002528461BB0F1
:10799000F0BD426B0B6A53F82230002BF5D0D4E9CE
:1079A000010204F1100106F031FA05460028ECD07E
:1079B00040F25923984213D029E0426B0B6853F8E8
:1079C0002230002BE1D0D4E9010100230AAA06F0FD
:1079D0005BFB05460028D9D040F29113984216D19E
:1079E000002384F83930D1E7426B8B6953F8223099
:1079F000002BCAD0D4E9010204F1100105F0BEFB4E
:107A000005460028C1D040F2F5139842BED000F0E0
:107A1000A3FEBBE7406890F84230002B7DD1C369DC
:107A20001BB190F84030002B44D190F84430002B2B
:107A300040F0AC8090F84330002BA6D0C26A0AA96F
:107A4000103007F0CDFB05460028E0D1DDE90E231C
:107A5000606808F025F8002898D0012380F82330CA
:107A600094E70B2528461BB0F0BD04AE31460AAAA8
:107A7000103007F027FE05460028C8D160680AA923
:107A800007F0CEFF0746002800F0BA80012190F9E8
:107A9000080007F04FFF0328844640F0A6800FCE71
:107AA00007F158040FC496E8030084E8030087F840
:107AB00008C06BE7816A103007F012FC0546002809
:107AC000A5D16068816A07F0ABFF0346002800F08B
:107AD000A4800122606883F82220A6E707F07AFFDD
:107AE00006466068002E3FF447AF7060F26906F109
:107AF0002801103007F030FD0546002840F08F8047
:107B0000F7690FCF3572C6F80900C6F80D10606826
:107B1000C6F81120C6F815302EE704AA0AA91030BD
:107B200007F0E6FA054600287FF471AFDDE90E2381
:107B3000606807F0A5FF30B101239DF8102080F8A0
:107B4000203080F82120606869E704AA10300AA973
:107B500007F078FD054600287FF459AF606804A956
:107B600007F05EFF074660B14FF0020C00F14006DF
:107B70000AAD0FCD0FC695E8030086E8030087F82D
:107B800008C00023606880F82230FAE600F1300275
:107B90000AA9103007F064FB054600287FF437AFD0
:107BA000DDE90E23606807F08BFF0646002832D01F
:107BB00001276068836BB784002B3FF43BAF436BB6
:107BC00005EB450103EBC10107F02AFF38B16068FE
:107BD0000135836B86F82570AB42F0D82AE76068E0
:107BE0000135836BAB42EAD824E706AB0FCB8DE8B7
:107BF0000F00032196E80C00606807F0CFFFC5E690
:107C000006AB0FCB8DE80F00022196E80C006068F0
:107C100007F0C4FFBAE660680CE7606805E7314624
:107C2000606807F0E7FE00F097FDAFE60125ADE6DE
:107C3000F0B50378044685B00A2B00F23981DFE8FD
:107C400003F0848C971DA3060606244A7E00062BAB
:107C500000F02681072B036B40F01C81D0E90A124B
:107C60008068984704F110052946A26A606806F00A
:107C70000BF9054635B100F06FFD03E0236BA068FA
:107C800098470025284605B0F0BD406890F842307E
:107C9000002B00F0AA800026012705E0284607F007
:107CA00073FE98B92F72606807F01AFF0546002826
:107CB00000F09A806368E26A9B6995F8211085F864
:107CC0002060984795F82130002BE7D1294660685D
:107CD00007F090FEE7E7406890F8243033BB90F857
:107CE0002030002B5CD040F63406012708E000214C
:107CF000284607F00DFF2946606807F07BFE6068A4
:107D0000002107F0A5FE0546002846D06368E16A19
:107D10009B699847B042EAD10121284607F0F8FE56
:107D20002F72ECE7486807F065FE606807F09CFE7C
:107D300001460028F6D1606880F82410CFE7036B75
:107D400098470025284605B0F0BD90F83950002D21
:107D500094D12846236B984794E790F83950002D2A
:107D600000F08780D0E90B1380689847002589E7E9
:107D7000406806F089FA40F2213398420546E0D087
:107D8000002D3FF47FAF76E70025036B04F110016F
:107D900080689847284605B0F0BD606880F820509C
:107DA00090F82130002BCCD0C568C5B1022601E087
:107DB0002D68A5B195F90830032BF9D1C369E16AA3
:107DC0002846984705F1580705F1600385F8250016
:107DD000002853D0284607F0B9FE6068E8E7002382
:107DE0001D4680F821304DE7606890F840308BB137
:107DF000C5682DB3002695F8223043B1C36985F8D4
:107E0000226023B1816AE26A2846984760682D683B
:107E1000002DF0D190F8443093B1C56885B10026AB
:107E200095F824304BB1436A85F824602BB128467D
:107E300095F82510E26A984760682D68002DEFD10B
:107E400090F84330002B3FF47CAF00270BE06368D1
:107E5000E26AD96A1E6A85F82370B04760682946CD
:107E600007F0C8FD606807F047FE05460028EED120
:107E700067E72846D4E90B13984703E70FCB8DE853
:107E80000F00012197E80C00606807F087FE2E7252
:107E900060688DE7816A8068984704F11005E3E621
:107EA00000F11005036B826A294680689847DBE67B
:107EB0000125E7E6034600283ED000293ED090F891
:107EC00038000022002838D030B493F800C0BCF14C
:107ED000080F1ED15C68256C35F07F4505D194F8FC
:107EE000440010B994F8430028B130BC704793F8AF
:107EF00039000028F9D10132914203F1400318D032
:107F000093F838000028F0D093F800C0BCF1080FB7
:107F1000E0D0BCF1090FEAD15C68256A002DE4D1FC
:107F200094F824000028E0D10132914203F140038B
:107F3000E6D1002030BC7047704770470846704754
:107F400000285ED02DE9F0470C46B0B0002954D08F
:107F50000546184616461F4600F0DAFB00284CD0AE
:107F6000002E4AD00FF2B009D9E9008988222849A9
:107F70000EA8F8F7ABF988220EA92846F8F7A6F95B
:107F80002C606C466846AE6006F0F2FA0FCC05F144
:107F9000140CD7F800A0ACE80F000FCCACE80F0031
:107FA0000FCCACE80F0023683969CCF80030B00181
:107FB000C5E91A892F61D047686020B3002400E02A
:107FC000686800EB84103146013400F057FAA6428D
:107FD000F6D105F1480000F047FA00230D4A686821
:107FE000C5E91E2350B1286940B1A86830B11846D0
:107FF00085F8803030B0BDE8F0870B2030B0BDE8A8
:10800000F0870B2070470A20F8E700BFAFF300802D
:10801000E03F0108B57E000800CA9A3B000000005E
:10802000F8B59DF818C030B329B322B31BB304468A
:10803000D4E90205854201D30120F8BD00264FF0A6
:10804000010E6068AF01C65500EB8510C66275442D
:1080500004F11406C0E90112036380F801C0A0F81E
:1080600038E03046E56006F097FA30B9A36C00209E
:108070000133A364F8BD0B20F8BD304606F092FA38
:108080000028F3D0F8BD00BF002844D0F0B500F1BF
:10809000140504469BB0284606F07EFA10B1002075
:1080A0001BB0F0BD284606F07DFA002830D10CA8A0
:1080B00006F05EFAAE460DF1300C2769BCE80F0001
:1080C000AEE80F00BCE80F00AEE80F00BCE80F0000
:1080D000AEE80F00DCF8003004AECEF800300FCF71
:1080E0000FC63B6822683360636E616DCDE9023272
:1080F000D4E91332CDE900212846226EA16C06F0A6
:1081000055FD0028CCD00B9000F026FB0B98C7E75C
:1081100000F022FBCBE70B20704700BF2DE9F04FAA
:10812000054683B005F1140691469846FFF7ACFF6B
:10813000304606F005FB0746002840F0DC80AB68BF
:108140000446F3B16968A00101EB841292F838305B
:10815000BBB10B5C0A2B00F2C780DFE803F09595FA
:108160009E8787060606BAB0A700516830463432AB
:1081700006F02CFE002840F08180AB6801349C4260
:10818000E0D343464A46304606F04AFE95F8803032
:10819000002B00F0B880012B40F0A680A9680029D0
:1081A00000F04881002440F29119A0460BE03146CE
:1081B000FFF77CFB044610B1484540F0A280A96857
:1081C000884580F014816B6803EB881090F83820A4
:1081D00008F10108002AEAD11846D5E91E3298476D
:1081E000002800F08E80AB68002B00F08A804FF0F2
:1081F000000840F2911909E03146FFF7A5FB04465B
:1082000008B148457DD1AB68984508D2686800EB55
:10821000881090F8382008F10108002AECD10026D7
:108220007BB96EE012F80C20082A00F0EF80092AD2
:1082300000F0E18090F839208AB901369E4256D28A
:1082400000246A684FEA861C02EB861090F838100A
:10825000002956D041780029E4D00129EDD1FFF75B
:10826000E7FC002840F0A880AB68E6E7516830469C
:10827000343206F081FD00283FF47FAF019000F01A
:108280006BFA0198074632E051683046343206F006
:108290002DFA00283FF471AFF0E7516830463432D0
:1082A00006F03CFD00283FF468AFE7E75168304630
:1082B000343206F009FD00283FF45FAFDEE7516875
:1082C00030463432103107F075FA00283FF455AFCC
:1082D000D4E75168002330463432103107F044F8B7
:1082E00000283FF44AAFC9E700F036FA01273846C4
:1082F00003B0BDE8F08F00F02FFA384603B0BDE8B8
:10830000F08F2746F3E7A968002900F09080002449
:1083100040F29119A04609E03146FFF7C7FA04463A
:1083200008B14845EDD1A968884562D26B6803EB76
:10833000881090F8382008F10108002AECD118467E
:10834000D5E91E3298470028DBD0AB68002BD8D087
:108350004FF0000840F2911940F2592A0EE013F84C
:108360000B30082B33D0092B28D090F83930FBB9CB
:10837000AB6808F101089845B9D2002468684FEA53
:10838000881B00EB881090F83830002BB9D03146AC
:10839000FFF7DAFA18B1484501D050450CD16B68A7
:1083A00013EB0B0021D04278002AD8D0012ADFD16C
:1083B000FFF73EFC0028DBD0074698E743681A6ABF
:1083C000002AF5D193F82430002BD1D0F0E7436890
:1083D0001A6C32F07F42EBD193F84420002AE7D1A7
:1083E00093F84330002BC3D0E2E70B277FE76B689D
:1083F000F2E66B68A3E74268116A00297FF42FAFA9
:1084000092F82420002A3FF418AF28E74268116C44
:1084100031F07F417FF423AF92F8441000297FF4BC
:108420001EAF92F84320002A3FF407AF17E70C462F
:108430006B6884E70C466B68CEE600BF90B170B500
:108440000446006816461D4604F002FF30B132466D
:108450002B462046BDE87040FFF760BE00F07CF977
:10846000012070BD0B20704730B108B520220021DB
:10847000F7F7A2FF002008BD0B20704790B103461C
:108480004FF00B0C30B40022002400254163A3F808
:1084900000C01046C3E90A4530BC5A609A601A63AE
:1084A0001A8770470B2070472DE9F04186B0C0B3A2
:1084B0001C46B3B30F469046064605F037F8034610
:1084C00004F10C0595E803008DE80300059305A869
:1084D00094E80E0005F02CF80546E0B902AD2846F8
:1084E00004F0ACFE95E80300334686E8030005AAD5
:1084F0004146384604F012FF0546B8B9224603202B
:10850000B46006F10C0105F03FFE054670B905A800
:1085100005F074F808B100F01FF9284606B0BDE870
:10852000F0810B25284606B0BDE8F08100F014F973
:1085300005A805F063F80028EFD0ECE7B8B32DE903
:10854000F0430D46A1B029B316461AB31F460BB32C
:1085500004460DF1100840460DF1180905F006F922
:1085600098E8030084E80300484605F077FA40469F
:1085700005F0FCF8CDF8009098E803003B4684E84D
:10858000030032462946204605F0FAF830B921B0FA
:10859000BDE8F0830B2021B0BDE8F083039000F02C
:1085A000DBF800F0D9F8039821B0BDE8F0830B2088
:1085B000704700BF70B32DE9F0410D46A0B029B35C
:1085C00016461AB31F460BB30446FFF75DF8034681
:1085D0000DF1100823604046FFF7F4F850220E49D1
:1085E0004046F7F773FE3B46324629462046CDF813
:1085F0000080FFF74FF810B920B0BDE8F08103907C
:1086000000F0AAF8039820B0BDE8F0810B2020B05C
:10861000BDE8F0810B2070476840010870B32DE978
:10862000F0410D46A0B029B316461AB31F460BB34E
:10863000044605F04BFC03460DF11008236040464C
:1086400005F0F4FC50220E494046F7F73FFE3B464A
:10865000324629462046CDF8008005F03DFC10B991
:1086600020B0BDE8F081039000F076F8039820B0C8
:10867000BDE8F0810B2020B0BDE8F0810B207047F1
:10868000B8400108F9F76ABFFAF79CB8F9F7D8BF04
:10869000F9F7CEBF844630B4054C0FCC256864464C
:1086A000ACE80F002046CCF8005030BC704700BF4B
:1086B00008410108A0B102689AB1416899B110B4AB
:1086C000C4685CB1806838B1084B1A600022C3E905
:1086D00001100120C3E9034210BC70472046FBE7AC
:1086E0007047104670470846704700BF9000002052
:1086F000844630B4054C0FCC25686446ACE80F00C6
:108700002046CCF8005030BC704700BF90000020DD
:1087100058B1036843B1436833B1C36823B180687B
:10872000003818BF0120704718467047064B1B7869
:108730003BB1064B1A780AB901221A70044B18781B
:108740007047044B1878704790630020A96300209D
:10875000A86300201C410108002330B40024002538
:108760000549064A0B70064806491380C2E90245CE
:1087700030BC03700B707047A86300209863002022
:10878000A96300209063002000B370B584B0044654
:1087900069460120FEF7B8FEDDE90035002D12DB49
:1087A000029900290CDB0020094EA3FB063206FBD0
:1087B00005225B1842EBE1722360626004B070BD79
:1087C00053EA0502EFD1022004B070BD0B207047C0
:1087D00000CA9A3B00B370B584B0044669460020D5
:1087E000FEF792FEDDE90035002D12DB029900292B
:1087F0000CDB0020094EA3FB063206FB05225B18AA
:1088000042EBE1722360626004B070BD53EA05027E
:10881000EFD1022004B070BD0B20704700CA9A3B14
:10882000002202600271704770B4DDE9035662B144
:108830005BB155B14EB1064C2070C4E90112002065
:10884000C4E90335666170BC70470B2070BC70478B
:10885000AC630020C96F02F0B1BC00BF002853D048
:1088600070B50D468EB000294BD00446006800F06C
:10887000D7FC002845D06668002E42D0B46928464F
:1088800023699847F369059013B105A8984705989F
:10889000D6F880301B690090726903F52870B16FBB
:1088A00006AB03F09BFAD8B1A368284606A99847FF
:1088B000336A04460BB106A8984796F87A30012B24
:1088C000D6F8803022D01869F16F00F5287002F0D8
:1088D00075FC0440E4B284F00100C0B20EB070BD7B
:1088E000D6F880301869059B029600930A4B00F574
:1088F000287001937269B16F06AB03F09FFA0028EC
:10890000D2D101200EB070BD01207047186900F56A
:10891000287002F09BF8DEE7558800082DE9F04F3B
:1089200087B0002800F0CB808846002900F0C7807F
:108930000446006815461F4600F072FC002800F04F
:10894000BE80002D00F0BB802B78002B00F0B7809C
:10895000002F00F0B4805C48D4F8049007F094FE37
:10896000002800F0AC808468C4F8884007F0F4FE6A
:1089700004F19C0AC4F88400C4F88CA02846F7F7D8
:1089800027FE01303C2804F1840600F291802B463A
:108990003C214E4A5046F9F75DFF4FF47A73394651
:1089A000E3675022C4F8809004F12800F7F78EFCAA
:1089B0003B7A4046022BD9F8103045490CBFD3F81A
:1089C0007C33D3F87833A3670023C4E9073300F07E
:1089D00035FC00286CD04268A261002A68D0294684
:1089E0003B46484608F022F96062002864D0D9F876
:1089F0001030032103F58053B3F898050625421C77
:108A0000A3F8982501F0D2FE0246D9F81030D4F828
:108A10008010D3F8843308692261009519682269AF
:108A2000D9F8143000F5287001F06AFD0246D9F833
:108A30001000D0F88C33D0F8841300F071FBB8B379
:108A4000D9F81030052103F58053B3F89A050DF1DC
:108A50001008421CA3F89A2501F0A8FED4F8803033
:108A600039461F69D9F8103060614046D3F884A3B5
:108A7000D4F824B000F070FB039598E8030001904F
:108A8000ADF80810DBF8103007F528770093D4E92B
:108A90000432DAF80010384601F092FD0246D9F8A7
:108AA0001000D0F88C33D0F8841300F039FB38B9BB
:108AB000606A08B100F042FA304600F0E7F900269B
:108AC000304607B0BDE8F08FA4AC00205441010847
:108AD0002041010808B5034640B1084631B1596844
:108AE00050222831F7F7F2FB002008BD0B2008BD0B
:108AF000F8B528B1044600680D4600F091FB10B9A6
:108B000001242046F8BD6368002BF9D0002DF7D072
:108B1000286800F085FB0028F2D06C68002CEFD0AC
:108B2000606AD4F8807008F0D1F8D4F880306269B7
:108B30001869D0F8883300F52870196801F02CFC0A
:108B40000346D4F88010226908691C46D0F88813BF
:108B500000F52870096801F01FFC064638692246B6
:108B6000D0F89033D0F8881300F0DAFA0446386968
:108B70003246D0F89033D0F8881300F0D1FA2CB1F7
:108B800020B10024284600F081F9BAE70224F9E771
:108B9000E2B12DE9F041057B0646ADB91746C82381
:108BA00040F201120C46A846C0E90055828183605C
:108BB00021463046013507F077FDAF42A46084F8C6
:108BC0000C8004F1C804F3D1BDE8F081704700BF08
:108BD000E2B12DE9F041057B0646ADB91746C82341
:108BE00040F201120C46A846C0E90055828183601C
:108BF00021463046013507F057FDAF42A46084F8A6
:108C00000C8004F1C804F3D1BDE8F081704700BFC7
:108C1000E2B12DE9F041057B0646ADB91746D823F0
:108C200040F201120C46A846C0E9005582818360DB
:108C300021463046013507F037FDAF42A46084F885
:108C40000C8004F1D804F3D1BDE8F081704700BF77
:108C5000E2B12DE9F041057B0646ADB91746D823B0
:108C600040F201120C46A846C0E90055828183609B
:108C700021463046013507F017FDAF42A46084F865
:108C80000C8004F1D804F3D1BDE8F081704700BF37
:108C9000E2B12DE9F041057B0646ADB91746A423A4
:108CA00040F201120C46A846C0E90055828183605B
:108CB00021463046013507F0F7FCAF42A46084F846
:108CC0000C8004F1A404F3D1BDE8F081704700BF2B
:108CD000EAB12DE9F843057B0646B5B941F2A8583B
:108CE00040F2011317460C46A946C0E9005583819E
:108CF000C0F8088021463046013507F0D5FCAF4268
:108D0000A46084F80C904444F4D1BDE8F883704723
:108D1000E2B12DE9F041057B0646ADB917461C23AB
:108D200040F201120C46A846C0E9005582818360DA
:108D300021463046013507F0B7FCAF42A46084F805
:108D40000C8004F11C04F3D1BDE8F081704700BF32
:108D5000EAB12DE9F041057B0646B5B917464FF457
:108D6000046340F201120C46A846C0E90055828116
:108D7000836021463046013507F096FCAF42A4607F
:108D800084F80C8004F50464F3D1BDE8F0817047E9
:108D9000E2B12DE9F041057B0646ADB917462C231B
:108DA00040F201120C46A846C0E90055828183605A
:108DB00021463046013507F077FCAF42A46084F8C5
:108DC0000C8004F12C04F3D1BDE8F081704700BFA2
:108DD000E2B12DE9F041057B0646ADB917461C23EB
:108DE00040F201120C46A846C0E90055828183601A
:108DF00021463046013507F057FCAF42A46084F8A5
:108E00000C8004F11C04F3D1BDE8F081704700BF71
:108E1000E2B12DE9F041057B0646ADB917462023A6
:108E200040F201120C46A846C0E9005582818360D9
:108E300021463046013507F037FCAF42A46084F884
:108E40000C8004F12004F3D1BDE8F081704700BF2D
:108E50000146014807F028BCC4AC002038B50446E0
:108E6000006828B1074B1968F9F79CFD40B92060EC
:108E7000616829B1002504480D6107F015FC6560A3
:108E800038BD00BF7448010894AC002010B50446FA
:108E9000006828B1064B1968F9F784FD38B92060DD
:108EA000616821B1034807F0FFFB0023636010BD38
:108EB00074480108A4AC002010B50446006828B12D
:108EC000064B1968F9F76EFD38B92060616821B169
:108ED000034807F0E9FB0023636010BD74480108F4
:108EE000E4AC002010B50446006828B1064B1968B0
:108EF000F9F758FD38B92060616821B1034807F0DF
:108F0000D3FB0023636010BD74480108B4AC00209B
:108F100010B50446006828B1064B1968F9F742FD00
:108F200038B92060616821B1034807F0BDFB002318
:108F3000636010BD74480108C863002010B5044682
:108F40000348214607F0B0FB0023A36110BD00BF1A
:108F5000F4AC002082B030B5254903AC0D6884E83C
:108F60000C0001461C46002D40D02B4600209A687C
:108F70005B68D2F81428914208BF0130002BF6D16B
:108F80009DF80C30022B28D006D9032B04D00020EA
:108F9000BDE8304002B0704714B3844220D8002DA1
:108FA000F5D000204FF0FF3C6FF0004402E06D6808
:108FB000002DEDD0AB68D3F814289142F7D1D3F847
:108FC000182803F5026353F8043C624573EB040E62
:108FD000EDDA94461C462846E9E70CB18442D6D91E
:108FE000BDE83040024802B007F04EBB2846C7E754
:108FF000D4AC0020114B1B68EBB130B584464FF068
:10900000FF346FF0004E002001E05B6893B19A6876
:10901000D2F814188C45F8D1D2F81818D2F81C28B8
:10902000A14272EB0E05F0DA18465B680C469646D4
:10903000002BECD130BD1846704700BFD4AC0020E7
:109040002DE9F04F354B8DB0D3F8008008F05CFC73
:10905000B8F1000F5ED0D8F80850824695F8203855
:109060008B46042B04AC47D0052B4CD0032B43D0AC
:1090700000220023CDE9042301220023CDE90623A9
:1090800000260027CDE90867CDE90A6708AB0FCBBA
:109090008DE80F0094E80F0007F024F928B11E2294
:1090A0000023CDE90667CDE9042394E80F00D5F845
:1090B0001868D5F81C78D8F8049007F067F93618C6
:1090C00047EB0107564577EB0B0305F5026505DB1A
:1090D00055E9022392457BEB030303DA41460F482F
:1090E00007F0E2FAB9F1000F14D0C846D8F80850DA
:1090F00095F82038042BB7D1D5F8143840330FCB6E
:1091000084E80F00BCE7D5F8143848330FCB84E867
:109110000F00B5E70DB0BDE8F08F00BFD4AC002064
:1091200010B58C7886B0012CADF80E200CD001243F
:1091300019460DF10E020DF11703009400F5287089
:1091400002F062F806B010BD00F5287001F07EFC58
:10915000204606B010BD00BF4A7A91F808C0022A26
:1091600018BF002202700A78ACF1020CA2F10202D0
:10917000BCFA8CFCB2FA82F289884FEA5C1C520974
:1091800080F801C081808270704700BF002330B535
:109190000B700368144687B0D3B10F4A154600958B
:1091A000039242680D4D08460D49049205910291C3
:1091B0000C4A21460195F9F74DFB002805DB844256
:1091C000D4BF0020012007B030BD002007B030BD63
:1091D000054B014A1D46E2E7444101085C41010894
:1091E0005841010848410108244B010810B51446B4
:1091F00082B00090084B0846084A2146F9F72AFB3E
:10920000002805DB8442D4BF0020012002B010BD3D
:10921000002002B010BD00BF684101086041010894
:1092200010B5044640B107F097FA01462046F9F719
:10923000B9FBB0FA80F0400910BD00BF8368184741
:1092400010B504460068F9F7ADFB00280CBF2046B6
:10925000002010BD044B1A680AB103487047034A46
:10926000014812681A607047AC00002028010020F5
:10927000024A034B12681A60704700BF28010020A1
:10928000AC00002008F07CBB08F07EBB044B1A68E1
:109290000AB103487047034A014812681A607047D0
:1092A000F40000202C010020042108B5002001F06A
:1092B00005F8043008BD00BF09B100F017BF08462B
:1092C000704700BF08B520B10846042100F0F6FF42
:1092D000043008BD034618B10846196800F06EBE98
:1092E000704700BF30B1042108B5002000F0E6FF50
:1092F000043008BD704700BF0048704700010020DF
:1093000038B50D460121044600F08CFF48B101211B
:10931000A3681D70A26823690A440B44A2602361FC
:109320006175A07D80F0010038BD00BF38B50D46E5
:109330000121044600F076FF60B1A268012112F815
:10934000010B2369003818BF01200B442870A2606C
:1093500023616175A07D80F0010038BD38B50D46F0
:109360000121044600F05EFF48B10121A3681D7091
:10937000A26823690A440B44A26023616175A07D41
:1093800080F0010038BD00BF38B50D46012104460C
:1093900000F048FF50B10121A3681B782B70A26830
:1093A00023690A440B44A26023616175A07D80F0AB
:1093B000010038BD0B462DE9F041022182B0044680
:1093C000ADF8063000F082FF01462046677D00F0D0
:1093D000C3FF0221204600F019FF78BBD4E9013514
:1093E000AB4226D95E1BA3602369C6F10208334451
:1093F00041462046236100F015FF00283BD0237D25
:10940000012B4AD09DF807302B70002E40D09DF8DC
:1094100006306B7002212369A268A07D0B44424490
:109420009E1B80F00100A2602661617502B0BDE85C
:10943000F0810221204600F0F5FE90B1237D012B42
:10944000A36814D09DF807109DF806201970A36832
:109450005A700221A26823690A440B44A260236166
:109460006175A07D80F0010002B0BDE8F081BDF81B
:1094700006201A80EDE7A2682369A07D921B9B1B42
:1094800080F00100A2602361677502B0BDE8F08141
:10949000A3689DF806201A70BCE728460DF1060562
:1094A00029463246F6F712FF4246A068A919F6F798
:1094B0000DFFAFE72DE9F0430D4683B002210446CE
:1094C000ADF8062000F002FF0146204694F8158012
:1094D00000F042FF0221204600F098FE70BBD4E964
:1094E0000167BE4225D92369A660F61B3344C6F145
:1094F000020949462046236100F094FE002839D035
:10950000012D4AD09DF807303B70002E40D09DF8C9
:1095100006307B7002212369A268A07D0B444A4477
:109520009B1B80F00100A2602361617503B0BDE860
:10953000F0830221204600F075FE88B1012DA3685A
:1095400014D09DF807109DF806201970A3685A7072
:109550000221A26823690A440B44A2602361617559
:10956000A07D80F0010003B0BDE8F083BDF80620C7
:109570001A80EDE7A2682369A07D921B9B1B80F0F7
:109580000100A260236184F8158003B0BDE8F08378
:10959000A3689DF806201A70BCE70DF10605294660
:1095A00032463846F6F792FE4A46A068A919F6F701
:1095B0008DFEAFE72DE9F8430D460221044600F089
:1095C00085FE0146204694F8158000F0C5FE022174
:1095D000204600F01BFE60BBD4E90167BE4223D9E0
:1095E0002369A660F61B3344C6F1020949462046AA
:1095F000236100F017FE002834D0237D012B42D0D8
:109600007B782B70002E3AD03B786B700221236957
:10961000A268A07D0B444A449B1B6175A260236134
:1096200080F00100BDE8F8830221204600F0FAFD39
:1096300080B1237D012BA36811D05B782B70A368C8
:109640001B786B700221A26823690A440B44A26054
:1096500023616175A07D80F00100BDE8F8831B885F
:109660002B80EFE7A2682369A07D921B9B1B84F8E7
:109670001580A260236180F00100BDE8F883A36833
:109680001B786B70C2E7394632462846F6F71EFE55
:109690004A46A168A819F6F719FEB7E72DE9F04781
:1096A0000E4602210446154600F010FE01462046F3
:1096B00094F8158000F050FE0221204600F0A6FD2F
:1096C00070BBD4E901794F4525D92369A760A7EB81
:1096D00009073B44C7F1020A51462046236100F0C6
:1096E000A1FD002834D0012E43D099F801302B7011
:1096F000002F3AD099F800306B7002212369A268DC
:10970000A07D0B445244DB1B6175A260236180F095
:109710000100BDE8F0870221204600F083FD78B10A
:10972000012EA36811D05B782B70A3681B786B7037
:109730000221A26823690A440B44A2602361617577
:10974000A07D80F00100BDE8F0871B882B80EFE74B
:10975000A2682369A07DD21BDB1B84F81580A26060
:10976000236180F00100BDE8F087A3681B786B706F
:10977000C3E749463A462846F6F7A8FD5246A1688F
:10978000E819F6F7A3FDB8E72DE9F04182B00191A1
:109790000421044600F09AFD01462046677D00F052
:1097A000DBFD0421204600F031FD002839D1D4E949
:1097B0000135AB4230D95E1BA3602369C6F10408B2
:1097C000334441462046236100F02CFD00284CD054
:1097D000237D012B63D09DF807302B70002E51D0D4
:1097E0009DF80630012E6B7050D09DF80530022E8A
:1097F000AB704FD09DF80430EB7004212369A26850
:10980000A07D0B4442449E1B80F00100A2602661B3
:10981000617502B0BDE8F0810421204600F002FD30
:10982000D0B1237D012BA3681CD09DF807109DF8B3
:1098300006201970A3689DF805105A70A3689DF85A
:1098400004209970A368DA700421A26823690A448D
:109850000B44A26023616175A07D80F0010002B01D
:10986000BDE8F081019A1A60EEE7A2682369A07D45
:10987000921B9B1B80F00100A2602361677502B000
:10988000BDE8F081A3689DF806201A70A3689DF8D2
:1098900005201A70A3689DF804201A70ADE72846C9
:1098A00001AD29463246F6F711FD4246A068A919D6
:1098B000F6F70CFDA1E700BF2DE9F0430D4683B09C
:1098C00004210446019200F001FD0146204694F86F
:1098D000158000F041FD0421204600F097FC00288F
:1098E00038D1D4E90176B7422FD92369A760BF1BCD
:1098F0003B44C7F1040949462046236100F092FC2D
:1099000000284AD0012D63D09DF807303370002F16
:1099100051D09DF80630012F737050D09DF805305E
:10992000022FB3704FD09DF80430F37004212369E7
:10993000A268A07D0B444A44DB1B80F00100A260BA
:109940002361617503B0BDE8F0830421204600F077
:1099500069FCC8B1012DA3681CD09DF807109DF8C3
:1099600006201970A3689DF805105A70A3689DF829
:1099700004209970A368DA700421A26823690A445C
:109980000B44A26023616175A07D80F0010003B0EB
:10999000BDE8F083019A1A60EEE7A2682369A07D12
:1099A000D21BDB1B80F00100A260236184F81580CC
:1099B00003B0BDE8F083A3689DF806201A70A36881
:1099C0009DF805201A70A3689DF804201A70ADE771
:1099D00001AD29463A463046F6F778FC4A46A0687B
:1099E000E919F6F773FCA1E72DE9F8430D460421C8
:1099F000044600F06BFC0146204694F8158000F008
:109A0000ABFC0421204600F001FC002838D1D4E949
:109A10000176B7422FD92369A760BF1B3B44C7F12A
:109A2000040949462046236100F0FCFB002846D08B
:109A3000237D012B5CD0F3782B70002F4CD0B378B2
:109A4000012F6B7005F102034AD07378022FAB70BF
:109A500005F1030348D03378EB7004212369A26831
:109A6000A07D0B444A44DB1B6175A260236180F03A
:109A70000100BDE8F8830421204600F0D3FBB0B11B
:109A8000237D012BA36817D0DB782B70A3689B780C
:109A90006B70A3685B78AB70A3681B78EB700421D4
:109AA000A26823690A440B44A26023616175A07D0A
:109AB00080F00100BDE8F8831B682B60EFE7A26827
:109AC0002369A07DD21BDB1B84F81580A260236173
:109AD00080F00100BDE8F883A3689B786B70AB1C35
:109AE000A268527803F8012BA26812781A70B4E7C2
:109AF00031463A462846F6F7E9FB4A46A168E81996
:109B0000F6F7E4FBA9E700BF2DE9F0470E46042174
:109B10000446154600F0DAFB0146204694F815800D
:109B200000F01AFC0421204600F070FB00283CD114
:109B3000D4E90137BB4233D9A3EB0709A3602369FA
:109B4000C9F1040A4B4451462046236100F06AFBE8
:109B5000002848D0012E61D0FB782B70B9F1000F9E
:109B600050D0BB78B9F1010F6B7005F102034DD0F5
:109B70007B78B9F1020FAB7005F103034AD03B7853
:109B8000EB7004212369A268A07D0B445244A3EB2F
:109B900009036175A260236180F00100BDE8F087D0
:109BA0000421204600F03EFBA8B1012EA36817D087
:109BB000DB782B70A3689B786B70A3685B78AB70C5
:109BC000A3681B78EB700421A26823690A440B4444
:109BD000A26023616175A07D80F00100BDE8F0877F
:109BE0001B682B60EFE7A2682369A07DA2EB090246
:109BF000A3EB090384F81580A260236180F00100C3
:109C0000BDE8F087A3689B786B70AB1CA2685278A4
:109C100003F8012BA26812781A70B2E739464A4657
:109C20002846F6F753FB5246A16805EB0900F6F704
:109C30004DFBA6E72DE9F041082182B00446CDE9AD
:109C4000002300F043FB01462046677D00F084FBC3
:109C50000821204600F0DAFA00284ED1D4E9013577
:109C6000AB4245D95E1BA3602369C6F108083344A3
:109C700041462046236100F0D5FA002874D0237DA8
:109C8000012B00F09B809DF807302B70002E78D0C0
:109C90009DF80630012E6B7077D09DF80530022EAE
:109CA000AB7076D09DF80430032EEB7075D09DF824
:109CB0000330042E2B7174D09DF80230052E6B7189
:109CC00073D09DF80130062EAB7172D09DF8003034
:109CD000EB7108212369A268A07D0B4442449E1BBE
:109CE00080F00100A2602661617502B0BDE8F081DC
:109CF0000821204600F096FA50B3237D012B2DD089
:109D0000A3689DF807109DF806201970A3689DF8B8
:109D100005105A70A3689DF804209970A3689DF8F7
:109D20000310DA70A3689DF802201971A3689DF8EA
:109D300001105A71A3689DF800209971A368DA7127
:109D40000821A26823690A440B44A260236161755B
:109D5000A07D80F0010002B0BDE8F0816B46A268F2
:109D600003CB10605160EBE7A2682369A07D921BD2
:109D70009B1B80F00100A2602361677502B0BDE803
:109D8000F081A3689DF806201A70A3689DF805204D
:109D90001A70A3689DF804201A70A3689DF8032028
:109DA0001A70A3689DF802201A70A3689DF801201C
:109DB0001A70A3689DF800201A708AE728466D463D
:109DC00032462946F6F782FA4246A068A919F6F704
:109DD0007DFA7EE70B462DE9F041022182B0044670
:109DE000ADF8063000F072FA01462046677D00F0BB
:109DF000B3FA0221204600F009FA78BBD4E9013514
:109E0000AB4226D95E1BA3602369C6F10208334426
:109E100041462046236100F005FA00283BD0237D0F
:109E2000012B4AD09DF807302B70002E40D09DF8B2
:109E300006306B7002212369A268A07D0B44424466
:109E40009E1B80F00100A2602661617502B0BDE832
:109E5000F0810221204600F0E5F990B1237D012B2D
:109E6000A36814D09DF807109DF806201970A36808
:109E70005A700221A26823690A440B44A26023613C
:109E80006175A07D80F0010002B0BDE8F081BDF8F1
:109E900006201A80EDE7A2682369A07D921B9B1B18
:109EA00080F00100A2602361677502B0BDE8F08117
:109EB000A3689DF806201A70BCE728460DF1060538
:109EC00029463246F6F702FA4246A068A919F6F783
:109ED000FDF9AFE72DE9F8430D460221044600F0F5
:109EE000F5F90146204694F8158000F035FA022174
:109EF000204600F08BF960BBD4E90167BE4223D94C
:109F00002369A660F61B3344C6F102094946204680
:109F1000236100F087F9002834D0237D012B42D043
:109F20007B782B70002E3AD03B786B70022123692E
:109F3000A268A07D0B444A449B1B6175A26023610B
:109F400080F00100BDE8F8830221204600F06AF9A4
:109F500080B1237D012BA36811D05B782B70A3689F
:109F60001B786B700221A26823690A440B44A2602B
:109F700023616175A07D80F00100BDE8F8831B8836
:109F80002B80EFE7A2682369A07D921B9B1B84F8BE
:109F90001580A260236180F00100BDE8F883A3680A
:109FA0001B786B70C2E7394632462846F6F78EF9C1
:109FB0004A46A168A819F6F789F9B7E72DE9F041F3
:109FC00082B001910421044600F080F90146204648
:109FD000677D00F0C1F90421204600F017F9002840
:109FE00039D1D4E90135AB4230D95E1BA360236976
:109FF000C6F10408334441462046236100F012F9BB
:10A0000000284CD0237D012B63D09DF807302B70A6
:10A01000002E51D09DF80630012E6B7050D09DF867
:10A020000530022EAB704FD09DF80430EB70042148
:10A030002369A268A07D0B4442449E1B80F001006E
:10A04000A2602661617502B0BDE8F081042120465E
:10A0500000F0E8F8D0B1237D012BA3681CD09DF857
:10A0600007109DF806201970A3689DF805105A7016
:10A07000A3689DF804209970A368DA700421A2688F
:10A0800023690A440B44A26023616175A07D80F0BE
:10A09000010002B0BDE8F081019A1A60EEE7A26803
:10A0A0002369A07D921B9B1B80F00100A2602361AD
:10A0B000677502B0BDE8F081A3689DF806201A70AC
:10A0C000A3689DF805201A70A3689DF804201A70F3
:10A0D000ADE7284601AD29463246F6F7F7F8424685
:10A0E000A068A919F6F7F2F8A1E700BF2DE9F84337
:10A0F0000D460421044600F0E9F80146204694F894
:10A10000158000F029F90421204600F07FF800288E
:10A1100038D1D4E90176B7422FD92369A760BF1B94
:10A120003B44C7F1040949462046236100F07AF810
:10A13000002846D0237D012B5CD0F3782B70002FB4
:10A140004CD0B378012F6B7005F102034AD07378BD
:10A15000022FAB7005F1030348D03378EB70042174
:10A160002369A268A07D0B444A44DB1B6175A26091
:10A17000236180F00100BDE8F8830421204600F04F
:10A1800051F8B0B1237D012BA36817D0DB782B7079
:10A19000A3689B786B70A3685B78AB70A3681B782F
:10A1A000EB700421A26823690A440B44A260236176
:10A1B0006175A07D80F00100BDE8F8831B682B600D
:10A1C000EFE7A2682369A07DD21BDB1B84F8158012
:10A1D000A260236180F00100BDE8F883A3689B784A
:10A1E0006B70AB1CA268527803F8012BA26812783E
:10A1F0001A70B4E731463A462846F6F767F84A46F9
:10A20000A168E819F6F762F8A9E700BF837D3BB9BA
:10A21000836840681944884234BF00200120704799
:10A2200000207047837D43B9D0E90121914210B5E8
:10A23000044605D20123184610BD00231846704776
:10A2400082693AB1C169904780F00103DBB2A07521
:10A25000184610BD0120A075FAE700BFC0E906123C
:10A26000704700BF30B40024029D9DF80CC00A4422
:10A27000C0E9001229441D44C0E90335C0E9064481
:10A280004475847580F814C0816030BC704700BF8D
:10A2900010B582B0049C009401240194FFF7E2FF02
:10A2A00002B010BD10B5002482B00094FFF7F0FF9B
:10A2B00002B010BD0023FFF7F5BF00BFB0FBF1F205
:10A2C00002FB11004B1E081A18407047437D8B4259
:10A2D00009D203694A1EB3FBF1F001FB1030091AE1
:10A2E00001EA020070470020704700BF38B50446FD
:10A2F0000D46FFF7EBFFD4E9013101448B4228BF43
:10A300000B462269657510442061A36038BD00BF0B
:10A3100082680068101A7047D0E90120101A70474F
:10A3200038B5837D63B9D0E901329A4204460D46BF
:10A3300008D339B1836963B1C1699847A07508B181
:10A34000002038BD2046FFF7E7FFA84228BF284677
:10A3500038BD01238375F3E738B504460D46FFF792
:10A3600055FF78B12369A2682B44236101232A4455
:10A370006375A26038BDA2682369024403442D1AA4
:10A38000A2602361294601222046FFF7C9FF002869
:10A39000F1D10123637538BD10B5032300248EB0BD
:10A3A000CDE9022101940093042206AB044601F09A
:10A3B00057F918B9044620460EB010BD029905AAF7
:10A3C000204601F08FFA044605A906A802F0F0FC29
:10A3D00020460EB010BD00BF30B58DB0CDE90221D2
:10A3E000C2F30742012A18BF00224FF0010508BF3F
:10A3F00003F001029DF840100E331A44019104ABA2
:10A40000039992B20095044601F02AF918B904465E
:10A4100020460DB030BD0299119A204601F062FA33
:10A420000446119904A802F01DFC20460DB030BD71
:10A4300070B5ADF5167DCDE9022103260021ADF8FA
:10A44000543201239A9A11AC267205469DF86C622B
:10A450008DF814102371CAB18DF81C3008924FF496
:10A46000007209A815A9FFF725FF05A909A801F0A1
:10A47000EFFFDDE902210D9B009601942846E36081
:10A480009BB2FFF7A9FF0DF5167D70BD8DF81C205E
:10A49000E5E700BF70B5ADF5187D05460393184696
:10A4A0000223CDE9042197A99DF878628DF85030F8
:10A4B00000F0A0F9032301228DF8543000239C9969
:10A4C0008DF8242006919D994FF400720A910BA8F3
:10A4D00017A98DF81C30FFF7EDFE06A90BA801F0B7
:10A4E000D9FFDDE904210F9B13AC16932846009693
:10A4F00001949BB2FFF770FF0DF5187D70BD00BF92
:10A50000F0B50326ADF28C4DCDE90421054692A9A4
:10A5100018469DF8A07403938DF83C6000F06AF92A
:10A5200000234FF4007206A812A98DF84C328DF862
:10A5300054328DF84060FFF7BDFE93A906A802F0E3
:10A540005DF8DDE904210A9B0EAC119328460097C3
:10A5500001949BB2FFF740FF0DF28C4DF0BD00BFA0
:10A5600070B5ADF5916D0546039318460423CDE90A
:10A57000042192A99DF898648DF83C3000F03AF9D6
:10A58000032200238DF8402006A84FF4007212A980
:10A590008DF84C328DF85432FFF78CFE93A906A843
:10A5A00002F0DCF8DDE904210A9B0EAC1193284689
:10A5B000009601949BB2FFF70FFF0DF5916D70BDF2
:10A5C0002DE9F041ADF5227D03930646184605239B
:10A5D0000327CDE90421BDF8A852A1A98DF8783050
:10A5E0009DF8AC8200F006F90EA9A8988DF87C7051
:10A5F00000F000F9ADF84450003D4FF0000318BFE3
:10A60000012501229DF8A5121DAC8DF842508DF850
:10A6100064308DF83A208DF846308DF84C308DF846
:10A620005430ADF8403089BBADF840204FF0230ED8
:10A630004FF0130C0B252122112109209DF8A63281
:10A6400023B9724661462846ADF840709DF8A432A1
:10A65000012B25D0032B29D02BB34FF4007206A871
:10A6600021A9FFF727FE0EA906A802F019F9DDE9D6
:10A6700004210A9BCDF8008001943046E3609BB230
:10A68000FFF7AAFE0DF5227DBDE8F0814FF0220E06
:10A690004FF0120C0A252022102108200227CDE7B6
:10A6A000ADF84010D9E7ADF84000D6E7ADF840204E
:10A6B000D3E700BF2DE9F041ADF5247D03930646B5
:10A6C000184606230327CDE90421BDF8B052A3A9FB
:10A6D0008DF880309DF8B48200F08CF80EA9AA980D
:10A6E0008DF8847000F086F8ADF84450003D4FF0CE
:10A6F000000318BF012501229DF8AD121FAC8DF893
:10A7000042508DF870308DF83A208DF864308DF815
:10A7100046308DF84C308DF85430ADF8403089BB60
:10A72000ADF840204FF0230E4FF0130C0B252122E3
:10A73000112109209DF8AE3223B9724661462846A0
:10A74000ADF840709DF8AC32012B25D0032B29D0F9
:10A750002BB34FF4007206A823A9FFF7ABFD0EA997
:10A7600006A802F061F8DDE904210A9BCDF800801B
:10A7700001943046E3609BB2FFF72EFE0DF5247D79
:10A78000BDE8F0814FF0220E4FF0120C0A25202276
:10A79000102108200227CDE7ADF84010D9E7ADF829
:10A7A0004000D6E7ADF84020D3E700BF002382B0D9
:10A7B0008DF80610BDF8062060F30F0362F31F4307
:10A7C000184602B0704700BF02460020537882B09E
:10A7D00092F800C01A0903F00F038DF80630BDF897
:10A7E000061002EB0C1363F30F0061F31F4002B07D
:10A7F000704700BFC0F3034382B0C0F30B1203EBFA
:10A8000000130A704B7002B0704700BF00B58BB0E8
:10A810000146042202A8FFF74DFD0DF1050302A831
:10A820000DF1060201A901F0EFF99DF804300D2B9E
:10A8300003D000200BB05DF804FB9DF8053013F049
:10A84000020F14BF022001200BB05DF804FB00BF13
:10A8500070B500250E460446ADF5347D4FF42472E4
:10A86000294610A803950495F5F7A6FD03A93046DF
:10A8700002F088FABDF80C302046ADF8403001F007
:10A8800029F82B460C22009005A908A8FFF700FD27
:10A8900010A908A802F0EAFA2A462946089B204691
:10A8A00000F0C2FF08A8FFF733FD236F0246D3E98B
:10A8B000000405A9A0470DF5347D70BD70B51446A0
:10A8C00092B005460E4601F005F804EB44040090F2
:10A8D00005A90AA80023112205EBC404FFF7D8FC40
:10A8E0005034052200230A210AA801F073F903A9B4
:10A8F000204607F03DFC034603A95BBA0AA8ADF861
:10A900000E308DF8106002F023FB00220A9B1146E6
:10A91000284600F089FF0AA8FFF7FAFC2B6F0246D1
:10A92000D3E9000405A9A04712B070BDD0B500233B
:10A930000E460027C0E91C6300260446C0E92667CE
:10A94000C0E91E33C0E92033C0E92233C0E9243313
:10A9500080F8A030812100F0C7FE04F10800BDE8B6
:10A96000D04001F04BB800BFC0E92012704700BFD3
:10A97000C0E92212704700BFC0E92912704700BF2A
:10A98000C0E92B12704700BF70B582B004460D4677
:10A99000164600F09FFF32460346294604F10800A0
:10A9A00002B0BDE8704001F073B800BFF0B585B0EB
:10A9B0000F4616461D46044600F08CFF844632467C
:10A9C0002B46394604F10800CDF800C001F074F8B8
:10A9D00003460020DAB262F30700C3F3072262F3F2
:10A9E0000F20C3F3074262F317401B0E63F31F608F
:10A9F00005B0F0BD82B0083002B001F079B800BFF8
:10AA000010B50C4C84B00094083001F087F8034670
:10AA10000020DAB262F30700C3F3072262F30F20CB
:10AA2000C3F3074262F317401B0E63F31F6004B0C9
:10AA300010BD00BF0DA8000810B5044601F02CF9A8
:10AA4000D4E92632C01A61EB020110BD2DE9F047AE
:10AA5000037E044684B0002B35D04FF000090DF181
:10AA60000208484603AF02AE06E0237E09F1010961
:10AA70005FFA89F0834226D90122114604EB0015C2
:10AA800000F060FF8446083543463A463146284682
:10AA9000CDF804C007F0F4FB0028E6D02046029B66
:10AAA000BDF802209DF8041000F0BEFE236F039A4B
:10AAB0005D6818680299A84709F10109237E5FFAC9
:10AAC00089F08342D8D894F8483083B34FF0000916
:10AAD00048460DF1020803AF02AE0122022100EB4D
:10AAE000800500F02FFF04EBC505203501900EE036
:10AAF0002046BDF802209DF80410029B00F094FE51
:10AB0000236F039AD3F804A002991868D0474346EC
:10AB10003A463146284607F0CFFD0028E8D194F8A0
:10AB2000483009F101095FFA89F08342D5D804B0B1
:10AB3000BDE8F0872DE9F0410D46ADF5247D69466D
:10AB40000646284602F02EF802A9044628469DF83B
:10AB50000570FEF7EBFB9DF808300440E4B25BB9EA
:10AB6000284687A9FEF7E2FB9DF81C3280464BB9C8
:10AB70000DF5247DBDE8F081284603A901F0BCFE57
:10AB80000440EDE7284688A9FEF7FEFB14EA080F0B
:10AB9000EED00028ECD09DF820320D2BE8D12846CD
:10ABA0008AA9FFF797F938B1BDF92832002B06DDE5
:10ABB000002F14BF0120022086F8B500D8E700203E
:10ABC000FAE700BF2DE9F04F4FF0010982468B46AE
:10ABD00097B0DFF80083099258460DF12F030CAAB5
:10ABE0000DF12E0101F010F8002800F042819DF8CF
:10ABF0002E309DF82620023B0D2BEDD801A151F8F7
:10AC000023F000BF69AE0008D9AB000859AE0008B8
:10AC1000F7AD0008EDAD0008D9AB0008D9AB0008CE
:10AC20004DAD0008DDAC00089BAC0008D9AB0008B6
:10AC3000D9AB0008D9AB00083DAC0008584610A9B4
:10AC400002F0DAF9DAF89040002C00F01A8101F0F5
:10AC500023F84FF0000E159EDDF850C035467646BD
:10AC6000CCFB08560246DAF89400CDE90456764645
:10AC7000109D0B461199139FC5FB08167546DDF80C
:10AC800048C00690CCFB08755046CDE90216CDE9C8
:10AC90000075A0478AF8A0909EE710A9584602F0D8
:10ACA00097F900219DF8440000F078FE0246C2F3B7
:10ACB000072421460AF108000F9200F067FF0028E0
:10ACC0008AD0BDF84010BDF8422007F045FA224670
:10ACD00050469DF83C10FFF7F1FD7DE710A958465E
:10ACE00002F04EF900219DF8440000F057FE0146A5
:10ACF0000AF108000D91C1F3072100F031FF04466D
:10AD000000283FF469AF9DF842309DF84310BDF82C
:10AD1000402001EB032189B207F072FD204607F0C5
:10AD200035FD0EAEADF8320006E0DAF870300F9A5D
:10AD30005D680E991868A847314620460DF1320328
:10AD40000FAA07F025FD0028EFD145E79DF8253033
:10AD50000EAE8DF835309DF8273031468DF83730FE
:10AD60009DF824305846BDF830409DF82F508DF89E
:10AD700036208DF8343001F061FE30460FA90DF118
:10AD8000320200F0CDFD0F99DAF88070043CBDF876
:10AD9000326005F00E05A4B2109137B1DAF88430B4
:10ADA0003246009350460023B847DAF87C207AB147
:10ADB000DAF874000021023802E00131914207D034
:10ADC00030F8023FB342F8D10022DAF878305A5412
:10ADD000BDF832102B4602910F99224601910D9930
:10ADE00050460091594607F0CDFDF5E659465046CC
:10ADF000FFF7A0FEF0E6002A3ED010A9584602F068
:10AE000017F80EA910A80DAA00F08AFD0E99DAF81D
:10AE100080609DF84450BDF834400F9136B1DAF8A7
:10AE200084302246009350462B46B047DAF87C2007
:10AE3000002A3FF4D1AEDAF874000021023803E0B2
:10AE4000013191423FF4C8AE30F8023FA342F7D13E
:10AE5000DAF878305D54BFE6002A7FF4BDAE59467B
:10AE6000504600F0A3FCB7E659465046FFF7F0FC09
:10AE7000B2E617B0BDE8F08F5946504600F0A2FC8C
:10AE8000AAE600F009FFDDE9145223462646C5FB79
:10AE90000823121843EB0101DDE91203C0FB083659
:10AEA000DDE910051F462346C0FB08537C1946EB1D
:10AEB0000303141B61EB0303DA0F121943F10003C0
:10AEC000520842EAC3725B10CAF89820CAF89C3054
:10AED000E0E600BF00CA9A3B0B1EB8BF6FF000430C
:10AEE0002DE9F04F80469DB0059300F0B9FE98F82B
:10AEF000482081468A46002A00F0978000266FF09D
:10AF000000434FF0FF3B304603930FE00136D3E997
:10AF10000E2303995A4573EB0101B8BF039398F8C8
:10AF20004830F0B2B8BF9346834257D9022101227C
:10AF300000EB800400F006FD0146E40004F120056A
:10AF4000454453464A462846099107F0F5FB08EB6D
:10AF500004030028DAD09DF8243040469DF825509F
:10AF6000049300F0B7FC844614AF0135CDF800C05F
:10AF70000023112238460CA905EB8505FFF788F957
:10AF800008EBC505002305220B21384600F022FE00
:10AF90000121688907F0B4FD03462A890AA9ADF8A2
:10AFA0002A20049A38468DF82C20ADF8283001F07C
:10AFB000FBFF0022149B1146404600F035FC38464A
:10AFC000FFF7A6F9D8F870300246D3E900050CA9BE
:10AFD0004444A847D4E90E2301369AE76FF00043B2
:10AFE000039A9A4208BFBBF1FF3F1ED0ABEB0903A7
:10AFF000002B08BF0123DDF81490D8F870009945A4
:10B00000A8BF994684684B46006808AA07A9A047CC
:10B0100068B9059BA3EB0903002B05933FF765AFC8
:10B02000044620461DB0BDE8F08F059BE0E70025F3
:10B03000DDE9071204460CA8FFF73CF940460CA9CD
:10B040000DF11A0306AA8DF8185000F003FC18B988
:10B0500020461DB0BDE8F08F29469DF8180000F08D
:10B060009DFCC0F30745012DCDE90900BDF81AB0DC
:10B07000C0F307264BD0022D0FD0002DE8D1294672
:10B08000284600F08BFC02460CA940460A92FFF7C6
:10B0900099FD20461DB0BDE8F08F314608F108004B
:10B0A0009DF8249000F072FD074638B30CA8DDF837
:10B0B00038A0FFF731F903460DF119000090524610
:10B0C0005946384606F04EFFC0B19DF8193093B38B
:10B0D0004FF0020A14AD0AE08DF828908DF829602F
:10B0E0008DF82AA0294640460A9AFFF76BFD0422F4
:10B0F0002946384606F0B6FF0028EDD140463246D4
:10B100004946FFF7DBFB20461DB0BDE8F08F314616
:10B1100008F1080000F030FD002899D0594606F0EB
:10B1200097FE002894D08DF82A5040460A9A0CA920
:10B13000FFF748FD8CE78DF82A5040460A9A0CA983
:10B14000FFF740FDC4E700BF70B504460D4600F0B0
:10B1500087FD06462046FFF779FC29462046FFF783
:10B16000BBFE00F07DFD811B691A0029F6DC04F1AD
:10B170000800BDE8704000F015BD00BF70B5044682
:10B180000D4600F06DFD06462046FFF75FFC0023EC
:10B19000294684F8B43005E000F062FD811B691A8D
:10B1A000002907DD2046FFF797FE94F8B400002839
:10B1B000F2D070BD94F8B40070BD00BF2DE9F0412D
:10B1C00006460D4600F04CFD07463046FFF73EFCB4
:10B1D000002D16DB2C4606F1080808E02146304613
:10B1E000FFF77AFE00F03CFDC11B6C1A04D4404608
:10B1F00000F0D8FC0028F1D04046BDE8F04100F056
:10B20000D1BC06F10808F7E72DE9F843089C06468B
:10B210000F4691461D46FFF719FC24B12246FF2137
:10B220002846F5F7C9F8C6E91D95F46700F018FD42
:10B2300039468046013DA9F102093046FFF74CFE30
:10B2400000F00EFDA0EB0801791A44B32846AC4685
:10B25000012302E0A3420DD201331CF801EFBEF13D
:10B26000FF0FF7D1A34239F8132013D2002AF3D0ED
:10B270000029E2DC00232C44F36701E0012B12D803
:10B2800010F8013F8442F9D1012B8CBF002001202E
:10B29000BDE8F8830029EDDD002ACED1EAE70120E0
:10B2A000F467BDE8F8830020BDE8F8832DE9F04F8E
:10B2B000FF259DB0044645710293002B00F0BA8033
:10B2C000894692464FF0000B236F5246D3E90005A2
:10B2D0004946A84700F0C4FC4FF47A73054609E0DC
:10B2E00000F0BEFC431BC3F57A73002B3FDD62798F
:10B2F000FF2A44D1226F08A99668106809AAB047AE
:10B300000028EDD0DDE9081200260CA8FEF7D2FFD8
:10B3100020460DF11E0307AA0CA98DF81C6000F051
:10B3200099FA0028DCD031469DF81C0000F036FB6D
:10B33000C0F30747012FCDE90A00BDF81E30C0F366
:10B3400007265FD0022F21D0002FC9D139463846B9
:10B3500000F024FB02460CA920460B92FFF732FCBA
:10B3600000F07EFC431BC3F57A73002BBFDC029B0D
:10B370000BF1010B5B45627901D0FF2AA4D0B2F139
:10B38000FF0018BF01201DB0BDE8F08F04939DF8A9
:10B390002830314604F10800039300F0F7FB8046A3
:10B3A00050B30E9A0CA80592FEF7B6FFDDE9043201
:10B3B000844619460DF11D0300934046634606F08E
:10B3C000D1FDC8B19DF81D30002B3BD0039F0CE090
:10B3D0004FF002038DF82C708DF82D608DF82E3013
:10B3E00020460B9A14A9FFF7EDFB0422404614A94E
:10B3F00006F038FE0028EBD1324620460399FFF7CD
:10B400005DFA6DE7314604F10800039300F0B4FBE8
:10B4100000283FF465AF039B194606F019FD00288C
:10B420003FF45EAF8DF82E7020460B9A0CA9FFF703
:10B43000C9FB55E7036FD3E90004A04701201DB005
:10B44000BDE8F08F8DF82E7020460B9A0CA9FFF7FF
:10B45000B9FBBBE770B58EB004460D4600F03AFA72
:10B4600006460023102202A906A80096FEF710FF48
:10B47000204606A900F07CF90022069B11462046D2
:10B4800000F0D2F906A8FEF743FF2B46024602A9B8
:10B490002046FFF70BFF18B16079B0FA80F0400941
:10B4A0000EB070BD2DE9F04F0A23044600F1080BE1
:10B4B000ABB05846039300F0ABFA204600F00AFA0E
:10B4C00000231C2200900BA912A8FEF7E1FE236FB7
:10B4D00020461A8A12A9043A92B200F01BF92046BB
:10B4E000129900F08DF912A8FEF712FFFF23814692
:10B4F0006371236F4A46D3E900050BA9A84700F002
:10B50000AFFB4FF47A73054609E000F0A9FB431B3B
:10B51000C3F57A73002B627938DDFF2A3CD1226FA4
:10B5200007A99668106808AAB0470028EDD0DDE9A1
:10B53000071200261AA8FEF7BDFE20460DF11A03D9
:10B5400006AA1AA98DF8186000F084F90028DCD04A
:10B5500031469DF8180000F021FAC0F30746012E8D
:10B56000CDE90900BDF81AA0C0F3072753D0022E79
:10B5700018D0002EC9D13146304600F00FFA0246ED
:10B580001AA920460A92FFF71DFBBEE7039B013B69
:10B59000039301D0FF2AACD0002A51D000202BB059
:10B5A000BDE8F08F9DF8243039465846049300F0EA
:10B5B000EDFA804648B31C9A1AA80592FEF7ACFE35
:10B5C00084460DF119030093514640466346059A9F
:10B5D00006F0C8FCC8B19DF81930002B37D0049E86
:10B5E0000CE04FF002038DF828608DF829708DF87B
:10B5F0002A3020460A9A22A9FFF7E4FA042240469C
:10B6000022A906F02FFD0028EBD13A4620460499E6
:10B61000FFF754F979E73946584600F0ADFA0028AB
:10B620003FF473AF514606F013FC00283FF46DAFB2
:10B630008DF82A6020460A9A1AA9FFF7C3FA64E730
:10B64000584600F0E5F901202BB0BDE8F08F8DF8E9
:10B650002A6020460A9A1AA9FFF7B4FABFE700BF8A
:10B660002DE9F047154682B0824610461E469DF8E9
:10B6700028709DF82C800191C1F3072400F0EAFAAC
:10B680009DF8063005F10409012B81441DD0022BE1
:10B6900016D121460AF1080000F062FA044658B1BA
:10B6A0004946324606F09CFE04462CB143463946D4
:10B6B0003046AAB200F08EFA204602B0BDE8F0870C
:10B6C0000024204602B0BDE8F08721460AF10800B8
:10B6D00000F03EFA04460028EED04946324606F015
:10B6E000AFFD0446E1E700BFFF234FF0090C00B5B2
:10B6F00002714FEA126E4371C2F30743C2F307228D
:10B7000080F801E0A0F806C001708370C2705DF897
:10B7100004FB00BF30B51546144A00234FF0010C5E
:10B72000146889B000940C460793A0F806C0ADF8E1
:10B730001C50D0F801500078B2F804E01946039389
:10B7400010228DF80C0020460193CDE90433ADF8AA
:10B7500006E08DF804C00693029500F03BFA2046FF
:10B76000694601F07DFA09B030BD00BF683D0108AF
:10B7700010B50C464FF0020E4FF4007C0A4B82B01D
:10B780001B89A0F806E00422ADF80630032100234F
:10B790002046ADF804C000F01DFA204601A901F0D2
:10B7A00007FB02B010BD00BF683D010810B588B0AE
:10B7B0000446084601A901F00BFB9DF804306371B3
:10B7C00008B010BD10B5044684B0084602A901F0C7
:10B7D0002FFBE388022B01D004B010BD0DF10A004D
:10B7E000FEF7F2FF9DF808209DF8093003EB0223D5
:10B7F0009BB2022B04BF9DF80C30637104B010BDE6
:10B80000082210B504468AB00DEB0200FEF752FD87
:10B81000002314F8011B1A4602A8009401F08001CD
:10B8200000F0D6FB0AB010BD70B5154608220446DC
:10B830000E468AB00DEB02001946FEF73BFD14F8E8
:10B84000011B32462B4602A8009400F0C1FB0AB04F
:10B8500070BD00BF2DE9F041074684B008460C4694
:10B8600015461E46FEF758FD082803D8002004B0F0
:10B87000BDE8F0810DF10C0833462A462046CDF88C
:10B8800000800DF10B0100F0C1FB3A789DF80B3000
:10B890009342EBD11B061BD49DF80C207B789A4277
:10B8A00003D0012080F00100E1E79DF80D20BB7876
:10B8B000B81C9A42F5D19DF80E2010F8013F9A422B
:10B8C000EFD19DF80F2043789A42EAD10020E9E7B2
:10B8D0000120CCE790F90030002BACBF08200420F9
:10B8E000704700BF10B54FF6F47482B00191C38861
:10B8F000A3F10A0189B2A1420ED801339CB2C3F36D
:10B900000721DBB2C480019811705370911CFEF7BF
:10B9100071FF204602B010BD0A2300211C46F1E74A
:10B9200070B5044602300D461646FEF74DFFC0F3D3
:10B930000F4328806B802278637803EB02233380E7
:10B9400070BD00BF00B50129844683B01ED0022916
:10B950004FF0000E1FD0002318466EF307036CF360
:10B960000F2361F3174362F31F63DAB262F3070038
:10B97000C3F3072262F30F20C3F3074262F31740B9
:10B980001B0E63F31F6003B05DF804FB00F1010EB2
:10B990005FFA8EFEDFE780F0800EDCE700B502463E
:10B9A00083B040B1030623D400F1FF3C4FF0010EF9
:10B9B0005FFA8CFC01E0864684460023184662F359
:10B9C00007036CF30F236EF3174361F31F63DAB2BF
:10B9D00062F30700C3F3072262F30F20C3F30742A9
:10B9E00062F317401B0E63F31F6003B05DF804FBA6
:10B9F0004FF0020E80F0800CDFE700BF00230374DD
:10BA000080F8403080F8443080F86030704700BFE4
:10BA100070B5037C044653B106460025304606F057
:10BA200009FC237C0135AB4206F11006F6D894F8E8
:10BA3000443063B1002604F14205284606F004FABA
:10BA400094F844300136B34205F10205F5D894F874
:10BA5000403063B1002604F11805284606F094FC36
:10BA600094F840300136B34205F12805F5D894F832
:10BA7000603063B1002604F14805284606F050FA0C
:10BA800094F860300136B34205F11805F5D870BD61
:10BA900010B5047C82B004F1010C80F810C000EBFA
:10BAA000041006F0BDFB01222046114602B0BDE89D
:10BAB0001040FFF747BF00BF844610B584B09DF823
:10BAC0001840009490F8404004EB84000CEBC00058
:10BAD00004F1010E18308CF840E006F01FFC012242
:10BAE0000221204604B0BDE81040FFF72BBF00BF85
:10BAF000034610B590F8444082B0621C04F1210066
:10BB000003EB400083F8442006F09AF9002201215B
:10BB1000204602B0BDE81040FFF714BF844610B5C0
:10BB200084B0069C009490F8604004EB44000CEB59
:10BB3000C00004F1010E48308CF860E006F0CAF94C
:10BB400000220221204604B0BDE81040FFF7FABEF3
:10BB5000037C8B428CBF00EB01100020704700BFBC
:10BB600090F840308B4283BF01EB810100EBC100B4
:10BB700018300020704700BF90F844308B4286BFD9
:10BB8000213100EB41000020704700BF90F8603089
:10BB90008B4283BF01EB410100EBC1004830002024
:10BBA000704700BF90F840308BB170B50646002555
:10BBB00000F1180400E048B1204606F051FE96F866
:10BBC00040300135AB4204F12804F4D870BD0120A7
:10BBD000704700BFF8B50E460421044615461F46BF
:10BBE000FEF784FB0123314647EA03022046237512
:10BBF0002B4600F02BFA2046FEF78EFBA84234BFFE
:10BC000000200120F8BD00BF2DE9F04104460D469B
:10BC1000042116469846FEF769FB2046FEF77CFB9A
:10BC200003288CBF0127002702D83846BDE8F081E1
:10BC3000334642462046294600F01AFA98F800306A
:10BC4000384603F0010203F0FE0388F80030227545
:10BC5000BDE8F08110F0030018BFC0F10400704788
:10BC600010B584B069460120FBF74EFCDDE9000207
:10BC70000749029CA0FB010301FB023100194FF0B0
:10BC80000003044A41EBE471F6F794FA04B010BDE6
:10BC900000CA9A3B40420F0000B585B069460120BA
:10BCA000FBF732FCDDE901C1054A0098A0FB020365
:10BCB00002FB0C33401843EBE17105B05DF804FB67
:10BCC00000CA9A3B2DE9F0410C468AB0064691F82D
:10BCD000C11004F10800FFF743FF054606F0CAFD56
:10BCE00068B9D4E92E312046984718B901200AB026
:10BCF000BDE8F081284606F0BDFD0028F6D0298970
:10BD0000EB896A68287BB2FBF1F8B3FBF1F201FB27
:10BD10001231C0F57F4089B208FB01F1FC30A8F177
:10BD20000408D4F8C430404487B2DB1BC4F8C430E4
:10BD30002B680431194451F8043C4246009302A890
:10BD40000023FEF7A5FAD4F8C42002F10803434506
:10BD500029D93A4600230D2102A8FFF73BFF298984
:10BD6000EB896A68B3FBF1F0B2FBF1F201FB10332F
:10BD70009BB202FB03F32A6842F803800121E889A1
:10BD800006F0BEFEDDE903210346521A3046EB8180
:10BD9000FEF790FA304622460F49FEF75FFA002080
:10BDA0000AB0BDE8F08102230D2192B202A8FFF78C
:10BDB00011FF2889EB896968B3FBF0F7B1FBF0F15B
:10BDC00000FB17339BB201FB03F3D4F8C4202968AE
:10BDD0000832CA50D2E700BFC5BC0008F0B587B032
:10BDE000CDE9022100250722CDE900250C9A1C4649
:10BDF00004320646FFF734FC80F00102D2B2A2758D
:10BE000012B1284607B0F0BD05AA02993046FFF7E7
:10BE100069FD054605A9204601F08AF8D4E901210B
:10BE2000A669E7692046521AFEF744FA20463A46C8
:10BE30003146FEF713FA284607B0F0BD2DE9F04F62
:10BE400091B0CDE904210546C1F3072108301E4613
:10BE5000FFF786FE9DF81630012B00F09180044616
:10BE6000002800F08D8006F005FD002800F083809A
:10BE70002389E7896268B7FBF3F9B2FBF3F203FBAE
:10BE800019791FFA89F902FB09F9236809F10409F4
:10BE9000994459F8048C237B03924345A2F1040B87
:10BEA0007AD3ABF1040A5A464946AAEB030A08A81A
:10BEB0000023CDF80080FEF7EBF91A9B1FFA8AFAEF
:10BEC000524603F1080ADA4534BF022300230D214C
:10BED00008A8FFF77FFE21896368B7FBF1F2B3FB87
:10BEE000F1F301FB127292B202FB03F322683846AF
:10BEF00042F803B0012106F003FE039B08F10401A0
:10BF0000A3F108020746A2EB080230464944FEF7B7
:10BF1000D1F91A9B07211A1DB2F5803F28BF0022D4
:10BF20000023E78192B23046FFF754FE2846049979
:10BF300007AAFFF7D7FC044618B307A9304600F05C
:10BF4000F7FFD6E901213046521AFEF7B3F9059BF7
:10BF50003046C5F8C0301B9B2A46C5F8B8301C9B3C
:10BF60001A49C5F8C4A0C5F8BC30FEF777F92046D9
:10BF700011B0BDE8F08F28461C991B9B984720B94B
:10BF80000024204611B0BDE8F08F204606F072FC78
:10BF900000287FF46DAFF3E73846012106F0B0FDCD
:10BFA000B4F808C06368B0FBFCF1B3FBFCF90CFB10
:10BFB000110189B201FB09F9226809F104099144D0
:10BFC0000746237B59F8048C6BE700BFC5BC00080B
:10BFD0002DE9F041174604461E460D46DDF818804F
:10BFE000FDF7BCF939462046FDF7B8F93246012184
:10BFF0002046FDF75FFA2B0601D5BDE8F0814146EA
:10C000002046BDE8F041042205F024BD2DE9F041B1
:10C01000174604461E460D46DDF81880FDF7B4F9B4
:10C0200039462046FDF7B0F9324601212046FDF79A
:10C0300035FB95F90030002B01DABDE8F08141466F
:10C040002046BDE8F041042205F068BD70B51646F3
:10C0500004461D46FDF782F931462046FDF77EF97C
:10C060002A462046BDE870400121FDF723BA00BFF3
:10C0700070B5164604461D46FDF786F93146204642
:10C08000FDF782F92A462046BDE870400121FDF700
:10C0900005BB00BF2DE9F84304220E46054605F016
:10C0A000D9FC02220746311D284605F0D3FC0222A6
:10C0B0000446B11D284605F0CDFC0422804606F159
:10C0C0000801284605F0C6FC3C40E4B204EA080436
:10C0D000317B80462846FDF741F908EA0408717B68
:10C0E00004462846FDF70CF9737B08EA040808EAC1
:10C0F00000083BB92846B18BFDF75CF908EA00005F
:10C10000BDE8F88328463169FDF73EFB3369EBB1A2
:10C11000C8B1B146002700E0ACB1D9F814102846E8
:10C1200005F0B8FDD9F818100446284605F0B2FD10
:10C130003369013704409F4209F10809E4B2EBD3A7
:10C1400008EA0408D6E74FF00008D3E708EA000839
:10C15000D0E700BF2DE9F84304220C46054605F060
:10C16000DDFC02220746211D284605F0D7FC0222ED
:10C170000646A11D284605F0D1FC3E400422074694
:10C1800004F10801284605F0C9FCF6B23E4004F16E
:10C190000C0107462846FDF7F7F8374004F10D017A
:10C1A00006462846FDF7C2F8637B374007403BB997
:10C1B000284604F11C01FDF7FDF93840BDE8F8837D
:10C1C000284604F11001FDF70FFC2369012B03D968
:10C1D00001230027AB75EBE70BB3F0B1A0464FF09E
:10C1E000000900E0CEB1D8F814104FF400722846D0
:10C1F00005F05EFD4FF400720646D8F81810284688
:10C2000005F056FD236909F101090640994508F139
:10C210000808F6B2E6D33740CAE70027C8E7074068
:10C22000C6E700BF2DE9F84304220E46054605F097
:10C2300011FC02220446311D284605F00BFC0222A7
:10C240008046B11D284605F005FC034608EA0408AF
:10C250002846317A5FFA88F808EA0308FDF750F8B3
:10C26000337A00EA080813B94046BDE8F883284647
:10C27000F168FDF789FAF3680BB3D8B1B14600272E
:10C2800000E0BCB1D9F81010284605F003FDD9F83C
:10C2900014100446284605F0FDFCF36801370440FD
:10C2A0009F4209F10809E4B2EBD308EA04084046CA
:10C2B000BDE8F8834FF000084046BDE8F88308EA7F
:10C2C0000008D1E770B50D4609780646FDF746F837
:10C2D000044630B12B78022B0CD0032B10D0012B4D
:10C2E00008D00222304605F5027105F0B3FB20406C
:10C2F000C0B270BD3046696805F0CCFC0446F0E77A
:10C30000294651F8042F3046043105F097FC0446C5
:10C31000E7E700BF70B50B780C46013B05460D2BD7
:10C3200054D8DFE803F030071B1B07070707530C3F
:10C330000C0C4E490431BDE87040FFF7C3BF0979CA
:10C34000FDF70CF8E8B12379012B01D0022B3DD188
:10C350002846A168BDE8704005F09CBC0979FCF74F
:10C36000FDFF064620B12379022B39D0032B2FD0B5
:10C370000222284604F5037105F06CFB3040C0B280
:10C3800070BD002070BD0979FCF7E8FF064658B182
:10C390002379022B03D0032B28D0012B04D128466C
:10C3A000A16805F077FC06462846B4F90C12FDF7A3
:10C3B00011FD3040C0B270BD0431BDE87040FFF7E0
:10C3C00069BE0431BDE87040FFF72CBF012070BD8D
:10C3D0002846A26804F10C0105F030FC0646C7E7C8
:10C3E0002846A16805F056FC0646C1E72846A26823
:10C3F00004F10C0105F022FC0646D5E770B50646AF
:10C400000D46FCF7C1FF044630B12B78022B0CD04F
:10C41000032B12D0012B08D00222304605F5027101
:10C4200005F07CFB2040C0B270BD4FF40072304676
:10C43000696805F03DFC0446EEE74FF400723046B3
:10C440002B1D05F1080105F00BFC0446E4E700BFD5
:10C4500070B50D4609780646FCF752FF2B78044666
:10C460004BB93046297AFCF74BFF2B7A0440E4B2F3
:10C4700043B9204670BD3046696805F00BFC0440A6
:10C48000E4B2EEE73046E96805F004FC04402046DB
:10C4900070BD00BF70B50D460968064605F0FAFB91
:10C4A000297904463046FCF72BFF2B790440E4B28F
:10C4B00043B93046297BFCF723FF2B7B04403BB973
:10C4C000204670BD3046A96805F0E4FB0440F0E763
:10C4D0003046296905F0DEFB0440E4B2204670BD19
:10C4E0002DE9F0410C4609780646FCF709FF237850
:10C4F00005466BB9304694F82810FCF701FF94F814
:10C5000028300540EDB2002B69D12846BDE8F08106
:10C5100030466168FDF738F96368002B6BD000285E
:10C5200067D03046A16805F0B5FB6368012B53D98D
:10C5300000285ED03046E16805F0ACFB6368022B52
:10C540004AD9002855D03046216905F0A3FB63681D
:10C55000032B41D900284CD03046616905F09AFB85
:10C560006368042B38D9002843D03046A16905F010
:10C5700091FB6368052B2FD900283AD03046E1693A
:10C5800005F088FB6368062B26D990B33046216AF4
:10C5900005F080FB6368072B1ED950B33046616AF3
:10C5A00005F078FB6368082B16D910B33046A16AF2
:10C5B00005F070FB6368092B0ED9D0B1092704F18F
:10C5C0002C0800E0A8B1304658F8041B05F062FBC7
:10C5D000626801379742F5D30540EDB28AE73046ED
:10C5E000E26A04F1300105F029FB05402846BDE868
:10C5F000F08100257EE72840C5B27BE770B50D4687
:10C6000009780646FCF77CFE2B7804464BB9304689
:10C61000297AFCF775FE2B7A0440E4B243B9204630
:10C6200070BD3046696805F035FB0440E4B2EEE7C2
:10C63000304605F10C01FFF753FF0440204670BD62
:10C640002DE9F0410C4609780646FCF759FE23789F
:10C6500005466BB9304694F82810FCF751FE94F863
:10C6600028300540EDB2002B69D12846BDE8F081A5
:10C6700030466168FDF788F86368002B6BD00028AE
:10C6800067D03046A16805F005FB6368012B53D9DC
:10C6900000285ED03046E16805F0FCFA6368022BA2
:10C6A0004AD9002855D03046216905F0F3FA63686D
:10C6B000032B41D900284CD03046616905F0EAFAD5
:10C6C0006368042B38D9002843D03046A16905F0AF
:10C6D000E1FA6368052B2FD900283AD03046E1698A
:10C6E00005F0D8FA6368062B26D990B33046216A44
:10C6F00005F0D0FA6368072B1ED950B33046616A43
:10C7000005F0C8FA6368082B16D910B33046A16A41
:10C7100005F0C0FA6368092B0ED9D0B1092704F1DE
:10C720002C0800E0A8B1304658F8041B05F0B2FA16
:10C73000626801379742F5D30540EDB28AE730468B
:10C74000E26A04F1300105F079FA05402846BDE8B7
:10C75000F08100257EE72840C5B27BE770B50D4625
:10C7600009780646FCF7CCFD2B7804464BB93046D9
:10C77000297AFCF7C5FD2B7A0440E4B243B9204680
:10C7800070BD3046696805F085FA0440E4B2EEE712
:10C79000304605F10C01FFF753FF0440204670BD01
:10C7A00070B50D4609880646FCF704FEA9780446D4
:10C7B0003046FCF7A5FDAB780440E4B2B3B930468F
:10C7C000A979FCF79DFDAB79044033BB3046297B4A
:10C7D000FCF796FD2B7B0440C3B93046297DFCF75E
:10C7E0008FFD2B7D04403BB9204670BD3046A988A3
:10C7F000FCF7E0FD0440E2E73046AA6905F11C01C0
:10C8000005F01CFA0440E4B2204670BD30462969A8
:10C81000FCF7BAFF0440E4B2DFE73046A968FCF752
:10C82000B3FF0440E4B2D1E7F8B502220C46064655
:10C8300005F010F9A17805463046FCF761FDA378B4
:10C840000540EDB20BB92846F8BD04F108013046A9
:10C85000FFF7A6FF94F82C1007463046FCF750FD72
:10C8600094F82C300740FFB25BB9304694F838108A
:10C87000FCF746FD94F8383007404BB93D40284658
:10C88000F8BD3046D4E90C23FDF7D4F90740ECE7B6
:10C890003046E16B05F0FEF90740FFB2EEE700BF5E
:10C8A000F8B502220D46064605F0D4F8A9780446EC
:10C8B0003046FCF725FDAB780440E4B20BB92046C6
:10C8C000F8BD05F108013046FFF76AFF95F82C1016
:10C8D00007463046FCF714FD95F82C300740FFB2B0
:10C8E00013B93C402046F8BD3046D5E90C23FDF78E
:10C8F000A1F90740F5E700BF70B505460E46FCF705
:10C9000043FD68B133780446013B0D2B09D8DFE8BD
:10C9100003F0410A23230A0A0A0A081010105C5681
:10C920000024204670BD2846311DBDE87040FFF749
:10C9300065BD2846311DFCF727FD0028F0D033796E
:10C94000012B01D0022BECD12846B1684FF40072C4
:10C95000BDE8704005F0ACB92846311DFCF714FD68
:10C96000044670B13379022B4DD0032B09D14FF41B
:10C970000072284606F1080306F10C0105F070F973
:10C9800004460222284606F5037105F0C7F8044064
:10C99000E4B2C6E72846311DFCF7F6FC044630B188
:10C9A0003379022B37D0032B3DD0012B33D02846CF
:10C9B00006F50371FDF78EFA0440E4B2B1E72846AC
:10C9C000311DBDE87040FFF7C5BB04222846B118F1
:10C9D00005F0A4F80222044606F10801284605F0F5
:10C9E0009DF80346022206F10A0128461C4005F084
:10C9F00095F80346E4B2284606F10C011C40FCF70A
:10CA000095FC04408DE74FF400722846B16805F0AC
:10CA10004FF90446B5E74FF400722846B16805F0B7
:10CA200047F90446C3E74FF40072284606F10803AD
:10CA300006F10C0105F014F90446B8E770B50222BE
:10CA40000E46054605F06AF802220446B11828464B
:10CA500005F064F82040C0B270BD00BF2DE9F0477A
:10CA60000E4609788046FCF779FC074638B13378E2
:10CA7000062B00F081800D2B14D0052B02D03846F8
:10CA8000BDE8F087B6F908104046FDF7A3F9D6E9EE
:10CA9000042307464046FDF7CDF80740FFB238466D
:10CAA000BDE8F087B6F908104046FDF793F9F16844
:10CAB00007464046FCF768FEF368002B67D018B3C2
:10CAC000002406F10C0904EB440506EBC505297C9E
:10CAD0004046FCF743FC04EB44014FEA440AC9001A
:10CAE000002850D02B7C032B54D8DFE803F03321EF
:10CAF0000F0249444046896805F0CCF8F3680134D8
:10CB00009C4244D20028DED10027B8E70831102229
:10CB10004944404604F09EFFA24406EBCA0A05467B
:10CB2000DAF824104046FCF72FFE2840C0B2E5E7B3
:10CB3000083104224944404604F08CFFA24406EB2D
:10CB4000CA0A0546BAF818104046FCF733FC2840DC
:10CB5000C0B2D3E7083102224944404604F07AFFCC
:10CB6000A24406EBCA0A05469AF816104046FCF79E
:10CB7000F5FB2840C0B2C1E74046B6F90810BDE851
:10CB8000F047FDF727B9F3680134A342BCD8384019
:10CB9000C7B274E7F36801349C4205F1180596D3D7
:10CBA0006DE700BF2DE9F04102220F46064604F072
:10CBB000B5FF02220546B918304604F0AFFF391D13
:10CBC00080463046FCF7E0FB791D04463046FCF712
:10CBD000DBFB05EA08052C402040C0B2BDE8F0812F
:10CBE000F8B50D4609780646FCF7B8FB69780446A7
:10CBF0003046FCF7B3FB0346A97830461C40FCF7EF
:10CC00007FFBAB78E4B2044043B93046297AFCF7A5
:10CC100077FB2B7A04403BB92046F8BD3046696863
:10CC200005F038F80440F0E769893046FCF7C2FBAC
:10CC3000A98907463046FCF7BDFB0346E989304623
:10CC40001F40FCF7B7FB0346298A30461D46FCF718
:10CC5000B1FBFFB23C402C4004402046F8BD00BF71
:10CC6000FFF718BAF8B502220D46064604F0F2FEA8
:10CC700002220446A918304604F0ECFE2979074642
:10CC80003046FCF76BFB70B12B793C40013BE4B2C2
:10CC90000D2B09D8DFE803F04C0A23230A0A0A0AFD
:10CCA00008121212453E00242046F8BD304605F118
:10CCB0000801FFF707FB04402046F8BD3046297AFB
:10CCC000FCF74CFB0028EED02B7A012B01D0022B75
:10CCD000EAD13046E96804F0DDFF0440E4E730467D
:10CCE000297AFCF73BFB074658B12B7A022B34D04C
:10CCF000032B06D13046EA6805F1100104F09EFFCF
:10CD000007460222304605F5047104F0A3FE3840C0
:10CD10000440C9E7304605F10801FFF7BBF90440BC
:10CD2000C2E7304605F10801FFF77CFA0440BBE793
:10CD30003046297AFCF712FB074630B12B7A022BDA
:10CD400011D0032B15D0012B0DD03046B5F91012A0
:10CD5000FDF740F838400440A6E73046E96804F0A3
:10CD600099FF0746CDE73046E96804F093FF074690
:10CD7000EBE73046EA6805F1100104F05FFF074673
:10CD8000E3E700BF70B502220E46054604F0C6FE7A
:10CD900002220446B118284604F0C0FE0346311DA5
:10CDA00028461C40FCF720FEE4B2204070BD00BFC6
:10CDB00070B502220E46054604F04CFE02220446DF
:10CDC000B118284604F046FE2040C0B270BD00BF36
:10CDD0002DE9F8430F460646FCF7D6FA791C0546BE
:10CDE0003046FCF7D1FA04228146B918304604F0E7
:10CDF00095FE07F1080180460222304604F08EFEBF
:10CE000005EA0904E4B2022207F10A0104EA08046F
:10CE10008046304604F082FE07F10C01054630469C
:10CE2000FCF784FA08EA040425402840BDE8F883AA
:10CE30002DE9F04102220F46064604F06FFE022261
:10CE40000546B918304604F069FE391D8046304663
:10CE5000FCF79AFA791D04463046FCF795FA05EA84
:10CE600008052C402040C0B2BDE8F0812DE9F84310
:10CE700002220C46054604F0EDFD02228046A11870
:10CE8000284604F0E7FD217981462846FCF766FA3A
:10CE9000617906462846FCF761FA217A074628465A
:10CEA000FCF72EFA08EA090806EA0806237A3E404B
:10CEB000F7B206466BB9284694F81C12FCF720FA24
:10CEC00094F81C320640F6B283B906EA0700BDE8C2
:10CED000F8832846217BFCF741FA88B1284604F103
:10CEE0000C01FFF717FA0640F6B2E4E7284604F50E
:10CEF0000871FFF7B3FD064006EA0700BDE8F883B6
:10CF00000646D8E770B502220E46054604F0A2FD9B
:10CF100002220446B118284604F09CFD0346311D48
:10CF200028461C40FFF75CFEE4B2204070BD00BF05
:10CF300070B502220E46054604F08CFD022204461E
:10CF4000B118284604F086FD2040C0B270BD00BF75
:10CF5000F8B50F460E4637F8021B0546FCF72AFACD
:10CF6000022239460446284604F074FD034631790E
:10CF700028461C40FCF7F2F9E4B22040F8BD00BF9F
:10CF800070B50E460546FCF715FB02220446B118A3
:10CF9000284604F0C3FD0346311D28461C40FCF71B
:10CFA000F3F9E4B2204070BD70B50D46098806461D
:10CFB000FCF700FA698804463046FCF7FBF90346A3
:10CFC000297930461C40FCF7C9F9E4B2204070BD15
:10CFD00070B50E460546FCF7EDFAB11C044628462E
:10CFE000FCF7E8FA0346311D28461C40FCF7CCF953
:10CFF000E4B2204070BD00BF2DE9F8430E4605465F
:10D00000FDF774F8311D80462846FCF7EDFC06F16B
:10D01000080181462846FDF769F806F10C0107462C
:10D020002846FCF7E1FC06F1100104462846FDF70E
:10D030005DF8034606F1140128461D46FCF7D4FCB2
:10D0400008EA090807EA08073C40E4B22C402040FF
:10D05000BDE8F8832DE9F0410C220D46044604F0AA
:10D06000F9FC032205F10C010746204604F0F2FC0E
:10D07000E97B80462046FCF771F92969064620467F
:10D08000FCF79CFF0346696920461C46FCF77CFBC5
:10D0900007EA08073E4034402040C0B2BDE8F081B6
:10D0A0002DE9F0410C220D46044604F037FD032221
:10D0B00005F10C010746204604F030FD05F10F0193
:10D0C00080462046FCF760F905F11001064620462F
:10D0D000FDF70CF8034605F1140120461C46FCF749
:10D0E00083FC07EA08073E4034402040C0B2BDE858
:10D0F000F08100BF18B1006808B1D0F8080170478E
:10D100002DE9704382B000B304460068E8B1D0F85E
:10D110000831D3B10E46F1B11546E2B1052100F553
:10D12000887002F05BFD8046894623683146D3F85B
:10D1300008012A46C5E9008903F0F6FE064678B1E3
:10D140000126304602B0BDE870834FF4FA763046CF
:10D1500002B0BDE870830B26304602B0BDE8708394
:10D160000521D5E900232068009100F5887002F0C0
:10D17000A1FD304602B0BDE8708300BF8C46F0B51B
:10D1800005468DB00DF1180E0C461646BCE80F0092
:10D19000AEE80F009CE803008EE803004DB32B6857
:10D1A0003BB3D3F8080120B336B30025324600273D
:10D1B00000260DF1070302A98DF80750CDE902679B
:10D1C000CDE9046703F0BEFF0546B8B940F2F51398
:10D1D0009DF80720002A08BF1D46A44606AC0FCCC8
:10D1E000ACE80F0094E803008CE8030028460DB07B
:10D1F000F0BD4FF4FA75F0E70B25EEE70125ECE7FB
:10D2000030B1006820B1D0F80801003818BF012003
:10D21000704700BF0B280DDC002809DB0B2807D85E
:10D22000DFE800F0070606070606060606060707FB
:10D2300001207047CB2818BF012070470346034ADE
:10D2400092E8030083E8030018467047BC420108D7
:10D2500018B14068003818BF012070472DE9F84325
:10D260000646002300687360002849D04769D0F85B
:10D270000480D0F8109037B1143000F0BFF90746A1
:10D28000002844D13068036B43B1283003F09CFC84
:10D2900018B1002F3ED0FBF75FFA3068036ADBB1AC
:10D2A000D0E90621012A71F1000011DB0024254696
:10D2B00053F82400C0B14946C04733680134D3E96C
:10D2C000062145F10005944275EB01001B6AEFDB76
:10D2D00018464946C04730684946C047002338468B
:10D2E000C6E90033BDE8F883013445F100059442F6
:10D2F00075EB0100DCDB18464946C0473068EBE7B8
:10D30000074600233846C6E90033BDE8F883FBF73B
:10D3100023FAB7E7FFF77EFF0746BCE72DE9F04F9A
:10D32000041E0D4617461E469DB040F3A1800029FD
:10D3300000F0A1804FF0000CA1F1040E5EF8040F84
:10D340000CF1010C002800F096806445F6D1002F06
:10D3500000F091803B68002B00F08D809C460DF121
:10D360005C0EBCE80F00AEE80F00DCF8003017A838
:10D37000CEF80030FBF7CCF900287CD0002E7AD014
:10D380003368002B7CD1DDE91A32782101209847DF
:10D3900080463060002800F0BA80684602F05EFFE8
:10D3A0006946502208F12800F2F790FFD6F8008075
:10D3B0000DF15C0CC646BCE80F00AEE80F00DCF8CF
:10D3C00000303846CEF8003008F1140100F040F982
:10D3D0000746002845D1D6F800804FEAE479C8F81E
:10D3E0002000C8F81840C8F81C90002C4FD0002D21
:10D3F0004DD0DDE91A32042120469847C8F82000B4
:10D40000D6F80080D8F82030C3464BB3012C79F110
:10D4100000033CDB0027A5F10408BA460DE02A46CC
:10D42000D8F80010F2F752FF01374AF1000AD1454F
:10D4300008BFBC4229D0D6F800B058F8040FF3F763
:10D44000C7F8451C179B28461B99DBF820B0984766
:10D4500033684BF827001B6A53F827000028DED1F9
:10D460000A273046FFF7FAFE38461DB0BDE8F08FB8
:10D4700000293FF46CAF0B2738461DB0BDE8F08F94
:10D48000642738461DB0BDE8F08FD6F800802649E5
:10D490000B68013336D01A4600240B60D8F814000C
:10D4A0007360436AC0E90624013334D090F8303009
:10D4B0003BB9303000F038F907460028D1D1336845
:10D4C0005869406B16AA15A901F040F807460028D4
:10D4D000C7D1159BEBB931684B69586B03F1280232
:10D4E00000F03CFC07460028BBD131684869283170
:10D4F000183003F033FA07460028BDD0FFF78AFE44
:10D500000746AEE701221C460A601346C6E70A2713
:10D51000B2E70127A5E7243005F088FF0746002879
:10D520009FD133685869C1E714AD002000207047CF
:10D5300084B0F0B597B01DAE86E80E00002858D034
:10D540000368054633B16424204617B0BDE8F040B7
:10D5500004B070473046FBF7DBF8002849D0B446EA
:10D5600011ACBCE80F000FC4DCF800305020236081
:10D5700021991D9B98470446286000283BD0864689
:10D580000DF1440CBCE80F00AEE80F00DCF80030F1
:10D5900002A8CEF8003002F071FE04F1180C0DF173
:10D5A000080E2F68BEE80F00ACE80F00BEE80F00C1
:10D5B000ACE80F00BEE80F00ACE80F0020AC9EE81E
:10D5C00003008CE8030094E803008DE8030096E86C
:10D5D0000E0007F1180003F0C5F804460028B3D088
:10D5E00021991E9B286898472046FFF713FE0446A2
:10D5F000AAE70B24A8E70A24A6E700BF30B587B046
:10D60000F0B103680446DBB19C460DF1040EBCE8A2
:10D610000F00AEE80F00DCF8003001A8CEF80030B3
:10D62000FBF776F860B12068183003F053F905462F
:10D6300050B92068029B05999847284607B030BD2D
:10D640000B25284607B030BDFFF7E4FD0546F8E797
:10D650002DE9F04194B0002858D004460068002815
:10D6600054D00E46FBF754F800284FD0002E4DD072
:10D67000336823B16424204614B0BDE8F0812768E4
:10D680000FADBC46BCE80F000FC5DCF800305020E1
:10D690001946D7F800802B60C04705463060D0B3EC
:10D6A00086460DF13C0CBCE80F00AEE80F00DCF83C
:10D6B00000306846CEF8003002F0E0FDEE4605F19D
:10D6C000180C24683568BEE80F00ACE80F00BEE80F
:10D6D0000F00ACE80F00BEE80F00ACE80F009EE8BA
:10D6E00003008CE8030004F1180005F1180103F0B1
:10D6F000A1F804460028BED0FBF718F8FBF72CF879
:10D700003046FFF77BFF40B10446B4E70B242046C8
:10D7100014B0BDE8F0810A24ADE7204614B0BDE89E
:10D72000F041FFF777BD00BF002310B582B0019331
:10D73000B8B1044601A90C4802F0F4FA10B1012076
:10D7400002B010BD019B13B11A78312A04D0022314
:10D750000020237002B010BD5B78002BF7D10123AD
:10D76000F6E70B2002B010BDC44201080346034A8D
:10D7700092E8030083E8030018467047EC42010872
:10D780002DE9F04FA9B0DDF8C880044623A80E4665
:10D7900015461F4606F06AF8B8F1000F00F0E68063
:10D7A0004046FAF7B5FF002800F0E080002E00F0B8
:10D7B000DD80002D00F0DA80002C00F0D780D4F856
:10D7C0000490B9F1000F40F0FD80002F00F0CE80F2
:10D7D0003846FFF73DFD8246002800F0CD804A46DE
:10D7E000304622A9CDF8889002F0EEFE814600284E
:10D7F00040F0BE802298002840F0F0802846F2F7E2
:10D80000E7FE002840F0BB807C4D0022284622A97C
:10D8100002F0BCFE8146002840F0AA808246229891
:10D82000002840F0E0807820D8F80030D8F81010B8
:10D83000984781466060002800F0CA8000220023DB
:10D8400008A8C9E91A23C9E91C2300F007F908A9A7
:10D8500048466822F2F73AFD40466168276000F0CA
:10D860000BF9002858D12846F2F7B2FE284410F8E8
:10D87000013CCDE903562F2B4FF400630193D8F8F8
:10D88000103000930CBF5E4B5E4B029398E80F0084
:10D89000D4F8049002F06EFA2368C9F8740018688E
:10D8A00031462A462830666803F0ACFA6368B066F1
:10D8B000986E002832D003F031FB814660B3D8F86F
:10D8C00000300820D8F81010666898476368F06642
:10D8D000D3F86CB0BBF1000F20D006A805F040FFD4
:10D8E000C446636823AE06A803C8D3F86CE08BE88F
:10D8F0000300BCE80F000FC6DCF80030336028AB33
:10D9000013E90F008DE80F0049463A467046239B05
:10D9100005F030FF814628B36368F3B1586F28B132
:10D92000D8F80430D8F8101098476368986E10B192
:10D9300003F076FA6368D86E48B105F075FF636846
:10D94000D8F81010D86ED8F8043098476368184695
:10D95000D8F81010D8F80430984700234FF0010988
:10D96000C4E90033BAF1000F25D101E04FF00B09F3
:10D97000484629B0BDE8F08F4FF06509F8E72B78ED
:10D980002F2B3FF442AF4FF4006303950193D8F877
:10D99000103000931C4B029398E80F0002F0EAF954
:10D9A000054640B3002222A9229202F0EFFD8146F3
:10D9B00000283FF434AF2846D8F80430D8F81010C7
:10D9C0009847D5E74FF06409484629B0BDE8F08F85
:10D9D0004FF00A09BAF1000FEDD1C9E702F048FE95
:10D9E0004FF0C909C4E702F0E3FD4FF0CA09BAF1EC
:10D9F000000FE0D1BCE74FF00A09B9E7DC420108AB
:10DA000060410108E4420108E042010830B1436886
:10DA100023B19B6E13B10068FFF71ABC002070475A
:10DA200020B1406810B1806E00B18068704700BFBF
:10DA300020B1406810B1806E00B1C068704700BF6F
:10DA400028B1406818B1836E002B08BF00207047D2
:10DA500010B1406800B1806E704700BF10B5044639
:10DA600068220021F2F7A8FC2046FAF741FE0123C4
:10DA70002046237510BD00BFD0B170B50C46A9B1CA
:10DA80008842844612D08E460546868A0FCDAEE87F
:10DA90000F002B685022CEF800300CF11801A6823E
:10DAA00004F11800F2F712FC002070BD0B2070BDCD
:10DAB0000B20704782B02DE9F04F91B01AAC84E88A
:10DAC0000C009DF87C8000283BD005460C46FFF7F3
:10DAD000B7FF002837D02846FFF7A2FF06462846A2
:10DAE0000BADFFF7A5FFAC460DF1680E8146BEE811
:10DAF0000F00ACE80F00DEF80030CCF80030219BBE
:10DB0000FBB18A46DDF878B002F084FA10AB0890D9
:10DB100013E907008DE80700002195E80C0008A82C
:10DB200002F0EAFA074680B1FAF700FEFAF714FEAF
:10DB30000A2F18BF0127384611B0BDE8F04F02B0D8
:10DB400070470B27F7E70127F5E70990079008A82A
:10DB500005F000FE0746A8B10A28079C00D001275F
:10DB600008A802F009FB00283DD159460998D04782
:10DB700059462046D047B8F1000FDCD0672F08BFC8
:10DB80006827D8E7EC4609AB05930FCDACE80F004A
:10DB90002B684A46CCF800303146204608AB05F0E9
:10DBA00079FC0746B8B9099C024609900AA92046A3
:10DBB00002F024FC88B90A9DD5B9219B08A81C60F5
:10DBC00002F0DAFA0746A8B1FAF7B0FD2C46FAF7E8
:10DBD000C3FD0127C9E7079CC2E7FAF7A7FD0127A4
:10DBE000FAF7BAFDBCE7FAF7A1FDFAF7B5FDBCE715
:10DBF0006727B5E759460998D04759463846D04770
:10DC000099E700BFF0B50B46144685B002F108064F
:10DC1000074696E807008DE80700184694E80C00D0
:10DC2000184902F099F83B7805462F2B23D004F1D0
:10DC30000C0393E803008DE80300781C94E80E00C1
:10DC400002F090F8074696E807008DE8070039468D
:10DC500094E80C00284602F07FF803461E4638463A
:10DC6000626821699047284635466368216998476C
:10DC7000284605B0F0BD7B78002BD8D1284605B0EA
:10DC8000F0BD00BF304301082DE9F04385B068B115
:10DC9000074608460C46FAF73BFD38B100232D48ED
:10DCA00003A9039302F03EF8054620B1002528465B
:10DCB00005B0BDE8F083039B1A78002AF6D004F182
:10DCC0000C0999E803008DE80300184694E80E005B
:10DCD00002F062F980460028E8D01F4803A90395A6
:10DCE00002F020F860B10026304663682169984749
:10DCF0004046636821699847284605B0BDE8F0832F
:10DD0000039B1E78F6B199E803008DE803001846DE
:10DD100094E80E0002F040F906460028E3D02246BF
:10DD20004146FFF76FFF0546002DDDD0284602F083
:10DD300011F803460028D7D1284621691D4663689B
:10DD40009847D1E7224638464146FFF75BFF054634
:10DD5000EAE700BF3C4301085443010800232DE9D2
:10DD6000F04182B006460F46214801A99046019332
:10DD700001F0D8FF20B10125284602B0BDE8F081AE
:10DD800004461C490198F4F70DFE0546F0B90190D0
:10DD9000B8F1000F21D0184801A901F0C3FF0028F5
:10DDA000E9D116490198F4F7FDFD0346B3FA83F370
:10DDB0005B093946304688F80030FFF765FF70B1DF
:10DDC000C8F80400284602B0BDE8F0812546284680
:10DDD00088F8004002B0BDE8F0810B25CCE798F848
:10DDE0000050A5F10105B5FA85F56D09C4E700BF3E
:10DDF000F4420108084301081043010828430108C0
:10DE000018B1006808B1D0F8080170478C4670B5A9
:10DE100005468CB00DF1180E0C461646BCE80F00F6
:10DE2000AEE80F009CE803008EE80300FDB12B680C
:10DE3000EBB1D3F80801D0B126B3002532460DF17D
:10DE4000070302A98DF8075003F0BEF8054688B114
:10DE50000A2818BF0125A44606AC0FCCACE80F0079
:10DE600094E803008CE8030028460CB070BD4FF422
:10DE70001675F0E740F259239DF80720002A08BFE5
:10DE80001D46E8E70B25E6E770B1006860B1D0F801
:10DE9000080148B159B110B55AB103F0F5F810B105
:10DEA000022818BF012010BD4FF4167070470B20D8
:10DEB00070470B2010BD00BF30B1006820B1D0F812
:10DEC0000801003818BF0120704700BF014B1868D7
:10DED000704700BF744301082DE9F04389B0109EDC
:10DEE000D6B106F15009044648460D4690461F46F5
:10DEF000FAF70EFC80B17CB12846FFF787FD0028B9
:10DF000055D0B8F1000F07D037B123684BB1642763
:10DF1000384609B0BDE8F0830B27384609B0BDE8A4
:10DF2000F083CDE90333079307AB059306F158035C
:10DF300093E807008DE80700394699E80C00284669
:10DF4000FFF7B8FD0746002860D1C8210120F36D16
:10DF5000326E98472060002860D02846FFF778FD91
:10DF600006F16403009341463346079AD4F80080D3
:10DF700003F076F92768C8F8C000D7F8C00048B3A6
:10DF800007F1700103F04EFA0746A8B9206896F829
:10DF900048307022314680F8B830F2F797F9079888
:10DFA000736D316E9847384609B0BDE8F083C827D5
:10DFB000384609B0BDE8F08327686FB3D7F8C030A2
:10DFC0004BB12846FFF744FD2368D3F8C01003F097
:10DFD00037FA276897B107F150052846FAF798FBFA
:10DFE00058B1F86E48B1294602F05CF90546C8B947
:10DFF0007B6D396EF86E9847FD6627683846736DFD
:10E00000316E9847002301272360C8E76728C6D0F0
:10E01000692805D00A2801D00127C0E70A27BEE7F2
:10E020006727BCE7FFF7F6F82768E7E770B58AB01F
:10E030006E460446124D502212492846F2F746F920
:10E0400004A8FAF755FB0DF1100C05F1500EBCE8D1
:10E050000F00AEE80F00DCF800303046CEF800309C
:10E0600002F03AF996E8070005F1640383E8070037
:10E07000702229462046F2F729F920460AB070BDE1
:10E0800018AD002078430108002849D02DE9F0415F
:10E09000154602680446A4B0002A39D01F46D2F8BB
:10E0A000C030ABB30E46002938D0002D3CD002A8BA
:10E0B00002F09CF9AE464FF000080DF1080CBCE8E8
:10E0C0000F00AEE80F00BCE80F00AEE80F00BCE8A0
:10E0D0000F00AEE80F009CE80F008EE80F008DF8EF
:10E0E0004F8022682B46D2F8C000314600970DF1D0
:10E0F0004F0203F003FA0346C0B940F291129DF8B3
:10E100004F10002908BF1346184624B0BDE8F0811F
:10E110004FF4C873184624B0BDE8F0810B23F3E731
:10E120004FF4C8731846704714ADC0E7FFF772F894
:10E130000346E9E718B1006808B1D0F8C00070479D
:10E1400030B1006820B1D0F8C000003818BF0120FD
:10E15000704700BF0846FAF717BB00BF0846FAF73A
:10E1600039BB00BF037A10B50C4643B1052101F05D
:10E1700035FD02460B460020C4E9002310BD0846C9
:10E18000BDE81040FAF700BBF8B505461046144646
:10E190000E46FAF7BDFA28B1032D03D8DFE805F0E3
:10E1A0001D2E53064FF00B0C6046F8BD002EF9D023
:10E1B000002CF7D000230327DFF8A8E006F11405B0
:10E1C0009C46C6E9013333610FCC0FC52368604616
:10E1D0002B603770C6F80CE0F8BD002EE2D00023AB
:10E1E0009C46337006F11405C6E90133C6E90333D2
:10E1F0000FCC0FC5236860462B60F8BD002ED1D030
:10E20000002CCFD00027A446377006F11405BCE8D7
:10E210000F00C6E90177C6E903770FC5DCF80030C7
:10E2200010202B602169236898473061B0B1002429
:10E2300000250123BC460C4AC0E900450772337033
:10E240006046F260F8BD002EACD0002CAAD00023AE
:10E250000227DFF818E006F11405B1E74FF00A0CC9
:10E26000A2E700BF5DE1000865E1000855E1000894
:10E2700040B139B103781BB1C3680BB100691847CD
:10E28000012070470B2070472DE9F04F87B0002820
:10E290006CD003680446002B62D0BFF35B8F93F809
:10E2A0003830BFF35B8F002B4FD1036804A9186887
:10E2B000FFF7DEFF0546002849D1DDE90423002BE6
:10E2C00049DB052720680097203001F0F3FC236824
:10E2D000BFF35B8FD3F810B0BFF35B8F804620682D
:10E2E00089462830394601F079FC0B4606462068FD
:10E2F000394618301F4601F071FCDDE904CE3618AE
:10E3000047EB010766450B4677EB0E010246824656
:10E3100004DA53EA02012ED16646774605210091C0
:10E32000206832463B46283001F08EFCBBF1000FDE
:10E330000DD0049A059BB2EB0802204663EB09035B
:10E34000D847284607B0BDE8F08F40F2213528466F
:10E3500007B0BDE8F08F0125284607B0BDE8F08F73
:10E360004FF44875284607B0BDE8F08F0B252846C6
:10E3700007B0BDE8F08FBCEB060C6EEB07011CF19B
:10E38000FF3061F10001CDE90232F3F713FF029B88
:10E39000013000FB03F341F1000101FB0A33A0FB54
:10E3A0000A0A8619534443EB0707B7E770B582B0F2
:10E3B00080B3036804468BB30D4659B3BFF35B8F3C
:10E3C00093F83830BFF35B8F53B903686946186818
:10E3D000FFF74EFF064648B140F22133984202D182
:10E3E00000231E462B70304602B070BD2068052108
:10E3F000283001F0F3FBDDE90023801A61EB030113
:10E40000012871F10003B4BF0123002330462B70B3
:10E4100002B070BD0B26304602B070BD4FF4487696
:10E42000E1E700BF70B582B030B3036804463BB388
:10E430000D4609B3BFF35B8F93F83830BFF35B8FA2
:10E44000ABB9036869461868FFF712FF064658B96A
:10E4500020680521283001F0C1FBDDE90023801A86
:10E4600061EB0301C5E90001304602B070BD40F226
:10E470002136304602B070BD0B26304602B070BD6A
:10E480004FF44876F0E700BF30B1006820B1C368B0
:10E490000BB1083070471846704700BF78B370B5AD
:10E4A0001546C2B002B31E466A4601AB0C4602F0E6
:10E4B0001DF88446E8B9009B23B900232B60604611
:10E4C00042B070BD072B07D05A1E052A33D8DFE8AB
:10E4D00002F02F2C2926231AFF2CEED92B60002EB8
:10E4E000EDD0FE233360EAE74FF00B0C604642B0FC
:10E4F00070BDFEF78FFE8446604642B070BD4FF09F
:10E500000B0C6046704706232B60002ED7D0604668
:10E51000019B336042B070BD05232B60F5E70423F7
:10E520002B60F2E703232B60EFE702232B60ECE77D
:10E5300001232B60E9E74FF48071034A02A801F040
:10E54000FDFC4FF0010CBAE7C843010868B170B593
:10E550000D4616460446F2F73BF8334601462A4676
:10E560002046BDE87040FFF799BF0B20704700BF01
:10E5700010B58646F446074C0FCCACE80F000FCC24
:10E58000ACE80F000FCCACE80F0023687046CCF865
:10E59000003010BD2844010818B1006B003818BFC6
:10E5A000012070472DE9F04383B0002800F09880E7
:10E5B000066B0446002E00F08F80F06B03F090F99C
:10E5C000256B061E18BF4FF46176002D00F0848085
:10E5D00000272068D5F84C80D5F8589067602F60E8
:10E5E00018B14946C047256B2760A86828B149463D
:10E5F000C0470023256BC5E901334FF00008A06830
:10E60000EF6CA96DC4F80C80C5F80C8028B1B84730
:10E61000256BC4F80880EF6CA96D4FF0000868699D
:10E62000C5F8108028B1B847C5F81480256BEF6C89
:10E63000A96D4FF000082069C4F81480C5F8408027
:10E6400028B1B847256BC4F81080EF6CA96D4FF066
:10E650000008A069C4F81C80C5F8188028B1019191
:10E66000B847256B0199C4F81880286A20B1B847CB
:10E670000023256BC5E907330027206AD5F84C80B5
:10E68000D5F8589067626F6218B14946C047256B4C
:10E690002762E86A28B14946C0470023256BC5E9CF
:10E6A0000A330027A06AD5F84C80D5F85890E76265
:10E6B0002F6318B14946C047256BA762A86B28B1E4
:10E6C0004946C0470023256BC5E90D33EB6C28464E
:10E6D000A96D984700232363304603B0BDE8F0835B
:10E6E0000B26304603B0BDE8F08300BF70B504468A
:10E6F000F0B1036B0BB30846D1B11D6861688D4260
:10E7000018D221686E1C1E6041F8250002B1156008
:10E71000FFF710FD50B1236B42689B68002043F85F
:10E720002520226B53680133536070BD012070BDFA
:10E730000B2070BD40F2863070BD4FF4617070BD2B
:10E74000002874D0036B10B50446002B71D000680C
:10E7500038B1626800219200F1F72EFE0022236B8F
:10E760001A60A06838B1E26800219200F1F724FE37
:10E770000022236BDA60A06938B1E26900219200BF
:10E78000F1F71AFE0022236B9A61206A38B1626A9F
:10E7900000219200F1F710FE0022236B5A62A06A5A
:10E7A00038B1E26A00219200F1F706FE0022236BE5
:10E7B0001A63206938B1626900219200F1F7FCFD0B
:10E7C0000022236B1A64986838B15A6800219200BD
:10E7D000F1F7F2FD0022236B5A60586938B11A69CB
:10E7E00000219200F1F7E8FD0022236B1A61186AFC
:10E7F00038B1DA6900219200F1F7DEFD0022236BC7
:10E80000DA61D86A38B19A6A00219200F1F7D4FD32
:10E810000022236B9A62986B40B15A6B00219200E0
:10E82000F1F7CAFD00231846226B536310BD0B207D
:10E8300070474FF4617010BD002800F080812DE911
:10E84000F04F046B054683B0002C00F07A814FF046
:10E8500000091F46D4E913B3D4F858A08846C0F87D
:10E8600004901646C4F80090002900F0BF808C0088
:10E8700052462146006801939847019B2860002872
:10E8800000F0F680224649460193F1F795FDC5F860
:10E890000480D5F83080019B52462146D8F8080004
:10E8A000C8F8049098472B6BC8F808009B68002BA9
:10E8B00000F04A81224649461846F1F77DFD2C6B4F
:10E8C0004FF00008D4E91323D4F85890C5F80C8011
:10E8D000C4F80C80002E40F09B80A86828B14946FF
:10E8E00090472C6BAE60D4F858904FF00008F619A2
:10E8F000C4F8108040F0A280606930B14946E36CF2
:10E90000984766612C6BD4F858900026D4E913A878
:10E910006E612664002F40F0AF80286938B1494607
:10E92000D0472C6B2F61D4F85890D4E913A8002657
:10E930000C9BEE61A661002B40F09380A86920B18A
:10E940004946D0470C9B2C6BAB61206A28B14946E5
:10E95000D04700232C6BC4E90733D4E91389002680
:10E960000D9BA76D6E626662002B00F098804FEAE7
:10E97000830A3A465146286AC8472862002877D059
:10E9800052463146F1F718FD2C6B0D9BE06A6B6225
:10E990003A46A6625146C8472B6BE062DC6A002CFF
:10E9A00000F0F480204652463146F1F705FD2C6B0D
:10E9B0000026D4E913890E9BA76DEE622663002B17
:10E9C00040F09780A86A20B13946C0470E9B2C6B57
:10E9D000AB62A06B00284CD03946C04700231846D4
:10E9E0002A6BC2E90D3303B0BDE8F08F006820B197
:10E9F0005146D8472C6BC5F80080A06800283FF42A
:10EA00005FAF5146D84700232C6BC4E9013357E769
:10EA1000B4004A462146A8689847A86040B34146DA
:10EA20004FF000082246F1F7C7FC2C6BEE60F61998
:10EA3000D4F85890C4F810803FF45EAFB6004A4650
:10EA40003146236D6069984781466061002800F077
:10EA5000848032464146F1F7AFFC2C6BD4F85890D5
:10EA600053E79C004A462146A869C047A86140BBBD
:10EA70000A2003B0BDE8F08FBC004A462146286951
:10EA8000C04728610028F3D022463146F1F794FCB4
:10EA90002C6B6F61D4F85890D4E913A847E7286A23
:10EAA00020B13946C0470D9B2C6B2B62E06A0028D1
:10EAB0003FF47EAF3946C04700232C6BC4E90A33CC
:10EAC00076E722463146F1F777FC2F6B0C9B386ACC
:10EAD000EB614A46FE612146C0472B6B38621F6AD4
:10EAE000002F4CD0224631463846F1F765FC2C6B9E
:10EAF00033E79C003A462146A86AC847A862002826
:10EB0000B6D022463146F1F757FCD5F830A00E9B1F
:10EB10003A46EB622146DAF83800CAF83460C84752
:10EB20002B6BCAF838009B6B002B36D0224631463F
:10EB30001846F1F741FC304603B0BDE8F08F0B20DA
:10EB400070474FF4617094E7286851460193D847A5
:10EB5000019B0A20C5E900338BE72B6BA868996DF0
:10EB6000DB6C98472B6B2869DA6C996DC5F80C90B3
:10EB7000C5F8089090470A20C5E9049979E7A86983
:10EB80004946D0470A20C5E9067772E7286A394620
:10EB9000C0470A20C5E908446BE7A86A39460193D3
:10EBA000C047019B0A20C5E90A3362E72DE9F04717
:10EBB00084B0044610A80F4690469946DDF83CA064
:10EBC000F9F7A6FD00286BD0002C69D0256B25B184
:10EBD0006425284604B0BDE8F087BAF1000F5FD085
:10EBE0005046FEF735FB002867D05C20109B149937
:10EBF00098472063002862D029465C22F1F7DCFBAD
:10EC0000DDE90D32266B03EB020E0C9BC6E90155C4
:10EC1000C6E90455C6E90755C6E90A55C6E90D55C2
:10EC20000DF1400C06F14805C6F844A09E44DAF800
:10EC300000A0BCE80F000FC5DCF80030C6442B6014
:10EC40000EEB47010AF1280002F040FE236BF0634F
:10EC5000D86B50B30E9D4B4602950D9D42460195D3
:10EC60000C9D394600952046FFF7E6FD0546002835
:10EC7000AFD0236B2BBB00262046334632463146AD
:10EC8000CDE901660096FFF7D7FD206B0028A0D0E4
:10EC9000C36C816D98472846266304B0BDE8F087B1
:10ECA0000B25284604B0BDE8F087012502F018FEC8
:10ECB000002818BF4FF46175DDE7652589E70A254F
:10ECC00087E7D86BF2E700BF70B50446F0B1036B7D
:10ECD0000BB30846D1B1DD68E1688D4218D2A16856
:10ECE0006E1CDE6041F8250002B1156004F0DAFD0B
:10ECF00050B1236B42685B69002043F82520226BEA
:10ED000013690133136170BD012070BD0B2070BD0C
:10ED100040F2863070BD4FF4617070BD70B504462E
:10ED200000B3036B1BB30846E1B1196C6569A942D6
:10ED30001AD225694E1C1E6445F8210002B11160EB
:10ED4000FFF7A2FB68B1226BE368156C013B1D4421
:10ED500004F0A8FD70B142680020236B5B6943F8A2
:10ED6000252070BD0B2070BD40F2863070BD4FF481
:10ED7000617070BD012070BD70B50446F0B1036BC9
:10ED80000BB30846D1B19D69E1698D4218D2A169E2
:10ED90006E1C9E6141F8250002B11560FEF7AAF9CC
:10EDA00050B1236B42681B6A002043F82520226B78
:10EDB000D3690133D36170BD012070BD0B2070BDDC
:10EDC00040F2863070BD4FF4617070BD70B504467E
:10EDD000F0B1036B0BB30846D1B15D6A616A8D4235
:10EDE00018D2216A6E1C5E6241F8250002B11560DE
:10EDF000FFF706F850B1236B4268DB6A002043F846
:10EE00002520226B936A0133936270BD012070BD8F
:10EE10000B2070BD40F2863070BD4FF4617070BD44
:10EE20002DE9F04F8DB0CDE90423002800F03E819C
:10EE3000066B0546002E00F01181436873B9EB683C
:10EE400063B96B6953B9EB6943B96B6A33B9EB6A60
:10EE500023B940F285300DB0BDE8F08F049B316CD2
:10EE6000012B059B73F10003C0F2F180DDE90487FB
:10EE70004346002900F02E81002440F22139A246A9
:10EE8000A346324614E00028E5D1DDE908234245D7
:10EE900073EB070103DA90461F464FF0010B2A6B14
:10EEA000116C01344AF1000A8C427AF100032CD231
:10EEB0002B69A60053F824000028F2D0EB68D2F8A2
:10EEC00014C023445CF823E008A9BEF1000F06D06B
:10EED00013694CF823E0013313612B6998594FF003
:10EEE000FF326FF00043CDE90823FFF79BFA484556
:10EEF000C9D100222B6901349A512A6B4AF1000AC8
:10EF0000116C8C427AF10003D2D31646DDE904324B
:10EF10001343D94640F0A78000200021CDE9080125
:10EF2000CDE90A0108AB0293F26B06F13403CDE997
:10EF3000003206F1100106F11C0306F12802301D13
:10EF400002F048FB2B6B80461A6CCAB1002427469E
:10EF50002A69A60052F8240070B10DF11F018DF846
:10EF60001F70FFF723FA00287FF475AF9DF81F305C
:10EF70000BB92A6993512B6B1A6C0134A242E7D862
:10EF800038F0020040F08E806E6802461EB90DE037
:10EF90000132B2420AD0996851F822100029F7D103
:10EFA0002C6844F822100132B242F4D1EE680022FB
:10EFB0001EB90DE00132B2420AD0596951F822104F
:10EFC0000029F7D1AC6844F822100132B242F4D1E2
:10EFD000EE6900221EB90DE00132B2420AD0196A70
:10EFE00051F822100029F7D1AC6944F822100132FF
:10EFF000B242F4D16E6A00221EB90DE0013296428F
:10F000000AD0D96A51F822100029F7D12C6A44F8A5
:10F01000221001329642F4D1EE6A00221EB90DE0B0
:10F020000132B2420AD0996B51F822100029F7D16F
:10F03000AC6A44F822100132B242F4D1B8F1020FA6
:10F040007FF409AF4B46002B08BF022003E70029DD
:10F0500034D04FF0FF386FF000470DE74FF4617088
:10F060000DB0BDE8F08F049B012B059B73F10003ED
:10F0700020DB1DA3D3E90023002FBCBF4FF0000805
:10F08000474640463946F3F795F817A3D3E90023DE
:10F09000CDE9080140463946F3F78CF8CDE90A235B
:10F0A00008AB40E701200DB0BDE8F08F0B200DB09C
:10F0B000BDE8F08F5B46002BDBD134E7DDE904329D
:10F0C000134308BF89463FF427AF4FF0FF386FF076
:10F0D0000047049B012B059B73F100034FF00003D5
:10F0E0009946C6DA1FE700BF00CA9A3B000000003D
:10F0F000002839D070B50446006880B30D46164626
:10F10000FEF77EF830B320680430FEF779F808B3D4
:10F1100020680830FEF774F8E0B120680C30FFF783
:10F120000FF8B8B120681030FFF70AF890B1CDB1F0
:10F13000C6B1324629462068FEF720F848B10A28B1
:10F1400007D040F2F51240F6370390420CBF184644
:10F15000012070BDF9F700FB40F6360070BD40F6A7
:10F16000360070BD0B2070BD40F63600704700BF02
:10F1700090B370B50446006848B30D461646FEF7D6
:10F180003FF8F8B120680430FEF73AF8D0B12068B3
:10F190000830FEF735F8A8B120680C30FEF7D0FF34
:10F1A00080B120681030FEF7CBFF58B195B18EB119
:10F1B0002068324629460830FDF7A2FF003818BF04
:10F1C000012070BDF9F7C8FA40F6360070BD40F670
:10F1D000360070BD0B2070BD40F63600704700BF92
:10F1E00000283AD070B50446006888B30D4616462C
:10F1F000FEF706F838B320680430FEF701F810B3C4
:10F2000020680830FDF7FCFFE8B120680C30FEF7FD
:10F2100097FFC0B120681030FEF792FF98B1D5B1CA
:10F22000CEB12068324629460830FDF7A7FF48B125
:10F230000A2807D040F2F51240F6370390420CBF7F
:10F240001846012070BDF9F787FA40F6360070BD08
:10F2500040F6360070BD0B2070BD40F6360070479A
:10F2600000283AD070B50446006888B30D461646AB
:10F27000FDF7C6FF38B320680430FDF7C1FF10B3B7
:10F2800020680830FDF7BCFFE8B120680C30FEF7BD
:10F2900057FFC0B120681030FEF752FF98B1D5B1CA
:10F2A000CEB12068324629460430FDF767FF48B1E9
:10F2B0000A2807D040F2F51240F6370390420CBFFF
:10F2C0001846012070BDF9F747FA40F6360070BDC8
:10F2D00040F6360070BD0B2070BD40F6360070471A
:10F2E000002838D030B50446006891B078B30D4698
:10F2F000FDF786FF28B320680430FDF781FF00B3D7
:10F3000020680830FDF77CFFD8B120680C30FEF78C
:10F3100017FFB0B120681030FEF712FF88B1EDB1D1
:10F320002068002329466A460C30FEF7ADFE60B126
:10F3300040F29113984214D00A2818BF012011B04E
:10F3400030BDF9F709FA40F6360011B030BD40F68D
:10F35000360011B030BD40F6360070470B2011B0BA
:10F3600030BD40F63700F0E7002848D0F8B50C462D
:10F3700000293CD005460868002838D017461E46AC
:10F38000FDF73EFFB0B320680430FDF739FF88B3C6
:10F3900020680830FDF734FF60B320680C30FEF7BA
:10F3A000CFFE38B320681030FEF7CAFE10B32168D4
:10F3B000284601F5E272FFF7DFFCB8B9216828465C
:10F3C00001F5E4720431FFF7D7FC78B921682846CB
:10F3D00001F5E6720831FFF7CFFC38B921682846FD
:10F3E00001F5E8720C31FFF781F958B1F8BD40F62C
:10F3F0003600F8BDF9F7B0F940F63600F8BD4FF425
:10F40000617070472168284601F5EA721031FFF7F4
:10F410006DF90028EAD11FB12368D3F8C4313B60ED
:10F42000002EE3D02368D3F8D0313360F8BD00BF9D
:10F43000002800F08D802DE9F0410C46002977D09E
:10F4400005460868002873D017461E46FDF7D8FE0B
:10F45000002871D020680430FDF7D2FE00286BD060
:10F4600020680830FDF7CCFE002865D020680C30FD
:10F47000FEF766FE00285FD020681030FEF760FEC1
:10F48000002859D0002F60D0002E5ED0069B002BA4
:10F490005BD0079B002B58D0089B002B55D02368CE
:10F4A0006A68D3F8D0118A424CD9D3F8D401824289
:10F4B00048D9D3F8C441EA69A24243D9D3F8C8C1B4
:10F4C00062453FD9D3F8CCE172453BD9AA692D6892
:10F4D00052F8248055F8204055F8215052F82C104D
:10F4E00003F10C0CA5EB0C05B5FA85F56D0952F886
:10F4F0002E203D7003F11005641BB4FA84F4A3EBD5
:10F50000080064093470B0FA80F01C1D091BB1FAC0
:10F5100081F10833D31AB3FA83F3069A40091070C5
:10F52000079A49091170089A5B090020137001E0DD
:10F5300040F63600BDE8F081F9F70EF940F63600E6
:10F54000BDE8F0810120BDE8F0810B20BDE8F0812D
:10F550004FF46170704700BF002839D070B5044681
:10F56000006880B30D461646FEF7A6FC30B320684F
:10F570000430FEF7A1FC08B320680830FEF79CFCBD
:10F58000E0B120680C30F8F76FF9B8B1206810309E
:10F59000F8F76AF990B1CDB1C6B132462946206874
:10F5A000FEF734FC48B10A2807D040F2592240F651
:10F5B000990390420CBF1846012070BDF9F7CCF8B2
:10F5C00040F6980070BD40F6980070BD0B2070BDED
:10F5D00040F69800704700BF88B370B504460068D5
:10F5E00040B30D461646FEF767FCF0B120680430C4
:10F5F000FEF762FCC8B120680830FEF75DFCA0B1E0
:10F6000020680C30F8F730F978B120681030F8F73E
:10F610002BF950B18DB186B1324629462068FEF7EC
:10F6200033FC003818BF012070BDF9F795F840F69B
:10F63000980070BD40F6980070BD0B2070BD40F67C
:10F640009800704700283AD070B50446006888B327
:10F650000D461646FEF730FC38B320680430FEF73E
:10F660002BFC10B320680830FEF726FCE8B12068B8
:10F670000C30F8F7F9F8C0B120681030F8F7F4F85A
:10F6800098B1D5B1CEB12068324629460830FEF790
:10F69000BDFB48B10A2807D040F2592240F6990331
:10F6A00090420CBF1846012070BDF9F755F840F69E
:10F6B000980070BD40F6980070BD0B2070BD40F6FC
:10F6C0009800704700283AD070B50446006888B3A7
:10F6D0000D461646FEF7F0FB38B320680430FEF7FF
:10F6E000EBFB10B320680830FEF7E6FBE8B12068BA
:10F6F0000C30F8F7B9F8C0B120681030F8F7B4F85A
:10F7000098B1D5B1CEB12068324629460430FEF713
:10F710007DFB48B10A2807D040F2592240F69903F0
:10F7200090420CBF1846012070BDF9F715F840F65D
:10F73000980070BD40F6980070BD0B2070BD40F67B
:10F740009800704790B370B50446006848B30D4602
:10F750001646FEF7B1FBF8B120680430FEF7ACFBAB
:10F76000D0B120680830FEF7A7FBA8B120680C30A4
:10F77000F8F77AF880B120681030F8F775F858B1CA
:10F7800095B18EB12068324629460430FEF77CFBE5
:10F79000003818BF012070BDF8F7DEFF40F6980072
:10F7A00070BD40F6980070BD0B2070BD40F698000B
:10F7B000704700BF00284DD070B50C4659B10646C1
:10F7C000086840B11546FEF777FB20B12068043089
:10F7D000FEF772FB10B940F6980070BD2068083043
:10F7E000FEF76AFB0028F6D020680C30F8F754F8D2
:10F7F0000028F0D020681030F8F74EF80028EAD042
:10F800002168304601F5EE72FFF7E0FA0028E4D1F6
:10F810002168304601F5F0720431FFF7D7FA00286D
:10F82000DBD12168304601F5F2720831FFF7CEFADC
:10F830000028D2D12168304601F5F4721431FFF767
:10F840006DFA0028C9D1002DC7D02368D3F8DC3168
:10F850002B6070BD4FF46170704700BF00285AD014
:10F86000F8B50C4661B10546086848B116461F4612
:10F87000FEF722FB20B120680430FEF71DFB10B913
:10F8800040F69800F8BD20680830FEF715FB002808
:10F89000F6D020680C30F7F7FFFF0028F0D0206882
:10F8A0001030F7F7F9FF0028EAD0BEB3B7B3069BD4
:10F8B000A3B3079B93B321682A6AD1F8E0012B69AF
:10F8C00052F82050D1F8E40152F82040D1F8E80174
:10F8D00053F82030D1F8DC0152F820200020521AD1
:10F8E000B2FA82F2520932700A1DAD1A01F1080211
:10F8F000A41AB5FA85F501F11402B4FA84F49A1A3F
:10F90000B2FA82F2069B6D0964093D701C70079B78
:10F9100052091A70F8BD4FF4617070470B20F8BDA2
:10F92000022070470320704704207047062070476C
:10F93000052070475FFA80FCBCF1060F0BD8042944
:10F9400009D810B400EB8003054C0B4454F8233065
:10F950001BB110BC184700207047002010BC704736
:10F960005C44010810B58646F446064C0FCCACE862
:10F970000F000FCCACE80F0023687046CCF80030C5
:10F9800010BD00BFE8440108D0B1844600B5D0F8EE
:10F99000090087B0DCF80D10DCF81120DCF8153018
:10F9A0000DF1080EAEE80F00DCF804000CF1400287
:10F9B00002A91030FFF7DCFB20B907B05DF804FBAB
:10F9C0000B2070470190F8F7C7FE019807B05DF86B
:10F9D00004FB00BF034658B1806848B100220168AB
:10F9E00099600272D968026282840160D8607047AF
:10F9F000704700BF80B179B1C36899420DD02BB177
:10FA00001A68914203D01346002BF9D170470A6857
:10FA10001A6083680B60816070470B68C360F8E709
:10FA200038B580B10D4681B1C46814B909E02468C5
:10FA30003CB11022294604F10900F2F709FE002822
:10FA4000F5D1204638BD0446FBE70C46F9E700BF78
:10FA500040B1C06810B905E0006818B190F90830ED
:10FA60008B42F9D1704700BF40B1C06810B905E0C2
:10FA7000006818B190F90830032BF9DD704700BF1A
:10FA800068B1C06858B110B401E0006828B1D0E98D
:10FA90000A41994208BF9442F7D110BC70477047A1
:10FAA00068B1C06858B110B401E0006828B1D0E96D
:10FAB0001041994208BF9442F7D110BC704770477B
:10FAC00068B1C06858B110B401E0006828B1D0E94D
:10FAD0001641994208BF9442F7D110BC7047704755
:10FAE00040B1C06810B905E0006818B190F8203046
:10FAF000002BF9D0704700BF40B1C06810B905E0D5
:10FB0000006818B190F82330002BF9D0704700BF7F
:10FB100098B110B50B460024426886B000F1280168
:10FB200002F1100003AACDE9034405948DF80C30CE
:10FB3000FFF752FD18B906B010BD0B2070470190B9
:10FB4000F8F70AFE019806B010BD00BF18B3D0B593
:10FB5000044690B006A8FFF705FFEC464FF0000EF4
:10FB600001260127D4F80900D4F80D10D4F811208B
:10FB7000D4F81530CDE90867ACE80F00606806AA34
:10FB800004F158011030CDF81CD08DF818E0FFF7C3
:10FB9000D9FD10B0D0BD0B20704700BF82B030B58A
:10FBA0008BB00EAC84E80C0088B104460D4601A869
:10FBB000FFF7D8FE01AA0EA904F110008DF8045039
:10FBC000FFF7C0FD0BB0BDE8304002B070470B201E
:10FBD0000BB0BDE8304002B0704700BF4FF00101EC
:10FBE00080EA104C8CF03D0C144A0CEBCC0C8CEAE7
:10FBF0001C1C02FB0CFC124B8CEADC3CA3FB0C2310
:10FC00001B0903EB4302C3EBC20310B50D4CACEB75
:10FC1000030C04EB0C02D2E84F3FC2E84E1FBEF1CA
:10FC2000000FF8D1DBB2BFF35B8F002BF3D103C819
:10FC3000BFF35B8F04F80C3010BD00BF2DEBD42751
:10FC4000C94216B288AD002070B54FF0010480EAB9
:10FC5000104E8EF03D0E144E0EEBCE0E8EEA1E1E92
:10FC600006FB0EFE11498EEADE3EA1FB0E6109097C
:10FC700001EB410CC1EBCC010D4DAEEB010E05EBE0
:10FC80000E0CDCE84F1FCCE8464F002EF9D1C9B26C
:10FC9000BFF35B8F0029F4D1C0E90023BFF35B8F72
:10FCA00005F80E1070BD00BF2DEBD427C94216B267
:10FCB00088AD002070B54FF0010680EA104C8CF042
:10FCC0003D0C154C0CEBCC0C8CEA1C1C04FB0CFC06
:10FCD00012498CEADC3C8646A1FB0C01090901EBC8
:10FCE0004100C1EBC0010E4DACEB010C05EB0C016A
:10FCF000D1E84F4FC1E8406F0028F9D1E4B2BFF31B
:10FD00005B8F002CF4D1DEE90001CEE90023BFF3C4
:10FD10005B8F05F80C4070BD2DEBD427C94216B29D
:10FD200088AD002068B110B50C4629B1F2F72AFC65
:10FD300020B12060002010BD034810BD034B23609C
:10FD400010BD0348704700BF28450108244B010837
:10FD50000C4501080020704782B000208DE80C009F
:10FD600002B0704784B001A880E80E0004B0002003
:10FD7000704700BF0FB4F0B583B00E9E08AC84E8A6
:10FD80000F004EB308A8F8F7C3FC28B300210FAB4F
:10FD900032460846CDE9003300F0ECF8431C054636
:10FDA0001AD00D9B471C9F4284BF1F4603F1FF35AD
:10FDB0003846089B0C999847044668B13246394644
:10FDC000019B00F0D7F8002802DB0023635504E014
:10FDD0002046099B0C9998470024204603B0BDE8B3
:10FDE000F04004B0704700BF2DE9F04F87B000909D
:10FDF0008046084600268A4699460492F0F7E8FBBA
:10FE000010253746B34601901FE00BF1010B5E450C
:10FE100012D22E443846D9F80830D9F81020B10053
:10FE2000984705EB4505002800F08180B5F5801F57
:10FE300028BF4FF480150746009BE21A07EB8B039F
:10FE400043F8042C019B04EB030851464046F3F7AA
:10FE50007FF804460028D8D14046F0F7B9FB009B54
:10FE6000A8EB03031C180394BBF1000F49D00498BE
:10FE7000F0F7AEFB019A0646821A0BFB0242D9F854
:10FE80000030D9F81010501C0592984702900028B5
:10FE90004DD03D46DDF800803A684146F0F716FA4D
:10FEA0003B68029A00970124019F02EB030ACDF8F8
:10FEB0000490A946049D0BE0D9F800309A1A00EB93
:10FEC000020AF0F703FAA34504F1010232D91446FD
:10FED000324629465046F0F7F9F959F8042BA34564
:10FEE0003A440AEB060008EB0201E5D1DDE90079AE
:10FEF000039B9A1AF0F7EAF90023029A05995354E2
:10FF00000BE02046D9F80030D9F81010013098479E
:10FF1000029010B10099F2F723FE3846D9F8043068
:10FF2000D9F810109847029807B0BDE8F08F002369
:10FF30000293F2E7DDE90079DEE700BF0CB430B5EB
:10FF400083B006AB53F8042B019352B138B141B1E1
:10FF5000F3F76EF903B0BDE8304002B070470029F6
:10FF6000F6D0F0F789F9162203464FF0FF301A60F9
:10FF7000F0E700BF70B53AB120B129B1BDE87040DB
:10FF8000F3F756B90029F9D0F0F776F91623036094
:10FF90004FF0FF3070BD00BF84B0F8B507AC054628
:10FFA00084E80E00A0B1F0F713FB471C0646079B40
:10FFB00038460B999847044628B13A462946F0F747
:10FFC00085F90023A3552046BDE8F84004B07047EA
:10FFD00004462046BDE8F84004B0704782B0F8B54A
:10FFE00006AC054684E80C0088B14F1C0E46384626
:10FFF0000A999047044628B13A462946F0F766F92F
:020000040801F1
:100000000023A3552046BDE8F84002B070470446DF
:10001000F8E700BF0020014B18607047A0AD00203A
:1000200000285AD02DE9F0410C460168054629B157
:10003000CB68A34205D91C460029F9D11F20BDE891
:10004000F0818B68A34244D00E6A9CB3B4F1804F18
:1000500041D2A700D1F81880086832463946C04717
:10006000002838D02B683246186039465868C04797
:10007000034680B32D68AA686860A24225D2296829
:1000800000EB070C01EB820060454FEA820603EBB0
:10009000820803D201EB070CE04520D3A21A960098
:1000A00032460021F0F788F9324600214046F0F749
:1000B00083F90AE04F6908683146B8472B68314632
:1000C00058681C60B8472D686C600020AC60BDE8C3
:1000D000F0810020B3E70A20B1E70B207047321F00
:1000E00013440A4404390F44002142F8041FBA4261
:1000F00043F8041FF9D1E8E782B070B504AC84E896
:100100000C0080B3066804462EB11E252846BDE8C3
:10011000704002B0704704A80D46F8F7F9FA10B322
:100120002420049B08999847206010B300F1100C1C
:100130000DF1100EC0E90066C0E90266BEE80F00CE
:10014000ACE80F00DEF8003029462046CCF800303D
:10015000FFF766FF05460028D8D0059B0899206860
:1001600098472660D2E70B252846BDE8704002B0CC
:1001700070470A25CAE700BF2DE9F84300283AD0A6
:1001800004680646002C33D0A36833B300252F46FD
:10019000226852F82500E8B1D4F82090D4F81480F1
:1001A0004946C047D4E9002342F8257053F825009A
:1001B0004946C047E3686268013B42F82570E36046
:1001C00034680135A3689D4207D2226852F82500A1
:1001D0000028E1D101359D42DBD300213046FFF7F5
:1001E0001FFF044620B930684369016A98473460AC
:1001F0002046BDE8F8830B242046BDE8F88300BF05
:100200002DE9F84F00B30768FFB18846E1B1D7F890
:1002100008A03E68BAF1000F16D091460024043EB3
:1002200056F8045F4FEA840B01345DB12846F0F7BD
:10023000CFF902464A4538BF4A4629464046F2F7BA
:10024000EDFC28B1A245EBD100273846BDE8F88F78
:100250007B6853F80B703846BDE8F88FD0B504467C
:10026000103000F00BF80026002300272046C4E9D8
:100270000067C4E91233A360D0BD00BF10B50446C7
:1002800038220021F0F798F804F1100000F006F889
:100290004FF0FF332046E36010BD00BF0022027024
:1002A00042607047B0B138B5044608460D46F8F7CD
:1002B0002FFA68B1206820B16B682969984700233C
:1002C0002360201D03F0CAFB003818BF012038BD91
:1002D0000B2038BD0B2070470022C0E9002282604D
:1002E000704700BFF0B484B004AC04E90F000346CB
:1002F000DDE9015002222349039E9942AA4130D3ED
:10030000214C6FF00041A3FB043204FB0522DD43C6
:100310008C1A8542B44132D310EB030C42EB060138
:100320000222DDE9083617480A9D9842B2410B9F28
:100330001CD3154C6FF00040A3FB043204FB0622D3
:10034000DE43841AAE42BC4115D35B1942EB07026F
:100350008A4208BF63450CBF0120002004B0F0BCF6
:1003600070474FF0FF3C6FF00041D9E74FF0FF338B
:100370006FF00042ECE74FF0FF330246E8E74FF042
:10038000FF3CCDE7047DC12500CA9A3B70B485B01F
:1003900004AC04E90F000346DDE9015002221149D3
:1003A000039E9942AA4111D30F4C6FF00041A3FB69
:1003B000043204FB0522DD438C1A8542B4410CD380
:1003C000181842EB060105B070BC70474FF0FF30C3
:1003D0006FF0004105B070BC70474FF0FF3005B0C2
:1003E00070BC7047047DC12500CA9A3B10B5044615
:1003F00040220021EFF7E0FF204610BD002859D031
:100400002DE9F0410D46002956D004461646F0F776
:10041000DFF850B123782F2B0ED002232B6046B18A
:10042000002318463360BDE8F08101232B60002EC5
:10043000F6D10020BDE8F081431EE25C2F2A3DD0BA
:10044000631E03EB0008C4F1010E0EEB030713F863
:10045000011F21F02002413A192AA1F12F0C0BD9DA
:100460005F2909D0BCF10A0F06D904232B60002EA6
:10047000DFD000203760D6E74345E6D101231A4F8D
:1004800004E0984204F101041DD91346984203F197
:100490000102F6D021782F29F3D161782F291ED0BF
:1004A000C95D4907EDD506222A60002EC1D0002083
:1004B0003360B8E70B2070470B20B4E703222A60B3
:1004C000002EF4D1B5E7F72803D8002318462B6097
:1004D000A9E707232B60002EABD0F623E7E7052220
:1004E0002A60002EE3D1A4E7893D010848B370B526
:1004F0001446C2B03AB301290D461E4602D1037814
:100500002F2B12D0694601AAFFF778FF80B9009B14
:100510004BB1072B07D05A1E052A2CD8DFE802F072
:100520002825221F1C15F52D04D80023184623600A
:1005300042B070BD07232360002EF9D0F42333604E
:10054000F6E70B2070470B20F2E706232360002E0E
:10055000EED0019B3360EBE705232360F7E704232C
:100560002360F4E703232360F1E702232360EEE72F
:1005700001232360EBE74FF48071034A02A8FFF7E1
:10058000DDFC0120D4E700BF4445010868B170B527
:100590000D4616460446F0F71BF8334601462A4638
:1005A0002046BDE87040FFF7A1BF0B20704700BF99
:1005B00007289ABF024B53F820000248704700BF3B
:1005C0003C47010894450108002842D02DE9F0413C
:1005D0000D4600293FD004461646EFF7F9FFE0B17B
:1005E000631E03EB0008C4F10101CF1813F801EFFB
:1005F000AEF130022EF0200C092AACF1410C14D9D6
:10060000BCF1190F11D9BEF15F0F0ED002232B6080
:10061000E6B100203760BDE8F08101232B60AEB168
:10062000002318463360BDE8F0814345DDD12278D0
:100630000E4BD35C13F0040304D1FF280DD81846E9
:100640002B60E8E703232B60002EE9D10020BDE8F2
:10065000F0810B2070470B20DDE704222A60002E7A
:10066000F4D0FE2218463260D5E700BF893D01086C
:1006700004289ABF024B53F820000248704700BF7D
:10068000484801085C4701080346406858B1426881
:100690005A600AB1002111601A68426002B110600C
:1006A00000220260186070470B680BB14A685A60FC
:1006B0004A6802B1136003688B42436808BF026056
:1006C0004B6003B1196000230B604160704700BFAD
:1006D00070B528B1044600680D46F8F7A1FD10B9C1
:1006E0000124204670BD6368002BF9D0002DF7D09F
:1006F0002868F8F795FD0028F2D06E68002EEFD03C
:10070000646832692069D0F8883300F52870196868
:1007100002F00CF902462069D0F89033D0F8881323
:10072000F8F7FEFC20693269D0F8883300F52870AC
:100730001968F9F731FE02462069D0F89033D0F8F5
:100740008813F8F7EDFC03462846002B14BF00245D
:100750000224F8F7DDFBC4E7014B1868704700BFBF
:100760007448010884B0F0B583B009AD85E80E0087
:1007700030B104462846F7F7CBFF08B1A6682EB182
:100780000B2003B0BDE8F04004B070470022002306
:100790006F46234904F1200C0968C4E90023A160D5
:1007A0000FCDACE80F00DFF87CE02B683846CCF8C2
:1007B0000030C4F81CE0E660FFF770FD97E8030026
:1007C00004F1100383E80300032217481749267633
:1007D000F8F7DEFA1448FFF757FFF0B1144A8368C0
:1007E0005168107863635961D1681874D9611169CF
:1007F00019625169926859629A61FBF74DFAF1F7F3
:1008000069FFF1F799FF636B98620028F9D0002027
:1008100003B0BDE8F04004B070470120B1E700BF6D
:1008200074480108DC42010884AC002020650020E7
:10083000AC630020002841D070B50D4649B1044694
:10084000806820B1214B1968F2F7ACF890BBAB6817
:100850001BB14FF00B0C604670BD23462A4604F1D5
:100860003006D3F800E0D3F804C09868D968103394
:10087000B342C2F800E0C2F804C09060D16002F157
:100880001002EED119685B68114811605360FFF7E0
:10089000FBFEB8B14FF0000C83686B63656B03F12E
:1008A000100410350FCD0FC495E8070084E8070049
:1008B000604670BD4FF00C0C604670BD4FF00B0CE5
:1008C000604670474FF0010CC5E700BF744801084F
:1008D00084AC002010B58EB078B304462030F7F712
:1008E00017FF50B3A06820B11A4B1968F2F75AF8F5
:1008F00068BB194B196829B3626B01E0496809B3F9
:100900008B689A42FAD11448FFF7CEFE6846FFF78B
:10091000B5FCA4466C464FF0000E0FCCACE80F00BF
:100920000FCCACE80F000FCCACE80F0094E803004C
:100930008CE8030070460EB010BD4FF00B0E7046F1
:100940000EB010BD4FF0010E70460EB010BD4FF04E
:100950000C0EEFE77448010884AC00202DE9F04349
:1009600083B0002800F0D4800E46002900F0D0802B
:10097000436B0546002B00F0CB80784B80681F68E6
:1009800028B13946F2F70EF8002840F0CB80D5E9BF
:1009900000234FF00008C6E90023EB68704C0122E9
:1009A00070497148B364B760F8F792F920460422A1
:1009B0006E49F8F7CDF96C4884F80D80FFF764FEB6
:1009C000002800F0AA808468686B04F11009D0F850
:1009D00024C0D0E90623017CCDF804C0006A009051
:1009E000484601F0E9F94FF47A7C04F5805304F5A8
:1009F0005E72C4E9E3CCC4E9E1225D49C3F89485A1
:100A0000C3F89885C3F89C85C3F8A0850122C4E982
:100A1000DA785848F464F8F73BF905225649574804
:100A2000F8F716F90A2256495648F8F7F1F8012264
:100A300055495648F8F7ACF8012255495548F8F79A
:100A4000C7F80F2254495548F8F762F90322544970
:100A50005448F8F79DF9042253495448F8F7B8F977
:100A6000042253495348F8F7D3F94246696BF06CB6
:100A700000F098FD0746002859D16B6B04F52875E6
:100A80009A6A284604F52271F9F750FF2246284653
:100A90004949F9F76DFF3A4628464849F9F764FF96
:100AA0003A4628464649F9F767FF3A4628464549F7
:100AB000F9F766FFB4F898220423920004F56571F3
:100AC0002846F9F79DFFB4F898220423920004F613
:100AD0009431C4F874032846F9F768FFC4F8780322
:100AE0002846F9F787FF04F59C51C4F88003B4F851
:100AF000982228461431F9F747FF03462846C4F8E0
:100B00007C33FAF7CFFCF8B1384603B0BDE8F08388
:100B10000B27384603B0BDE8F0830127384603B001
:100B2000BDE8F0830C27384603B0BDE8F0834846A3
:100B300001F082F921460C48FFF7B6FD3846C6F8A9
:100B40004C8003B0BDE8F083484601F075F92146BA
:100B50000548FFF7A9FDF7640127D5E774480108A8
:100B6000D4AC0020806F0020C4AC00202885002079
:100B7000A465002094AC002028A60020E4AC00204E
:100B800048660020A4AC0020B86E0020B4AC002061
:100B9000D8630020C863002060AA0020F4AC0020C5
:100BA0002065002084AC002004AC002004AD0020AF
:100BB000A064002074AC0020B93A0108B13A0108E1
:100BC000513B0108ED3B0108174B70B51C68054609
:100BD0003CB30026C16CA068646802698A4218D0E0
:100BE000002CF8D189B1D1F8883301F528709B78B1
:100BF000012B14BF0A210021FAF72CFCE86CF8F74E
:100C000027F9E86C103001F017F900233046EB6447
:100C100070BD183000F004F9E96C0646002CDAD1FA
:100C2000E0E72646C16CDDE794AC00202DE9F041F9
:100C3000064684B022480D461746FFF725FD0446B8
:100C4000002839D03369846803F58053B3F89605DA
:100C50000221421CC4E90576A3F89625F9F7A6FD02
:100C600003462846174D3C2229462361F8F7BEFA71
:100C7000F0B1DFF85480384664224146F8F786FA2E
:100C8000B0B106233069D0F88423CDE9005802932F
:100C900011687369226900F52870F9F7FBFB0246B9
:100CA0003069D0F88C33D0F88413F8F739FA18B9D2
:100CB0002046F8F743F90024204604B0BDE8F0814F
:100CC000F4AC0020A4AD0020E0AD002038B585696B
:100CD000DDB1044628692269D0F8883300F5287010
:100CE0001968F9F759FB02462869D0F88813D0F83B
:100CF0009033F8F715FA0346002B204614BF002462
:100D00000224F8F71BF9204638BD0124204638BDDF
:100D10002DE9F04383B0002B5FD0064635480F46DF
:100D200090461D46FFF7B0FC002856D08468EB6C57
:100D300004F12C092361FFF70FFDC4F82090C4E9EA
:100D400006043046EFF744FC421C3C2A04F1180527
:100D500040D84846314604F16809EFF7B7FA3846FB
:100D6000C4F82490EFF734FC421C3C2A32D83946B0
:100D70004846EFF7ABFA0121236903F58053B3F836
:100D800094054218A3F89425F9F710FD60613B78AB
:100D90002F2B27D17B782BBB33463C21164A174893
:100DA000F1F758FD062120691FFA88F3D0F8842353
:100DB0000191124900F52870009111686269F9F7F4
:100DC00037FB02462069D0F88C33D0F88413F8F74B
:100DD000A7F918B92846F8F741F80025284603B0C6
:100DE000BDE8F0833B463C21054A00960348F1F7F5
:100DF00031FDD7E794AC00205441010844AE0020F7
:100E0000E442010803460846114638B102782AB187
:100E100021B10A7812B19A6CFFF77ABF00207047AF
:100E2000F8B528B30746006820B1374B1968F1F7C9
:100E3000B9FDE8B97D68DDB1344B1C68002C60D089
:100E40000026A1686468D1F880309D4213D0002C40
:100E5000F7D12F4B1C68C4B1A16864680B6A9D422E
:100E6000F9D138467C3100F0EBFA01280646F2D180
:100E700001263046F8BD38468431F7F739FE01289F
:100E80000646F5D0002CDCD1E3E7224B1C686CB1A0
:100E9000A16864688B6F9D42F9D138467C3100F0BF
:100EA0009BF901280646E3D0002CF1D11A4B1C68AF
:100EB0006CB1A16864688B6F9D42F9D138467C3172
:100EC000FFF706FC01280646D2D0002CF1D1286994
:100ED0006A69D0F8883300F528701968F9F75CFA68
:100EE00002462869D0F88813D0F89033F8F718F93B
:100EF0000346002B08BF02263846F7F7AFFF3046FF
:100F0000F8BD2646A5E700BF74480108A4AC002040
:100F1000E4AC0020B4AC0020C8630020436818692A
:100F200000F55A70704700BF2DE9F0430446006891
:100F30000E4615468BB028B1224B1968F1F732FDE9
:100F400000283BD1646800276369D4F878809B68E7
:100F500098470346D3F804903046D9F810309847A4
:100F60000346D8F8100000932269216F00F528701D
:100F700002ABFAF733FFC5E9000798B1D9F808309A
:100F8000304602A9984794F87230D8F81000012B27
:100F90000CD0616F00F52870FAF710F938460BB0E5
:100FA000BDE8F08301200BB0BDE8F08300F52870A8
:100FB000F9F74CFD38460BB0BDE8F0830C200BB0C0
:100FC000BDE8F083744801082DE9F0430546006848
:100FD0000C4690461E4689B028B1294B1968F1F796
:100FE000E1FC002848D10EB100233370D5F80490FD
:100FF000F8F726F84846F7F7FDFF0746002837D0F0
:101000008568D5F83828D5F83C38C4E9083295F811
:1010100037382374B5F8342895F83638A4F81120F9
:10102000E374D5F82818D5F82C28D5F83038616144
:10103000A261E361D9F814309B68984703465C6865
:101040006846D5F8102805F11001F9F733F9414643
:10105000E36868469847394604460A48FFF724FB88
:1010600006B1347084F00100C0B209B0BDE8F0836D
:10107000012009B0BDE8F0830C2009B0BDE8F08381
:1010800074480108D4AC0020F0B5054600680C4651
:10109000164691B028B12A4B1968F1F783FC002855
:1010A00043D1D4E90423A446B4F801001CF801EBB1
:1010B000A168ADF814009CF802C060680792E2686D
:1010C000069302AB6D688DF817E08DF816C007C364
:1010D0006C69AF6FE368984703465C6830462369E4
:1010E000984702463869183200922A69296F00F53C
:1010F000287008ABFAF772FE10B9012011B0F0BDEC
:1011000002A908A8FBF7A6FFA368304608A99847DC
:1011100095F872303869012B0AD0696F00F5287094
:10112000FAF74CF8002011B0F0BD0C2011B0F0BD62
:1011300000F52870F9F78AFC002011B0F0BD00BF5F
:10114000744801082DE9F041044600680F46164630
:101150001D4688B020B11E4B1968F1F723FC70BB07
:101160000DB100232B706468F7F76AFF2046F7F78C
:1011700041FF804638B363698468D96804F5036326
:1011800053E90223C7E9082388470346D4F8102807
:1011900004F110015C686846F9F78CF83146E368A1
:1011A00068469847414604460A48FFF77DFA05B16C
:1011B0002C7084F00100C0B208B0BDE8F0810C20B2
:1011C00008B0BDE8F081012008B0BDE8F08100BFA3
:1011D00074480108D4AC002070B528B104460068FA
:1011E0000D46F8F71DF810B90124204670BD63685C
:1011F000002BF9D0002DF7D02868F8F711F8002857
:10120000F2D06E68002EEFD0646832692069D0F8A1
:10121000883300F52870196801F088FB02462069C0
:10122000D0F89033D0F88813F7F77AFF2069326945
:10123000D0F8883300F528701968F9F7ADF8024640
:101240002069D0F89033D0F88813F7F769FF034688
:101250002846002B14BF00240224F7F743FEC4E7FE
:101260002DE9F04F8DB0002800F0D180884600298C
:1012700000F0CD800446006815461F46F7F7D0FF02
:10128000002800F0C480002D00F0C1802B78002BD6
:1012900000F0BD80002F00F0BA805F48D4F80490C1
:1012A000FFF7F2F90446002800F0B2808668C6F81D
:1012B0008060FFF751FA06F1980AF067C6F884A03B
:1012C0002846EFF785F901303C2806F17C0400F24E
:1012D00097802B463C21514A5046F1F7BBFA3946DC
:1012E0005022C6F8209006F12800EEF7EFFF4046A6
:1012F0004B49F7F7A3FF002800F082804268B261F3
:10130000002A7DD029463B464846FFF78FFCF06116
:10131000002879D0D9F81030042103F58053B3F8B0
:101320009C050625421CA3F89C25F9F73FFA0246C6
:10133000D9F81000D0F88433326100951968326909
:10134000D9F8143000F52870F9F70AF90246D9F8EF
:101350001000D0F88C33D0F88413F7F7E1FE0028A2
:101360004ED0D9F81030294603F58053B3F89E05C6
:101370000DF12008421CA3F89E25F9F717FAD9F8B9
:1013800010A0F369394670614046DAF884B30593DA
:10139000F7F7E2FE0395059B98E803000190ADF88E
:1013A00008101B690AF528700093D6E90432DBF8AF
:1013B0000010F9F77FF90246D9F81000D0F88C3305
:1013C000D0F88413F7F7ACFED0B14FF6FF720021CE
:1013D0003B7AD9F81000022B0CBFD0F88033D0F83C
:1013E0007433CDE90A210793D0F884130AAB009334
:1013F0007269079B096800F5287001F05DFA07E043
:10140000F06908B1F7F79AFD2046F7F755FD00247B
:1014100020460DB0BDE8F08FE4AC00205441010837
:101420002041010808B5034640B1084631B159686A
:1014300050222831EEF74AFF002008BD0B2008BDDE
:10144000F8B528B1044600680D46F7F7E9FE10B973
:1014500001242046F8BD6368002BF9D0002DF7D099
:101460002868F7F7DDFE0028F2D06C68002CEFD07A
:10147000266A62693069D0F8883300F528701968E7
:1014800001F054FA02463069D0F89033D0F888134E
:10149000F7F746FEE069FFF719FC236A62691869ED
:1014A000D0F8883300F528701968F8F775FF0346FF
:1014B000216A226908691C46D0F8881300F5287053
:1014C0000968F8F769FF074630692246D0F890337B
:1014D000D0F88813F7F724FE044630693A46D0F86E
:1014E0009033D0F88813F7F71BFE2CB120B10024FD
:1014F0002846F7F7E1FCACE70224F9E7F0B504462B
:1015000000680F46154689B028B1244B1968F1F7D9
:1015100049FA00283ED105B3002364682B70F7F721
:101520008FFD2046F7F766FD0646F0B181686846F4
:10153000D1F810281031F8F7BDFEA3693946DB68F1
:1015400068469847044631461548FFF7ADF82C70B9
:1015500084F00100C0B209B0F0BD6468F7F770FD17
:101560002046F7F747FD054610B9012009B0F0BD48
:10157000A9686846D1F810281031F8F79BFEA369D6
:1015800039466846DB689847294604460448FFF711
:101590008BF8DDE70C2009B0F0BD00BF74480108EE
:1015A000D4AC002008B540B1103049B1496900F011
:1015B0000FFC80F00100C0B208BD10460029F5D133
:1015C000034B596800F004FC80F00100C0B208BD74
:1015D000AC6300202DE9F04788B005460E469846DA
:1015E0009146129C002A00F00F816CB1AB4B04AF06
:1015F0000FCB87E80F008DE80F0094E80F00FEF78F
:1016000071FE002800F02C814FF0FF37F7F718FD2E
:10161000A34B1C684CB1234600219A685B6802F515
:10162000805282F8A415002BF7D1B9F1000F12D027
:10163000D9F8001079B100234FF0010CD9F804005B
:1016400050F823200133926F9942126902F58052BB
:1016500082F8A4C5F4D1B8F1000F12D0D8F8001068
:1016600079B100234FF0010CD8F8040050F8232082
:101670000133926F9942126902F5805282F8A4C533
:10168000F4D185B1296871B100234FF0010C68686D
:1016900050F823200133126A9942126902F58052F0
:1016A00082F8A4C5F4D164B323464FF0000A9A68C7
:1016B0005B6802F5805292F8A40550445FFA80FA04
:1016C000002BF4D1BAF1000F00F084807B1C0DD008
:1016D0003846F0F7A5FB07465046F0F79DFB01465C
:1016E0003846F0F7A5FCF0F73FFD0746A06800F587
:1016F000805393F8A435002B40F090806468002C50
:10170000F4D1B9F1000F00F0BC80D9F80070002FBF
:1017100000F08E8000242746D9F8043053F82400C6
:10172000F7F768FC00285FD0D9F800300134A342F5
:101730004FF00107F0D8B8F1000F12D0D8F8003000
:101740007BB10024D8F8043053F82400F7F752FC9A
:10175000002851D0D8F800300134A3424FF00107DF
:10176000F0D8DDB12B68CBB100246B6853F82400AE
:10177000F7F740FC58B12B680134A34269D96B6874
:10178000012753F82400F7F735FC0028F3D1D5E9F9
:10179000003242F824000134A342E6D8A6B13468EE
:1017A00094B100231D4604E040F823200133A342F6
:1017B0000AD0706850F823100A7C002AF4D0013354
:1017C000A34217460D74F4D1002F3ED0002008B07C
:1017D000BDE8F087A068002100F52870F9F7B4FC97
:1017E0006468002CF6D18CE7D9E9003242F8240075
:1017F0000134A34290D89EE7D8E9003242F8240091
:1018000001349C429ED3ACE7002B7FF4EEAE00285F
:101810007FF4EBAE00297FF4E8AED7E7394600F558
:101820002870F9F7ABFC6468002C7FF45FAF68E7C1
:10183000B8F1000F38D0D8F80030002B81D11F4606
:10184000002D8FD12F46002EA9D1022008B0BDE86F
:10185000F087002EBAD034680127002CA1D1B5E75B
:1018600094E80F00FEF792FD00230E4AF0F7F2FC19
:10187000B0F1004F71F100030746A8BF6FF00047B9
:10188000C4E6B8F1000F0FD0D8F800304F46002B57
:101890007FF457AF002D7FF465AFD3E7783D0108A3
:1018A000C4AC002040420F0045B12B684746002BD6
:1018B0007FF45AAF002E7FF472AFC6E7002EC4D07B
:1018C00034682F46002C7FF46CAFBEE708B50348A0
:1018D000FEF7DAFE08B18068103008BD04AD0020C4
:1018E00008B5084B196811B90AE0496841B18B681D
:1018F00010339842F9D10348FEF7D6FE002008BD08
:10190000012008BD04AD0020054B1B6823B1986879
:1019100000F52870F9F790B800200021704700BF4B
:10192000C4AC00202DE9F0410568044628460F4666
:10193000F1F738F8C8B1114B1B689D4212D1D4F8A9
:101940000480D8F800406CB10025D8F80860043E47
:10195000394656F8040FF1F725F8AB00013538B1D8
:10196000AC42F5D10020BDE8F0812046BDE8F08111
:10197000D8F81020BDE8F041D358184728010020BE
:10198000003818BF01207047704700BF2DE9F041B3
:1019900019461F4605469046F8F738FCE0B93E4622
:1019A0000AE02246A868EEF791FCAB682869234458
:1019B0002044361BAB602861314601222846F8F7E7
:1019C000AFFCB91B044641440028EAD10123A87D9D
:1019D0006B755840BDE8F0813A464146A868EEF77D
:1019E00075FCAA682B693A443B44AA602B61EDE779
:1019F0002DE9F04119461F4605469046F8F706FCCA
:101A0000E0B93E460AE02246A968EEF75FFCAB6803
:101A1000286923442044361BAB60286131460122EB
:101A20002846F8F77DFC0446B81B4044002CEAD158
:101A30000123A87D6B755840BDE8F0813A464046C9
:101A4000A968EEF743FCAA682B693A443B44AA60B4
:101A50002B61EDE72DE9F041884611461746054612
:101A6000F8F7D4FBE0B93E460AE02246A868EEF754
:101A70002DFCAA682B6922442344361BAA602B61E3
:101A8000314601222846F8F74BFCB91B0446414475
:101A90000028EAD10123A87D6B755840BDE8F0818C
:101AA0003A464146A868EEF711FCAA682B693A4409
:101AB0003B44AA602B61EDE72DE9F04119461F4632
:101AC00005469046F8F7A2FBE0B93E460AE02246FA
:101AD000A868EEF7FBFBAB68286923442044361B5B
:101AE000AB602861314601222846F8F719FCB91B82
:101AF000044641440028EAD10123A87D6B75584073
:101B0000BDE8F0813A464146A868EEF7DFFBAA68D7
:101B10002B693A443B44AA602B61EDE72DE9F04183
:101B20008846114617460546F8F770FBE0B93E4671
:101B30000AE02246A968EEF7C9FBAA682B6922448D
:101B40002344361BAA602B61314601222846F8F750
:101B5000E7FB0446B81B4044002CEAD10123A87DD2
:101B60006B755840BDE8F0813A464046A968EEF7EB
:101B7000ADFBAA682B693A443B44AA602B61EDE7B0
:101B80002DE9F04119461F4605469046F8F73EFB01
:101B9000E0B93E460AE02246A968EEF797FBAB683B
:101BA000286923442044361BAB602861314601225A
:101BB0002846F8F7B5FB0446B81B4044002CEAD190
:101BC0000123A87D6B755840BDE8F0813A46404638
:101BD000A968EEF77BFBAA682B693A443B44AA60EC
:101BE0002B61EDE770B515460E46017D0446F7F70B
:101BF00063FE0DB9012070BD2B4632462046217D83
:101C0000BDE87040FFF7C2BE2DE9F0411D46164603
:101C10000F461A46017D0446F7F776FF2B689E4271
:101C20003CBF0122A27513B90120BDE8F0813A46FC
:101C30002046217DBDE8F041FFF7DABE70B51546BC
:101C40000E46017D0446F7F737FE0DB9012070BD41
:101C50002B4632462046217DBDE87040FFF72CBF61
:101C60002DE9F0411D4616460F461A46017D0446F1
:101C7000F7F74AFF2B689E423CBF0122A27513B9B9
:101C80000120BDE8F0813A462046217DBDE8F041C3
:101C9000FFF776BF38B5054608460C46EEF798FCC8
:101CA000024621462846BDE838400132FFF79ABF78
:101CB00000B583B001ABFFF7A7FF03B05DF804FBED
:101CC000014B1878704700BF80AE00202DE9F04F1F
:101CD0000024934690F8002289B08DF81E408A4671
:101CE0000446059322B34FF4007700F202290DF168
:101CF0001F0805AE0DF11E0502E0059B002B0FDD50
:101D0000D4F87412234622464846CDE90268CDE94C
:101D1000007501F001F90028EFD09DF81E30B3B135
:101D200000200F4B9DF81F201A7009B0BDE8F08FFE
:101D30000DF11F02009201464FF40072D0F8745268
:101D4000A8470028ECD09DF81E30002BE8D1CBF836
:101D500000000120CAF8004009B0BDE8F08F00BFC4
:101D600080AE002030B590F80042154687B074B9B7
:101D7000D0F870420DF11703A04708B1A84215D062
:101D800000200C4B9DF817201A7007B030BD0024BE
:101D90000DF11702029200950B460246D0F8701220
:101DA000019400F2022000F0D1FEE6E7012007B026
:101DB00030BD00BF80AE0020C0E99A23009B80F8B0
:101DC0000012C0F87032019BC0F87432704700BF37
:101DD00038B5D0F8683203B3D0F86C220446E2B1CB
:101DE000D0F87022CAB1D0F87422B2B1C0F88C1207
:101DF0009847054688B194F800328BB94FF40073C8
:101E00000A4A0B49C4F880220A4A2846C4E99E417E
:101E1000C4F88422A4F8883238BD0025284638BD8D
:101E2000002104F2022000F08BFEE7E7CD1C010840
:101E3000651D0108C11C0108D0F86C32184700BFAD
:101E40004FF6FF73038070474FF6FF7303807047B0
:101E500038B5044600880D4600F05AFE0346002BB4
:101E60004FEAD070B8BF258038BD00BF70B50546B9
:101E700008890C4606C9B2FBF0F22B68267DA3EB5D
:101E8000010CBCFBF2FC0CF1010C1FFA8CF3B3FB50
:101E9000F0FC00FB1C339BB202FB03F3181D08444B
:101EA00050F8042C16B1002640F8046C032A01D81F
:101EB000012070BD083328461944043A2B69F8F70D
:101EC000F1F9284622460249F8F7C8F9002070BD0A
:101ED0006D1E010810B50024C0E90012029A0381AA
:101EE00002610475C3B10C600189012914D94FF056
:101EF000010CBCFBF1F2436801FB12C2B3FBF1F32E
:101F000092B202FB03F302680CF1010ED450018976
:101F10001FFA8EFC6145ECD84FF0FF33C36010BD53
:101F20000189D9B110B54FF0000EF4467446BCFBE0
:101F3000F1F2436801FB12C2B3FBF1F392B202FB70
:101F400003F302680EF1010ED45001891FFA8EFCD2
:101F50006145ECD84FF0FF33C36010BD4FF0FF3345
:101F6000C36070472DE9F84304460D460189808916
:101F700090461F4600F0C4FD29460646A08900F0A1
:101F8000C7FD00280ADB00262946E08900F0C0FDD5
:101F9000002800DAE5813046BDE8F883304629465E
:101FA00000F0B6FD0028EEDB4046236998478146E5
:101FB0000121A08900F0A4FDB9F1000F01D18542F3
:101FC00047D022896368B5FBF2F0B3FBF2F302FB62
:101FD000105080B200FB03F320680433184450F81B
:101FE000043C002BCFD141463A46EEF76FF92189E8
:101FF0006368B5FBF1F2B3FBF1F301FB125292B24D
:1020000002FB03F301222168CF50089B1A70B9F13B
:10201000000FB8D0A6890121304600F071FD278954
:102020006368B0FBF7F2B3FBF7F307FB120292B25F
:1020300002FB03F3216804330646C81850F8043C39
:10204000002BA0D023699847022808D00128E2D0AD
:1020500099E7089BA581012683F8009094E7012663
:1020600092E700BF2DE9F04704460F468089012121
:10207000904600F045FD21896668B0FBF1F2B6FBA1
:10208000F1F601FB120292B202FB06F62368043657
:102090001E4456F8049CB9F1000F23D0054623696D
:1020A00030469847824600B3B4F80CA00121504650
:1020B00000F026FDD4E9002321898246B0FBF1F02F
:1020C000B3FBF1F301FB10A080B200FB03F3043378
:1020D000D01850F8043C2BB12369984702281BD034
:1020E0000128E3D00020BDE8F0874A463146384653
:1020F000F8F7E0F821896368B5FBF1F2B3FBF1F37F
:1021000001FB125292B202FB03F32268012042F853
:1021100003A0A581BDE8F087208906EB0801B5FB87
:10212000F0F6636800FB1655B3FBF0F30020ADB288
:1021300003FB05F52368A9EB080258513846F8F768
:10214000B9F8384622460349F8F788F80120A4F880
:102150000CA0C8E76D1E010838B511460446C089B9
:10216000154600F0D5FC0028B8BFE58138BD00BF9A
:102170002DE9F843038904460F468589D3B12846E3
:10218000012603E0664515D2A0890136B1B200F000
:10219000B7FCD4E90013B4F808C0B0FBFCF2B3FB01
:1021A000FCF30CFB120292B202FB03F3CB58002BA0
:1021B000E8D10546012128463D80E58900F0A4FCD0
:1021C0000146284600F0A0FC064620B34FF0000967
:1021D0004FF001084D461FFA89F1388800F090FC55
:1021E000D4E90032218908FA09FCB0FBF1FEB2FB08
:1021F000F1F20EFB110080B202FB00F01B584CEA1A
:10220000050C09F101090BB91FFA8CF54E45E2D115
:102210002846BDE8F88305462846BDE8F88300BF98
:102220004FF6FF7CC0E9013201600373A0F80EC0D5
:10223000704700BF4FF6FF72037BC2814360704757
:10224000F0B5044683B040680D461646F9F702FD26
:10225000D4E901231044421993422CBF01270027DF
:1022600002D2384603B0F0BD00902168304600230A
:10227000F8F70EF8384661682944616003B0F0BD94
:102280002DE9F04145680446007B85428CBF01255D
:10229000002502D82846BDE8F0818846E089012162
:1022A00017461E4600F02CFCD4E90023E081308064
:1022B000C8F800203B60237B28466360BDE8F081BE
:1022C000B1F808C0F8B50C4642C9B6FBFCF6036885
:1022D0000546A3EB010EBEFBF6FE0EF1010E1FFA42
:1022E0008EFEBEFBFCF70CFB17EC1FFA8CFC06FB0A
:1022F0000CFC227B51F80C6094440CF1080CB21ACF
:1023000003696144043AF7F7CDFF284622460249A3
:10231000F7F7A4FF0020F8BDC122010830B59DF8F1
:102320000C40C0E9001203810473DBB10C60018929
:10233000012917D94FF0010CBCFBF1F2436801FBF6
:1023400012C2B3FBF1F392B202FB03F390F80CE07C
:1023500002680CF1010442F803E001891FFA84FCD1
:102360006145E9D84FF0FF346FF000454FF6FF723A
:1023700000230449C0E90645C0F80E1042820384D8
:1023800030BD00BF0000FFFF018930B5B1B14FF093
:10239000000EF446BCFBF1F2436801FB12C2B3FB32
:1023A000F1F392B202FB03F3047B02680EF1010E1B
:1023B000D45001891FFA8EFC6145EBD84FF0FF34F1
:1023C0006FF000454FF6FF7200230449C0E906454F
:1023D000C0F80E104282038430BD00BF0000FFFF32
:1023E0002DE9F04F04460089E68991B00492B6FBCE
:1023F000F0F2656800FB1262B5FBF0F5236892B25B
:1024000005FB0232D2F8008004328B4694F80C901F
:102410002F1F0392002800F04B814FF0000CE24682
:102420006146B1FBF0F200FB121292B205FB02F220
:102430009A580CF1010C4A4508BF0AF1010A1FFA2B
:102440008CF108BF1FFA8AFA8142EAD34046042180
:10245000CDF814A0F7F732FF804408EB0B02BA4224
:1024600040F2C980227B5A44BA4240F2B180C9F599
:102470007F43FC33BAB213449BB20AFB03F9D9453C
:1024800005930693C0F0B38008F10403BB4280F0CB
:10249000DA80A2F10409A9EB0809059B1FFA89F962
:1024A000ABEB090BBBFBF3F203FB12B3002B40F0C9
:1024B000C48093B2534500F29A800DF1200B002B9B
:1024C00042D0CDF81C804FF0000ADDF814800DF1E9
:1024D000200B05951D4600E0C14622896368B6FBC6
:1024E000F2F1B3FBF2F302FB116189B203FB01F1DC
:1024F00023680431194451F8043C3A465846009385
:102500000023F7F7C5FE4A4600230D215846F9F788
:1025100061FB21896368B6FBF1F2B3FBF1F301FBC8
:10252000126292B202FB03F322683046D7500121B7
:1025300000F0E6FA0AF1010A1FFA8AF39D42064604
:10254000CAD8DDF81C80059D20896368B6FBF0F1D0
:10255000B3FBF0F300FB116189B201FB03F32168C7
:102560000433194451F8043C3A465846009300237A
:10257000F7F78EFE069F5846BAB202230D21F9F7EF
:1025800029FBA5F108022589039BB6FBF5F008F1AC
:1025900004010B441946636805FB1060B3FBF5F3B7
:1025A00080B200FB03F3207B256804303844E850F8
:1025B000049DA2EB08022846F7F77CFE2846224637
:1025C0003C49F7F74BFE0120E68111B0BDE8F08FE2
:1025D0000121E08900F094FA21890546608A00F023
:1025E0008FFA0146284600F093FA002845DD0020C6
:1025F00011B0BDE8F08F2189608A059200F080FA61
:102600000146304600F084FA0028059AEFDCD4E950
:102610000073DDE903102589B6FBF5F4B3FBF5F390
:1026200005FB1464A4B204FB03F3FA500023CDF8B5
:102630000080F7F72DFE0120DAE70132069393B20E
:102640005345D4D839E730460121079200F058FAB3
:10265000B4F808C00646B0FBFCF063680CFB1060E1
:10266000B3FBFCF380B200FB03F321680433CB1807
:1026700053F8048C079A03930BE721896368B5FB31
:10268000F1F2B3FBF1F301FB125292B202FB03F33E
:102690002168227B043319445A4441F8042C237BDB
:1026A000049800930023F7F7F3FD0120E5819FE7ED
:1026B0008246CBE6C1220108F8B504460F46008ADF
:1026C000012116461D4600F01BFAD4E9002328809C
:1026D0002189B0FBF1FEB3FBF1F301FB1E0C1FFAE5
:1026E0008CFC0CFB03FC0CF1040C62443A60236884
:1026F000E1899C445CF8043C336000F009FA00284E
:1027000001DD0020F8BD237B32689A42F9D9618A45
:10271000208A00F0F9F923898342F2D02888E389DE
:102720002082984201D00120F8BD012100F0E8F993
:1027300003460120E381F8BD70B5018A0446408A52
:1027400015461E4600F0E4F9002807DB4FF0FF3283
:102750006FF000430020C4E9062370BD94F8200008
:1027600040B9012384F82030643546F10006C4E9FD
:10277000065670BDD4E90623954276EB0303A9BF44
:10278000431C0020012084F82030EDE7408A704788
:102790002DE9F04190F82180B8F1000F11D00E46DC
:1027A00017461D4604461888012100F0A9F9288023
:1027B000218A00F0ADF9002806DD0023984684F850
:1027C00021304046BDE8F081218928886368B0FB4C
:1027D000F1F2B3FBF1FC01FB120292B202FB0CFC22
:1027E00023680CF1040C634433602368634453F89A
:1027F000043C3B60227B9A42D6D04046BDE8F08143
:10280000F8B504460E461046012100F07DF9618AB4
:1028100000F07AF9C8B1054600270121608A00F06E
:102820006FF923896268B0FBF3FEB2FBF3F26082BA
:1028300003FB1E0083B203FB02F294F80CC0216874
:102840000137BD4241F802C0E7D1003E4FF000031E
:1028500018BF012684F8203084F82160F8BD00BF3D
:10286000018A08B5408A00F053F9B0FA80F04009B7
:1028700008BD00BF0189E9B14FF0000C30B54368D5
:102880000568047BB3FBF1FE60466246B2FBF1F3E0
:1028900001FB13239BB20EFB03F3EB580CF1010C6D
:1028A0009C4208BF01301FFA8CF208BF80B28A42F6
:1028B000ECD330BD0846704770B594B0CDE9042123
:1028C0000022189D0446002D14BF012111460393D8
:1028D0008DF81C308DF81D208DF81E208DF82410E9
:1028E00021D010226B682968CDF82A30CDF8261047
:1028F000002608252046CDE9005605990CABF8F7CF
:10290000AFFE18B90446204614B070BD049906AA5B
:102910002046F8F7E7FF044606A90CA8FAF7F2FAF2
:10292000204614B070BD0822E2E700BF10B50023B6
:1029300008244FF0010C94B0CDE90043CDE9022109
:102940000592ADF81C308DF81E30CDF82630CDF84C
:102950002A3010220CAB04468DF824C0F8F780FE14
:1029600018B90446204614B010BD059906AA2046A1
:10297000F8F7B8FF044606A90CA8FAF7C3FA2046F0
:1029800014B010BD2DE9F04395B0BDF8787013B1C7
:1029900015B0BDE8F0830C461D461C9B8046049391
:1029A0001D9B0CA81646D1E90121521A05939DF8EA
:1029B0007690F7F77FFCD4E906120CA8F7F74EFCE7
:1029C000E36993B1B9F1070F1D753DD0B9F1080F57
:1029D0002CD0B9F1060F11D001221A7531462046CC
:1029E000F7F7BAFC15B0BDE8F083B9F1070F2BD0AB
:1029F000B9F1080F1AD0B9F1060FEFD1D8F8885005
:102A00008DB10CAB0093062301968DF81630D8F8E3
:102A10008C303A4602934046DDE90431A847012252
:102A2000E36988F8B420002BD6D1D7E7D8F8A420E2
:102A3000002AF8D006A90CA8109DFAF731FB98B926
:102A4000E369002BC8D1C9E7D8F8AC2032B10CA893
:102A500006A9109DF9F7F2FF48BBE369A26832446A
:102A6000A260002BB8D1B9E7109BDDE90D210CA8BD
:102A7000521AED1AF7F71EFCD4E906120CA8F7F764
:102A8000EDFB08213544ADB20CAB009301958DF8F8
:102A90001610D8F8A81006AB02913A464046D8F86E
:102AA000A4500599A847012388F8B430C8E7109BC3
:102AB000DDE90D210CA8521AED1AF7F7FBFBD4E95A
:102AC00006120CA8F7F7CAFB0CAB0093072335449A
:102AD0009DF818108DF81630ADB29DF8193001959B
:102AE00003EB0123D8F8B0109BB202913A4640465E
:102AF000D8F8AC500599A847012388F8B430ACE762
:102B0000084480B2704700BF401A80B2704700BFCF
:102B1000884211D009D3884210D9401AB0F5004F2D
:102B2000D4BF01204FF0FF3070470B1AB3F5004FB0
:102B3000F1DA4FF0FF3070470020704701207047F6
:102B40000023417003708385704700BF4FF07E0CF7
:102B50002DE9F04F9B4643781746A3F17D0283B0E1
:102B6000012A04460E469DF83450DDF8388080F87E
:102B700038C040F2348180F839300223A5F17D025B
:102B8000012A80F8623040F29080032384F83A50A2
:102B90000C9A84F86230D2B2A2F17D01012940F290
:102BA0009980E11881F838200C9A0133C2F307218B
:102BB000A1F17D02012A84F8623040F29E805A1C05
:102BC000234483F838100C9BD2B284F86220002B87
:102BD00000F0A6804FF0000AD1461BF80930A3F19F
:102BE0007D01012940F2C080292A00F29C80511CFD
:102BF000224482F83830CAB284F862208AEA030399
:102C00008249DBB231F8133009F1010983EA1A2A4B
:102C10000C9B4B45E1D84FEA1A235FFA8AF90193DE
:102C20004FF0000BA9F17D0A5FFA8AF1012921D941
:102C3000292A40F2AC80002500E060B105F138019E
:102C4000521B434638462144B04794F8622005445D
:102C50009542F2D303D0002003B0BDE8F08F4FF0CF
:102C600000035FFA8AF101294FF0000284F8623014
:102C700000F28D80511CC9B22929DCD84FF07D03A8
:102C80005846951C224482F83830214489F02009A6
:102C9000EAB281F838904FF0010B84F862200028E6
:102CA00040F08280DDF80490BCE71A46032104233B
:102CB0007D20224482F838000C9A214485F02005BA
:102CC000D2B281F83850A2F17D01012984F8623036
:102CD0003FF667AF7D20E11882F0200281F83920AD
:102CE0000C9A81F83800C2F30721A1F17D0202336A
:102CF000012A84F862303FF662AF7D25581C9A1C89
:102D0000234483F83850C0B20C9B81F0200120444A
:102D1000D2B280F8381084F86220002B7FF45AAFCA
:102D2000994601937CE7002501E0002893D005F146
:102D30003801521B434638462144B04794F862207C
:102D400005449542F1D386D14FF0000384F86230F8
:102D50000C9B00224B457FF65EAF1BF80930A3F1B8
:102D60007D0101293FF640AF511CC9B22929DAD8AB
:102D70004FF07D05901C224482F838502144C2B2A5
:102D800083F0200081F8380084F8622036E7584646
:102D9000511C224482F83890CAB24FF0010B84F8DB
:102DA000622000283FF47EAF002502E000283FF4B7
:102DB00052AF05F13801521B434638462144B04713
:102DC00094F8622005449542F0D37FF444AF002389
:102DD0000C9A84F8623090B203B0BDE8F08F7D2287
:102DE00083F0200380F83A30032380F83920A5F1DE
:102DF0007D02012A80F8623003D81A460421052397
:102E000056E7042380F83B50C2E600BF9048010813
:102E10002DE9F04F044683B01F4689469246DDF8FF
:102E200034B0F8F71DFF94F82C3094F82D608046EC
:102E3000B34262D01DD8751E0026ED1AEDB25D4575
:102E400020D8AB195B4584BFABEB0506F6B2F5B9EC
:102E50004FF0000BF8F704FF014658463B68A1EB22
:102E60000808A3EB080323EAE3733B6003B0BDE863
:102E7000F08F002E49D0C3F12A05EDB2013E5D4529
:102E8000F6B2DED95FFA8BF50026002DE0D094F87B
:102E90002C1002310C9B2A4600933B68214450467B
:102EA000C84794F82C301B4A03445908A2FB01215F
:102EB0002A22890802FB1131834684F82C1000284D
:102EC000C6D0A842C6D1002EC4D00C9B02313246D7
:102ED0000093214400235046C84794F82C300D4AF3
:102EE00003445908A2FB01122A21920801FB123364
:102EF00000EB050B84F82C30ACE70026BBF1280F63
:102F0000A685BFD902212925C4E7C3F12905EDB261
:102F100095E700BF310CC3302DE9F04F1E4690F805
:102F20002C5090F82D3004469D428846914683B03F
:102F300000F084812378BF4DBF4F072BFDD8DFE819
:102F400013F00E01EF00CF00B20089004D003000F9
:102F5000080094F82C1094F82D30994200F0468126
:102F6000E21892787D2A00F0AF812A2001335908B7
:102F7000A5FB01C1890800FB11337E2A84F82D309E
:102F800000F04B820020A38EE18E03EB02239BB264
:102F90009942A386207000F07281002003B0BDE842
:102FA000F08F94F82C0094F82D30984200F02D8189
:102FB000E21891787D2900F06A812A2001335A08AD
:102FC000A5FB02C2920800FB12337E2984F82D3043
:102FD00000F013820723A1862370AEE7638EB4F856
:102FE00030C09C4531D92A2022E089787D2900F023
:102FF000D480A5FB0A2A4FEA9A0A00FB1AEE7E2922
:1030000084F82DE000F0C680F154B4F836E0638E09
:103010008EEA0102D2B237F81220B4F830C0013380
:103020009BB282EA1E2263456386E28680F01C81A1
:1030300094F82D2094F82CB002F1010E93454FEA3C
:103040005E0A04EB0201D0D19C4540F011810623B9
:10305000237072E794F82C0094F82D30984200F019
:10306000C580E21891787D2900F08D812A200133F6
:103070005A08A5FB02C2920800FB12337E2984F88D
:103080002D3000F0CA810020238E608603EB0123DF
:103090000C999BB28B422386E08640F2E28020703E
:1030A00003B0BDE8F08F94F82C0094F82D309842CE
:1030B00000F0AB80E21891787D2900F081812A2010
:1030C00001335A08A5FB02C2920800FB12337E2985
:1030D00084F82D3000F091810423218623702CE7A1
:1030E00094F82C1094F82D20914200F0B680A3188B
:1030F00098787D2800F007812A2301325108A5FB2A
:1031000001C1890803FB11227E2884F82D2000F0DC
:103110008881637883420CBF0323002323700CE76C
:10312000002394F82C1084F82E3094F82D30994216
:103130006FD0E21890787D2800F001812A210133B8
:103140005A08A5FB02C2920801FB12337E2884F8BC
:103150002E0084F82D305CD002232370EDE64FF072
:103160002A0C94F82C0094F82D30591C98424FEA00
:10317000510204EB030E3FF410AFA5FB023292089C
:103180000CFB12129EF802E0D3B2BEF17E0F84F85F
:103190002D30EAD101232370CFE602F1010E4FEA70
:1031A0005E01A5FB01A1890800FB11E104EB010E02
:1031B000C9B28B4502F102023FF446AF9EF802A06D
:1031C0004FEA520EA5FB0EBE4FEA9E0E00FB1E22DA
:1031D000BAF17E0F8AF0200184F82D207FF414AF1D
:1031E0009C453FF434AF01232370A6E60F9B009368
:1031F000012301934A46414620460E9BFFF708FEF5
:1032000000283FF4CAAE237897E60F9B0093022371
:10321000EFE70F9B4A460093042341460193204663
:103220000E9BFFF7F5FD0028EDD194F82E307E2B94
:10323000E9D0B2E6310CC330904801080F9B0093EF
:10324000052301930E9BFFF7E3FD94F82D2094F8DE
:103250002C309A423FF4A1AE6CE60F9B00930323FF
:10326000C7E70523237068E63FF4F1AE7E2991D0CD
:10327000ACEB0303023301930F9B0093BAE794F87E
:103280002E300D9A1370208E03B0BDE8F08F4FF0F2
:103290002A0C591C4A08A5FB02E292080CFB1212E8
:1032A000D1B28842B1D00233224491785A08A5FBAA
:1032B000020292080CFB12337E2984F82D3000F0B4
:1032C0009C8081F0200185E62A2003F1010C4FEA61
:1032D0005C02A5FB02E2920800FB12C25FFA82FCCC
:1032E000614583D002335908A5FB01C1890800FB61
:1032F00011332244927884F82D307E2A00F08D809C
:1033000082F020023EE64FF02A0C501C4308A5FB39
:1033100003E39B080CFB1303D8B281429DD0023219
:103320005108A5FB010189080CFB112223449B785D
:1033300084F82D207E2B74D083F02000E9E62A202B
:1033400003F1010C4FEA5C02A5FB02E2920800FBCC
:1033500012C25FFA82FC61453FF45BAF0233224444
:1033600091785A08A5FB02C2920800FB12337E290D
:1033700084F82E1084F82D303FF44BAF81F02001FB
:1033800084F82E10E8E64FF02A0C591C4A08A5FBD9
:1033900002E292080CFB1212D1B288423FF426AF2F
:1033A0000233224491785A08A5FB020292080CFBD2
:1033B00012337E2984F82D302FD081F0200162E66F
:1033C0004FF02A0C591C4A08A5FB02E292080CFB9C
:1033D0001212D1B288423FF418AF023322449178DE
:1033E0005A08A5FB020292080CFB12337E2984F8CE
:1033F0002D3002D081F020016EE60F9B0093022356
:1034000001934A46414620460E9BFFF701FD0028E6
:103410007FF4F9AE012323708FE50F9B0093012306
:10342000EEE70F9B00930323EAE700BF002330B5CC
:1034300083B00093D0B1044669461548FCF772FC8E
:10344000024610B1012003B030BD009B8BB118784B
:103450000028F8D0184601A90192EFF7DBFE0546D7
:1034600050B1431C0DD000202560ECE70B2003B0C9
:1034700030BD184603B030BD019B1B78002BF2D045
:10348000E0E7ECF7F9FE0368222BECD1DAE700BFA6
:10349000904A01082DE9F04F8BB00693002800F008
:1034A000AE800E46002900F0AA801746002A00F0E0
:1034B000A680002B00F0A380199B002B00F09F80BA
:1034C000002209A9804600F0F3F90446002840F0E4
:1034D0009780099B002B40F09B80024609A930464B
:1034E000FDF772F8002840F08F80099A002A40F01A
:1034F0009480384609A9FDF749F8002840F08480F7
:10350000099C002C40F0EE807B214046EFF7E4F967
:1035100098F8003005462F2B00F09F807E2B40F05E
:10352000A3803846EDF754F8834A844BCDE90376FF
:10353000012818BF134602934FF400630193189BB0
:10354000009308F10103059314AB0FCBFCF712FCB9
:103550008246002800F0C880002D00F0A3807B2167
:10356000EFF7BAF9D14605460794D3464C46002DED
:1035700000F0BF807D212046EFF7AEF98146A9EB30
:10358000050909F1010A294652466D48EFF746FB45
:10359000002867D0524629466A48EFF73FFB30B112
:1035A000524629466848EFF739FB002837D1B9461B
:1035B00016AB93E807008DE8070014AB28460CCB48
:1035C0005146FCF70BFD0546002800F09C804A465A
:1035D0002046294614ABFCF707FC044618992846F8
:1035E000159B98475846159B18999847002C7BD0F7
:1035F0007B212046EFF770F9A3460546B7E70B2479
:1036000020460BB0BDE8F08FF9F704FE0446F7E75B
:10361000672420460BB0BDE8F08FC924F0E709F11C
:10362000FF320698691CFCF7EBFD81460028BFD1EC
:10363000199B16AA186007CA8DE8070014AB0CCBBB
:1036400051462846FCF7CAFC1899159B98475846DE
:10365000159B189969249847D2E700285BD0C1468A
:10366000A24681E7B146A3E70028F8D13846ECF737
:10367000AFFF3649364B4FF40062012818BF0B46A6
:10368000189DCDE90123CDF810800397009514AB68
:103690000FCBFCF76FFB824653462BB3199BC3F845
:1036A00000A0ADE79AF800302F2BF7D03846ECF7A2
:1036B0008FFF264A264B4FF40061012818BF13469E
:1036C000189ACDF810A0029303970191009214ABC1
:1036D0000FCBFCF74FFB5546159A824618992846A2
:1036E0009047D9E7CA248BE70023199A0A2413606C
:1036F00086E75B46DA46079C002BD3D198F800306A
:103700002F2BCBD0B2E7DDE918125846159B156078
:1037100098470A2474E717AB93E803008DE8030089
:1037200014AB0ECB4046FCF737FC199B002808BFB2
:103730000A24186064E700BFA04A0108504101084C
:10374000A84A0108B04A0108B84A0108E442010841
:103750006041010800280CBF0B200020704700BF0B
:103760000346034A92E8030083E8030018467047C3
:10377000C44A010882B02DE9F04186B00DF1300C49
:103780000DF1040E4CF8043F04460F461646BCE803
:103790000F00AEE80F00DCF8003001A8CEF80030D2
:1037A000F4F7B6FF38B334B3D4F80480B8F1000F9F
:1037B0001AD106B33046F9F74BFDF0B11C20019B3E
:1037C000059998470546606020B3C7B1076080F847
:1037D000048005F1080C01AC0FCCACE80F002368A5
:1037E0000025CCF8003000E06425284606B0BDE88E
:1037F000F04102B070470B25F7E76525F5E7306823
:10380000283000F03DFA286065682E6826B1012353
:103810002B71DEE70A25E8E72846029B05999847C1
:1038200001256660E1E700BFF8B5E0B104464068F5
:1038300058B10368C668876953B1057955B93946E7
:10384000B047002328466360F8BD05462846F8BD0A
:103850001D46F4E7184600F027FA0546003D18BF5C
:1038600001256068EBE70B252846F8BD70B50C4CC8
:1038700086B006466846F4F73BFFA4466C466546AC
:103880000FCCB646ACE80F0024680FCDAEE80F00B1
:103890003046CCF80040CEF8004006B070BD00BF06
:1038A00084AE002010B1406800B10068704700BFCE
:1038B000002800F082802DE9F0470F4600297ED0D5
:1038C00004461646ECF784FEB0B194F80090DFF899
:1038D00088C11CF8093013F0040339D100F1FF3816
:1038E00014F808202F2A0FD102223A60A6B31846F6
:1038F000C6F80080BDE8F08701233B6066B3002373
:1039000018463360BDE8F0871D46194604F1FF3ABA
:103910001AF8012FA2F1300EBEF1090F1FD922F0C3
:10392000200EAEF1410EBEF1190F18D95F2A1FD03B
:103930002F2A52D07E2A49D07B2A55D07D2A63D1A6
:10394000002D56D105233B6036B100203160D9E708
:1039500004233B60002ED2D10020BDE8F0871CF884
:103960000220520704D51DB111B14A1E9A4228D037
:1039700001318842CCD1002D41D1B9F17E0F4BD01D
:103980002846012306E08B4204F1010403F1010201
:1039900031D21346804500F10100F4D022782F2A5D
:1039A000F1D162781CF802205507ECD504223A6068
:1039B000002ED1D000203360A4E70B2070470B20ED
:1039C000A0E709233B60002EBFD1C5E70029CFD077
:1039D00006233B60002EB8D1BEE7002DC8D00823D7
:1039E0003B60002EB1D1B7E7002DF8D10B46012581
:1039F000BEE70025BCE7002318463B6082E70522AE
:103A00003A60002ED6D1A7E7002D14BF0823032368
:103A10003B60002E99D19FE701230AE0012D13D0CE
:103A2000994205F1010504F1010403F10102E2D913
:103A30001346A845F4D022782F2AEFD162781CF8DB
:103A400002205207ECD5B1E707233B60002E83D05C
:103A50000020356056E700BF893D010828B370B5E6
:103A600004464068E0B104F10800F4F751FEC0B12B
:103A70002368C3B100252E46606850F82500E3682E
:103A8000A1699847D4E9003040F8256001359D428E
:103A9000F3D3E368A169984700231846C4E90033CB
:103AA00070BD0B2070BD6068F3E70B20704700BF4E
:103AB00082B002B0704700BF2DE9F041224A94B0B5
:103AC00012681A9DCDE91231BDF86C60002A38D019
:103AD000BDF84C109DF84E0001E052688AB394681E
:103AE000A38A8B42F9D1A37D8342F6D1482204F107
:103AF00030016846ECF7EAFB04F1280320460CCBC2
:103B0000F5F728FA0746E0B1D0F808803246284693
:103B100008F11001FEF702F830B939460B4814B02D
:103B2000BDE8F041FCF7C0BDC8F81448C8F81068FB
:103B3000FDF7EAFE052308F5026242E9020188F872
:103B4000203814B0BDE8F081E4AC0020D4AC0020F3
:103B50002DE9F041234894B000681A9FBDF86C60CD
:103B6000139100283BD01D4601E04068B8B384683B
:103B7000218B9142F9D1482204F128016846ECF7E3
:103B8000A5FB04F1200320460CCBF5F7E3F98046B2
:103B900028B33846D8F80870324607F11001FDF70F
:103BA000BDFF30B94146104814B0BDE8F041FCF704
:103BB0007BBD07F6280C0FCDC7F81448C7F810686E
:103BC000ACE80F0095E803008CE80300FDF79CFECD
:103BD000032307F5026242E9020187F8203814B096
:103BE000BDE8F081B4AC0020D4AC00202DE9F04158
:103BF000214894B000681A9FBDF86C601391B8B367
:103C00001D4601E0406898B38468218B9142F9D148
:103C1000482204F128016846ECF758FB04F1200320
:103C200020460CCBF5F796F9804608B33846D8F80D
:103C30000870324607F11001FDF770FF30B94146B8
:103C40000E4814B0BDE8F041FCF72EBD0022C7F8C5
:103C50001448C7F82C28C7F81068C7F82858FDF78B
:103C600053FE042307F5026242E9020187F8203877
:103C700014B0BDE8F08100BFC8630020D4AC0020C0
:103C800038B505460748FCF7FFFC50B100238468AF
:103C90002374E561FCF760FD0346A46104F11400A0
:103CA000636138BD74AC002008B5084B196811B9C0
:103CB0000AE0496841B18B6814339842F9D103484E
:103CC000FCF7F2FC002008BD012008BD74AC002008
:103CD000F8B500BFF8BC08BC9E467047F8B500BFF9
:083CE000F8BC08BC9E467047C9
:103CE8008C3E0108B93B00080000000000000000FD
:103CF800E40C00006C0100200035002004000020C6
:103D080000000000000000000000000000000000AB
:103D1800000000000000000000000000000000009B
:103D2800000000000000000000000000000000008B
:103D3800000000000000000000000000000000007B
:103D4800000000000000000000000000000000006B
:103D5800000000000000000000000000000000005B
:103D680058524345010F0000FFFE0000000000000C
:103D7800047DC12502000000FFD7F23200000000D8
:103D88000020202020202020202028282828282023
:103D9800202020202020202020202020202020201B
:103DA8002088101010101010101010101010101083
:103DB8001004040404040404040404101010101073
:103DC800101041414141414101010101010101013D
:103DD800010101010101010101010101101010108F
:103DE800101042424242424202020202020202020F
:103DF8000202020202020202020202021010101063
:103E0800200000000000000000000000000000008A
:103E1800000000000000000000000000000000009A
:103E2800000000000000000000000000000000008A
:103E3800000000000000000000000000000000007A
:103E4800000000000000000000000000000000006A
:103E5800000000000000000000000000000000005A
:103E6800000000000000000000000000000000004A
:103E7800000000000000000000000000000000003A
:103E88000000000064656661756C745461736B00B2
:103E98004572726F72206F6E2064656661756C740E
:103EA80020616C6C6F6361746F727320286C696E2B
:103EB80065202564290A0000637562656D785F6E68
:103EC8006F646500637562656D785F7075626C69B3
:103ED80073686572000000006D6F746F725F616EC9
:103EE800676C655F737562736372697074696F6E0E
:103EF800000000004572726F72207075626C697301
:103F080068696E6720286C696E65202564290A0037
:103F180002030405060708090A0B0C0D0E0F101002
:103F2800010200000000000000000000010203047C
:103F380006070809000000000102030449444C4533
:103F480000000000232D302B20000000686C4C007E
:103F580065666745464700003031323334353637B9
:103F6800383941424344454600000000303132337D
:103F7800343536373839616263646566000000009D
:103F88000000000000000000010000000A0000001E
:103F98000102000000000000000000000000000016
:103FA8000000000000000000000000000000000009
:103FB80000000000000000000000000000000000F9
:103FC80000000000000000000000000000000000E9
:103FD80000000000000000000000000000000000D9
:103FE80000000000000000000000000000000000C9
:103FF80000000000000000000000000000000000B9
:1040080000000000000000000000000000000000A8
:104018000000000000000000000000000000000098
:104028000000000000000000000000000000000088
:104038000000000000000000000000000000000078
:104048000000000000000000000000000000000068
:104058000000000000000000000000000000000058
:10406800010000000A00000001020000000000003A
:104078000000000000000000000000000000000038
:104088000000000000000000000000000000000028
:104098000000000000000000000000000000000018
:1040A8000000000000000000000000000000000008
:1040B800010000000A0000000102000000000000EA
:1040C80000000000000000000000000000000000E8
:1040D80000000000000000000000000000000000D8
:1040E80000000000000000000000000000000000C8
:1040F80000000000000000000000000000000000B8
:1041080000000000000000000000000000000000A7
:104118000000000065000000726F7369646C5F74D2
:10412800797065737570706F72745F6D6963726FA3
:10413800787263656464735F630000003A3A000054
:10414800257325732573257325732573257300003F
:104158005F0000006464730025732573000000008D
:10416800727400007374645F6D73677300000000FD
:10417800726F7369646C5F74797065737570706F52
:1041880072745F696E74726F7370656374696F6E51
:104198005F635F5F6765745F6D6573736167655FB4
:1041A800747970655F737570706F72745F68616E33
:1041B800646C655F5F7374645F6D7367735F5F6D75
:1041C80073675F5F496E743332000000726F736902
:1041D800646C5F74797065737570706F72745F6DFD
:1041E8006963726F787263656464735F635F5F6746
:1041F80065745F6D6573736167655F747970655F1A
:10420800737570706F72745F68616E646C655F5F00
:104218007374645F6D7367735F5F6D73675F5F4926
:104228006E74333200000000726F7369646C5F74DF
:10423800797065737570706F72745F696E74726F80
:104248007370656374696F6E5F63000030420108C4
:1042580020410108020000006C4101085442010895
:1042680070420108A400002078410108D4410108E7
:104278007374645F6D7367735F5F6D7367000000CD
:10428800646174610000000078420108CC410108B3
:104298000100000004000000B8000020859200081A
:1042A800899200087374645F6D7367733A3A6D732B
:1042B800670000000000000000000000524F535F3C
:1042C8004C4F43414C484F53545F4F4E4C5900009C
:1042D8002E0000002F0000002F25730025732F25C6
:1042E800730000000000000000000000524F535F00
:1042F80053454355524954595F454E41424C450038
:104308007472756500000000524F535F5345435562
:10431800524954595F53545241544547590000007B
:10432800456E666F72636500656E636C6176657372
:1043380000000000524F535F5345435552495459AA
:104348005F4B455953544F5245000000524F535F3D
:1043580053454355524954595F454E434C41564580
:104368005F4F564552524944450000000000000086
:10437800010000000A000000010200000000000027
:104388000000000000000000000000000000000025
:104398000000000000000000000000000000000015
:1043A8000000000000000000000000000000000005
:1043B80000000000000000000000000000000000F5
:1043C80072636C5F76616C69646174655F656E6366
:1043D8006C6176655F6E616D655F776974685F7340
:1043E800697A6528293A20756E6B6E6F776E207230
:1043F8006D775F76616C69646174655F6E616D6528
:1044080073706163655F776974685F73697A65283B
:104418002920726573756C742027256427000000B5
:104428000000000000000000000000000000000084
:104438000000000000000000000000000000000074
:104448000000000000000000000000000000000064
:104458000000000000000000000000000000000054
:10446800000000000000000021F9000825F90008FC
:104478000000000000000000000000000000000034
:1044880025F9000829F900082DF9000800000000A6
:10449800000000000000000029F900082DF90008BC
:1044A80031F90008000000000000000000000000D2
:1044B80000000000000000000000000000000000F4
:1044C80000000000000000000000000000000000E4
:1044D80000000000000000000000000000000000D4
:1044E80000000000000000000000000000000000C4
:1044F80000000000000000000000000000000000B4
:1045080000000000617267756D656E7420656E76D7
:104518005F6E616D65206973206E756C6C000000BC
:10452800617267756D656E7420656E765F76616C15
:104538007565206973206E756C6C0000726D775F0D
:1045480076616C69646174655F6E616D65737061D5
:10455800636528293A20756E6B6E6F776E20726DD1
:10456800775F76616C69646174655F66756C6C5FB2
:10457800746F7069635F6E616D6528292072657359
:10458800756C74202725642700000000756E6B6E1B
:104598006F776E20726573756C7420636F64652025
:1045A800666F7220726D77206E616D6573706163DE
:1045B800652076616C69646174696F6E0000000043
:1045C8006E616D657370616365206D757374206EBF
:1045D8006F7420626520656D707479006E616D6519
:1045E8007370616365206D75737420626520616204
:1045F800736F6C7574652C206974206D75737420E5
:104608006C6561642077697468206120272F270012
:104618006E616D657370616365206D757374206E6E
:104628006F7420656E642077697468206120272F75
:10463800272C20756E6C657373206F6E6C79206102
:1046480020272F27000000006E616D65737061637D
:1046580065206D757374206E6F7420636F6E74615E
:10466800696E2063686172616374657273206F7428
:10467800686572207468616E20616C7068616E751F
:104688006D65726963732C20275F272C206F722059
:10469800272F27006E616D657370616365206D75E6
:1046A8007374206E6F7420636F6E7461696E20720C
:1046B8006570656174656420272F27006E616D65DC
:1046C8007370616365206D757374206E6F742068F4
:1046D800617665206120746F6B656E207468617403
:1046E8002073746172747320776974682061206E16
:1046F800756D6265720000006E616D65737061634F
:10470800652073686F756C64206E6F7420657863BC
:104718006565642027524D575F4E414D45535041C2
:1047280043455F4D41585F4E414D455F4C454E47AF
:104738005448270000000000C8450108E445010866
:1047480018460108504601089C460108C44601085D
:1047580000470108756E6B6E6F776E207265737512
:104768006C7420636F646520666F7220726D7720A9
:104778006E6F6465206E616D652076616C69646139
:1047880074696F6E000000006E6F6465206E616D65
:1047980065206D757374206E6F7420626520656D79
:1047A800707479006E6F6465206E616D65206D753B
:1047B8007374206E6F7420636F6E7461696E20630A
:1047C800686172616374657273206F7468657220C2
:1047D8007468616E20616C7068616E756D65726970
:1047E8006373206F7220275F270000006E6F646577
:1047F800206E616D65206D757374206E6F74207303
:104808007461727420776974682061206E756D62B6
:10481800657200006E6F6465206E616D65206C6561
:104828006E6774682073686F756C64206E6F74208F
:1048380065786365656420273235352700000000F8
:104848000000000090470108AC470108F447010840
:104858001C48010863647200726D775F6D6963724A
:104868006F78726365646473000000006048010833
:10487800726F7369646C5F74797065737570706F4B
:1048880072745F63000000000000C1C081C1400174
:1048980001C3C003800241C201C6C006800741C7E8
:1048A8000005C1C581C4400401CCC00C800D41CDB8
:1048B800000FC1CF81CE400E000AC1CA81CB400B88
:1048C80001C9C009800841C801D8C018801941D958
:1048D800001BC1DB81DA401A001EC1DE81DF401FE8
:1048E80001DDC01D801C41DC0014C1D481D54015F8
:1048F80001D7C017801641D601D2C012801341D308
:104908000011C1D181D0401001F0C030803141F197
:104918000033C1F381F240320036C1F681F74037E7
:1049280001F5C035803441F4003CC1FC81FD403DB7
:1049380001FFC03F803E41FE01FAC03A803B41FB87
:104948000039C1F981F840380028C1E881E94029D7
:1049580001EBC02B802A41EA01EEC02E802F41EFE7
:10496800002DC1ED81EC402C01E4C024802541E5F7
:104978000027C1E781E640260022C1E281E3402307
:1049880001E1C021802041E001A0C060806141A117
:104998000063C1A381A240620066C1A681A74067E7
:1049A80001A5C065806441A4006CC1AC81AD406DB7
:1049B80001AFC06F806E41AE01AAC06A806B41AB87
:1049C8000069C1A981A840680078C1B881B9407957
:1049D80001BBC07B807A41BA01BEC07E807F41BFE7
:1049E800007DC1BD81BC407C01B4C074807541B5F7
:1049F8000077C1B781B640760072C1B281B3407307
:104A080001B1C071807041B00050C1908191405196
:104A18000193C053805241920196C05680574197E6
:104A28000055C19581944054019CC05C805D419DB6
:104A3800005FC19F819E405E005AC19A819B405B86
:104A48000199C059805841980188C04880494189D6
:104A5800004BC18B818A404A004EC18E818F404FE6
:104A6800018DC04D804C418C0044C18481854045F6
:104A78000187C047804641860182C0428043418306
:104A88000041C18181804040524F535F444F4D41A6
:104A9800494E5F494400000025732F257325730094
:104AA8007B6E6F64657D00007B6E737D0000000087
:104AB8007B6E616D6573706163657D000000000049
:104AC800000000005245454E54206D616C6C6F63C8
:104AD8002073756363656564656400002E2E2F2E50
:104AE8002E2F2E2E2F2E2E2F2E2E2F2E2E2F2E2ED9
:104AF8002F2E2E2F6E65776C69622F6C6962632F7B
:104B08007374646C69622F72616E642E63000000B6
:104B18002C2066756E6374696F6E3A200000000081
:104B2800617373657274696F6E2022257322206623
:104B380061696C65643A2066696C65202225732278
:104B48002C206C696E65202564257325730A000086
:084B58002CD7FE7F01000000D4
:084B60005902000871920008DF
:044B6800310200080E
:104B6C000400002000000000483D0108283D010819
:104B7C00083D0108000000000000000000000000DB
:104B8C000000000000000000000000000000000019
:104B9C000000000000000000000000000000000009
:104BAC0000000000000000000000000000000000F9
:104BBC0000000000000000000000000000000000E9
:104BCC0000000000684100200100000010000000FF
:104BDC000024F400AAAAAAAAB04E002008000000E3
:104BEC006666E63FB04E00200C0000006666E63FAD
:104BFC00918600088D860008898600088586000845
:104C0C00000000008D920008F992000800000000DE
:104C1C005C42010825190108884201080D000000BA
:104C2C000000000000000000000000000000000078
:104C3C000000000000000000000000000000000068
:104C4C000000000000000000000000000000000058
:104C5C000000000000000000904201084192000892
:104C6C00204101080C01002041920008AC420108CF
:104C7C00CC410108D5920008B9920008E5920008D1
:104C8C00C5920008A9920008784801083042010832
:040000050800763D3C
:00000001FF
