ARM GAS  /tmp/ccXdCPPU.s 			page 1


   1              		.cpu cortex-m4
   2              		.eabi_attribute 27, 1
   3              		.eabi_attribute 28, 1
   4              		.eabi_attribute 20, 1
   5              		.eabi_attribute 21, 1
   6              		.eabi_attribute 23, 3
   7              		.eabi_attribute 24, 1
   8              		.eabi_attribute 25, 1
   9              		.eabi_attribute 26, 1
  10              		.eabi_attribute 30, 1
  11              		.eabi_attribute 34, 1
  12              		.eabi_attribute 18, 4
  13              		.file	"stm32f4xx_hal_can.c"
  14              		.text
  15              	.Ltext0:
  16              		.cfi_sections	.debug_frame
  17              		.section	.text.HAL_CAN_MspInit,"ax",%progbits
  18              		.align	1
  19              		.weak	HAL_CAN_MspInit
  20              		.arch armv7e-m
  21              		.syntax unified
  22              		.thumb
  23              		.thumb_func
  24              		.fpu fpv4-sp-d16
  26              	HAL_CAN_MspInit:
  27              	.LVL0:
  28              	.LFB136:
  29              		.file 1 "Drivers/STM32F4xx_HAL_Driver/Src/stm32f4xx_hal_can.c"
   1:Drivers/STM32F4xx_HAL_Driver/Src/stm32f4xx_hal_can.c **** /**
   2:Drivers/STM32F4xx_HAL_Driver/Src/stm32f4xx_hal_can.c ****   ******************************************************************************
   3:Drivers/STM32F4xx_HAL_Driver/Src/stm32f4xx_hal_can.c ****   * @file    stm32f4xx_hal_can.c
   4:Drivers/STM32F4xx_HAL_Driver/Src/stm32f4xx_hal_can.c ****   * @author  MCD Application Team
   5:Drivers/STM32F4xx_HAL_Driver/Src/stm32f4xx_hal_can.c ****   * @brief   CAN HAL module driver.
   6:Drivers/STM32F4xx_HAL_Driver/Src/stm32f4xx_hal_can.c ****   *          This file provides firmware functions to manage the following
   7:Drivers/STM32F4xx_HAL_Driver/Src/stm32f4xx_hal_can.c ****   *          functionalities of the Controller Area Network (CAN) peripheral:
   8:Drivers/STM32F4xx_HAL_Driver/Src/stm32f4xx_hal_can.c ****   *           + Initialization and de-initialization functions
   9:Drivers/STM32F4xx_HAL_Driver/Src/stm32f4xx_hal_can.c ****   *           + Configuration functions
  10:Drivers/STM32F4xx_HAL_Driver/Src/stm32f4xx_hal_can.c ****   *           + Control functions
  11:Drivers/STM32F4xx_HAL_Driver/Src/stm32f4xx_hal_can.c ****   *           + Interrupts management
  12:Drivers/STM32F4xx_HAL_Driver/Src/stm32f4xx_hal_can.c ****   *           + Callbacks functions
  13:Drivers/STM32F4xx_HAL_Driver/Src/stm32f4xx_hal_can.c ****   *           + Peripheral State and Error functions
  14:Drivers/STM32F4xx_HAL_Driver/Src/stm32f4xx_hal_can.c ****   *
  15:Drivers/STM32F4xx_HAL_Driver/Src/stm32f4xx_hal_can.c ****   ******************************************************************************
  16:Drivers/STM32F4xx_HAL_Driver/Src/stm32f4xx_hal_can.c ****   * @attention
  17:Drivers/STM32F4xx_HAL_Driver/Src/stm32f4xx_hal_can.c ****   *
  18:Drivers/STM32F4xx_HAL_Driver/Src/stm32f4xx_hal_can.c ****   * Copyright (c) 2016 STMicroelectronics.
  19:Drivers/STM32F4xx_HAL_Driver/Src/stm32f4xx_hal_can.c ****   * All rights reserved.
  20:Drivers/STM32F4xx_HAL_Driver/Src/stm32f4xx_hal_can.c ****   *
  21:Drivers/STM32F4xx_HAL_Driver/Src/stm32f4xx_hal_can.c ****   * This software is licensed under terms that can be found in the LICENSE file
  22:Drivers/STM32F4xx_HAL_Driver/Src/stm32f4xx_hal_can.c ****   * in the root directory of this software component.
  23:Drivers/STM32F4xx_HAL_Driver/Src/stm32f4xx_hal_can.c ****   * If no LICENSE file comes with this software, it is provided AS-IS.
  24:Drivers/STM32F4xx_HAL_Driver/Src/stm32f4xx_hal_can.c ****   *
  25:Drivers/STM32F4xx_HAL_Driver/Src/stm32f4xx_hal_can.c ****   ******************************************************************************
  26:Drivers/STM32F4xx_HAL_Driver/Src/stm32f4xx_hal_can.c ****   @verbatim
  27:Drivers/STM32F4xx_HAL_Driver/Src/stm32f4xx_hal_can.c ****   ==============================================================================
  28:Drivers/STM32F4xx_HAL_Driver/Src/stm32f4xx_hal_can.c ****                         ##### How to use this driver #####
  29:Drivers/STM32F4xx_HAL_Driver/Src/stm32f4xx_hal_can.c ****   ==============================================================================
ARM GAS  /tmp/ccXdCPPU.s 			page 2


  30:Drivers/STM32F4xx_HAL_Driver/Src/stm32f4xx_hal_can.c ****     [..]
  31:Drivers/STM32F4xx_HAL_Driver/Src/stm32f4xx_hal_can.c ****       (#) Initialize the CAN low level resources by implementing the
  32:Drivers/STM32F4xx_HAL_Driver/Src/stm32f4xx_hal_can.c ****           HAL_CAN_MspInit():
  33:Drivers/STM32F4xx_HAL_Driver/Src/stm32f4xx_hal_can.c ****          (++) Enable the CAN interface clock using __HAL_RCC_CANx_CLK_ENABLE()
  34:Drivers/STM32F4xx_HAL_Driver/Src/stm32f4xx_hal_can.c ****          (++) Configure CAN pins
  35:Drivers/STM32F4xx_HAL_Driver/Src/stm32f4xx_hal_can.c ****              (+++) Enable the clock for the CAN GPIOs
  36:Drivers/STM32F4xx_HAL_Driver/Src/stm32f4xx_hal_can.c ****              (+++) Configure CAN pins as alternate function
  37:Drivers/STM32F4xx_HAL_Driver/Src/stm32f4xx_hal_can.c ****          (++) In case of using interrupts (e.g. HAL_CAN_ActivateNotification())
  38:Drivers/STM32F4xx_HAL_Driver/Src/stm32f4xx_hal_can.c ****              (+++) Configure the CAN interrupt priority using
  39:Drivers/STM32F4xx_HAL_Driver/Src/stm32f4xx_hal_can.c ****                    HAL_NVIC_SetPriority()
  40:Drivers/STM32F4xx_HAL_Driver/Src/stm32f4xx_hal_can.c ****              (+++) Enable the CAN IRQ handler using HAL_NVIC_EnableIRQ()
  41:Drivers/STM32F4xx_HAL_Driver/Src/stm32f4xx_hal_can.c ****              (+++) In CAN IRQ handler, call HAL_CAN_IRQHandler()
  42:Drivers/STM32F4xx_HAL_Driver/Src/stm32f4xx_hal_can.c **** 
  43:Drivers/STM32F4xx_HAL_Driver/Src/stm32f4xx_hal_can.c ****       (#) Initialize the CAN peripheral using HAL_CAN_Init() function. This
  44:Drivers/STM32F4xx_HAL_Driver/Src/stm32f4xx_hal_can.c ****           function resorts to HAL_CAN_MspInit() for low-level initialization.
  45:Drivers/STM32F4xx_HAL_Driver/Src/stm32f4xx_hal_can.c **** 
  46:Drivers/STM32F4xx_HAL_Driver/Src/stm32f4xx_hal_can.c ****       (#) Configure the reception filters using the following configuration
  47:Drivers/STM32F4xx_HAL_Driver/Src/stm32f4xx_hal_can.c ****           functions:
  48:Drivers/STM32F4xx_HAL_Driver/Src/stm32f4xx_hal_can.c ****             (++) HAL_CAN_ConfigFilter()
  49:Drivers/STM32F4xx_HAL_Driver/Src/stm32f4xx_hal_can.c **** 
  50:Drivers/STM32F4xx_HAL_Driver/Src/stm32f4xx_hal_can.c ****       (#) Start the CAN module using HAL_CAN_Start() function. At this level
  51:Drivers/STM32F4xx_HAL_Driver/Src/stm32f4xx_hal_can.c ****           the node is active on the bus: it receive messages, and can send
  52:Drivers/STM32F4xx_HAL_Driver/Src/stm32f4xx_hal_can.c ****           messages.
  53:Drivers/STM32F4xx_HAL_Driver/Src/stm32f4xx_hal_can.c **** 
  54:Drivers/STM32F4xx_HAL_Driver/Src/stm32f4xx_hal_can.c ****       (#) To manage messages transmission, the following Tx control functions
  55:Drivers/STM32F4xx_HAL_Driver/Src/stm32f4xx_hal_can.c ****           can be used:
  56:Drivers/STM32F4xx_HAL_Driver/Src/stm32f4xx_hal_can.c ****             (++) HAL_CAN_AddTxMessage() to request transmission of a new
  57:Drivers/STM32F4xx_HAL_Driver/Src/stm32f4xx_hal_can.c ****                  message.
  58:Drivers/STM32F4xx_HAL_Driver/Src/stm32f4xx_hal_can.c ****             (++) HAL_CAN_AbortTxRequest() to abort transmission of a pending
  59:Drivers/STM32F4xx_HAL_Driver/Src/stm32f4xx_hal_can.c ****                  message.
  60:Drivers/STM32F4xx_HAL_Driver/Src/stm32f4xx_hal_can.c ****             (++) HAL_CAN_GetTxMailboxesFreeLevel() to get the number of free Tx
  61:Drivers/STM32F4xx_HAL_Driver/Src/stm32f4xx_hal_can.c ****                  mailboxes.
  62:Drivers/STM32F4xx_HAL_Driver/Src/stm32f4xx_hal_can.c ****             (++) HAL_CAN_IsTxMessagePending() to check if a message is pending
  63:Drivers/STM32F4xx_HAL_Driver/Src/stm32f4xx_hal_can.c ****                  in a Tx mailbox.
  64:Drivers/STM32F4xx_HAL_Driver/Src/stm32f4xx_hal_can.c ****             (++) HAL_CAN_GetTxTimestamp() to get the timestamp of Tx message
  65:Drivers/STM32F4xx_HAL_Driver/Src/stm32f4xx_hal_can.c ****                  sent, if time triggered communication mode is enabled.
  66:Drivers/STM32F4xx_HAL_Driver/Src/stm32f4xx_hal_can.c **** 
  67:Drivers/STM32F4xx_HAL_Driver/Src/stm32f4xx_hal_can.c ****       (#) When a message is received into the CAN Rx FIFOs, it can be retrieved
  68:Drivers/STM32F4xx_HAL_Driver/Src/stm32f4xx_hal_can.c ****           using the HAL_CAN_GetRxMessage() function. The function
  69:Drivers/STM32F4xx_HAL_Driver/Src/stm32f4xx_hal_can.c ****           HAL_CAN_GetRxFifoFillLevel() allows to know how many Rx message are
  70:Drivers/STM32F4xx_HAL_Driver/Src/stm32f4xx_hal_can.c ****           stored in the Rx Fifo.
  71:Drivers/STM32F4xx_HAL_Driver/Src/stm32f4xx_hal_can.c **** 
  72:Drivers/STM32F4xx_HAL_Driver/Src/stm32f4xx_hal_can.c ****       (#) Calling the HAL_CAN_Stop() function stops the CAN module.
  73:Drivers/STM32F4xx_HAL_Driver/Src/stm32f4xx_hal_can.c **** 
  74:Drivers/STM32F4xx_HAL_Driver/Src/stm32f4xx_hal_can.c ****       (#) The deinitialization is achieved with HAL_CAN_DeInit() function.
  75:Drivers/STM32F4xx_HAL_Driver/Src/stm32f4xx_hal_can.c **** 
  76:Drivers/STM32F4xx_HAL_Driver/Src/stm32f4xx_hal_can.c **** 
  77:Drivers/STM32F4xx_HAL_Driver/Src/stm32f4xx_hal_can.c ****       *** Polling mode operation ***
  78:Drivers/STM32F4xx_HAL_Driver/Src/stm32f4xx_hal_can.c ****       ==============================
  79:Drivers/STM32F4xx_HAL_Driver/Src/stm32f4xx_hal_can.c ****     [..]
  80:Drivers/STM32F4xx_HAL_Driver/Src/stm32f4xx_hal_can.c ****       (#) Reception:
  81:Drivers/STM32F4xx_HAL_Driver/Src/stm32f4xx_hal_can.c ****             (++) Monitor reception of message using HAL_CAN_GetRxFifoFillLevel()
  82:Drivers/STM32F4xx_HAL_Driver/Src/stm32f4xx_hal_can.c ****                  until at least one message is received.
  83:Drivers/STM32F4xx_HAL_Driver/Src/stm32f4xx_hal_can.c ****             (++) Then get the message using HAL_CAN_GetRxMessage().
  84:Drivers/STM32F4xx_HAL_Driver/Src/stm32f4xx_hal_can.c **** 
  85:Drivers/STM32F4xx_HAL_Driver/Src/stm32f4xx_hal_can.c ****       (#) Transmission:
  86:Drivers/STM32F4xx_HAL_Driver/Src/stm32f4xx_hal_can.c ****             (++) Monitor the Tx mailboxes availability until at least one Tx
ARM GAS  /tmp/ccXdCPPU.s 			page 3


  87:Drivers/STM32F4xx_HAL_Driver/Src/stm32f4xx_hal_can.c ****                  mailbox is free, using HAL_CAN_GetTxMailboxesFreeLevel().
  88:Drivers/STM32F4xx_HAL_Driver/Src/stm32f4xx_hal_can.c ****             (++) Then request transmission of a message using
  89:Drivers/STM32F4xx_HAL_Driver/Src/stm32f4xx_hal_can.c ****                  HAL_CAN_AddTxMessage().
  90:Drivers/STM32F4xx_HAL_Driver/Src/stm32f4xx_hal_can.c **** 
  91:Drivers/STM32F4xx_HAL_Driver/Src/stm32f4xx_hal_can.c **** 
  92:Drivers/STM32F4xx_HAL_Driver/Src/stm32f4xx_hal_can.c ****       *** Interrupt mode operation ***
  93:Drivers/STM32F4xx_HAL_Driver/Src/stm32f4xx_hal_can.c ****       ================================
  94:Drivers/STM32F4xx_HAL_Driver/Src/stm32f4xx_hal_can.c ****     [..]
  95:Drivers/STM32F4xx_HAL_Driver/Src/stm32f4xx_hal_can.c ****       (#) Notifications are activated using HAL_CAN_ActivateNotification()
  96:Drivers/STM32F4xx_HAL_Driver/Src/stm32f4xx_hal_can.c ****           function. Then, the process can be controlled through the
  97:Drivers/STM32F4xx_HAL_Driver/Src/stm32f4xx_hal_can.c ****           available user callbacks: HAL_CAN_xxxCallback(), using same APIs
  98:Drivers/STM32F4xx_HAL_Driver/Src/stm32f4xx_hal_can.c ****           HAL_CAN_GetRxMessage() and HAL_CAN_AddTxMessage().
  99:Drivers/STM32F4xx_HAL_Driver/Src/stm32f4xx_hal_can.c **** 
 100:Drivers/STM32F4xx_HAL_Driver/Src/stm32f4xx_hal_can.c ****       (#) Notifications can be deactivated using
 101:Drivers/STM32F4xx_HAL_Driver/Src/stm32f4xx_hal_can.c ****           HAL_CAN_DeactivateNotification() function.
 102:Drivers/STM32F4xx_HAL_Driver/Src/stm32f4xx_hal_can.c **** 
 103:Drivers/STM32F4xx_HAL_Driver/Src/stm32f4xx_hal_can.c ****       (#) Special care should be taken for CAN_IT_RX_FIFO0_MSG_PENDING and
 104:Drivers/STM32F4xx_HAL_Driver/Src/stm32f4xx_hal_can.c ****           CAN_IT_RX_FIFO1_MSG_PENDING notifications. These notifications trig
 105:Drivers/STM32F4xx_HAL_Driver/Src/stm32f4xx_hal_can.c ****           the callbacks HAL_CAN_RxFIFO0MsgPendingCallback() and
 106:Drivers/STM32F4xx_HAL_Driver/Src/stm32f4xx_hal_can.c ****           HAL_CAN_RxFIFO1MsgPendingCallback(). User has two possible options
 107:Drivers/STM32F4xx_HAL_Driver/Src/stm32f4xx_hal_can.c ****           here.
 108:Drivers/STM32F4xx_HAL_Driver/Src/stm32f4xx_hal_can.c ****             (++) Directly get the Rx message in the callback, using
 109:Drivers/STM32F4xx_HAL_Driver/Src/stm32f4xx_hal_can.c ****                  HAL_CAN_GetRxMessage().
 110:Drivers/STM32F4xx_HAL_Driver/Src/stm32f4xx_hal_can.c ****             (++) Or deactivate the notification in the callback without
 111:Drivers/STM32F4xx_HAL_Driver/Src/stm32f4xx_hal_can.c ****                  getting the Rx message. The Rx message can then be got later
 112:Drivers/STM32F4xx_HAL_Driver/Src/stm32f4xx_hal_can.c ****                  using HAL_CAN_GetRxMessage(). Once the Rx message have been
 113:Drivers/STM32F4xx_HAL_Driver/Src/stm32f4xx_hal_can.c ****                  read, the notification can be activated again.
 114:Drivers/STM32F4xx_HAL_Driver/Src/stm32f4xx_hal_can.c **** 
 115:Drivers/STM32F4xx_HAL_Driver/Src/stm32f4xx_hal_can.c **** 
 116:Drivers/STM32F4xx_HAL_Driver/Src/stm32f4xx_hal_can.c ****       *** Sleep mode ***
 117:Drivers/STM32F4xx_HAL_Driver/Src/stm32f4xx_hal_can.c ****       ==================
 118:Drivers/STM32F4xx_HAL_Driver/Src/stm32f4xx_hal_can.c ****     [..]
 119:Drivers/STM32F4xx_HAL_Driver/Src/stm32f4xx_hal_can.c ****       (#) The CAN peripheral can be put in sleep mode (low power), using
 120:Drivers/STM32F4xx_HAL_Driver/Src/stm32f4xx_hal_can.c ****           HAL_CAN_RequestSleep(). The sleep mode will be entered as soon as the
 121:Drivers/STM32F4xx_HAL_Driver/Src/stm32f4xx_hal_can.c ****           current CAN activity (transmission or reception of a CAN frame) will
 122:Drivers/STM32F4xx_HAL_Driver/Src/stm32f4xx_hal_can.c ****           be completed.
 123:Drivers/STM32F4xx_HAL_Driver/Src/stm32f4xx_hal_can.c **** 
 124:Drivers/STM32F4xx_HAL_Driver/Src/stm32f4xx_hal_can.c ****       (#) A notification can be activated to be informed when the sleep mode
 125:Drivers/STM32F4xx_HAL_Driver/Src/stm32f4xx_hal_can.c ****           will be entered.
 126:Drivers/STM32F4xx_HAL_Driver/Src/stm32f4xx_hal_can.c **** 
 127:Drivers/STM32F4xx_HAL_Driver/Src/stm32f4xx_hal_can.c ****       (#) It can be checked if the sleep mode is entered using
 128:Drivers/STM32F4xx_HAL_Driver/Src/stm32f4xx_hal_can.c ****           HAL_CAN_IsSleepActive().
 129:Drivers/STM32F4xx_HAL_Driver/Src/stm32f4xx_hal_can.c ****           Note that the CAN state (accessible from the API HAL_CAN_GetState())
 130:Drivers/STM32F4xx_HAL_Driver/Src/stm32f4xx_hal_can.c ****           is HAL_CAN_STATE_SLEEP_PENDING as soon as the sleep mode request is
 131:Drivers/STM32F4xx_HAL_Driver/Src/stm32f4xx_hal_can.c ****           submitted (the sleep mode is not yet entered), and become
 132:Drivers/STM32F4xx_HAL_Driver/Src/stm32f4xx_hal_can.c ****           HAL_CAN_STATE_SLEEP_ACTIVE when the sleep mode is effective.
 133:Drivers/STM32F4xx_HAL_Driver/Src/stm32f4xx_hal_can.c **** 
 134:Drivers/STM32F4xx_HAL_Driver/Src/stm32f4xx_hal_can.c ****       (#) The wake-up from sleep mode can be triggered by two ways:
 135:Drivers/STM32F4xx_HAL_Driver/Src/stm32f4xx_hal_can.c ****             (++) Using HAL_CAN_WakeUp(). When returning from this function,
 136:Drivers/STM32F4xx_HAL_Driver/Src/stm32f4xx_hal_can.c ****                  the sleep mode is exited (if return status is HAL_OK).
 137:Drivers/STM32F4xx_HAL_Driver/Src/stm32f4xx_hal_can.c ****             (++) When a start of Rx CAN frame is detected by the CAN peripheral,
 138:Drivers/STM32F4xx_HAL_Driver/Src/stm32f4xx_hal_can.c ****                  if automatic wake up mode is enabled.
 139:Drivers/STM32F4xx_HAL_Driver/Src/stm32f4xx_hal_can.c **** 
 140:Drivers/STM32F4xx_HAL_Driver/Src/stm32f4xx_hal_can.c ****   *** Callback registration ***
 141:Drivers/STM32F4xx_HAL_Driver/Src/stm32f4xx_hal_can.c ****   =============================================
 142:Drivers/STM32F4xx_HAL_Driver/Src/stm32f4xx_hal_can.c **** 
 143:Drivers/STM32F4xx_HAL_Driver/Src/stm32f4xx_hal_can.c ****   The compilation define  USE_HAL_CAN_REGISTER_CALLBACKS when set to 1
ARM GAS  /tmp/ccXdCPPU.s 			page 4


 144:Drivers/STM32F4xx_HAL_Driver/Src/stm32f4xx_hal_can.c ****   allows the user to configure dynamically the driver callbacks.
 145:Drivers/STM32F4xx_HAL_Driver/Src/stm32f4xx_hal_can.c ****   Use Function HAL_CAN_RegisterCallback() to register an interrupt callback.
 146:Drivers/STM32F4xx_HAL_Driver/Src/stm32f4xx_hal_can.c **** 
 147:Drivers/STM32F4xx_HAL_Driver/Src/stm32f4xx_hal_can.c ****   Function HAL_CAN_RegisterCallback() allows to register following callbacks:
 148:Drivers/STM32F4xx_HAL_Driver/Src/stm32f4xx_hal_can.c ****     (+) TxMailbox0CompleteCallback   : Tx Mailbox 0 Complete Callback.
 149:Drivers/STM32F4xx_HAL_Driver/Src/stm32f4xx_hal_can.c ****     (+) TxMailbox1CompleteCallback   : Tx Mailbox 1 Complete Callback.
 150:Drivers/STM32F4xx_HAL_Driver/Src/stm32f4xx_hal_can.c ****     (+) TxMailbox2CompleteCallback   : Tx Mailbox 2 Complete Callback.
 151:Drivers/STM32F4xx_HAL_Driver/Src/stm32f4xx_hal_can.c ****     (+) TxMailbox0AbortCallback      : Tx Mailbox 0 Abort Callback.
 152:Drivers/STM32F4xx_HAL_Driver/Src/stm32f4xx_hal_can.c ****     (+) TxMailbox1AbortCallback      : Tx Mailbox 1 Abort Callback.
 153:Drivers/STM32F4xx_HAL_Driver/Src/stm32f4xx_hal_can.c ****     (+) TxMailbox2AbortCallback      : Tx Mailbox 2 Abort Callback.
 154:Drivers/STM32F4xx_HAL_Driver/Src/stm32f4xx_hal_can.c ****     (+) RxFifo0MsgPendingCallback    : Rx Fifo 0 Message Pending Callback.
 155:Drivers/STM32F4xx_HAL_Driver/Src/stm32f4xx_hal_can.c ****     (+) RxFifo0FullCallback          : Rx Fifo 0 Full Callback.
 156:Drivers/STM32F4xx_HAL_Driver/Src/stm32f4xx_hal_can.c ****     (+) RxFifo1MsgPendingCallback    : Rx Fifo 1 Message Pending Callback.
 157:Drivers/STM32F4xx_HAL_Driver/Src/stm32f4xx_hal_can.c ****     (+) RxFifo1FullCallback          : Rx Fifo 1 Full Callback.
 158:Drivers/STM32F4xx_HAL_Driver/Src/stm32f4xx_hal_can.c ****     (+) SleepCallback                : Sleep Callback.
 159:Drivers/STM32F4xx_HAL_Driver/Src/stm32f4xx_hal_can.c ****     (+) WakeUpFromRxMsgCallback      : Wake Up From Rx Message Callback.
 160:Drivers/STM32F4xx_HAL_Driver/Src/stm32f4xx_hal_can.c ****     (+) ErrorCallback                : Error Callback.
 161:Drivers/STM32F4xx_HAL_Driver/Src/stm32f4xx_hal_can.c ****     (+) MspInitCallback              : CAN MspInit.
 162:Drivers/STM32F4xx_HAL_Driver/Src/stm32f4xx_hal_can.c ****     (+) MspDeInitCallback            : CAN MspDeInit.
 163:Drivers/STM32F4xx_HAL_Driver/Src/stm32f4xx_hal_can.c ****   This function takes as parameters the HAL peripheral handle, the Callback ID
 164:Drivers/STM32F4xx_HAL_Driver/Src/stm32f4xx_hal_can.c ****   and a pointer to the user callback function.
 165:Drivers/STM32F4xx_HAL_Driver/Src/stm32f4xx_hal_can.c **** 
 166:Drivers/STM32F4xx_HAL_Driver/Src/stm32f4xx_hal_can.c ****   Use function HAL_CAN_UnRegisterCallback() to reset a callback to the default
 167:Drivers/STM32F4xx_HAL_Driver/Src/stm32f4xx_hal_can.c ****   weak function.
 168:Drivers/STM32F4xx_HAL_Driver/Src/stm32f4xx_hal_can.c ****   HAL_CAN_UnRegisterCallback takes as parameters the HAL peripheral handle,
 169:Drivers/STM32F4xx_HAL_Driver/Src/stm32f4xx_hal_can.c ****   and the Callback ID.
 170:Drivers/STM32F4xx_HAL_Driver/Src/stm32f4xx_hal_can.c ****   This function allows to reset following callbacks:
 171:Drivers/STM32F4xx_HAL_Driver/Src/stm32f4xx_hal_can.c ****     (+) TxMailbox0CompleteCallback   : Tx Mailbox 0 Complete Callback.
 172:Drivers/STM32F4xx_HAL_Driver/Src/stm32f4xx_hal_can.c ****     (+) TxMailbox1CompleteCallback   : Tx Mailbox 1 Complete Callback.
 173:Drivers/STM32F4xx_HAL_Driver/Src/stm32f4xx_hal_can.c ****     (+) TxMailbox2CompleteCallback   : Tx Mailbox 2 Complete Callback.
 174:Drivers/STM32F4xx_HAL_Driver/Src/stm32f4xx_hal_can.c ****     (+) TxMailbox0AbortCallback      : Tx Mailbox 0 Abort Callback.
 175:Drivers/STM32F4xx_HAL_Driver/Src/stm32f4xx_hal_can.c ****     (+) TxMailbox1AbortCallback      : Tx Mailbox 1 Abort Callback.
 176:Drivers/STM32F4xx_HAL_Driver/Src/stm32f4xx_hal_can.c ****     (+) TxMailbox2AbortCallback      : Tx Mailbox 2 Abort Callback.
 177:Drivers/STM32F4xx_HAL_Driver/Src/stm32f4xx_hal_can.c ****     (+) RxFifo0MsgPendingCallback    : Rx Fifo 0 Message Pending Callback.
 178:Drivers/STM32F4xx_HAL_Driver/Src/stm32f4xx_hal_can.c ****     (+) RxFifo0FullCallback          : Rx Fifo 0 Full Callback.
 179:Drivers/STM32F4xx_HAL_Driver/Src/stm32f4xx_hal_can.c ****     (+) RxFifo1MsgPendingCallback    : Rx Fifo 1 Message Pending Callback.
 180:Drivers/STM32F4xx_HAL_Driver/Src/stm32f4xx_hal_can.c ****     (+) RxFifo1FullCallback          : Rx Fifo 1 Full Callback.
 181:Drivers/STM32F4xx_HAL_Driver/Src/stm32f4xx_hal_can.c ****     (+) SleepCallback                : Sleep Callback.
 182:Drivers/STM32F4xx_HAL_Driver/Src/stm32f4xx_hal_can.c ****     (+) WakeUpFromRxMsgCallback      : Wake Up From Rx Message Callback.
 183:Drivers/STM32F4xx_HAL_Driver/Src/stm32f4xx_hal_can.c ****     (+) ErrorCallback                : Error Callback.
 184:Drivers/STM32F4xx_HAL_Driver/Src/stm32f4xx_hal_can.c ****     (+) MspInitCallback              : CAN MspInit.
 185:Drivers/STM32F4xx_HAL_Driver/Src/stm32f4xx_hal_can.c ****     (+) MspDeInitCallback            : CAN MspDeInit.
 186:Drivers/STM32F4xx_HAL_Driver/Src/stm32f4xx_hal_can.c **** 
 187:Drivers/STM32F4xx_HAL_Driver/Src/stm32f4xx_hal_can.c ****   By default, after the HAL_CAN_Init() and when the state is HAL_CAN_STATE_RESET,
 188:Drivers/STM32F4xx_HAL_Driver/Src/stm32f4xx_hal_can.c ****   all callbacks are set to the corresponding weak functions:
 189:Drivers/STM32F4xx_HAL_Driver/Src/stm32f4xx_hal_can.c ****   example HAL_CAN_ErrorCallback().
 190:Drivers/STM32F4xx_HAL_Driver/Src/stm32f4xx_hal_can.c ****   Exception done for MspInit and MspDeInit functions that are
 191:Drivers/STM32F4xx_HAL_Driver/Src/stm32f4xx_hal_can.c ****   reset to the legacy weak function in the HAL_CAN_Init()/ HAL_CAN_DeInit() only when
 192:Drivers/STM32F4xx_HAL_Driver/Src/stm32f4xx_hal_can.c ****   these callbacks are null (not registered beforehand).
 193:Drivers/STM32F4xx_HAL_Driver/Src/stm32f4xx_hal_can.c ****   if not, MspInit or MspDeInit are not null, the HAL_CAN_Init()/ HAL_CAN_DeInit()
 194:Drivers/STM32F4xx_HAL_Driver/Src/stm32f4xx_hal_can.c ****   keep and use the user MspInit/MspDeInit callbacks (registered beforehand)
 195:Drivers/STM32F4xx_HAL_Driver/Src/stm32f4xx_hal_can.c **** 
 196:Drivers/STM32F4xx_HAL_Driver/Src/stm32f4xx_hal_can.c ****   Callbacks can be registered/unregistered in HAL_CAN_STATE_READY state only.
 197:Drivers/STM32F4xx_HAL_Driver/Src/stm32f4xx_hal_can.c ****   Exception done MspInit/MspDeInit that can be registered/unregistered
 198:Drivers/STM32F4xx_HAL_Driver/Src/stm32f4xx_hal_can.c ****   in HAL_CAN_STATE_READY or HAL_CAN_STATE_RESET state,
 199:Drivers/STM32F4xx_HAL_Driver/Src/stm32f4xx_hal_can.c ****   thus registered (user) MspInit/DeInit callbacks can be used during the Init/DeInit.
 200:Drivers/STM32F4xx_HAL_Driver/Src/stm32f4xx_hal_can.c ****   In that case first register the MspInit/MspDeInit user callbacks
ARM GAS  /tmp/ccXdCPPU.s 			page 5


 201:Drivers/STM32F4xx_HAL_Driver/Src/stm32f4xx_hal_can.c ****   using HAL_CAN_RegisterCallback() before calling HAL_CAN_DeInit()
 202:Drivers/STM32F4xx_HAL_Driver/Src/stm32f4xx_hal_can.c ****   or HAL_CAN_Init() function.
 203:Drivers/STM32F4xx_HAL_Driver/Src/stm32f4xx_hal_can.c **** 
 204:Drivers/STM32F4xx_HAL_Driver/Src/stm32f4xx_hal_can.c ****   When The compilation define USE_HAL_CAN_REGISTER_CALLBACKS is set to 0 or
 205:Drivers/STM32F4xx_HAL_Driver/Src/stm32f4xx_hal_can.c ****   not defined, the callback registration feature is not available and all callbacks
 206:Drivers/STM32F4xx_HAL_Driver/Src/stm32f4xx_hal_can.c ****   are set to the corresponding weak functions.
 207:Drivers/STM32F4xx_HAL_Driver/Src/stm32f4xx_hal_can.c **** 
 208:Drivers/STM32F4xx_HAL_Driver/Src/stm32f4xx_hal_can.c ****   @endverbatim
 209:Drivers/STM32F4xx_HAL_Driver/Src/stm32f4xx_hal_can.c ****   ******************************************************************************
 210:Drivers/STM32F4xx_HAL_Driver/Src/stm32f4xx_hal_can.c ****   */
 211:Drivers/STM32F4xx_HAL_Driver/Src/stm32f4xx_hal_can.c **** 
 212:Drivers/STM32F4xx_HAL_Driver/Src/stm32f4xx_hal_can.c **** /* Includes ------------------------------------------------------------------*/
 213:Drivers/STM32F4xx_HAL_Driver/Src/stm32f4xx_hal_can.c **** #include "stm32f4xx_hal.h"
 214:Drivers/STM32F4xx_HAL_Driver/Src/stm32f4xx_hal_can.c **** 
 215:Drivers/STM32F4xx_HAL_Driver/Src/stm32f4xx_hal_can.c **** /** @addtogroup STM32F4xx_HAL_Driver
 216:Drivers/STM32F4xx_HAL_Driver/Src/stm32f4xx_hal_can.c ****   * @{
 217:Drivers/STM32F4xx_HAL_Driver/Src/stm32f4xx_hal_can.c ****   */
 218:Drivers/STM32F4xx_HAL_Driver/Src/stm32f4xx_hal_can.c **** 
 219:Drivers/STM32F4xx_HAL_Driver/Src/stm32f4xx_hal_can.c **** #if defined(CAN1)
 220:Drivers/STM32F4xx_HAL_Driver/Src/stm32f4xx_hal_can.c **** 
 221:Drivers/STM32F4xx_HAL_Driver/Src/stm32f4xx_hal_can.c **** /** @defgroup CAN CAN
 222:Drivers/STM32F4xx_HAL_Driver/Src/stm32f4xx_hal_can.c ****   * @brief CAN driver modules
 223:Drivers/STM32F4xx_HAL_Driver/Src/stm32f4xx_hal_can.c ****   * @{
 224:Drivers/STM32F4xx_HAL_Driver/Src/stm32f4xx_hal_can.c ****   */
 225:Drivers/STM32F4xx_HAL_Driver/Src/stm32f4xx_hal_can.c **** 
 226:Drivers/STM32F4xx_HAL_Driver/Src/stm32f4xx_hal_can.c **** #ifdef HAL_CAN_MODULE_ENABLED
 227:Drivers/STM32F4xx_HAL_Driver/Src/stm32f4xx_hal_can.c **** 
 228:Drivers/STM32F4xx_HAL_Driver/Src/stm32f4xx_hal_can.c **** #ifdef HAL_CAN_LEGACY_MODULE_ENABLED
 229:Drivers/STM32F4xx_HAL_Driver/Src/stm32f4xx_hal_can.c **** #error "The CAN driver cannot be used with its legacy, Please enable only one CAN module at once"
 230:Drivers/STM32F4xx_HAL_Driver/Src/stm32f4xx_hal_can.c **** #endif /* HAL_CAN_LEGACY_MODULE_ENABLED */
 231:Drivers/STM32F4xx_HAL_Driver/Src/stm32f4xx_hal_can.c **** 
 232:Drivers/STM32F4xx_HAL_Driver/Src/stm32f4xx_hal_can.c **** /* Private typedef -----------------------------------------------------------*/
 233:Drivers/STM32F4xx_HAL_Driver/Src/stm32f4xx_hal_can.c **** /* Private define ------------------------------------------------------------*/
 234:Drivers/STM32F4xx_HAL_Driver/Src/stm32f4xx_hal_can.c **** /** @defgroup CAN_Private_Constants CAN Private Constants
 235:Drivers/STM32F4xx_HAL_Driver/Src/stm32f4xx_hal_can.c ****   * @{
 236:Drivers/STM32F4xx_HAL_Driver/Src/stm32f4xx_hal_can.c ****   */
 237:Drivers/STM32F4xx_HAL_Driver/Src/stm32f4xx_hal_can.c **** #define CAN_TIMEOUT_VALUE 10U
 238:Drivers/STM32F4xx_HAL_Driver/Src/stm32f4xx_hal_can.c **** #define CAN_WAKEUP_TIMEOUT_COUNTER 1000000U
 239:Drivers/STM32F4xx_HAL_Driver/Src/stm32f4xx_hal_can.c **** /**
 240:Drivers/STM32F4xx_HAL_Driver/Src/stm32f4xx_hal_can.c ****   * @}
 241:Drivers/STM32F4xx_HAL_Driver/Src/stm32f4xx_hal_can.c ****   */
 242:Drivers/STM32F4xx_HAL_Driver/Src/stm32f4xx_hal_can.c **** /* Private macro -------------------------------------------------------------*/
 243:Drivers/STM32F4xx_HAL_Driver/Src/stm32f4xx_hal_can.c **** /* Private variables ---------------------------------------------------------*/
 244:Drivers/STM32F4xx_HAL_Driver/Src/stm32f4xx_hal_can.c **** /* Private function prototypes -----------------------------------------------*/
 245:Drivers/STM32F4xx_HAL_Driver/Src/stm32f4xx_hal_can.c **** /* Exported functions --------------------------------------------------------*/
 246:Drivers/STM32F4xx_HAL_Driver/Src/stm32f4xx_hal_can.c **** 
 247:Drivers/STM32F4xx_HAL_Driver/Src/stm32f4xx_hal_can.c **** /** @defgroup CAN_Exported_Functions CAN Exported Functions
 248:Drivers/STM32F4xx_HAL_Driver/Src/stm32f4xx_hal_can.c ****   * @{
 249:Drivers/STM32F4xx_HAL_Driver/Src/stm32f4xx_hal_can.c ****   */
 250:Drivers/STM32F4xx_HAL_Driver/Src/stm32f4xx_hal_can.c **** 
 251:Drivers/STM32F4xx_HAL_Driver/Src/stm32f4xx_hal_can.c **** /** @defgroup CAN_Exported_Functions_Group1 Initialization and de-initialization functions
 252:Drivers/STM32F4xx_HAL_Driver/Src/stm32f4xx_hal_can.c ****   * @brief    Initialization and Configuration functions
 253:Drivers/STM32F4xx_HAL_Driver/Src/stm32f4xx_hal_can.c ****   *
 254:Drivers/STM32F4xx_HAL_Driver/Src/stm32f4xx_hal_can.c **** @verbatim
 255:Drivers/STM32F4xx_HAL_Driver/Src/stm32f4xx_hal_can.c ****   ==============================================================================
 256:Drivers/STM32F4xx_HAL_Driver/Src/stm32f4xx_hal_can.c ****               ##### Initialization and de-initialization functions #####
 257:Drivers/STM32F4xx_HAL_Driver/Src/stm32f4xx_hal_can.c ****   ==============================================================================
ARM GAS  /tmp/ccXdCPPU.s 			page 6


 258:Drivers/STM32F4xx_HAL_Driver/Src/stm32f4xx_hal_can.c ****     [..]  This section provides functions allowing to:
 259:Drivers/STM32F4xx_HAL_Driver/Src/stm32f4xx_hal_can.c ****       (+) HAL_CAN_Init                       : Initialize and configure the CAN.
 260:Drivers/STM32F4xx_HAL_Driver/Src/stm32f4xx_hal_can.c ****       (+) HAL_CAN_DeInit                     : De-initialize the CAN.
 261:Drivers/STM32F4xx_HAL_Driver/Src/stm32f4xx_hal_can.c ****       (+) HAL_CAN_MspInit                    : Initialize the CAN MSP.
 262:Drivers/STM32F4xx_HAL_Driver/Src/stm32f4xx_hal_can.c ****       (+) HAL_CAN_MspDeInit                  : DeInitialize the CAN MSP.
 263:Drivers/STM32F4xx_HAL_Driver/Src/stm32f4xx_hal_can.c **** 
 264:Drivers/STM32F4xx_HAL_Driver/Src/stm32f4xx_hal_can.c **** @endverbatim
 265:Drivers/STM32F4xx_HAL_Driver/Src/stm32f4xx_hal_can.c ****   * @{
 266:Drivers/STM32F4xx_HAL_Driver/Src/stm32f4xx_hal_can.c ****   */
 267:Drivers/STM32F4xx_HAL_Driver/Src/stm32f4xx_hal_can.c **** 
 268:Drivers/STM32F4xx_HAL_Driver/Src/stm32f4xx_hal_can.c **** /**
 269:Drivers/STM32F4xx_HAL_Driver/Src/stm32f4xx_hal_can.c ****   * @brief  Initializes the CAN peripheral according to the specified
 270:Drivers/STM32F4xx_HAL_Driver/Src/stm32f4xx_hal_can.c ****   *         parameters in the CAN_InitStruct.
 271:Drivers/STM32F4xx_HAL_Driver/Src/stm32f4xx_hal_can.c ****   * @param  hcan pointer to a CAN_HandleTypeDef structure that contains
 272:Drivers/STM32F4xx_HAL_Driver/Src/stm32f4xx_hal_can.c ****   *         the configuration information for the specified CAN.
 273:Drivers/STM32F4xx_HAL_Driver/Src/stm32f4xx_hal_can.c ****   * @retval HAL status
 274:Drivers/STM32F4xx_HAL_Driver/Src/stm32f4xx_hal_can.c ****   */
 275:Drivers/STM32F4xx_HAL_Driver/Src/stm32f4xx_hal_can.c **** HAL_StatusTypeDef HAL_CAN_Init(CAN_HandleTypeDef *hcan)
 276:Drivers/STM32F4xx_HAL_Driver/Src/stm32f4xx_hal_can.c **** {
 277:Drivers/STM32F4xx_HAL_Driver/Src/stm32f4xx_hal_can.c ****   uint32_t tickstart;
 278:Drivers/STM32F4xx_HAL_Driver/Src/stm32f4xx_hal_can.c **** 
 279:Drivers/STM32F4xx_HAL_Driver/Src/stm32f4xx_hal_can.c ****   /* Check CAN handle */
 280:Drivers/STM32F4xx_HAL_Driver/Src/stm32f4xx_hal_can.c ****   if (hcan == NULL)
 281:Drivers/STM32F4xx_HAL_Driver/Src/stm32f4xx_hal_can.c ****   {
 282:Drivers/STM32F4xx_HAL_Driver/Src/stm32f4xx_hal_can.c ****     return HAL_ERROR;
 283:Drivers/STM32F4xx_HAL_Driver/Src/stm32f4xx_hal_can.c ****   }
 284:Drivers/STM32F4xx_HAL_Driver/Src/stm32f4xx_hal_can.c **** 
 285:Drivers/STM32F4xx_HAL_Driver/Src/stm32f4xx_hal_can.c ****   /* Check the parameters */
 286:Drivers/STM32F4xx_HAL_Driver/Src/stm32f4xx_hal_can.c ****   assert_param(IS_CAN_ALL_INSTANCE(hcan->Instance));
 287:Drivers/STM32F4xx_HAL_Driver/Src/stm32f4xx_hal_can.c ****   assert_param(IS_FUNCTIONAL_STATE(hcan->Init.TimeTriggeredMode));
 288:Drivers/STM32F4xx_HAL_Driver/Src/stm32f4xx_hal_can.c ****   assert_param(IS_FUNCTIONAL_STATE(hcan->Init.AutoBusOff));
 289:Drivers/STM32F4xx_HAL_Driver/Src/stm32f4xx_hal_can.c ****   assert_param(IS_FUNCTIONAL_STATE(hcan->Init.AutoWakeUp));
 290:Drivers/STM32F4xx_HAL_Driver/Src/stm32f4xx_hal_can.c ****   assert_param(IS_FUNCTIONAL_STATE(hcan->Init.AutoRetransmission));
 291:Drivers/STM32F4xx_HAL_Driver/Src/stm32f4xx_hal_can.c ****   assert_param(IS_FUNCTIONAL_STATE(hcan->Init.ReceiveFifoLocked));
 292:Drivers/STM32F4xx_HAL_Driver/Src/stm32f4xx_hal_can.c ****   assert_param(IS_FUNCTIONAL_STATE(hcan->Init.TransmitFifoPriority));
 293:Drivers/STM32F4xx_HAL_Driver/Src/stm32f4xx_hal_can.c ****   assert_param(IS_CAN_MODE(hcan->Init.Mode));
 294:Drivers/STM32F4xx_HAL_Driver/Src/stm32f4xx_hal_can.c ****   assert_param(IS_CAN_SJW(hcan->Init.SyncJumpWidth));
 295:Drivers/STM32F4xx_HAL_Driver/Src/stm32f4xx_hal_can.c ****   assert_param(IS_CAN_BS1(hcan->Init.TimeSeg1));
 296:Drivers/STM32F4xx_HAL_Driver/Src/stm32f4xx_hal_can.c ****   assert_param(IS_CAN_BS2(hcan->Init.TimeSeg2));
 297:Drivers/STM32F4xx_HAL_Driver/Src/stm32f4xx_hal_can.c ****   assert_param(IS_CAN_PRESCALER(hcan->Init.Prescaler));
 298:Drivers/STM32F4xx_HAL_Driver/Src/stm32f4xx_hal_can.c **** 
 299:Drivers/STM32F4xx_HAL_Driver/Src/stm32f4xx_hal_can.c **** #if USE_HAL_CAN_REGISTER_CALLBACKS == 1
 300:Drivers/STM32F4xx_HAL_Driver/Src/stm32f4xx_hal_can.c ****   if (hcan->State == HAL_CAN_STATE_RESET)
 301:Drivers/STM32F4xx_HAL_Driver/Src/stm32f4xx_hal_can.c ****   {
 302:Drivers/STM32F4xx_HAL_Driver/Src/stm32f4xx_hal_can.c ****     /* Reset callbacks to legacy functions */
 303:Drivers/STM32F4xx_HAL_Driver/Src/stm32f4xx_hal_can.c ****     hcan->RxFifo0MsgPendingCallback  =  HAL_CAN_RxFifo0MsgPendingCallback;  /* Legacy weak RxFifo0M
 304:Drivers/STM32F4xx_HAL_Driver/Src/stm32f4xx_hal_can.c ****     hcan->RxFifo0FullCallback        =  HAL_CAN_RxFifo0FullCallback;        /* Legacy weak RxFifo0F
 305:Drivers/STM32F4xx_HAL_Driver/Src/stm32f4xx_hal_can.c ****     hcan->RxFifo1MsgPendingCallback  =  HAL_CAN_RxFifo1MsgPendingCallback;  /* Legacy weak RxFifo1M
 306:Drivers/STM32F4xx_HAL_Driver/Src/stm32f4xx_hal_can.c ****     hcan->RxFifo1FullCallback        =  HAL_CAN_RxFifo1FullCallback;        /* Legacy weak RxFifo1F
 307:Drivers/STM32F4xx_HAL_Driver/Src/stm32f4xx_hal_can.c ****     hcan->TxMailbox0CompleteCallback =  HAL_CAN_TxMailbox0CompleteCallback; /* Legacy weak TxMailbo
 308:Drivers/STM32F4xx_HAL_Driver/Src/stm32f4xx_hal_can.c ****     hcan->TxMailbox1CompleteCallback =  HAL_CAN_TxMailbox1CompleteCallback; /* Legacy weak TxMailbo
 309:Drivers/STM32F4xx_HAL_Driver/Src/stm32f4xx_hal_can.c ****     hcan->TxMailbox2CompleteCallback =  HAL_CAN_TxMailbox2CompleteCallback; /* Legacy weak TxMailbo
 310:Drivers/STM32F4xx_HAL_Driver/Src/stm32f4xx_hal_can.c ****     hcan->TxMailbox0AbortCallback    =  HAL_CAN_TxMailbox0AbortCallback;    /* Legacy weak TxMailbo
 311:Drivers/STM32F4xx_HAL_Driver/Src/stm32f4xx_hal_can.c ****     hcan->TxMailbox1AbortCallback    =  HAL_CAN_TxMailbox1AbortCallback;    /* Legacy weak TxMailbo
 312:Drivers/STM32F4xx_HAL_Driver/Src/stm32f4xx_hal_can.c ****     hcan->TxMailbox2AbortCallback    =  HAL_CAN_TxMailbox2AbortCallback;    /* Legacy weak TxMailbo
 313:Drivers/STM32F4xx_HAL_Driver/Src/stm32f4xx_hal_can.c ****     hcan->SleepCallback              =  HAL_CAN_SleepCallback;              /* Legacy weak SleepCal
 314:Drivers/STM32F4xx_HAL_Driver/Src/stm32f4xx_hal_can.c ****     hcan->WakeUpFromRxMsgCallback    =  HAL_CAN_WakeUpFromRxMsgCallback;    /* Legacy weak WakeUpFr
ARM GAS  /tmp/ccXdCPPU.s 			page 7


 315:Drivers/STM32F4xx_HAL_Driver/Src/stm32f4xx_hal_can.c ****     hcan->ErrorCallback              =  HAL_CAN_ErrorCallback;              /* Legacy weak ErrorCal
 316:Drivers/STM32F4xx_HAL_Driver/Src/stm32f4xx_hal_can.c **** 
 317:Drivers/STM32F4xx_HAL_Driver/Src/stm32f4xx_hal_can.c ****     if (hcan->MspInitCallback == NULL)
 318:Drivers/STM32F4xx_HAL_Driver/Src/stm32f4xx_hal_can.c ****     {
 319:Drivers/STM32F4xx_HAL_Driver/Src/stm32f4xx_hal_can.c ****       hcan->MspInitCallback = HAL_CAN_MspInit; /* Legacy weak MspInit */
 320:Drivers/STM32F4xx_HAL_Driver/Src/stm32f4xx_hal_can.c ****     }
 321:Drivers/STM32F4xx_HAL_Driver/Src/stm32f4xx_hal_can.c **** 
 322:Drivers/STM32F4xx_HAL_Driver/Src/stm32f4xx_hal_can.c ****     /* Init the low level hardware: CLOCK, NVIC */
 323:Drivers/STM32F4xx_HAL_Driver/Src/stm32f4xx_hal_can.c ****     hcan->MspInitCallback(hcan);
 324:Drivers/STM32F4xx_HAL_Driver/Src/stm32f4xx_hal_can.c ****   }
 325:Drivers/STM32F4xx_HAL_Driver/Src/stm32f4xx_hal_can.c **** 
 326:Drivers/STM32F4xx_HAL_Driver/Src/stm32f4xx_hal_can.c **** #else
 327:Drivers/STM32F4xx_HAL_Driver/Src/stm32f4xx_hal_can.c ****   if (hcan->State == HAL_CAN_STATE_RESET)
 328:Drivers/STM32F4xx_HAL_Driver/Src/stm32f4xx_hal_can.c ****   {
 329:Drivers/STM32F4xx_HAL_Driver/Src/stm32f4xx_hal_can.c ****     /* Init the low level hardware: CLOCK, NVIC */
 330:Drivers/STM32F4xx_HAL_Driver/Src/stm32f4xx_hal_can.c ****     HAL_CAN_MspInit(hcan);
 331:Drivers/STM32F4xx_HAL_Driver/Src/stm32f4xx_hal_can.c ****   }
 332:Drivers/STM32F4xx_HAL_Driver/Src/stm32f4xx_hal_can.c **** #endif /* USE_HAL_CAN_REGISTER_CALLBACKS */
 333:Drivers/STM32F4xx_HAL_Driver/Src/stm32f4xx_hal_can.c **** 
 334:Drivers/STM32F4xx_HAL_Driver/Src/stm32f4xx_hal_can.c ****   /* Request initialisation */
 335:Drivers/STM32F4xx_HAL_Driver/Src/stm32f4xx_hal_can.c ****   SET_BIT(hcan->Instance->MCR, CAN_MCR_INRQ);
 336:Drivers/STM32F4xx_HAL_Driver/Src/stm32f4xx_hal_can.c **** 
 337:Drivers/STM32F4xx_HAL_Driver/Src/stm32f4xx_hal_can.c ****   /* Get tick */
 338:Drivers/STM32F4xx_HAL_Driver/Src/stm32f4xx_hal_can.c ****   tickstart = HAL_GetTick();
 339:Drivers/STM32F4xx_HAL_Driver/Src/stm32f4xx_hal_can.c **** 
 340:Drivers/STM32F4xx_HAL_Driver/Src/stm32f4xx_hal_can.c ****   /* Wait initialisation acknowledge */
 341:Drivers/STM32F4xx_HAL_Driver/Src/stm32f4xx_hal_can.c ****   while ((hcan->Instance->MSR & CAN_MSR_INAK) == 0U)
 342:Drivers/STM32F4xx_HAL_Driver/Src/stm32f4xx_hal_can.c ****   {
 343:Drivers/STM32F4xx_HAL_Driver/Src/stm32f4xx_hal_can.c ****     if ((HAL_GetTick() - tickstart) > CAN_TIMEOUT_VALUE)
 344:Drivers/STM32F4xx_HAL_Driver/Src/stm32f4xx_hal_can.c ****     {
 345:Drivers/STM32F4xx_HAL_Driver/Src/stm32f4xx_hal_can.c ****       /* Update error code */
 346:Drivers/STM32F4xx_HAL_Driver/Src/stm32f4xx_hal_can.c ****       hcan->ErrorCode |= HAL_CAN_ERROR_TIMEOUT;
 347:Drivers/STM32F4xx_HAL_Driver/Src/stm32f4xx_hal_can.c **** 
 348:Drivers/STM32F4xx_HAL_Driver/Src/stm32f4xx_hal_can.c ****       /* Change CAN state */
 349:Drivers/STM32F4xx_HAL_Driver/Src/stm32f4xx_hal_can.c ****       hcan->State = HAL_CAN_STATE_ERROR;
 350:Drivers/STM32F4xx_HAL_Driver/Src/stm32f4xx_hal_can.c **** 
 351:Drivers/STM32F4xx_HAL_Driver/Src/stm32f4xx_hal_can.c ****       return HAL_ERROR;
 352:Drivers/STM32F4xx_HAL_Driver/Src/stm32f4xx_hal_can.c ****     }
 353:Drivers/STM32F4xx_HAL_Driver/Src/stm32f4xx_hal_can.c ****   }
 354:Drivers/STM32F4xx_HAL_Driver/Src/stm32f4xx_hal_can.c **** 
 355:Drivers/STM32F4xx_HAL_Driver/Src/stm32f4xx_hal_can.c ****   /* Exit from sleep mode */
 356:Drivers/STM32F4xx_HAL_Driver/Src/stm32f4xx_hal_can.c ****   CLEAR_BIT(hcan->Instance->MCR, CAN_MCR_SLEEP);
 357:Drivers/STM32F4xx_HAL_Driver/Src/stm32f4xx_hal_can.c **** 
 358:Drivers/STM32F4xx_HAL_Driver/Src/stm32f4xx_hal_can.c ****   /* Get tick */
 359:Drivers/STM32F4xx_HAL_Driver/Src/stm32f4xx_hal_can.c ****   tickstart = HAL_GetTick();
 360:Drivers/STM32F4xx_HAL_Driver/Src/stm32f4xx_hal_can.c **** 
 361:Drivers/STM32F4xx_HAL_Driver/Src/stm32f4xx_hal_can.c ****   /* Check Sleep mode leave acknowledge */
 362:Drivers/STM32F4xx_HAL_Driver/Src/stm32f4xx_hal_can.c ****   while ((hcan->Instance->MSR & CAN_MSR_SLAK) != 0U)
 363:Drivers/STM32F4xx_HAL_Driver/Src/stm32f4xx_hal_can.c ****   {
 364:Drivers/STM32F4xx_HAL_Driver/Src/stm32f4xx_hal_can.c ****     if ((HAL_GetTick() - tickstart) > CAN_TIMEOUT_VALUE)
 365:Drivers/STM32F4xx_HAL_Driver/Src/stm32f4xx_hal_can.c ****     {
 366:Drivers/STM32F4xx_HAL_Driver/Src/stm32f4xx_hal_can.c ****       /* Update error code */
 367:Drivers/STM32F4xx_HAL_Driver/Src/stm32f4xx_hal_can.c ****       hcan->ErrorCode |= HAL_CAN_ERROR_TIMEOUT;
 368:Drivers/STM32F4xx_HAL_Driver/Src/stm32f4xx_hal_can.c **** 
 369:Drivers/STM32F4xx_HAL_Driver/Src/stm32f4xx_hal_can.c ****       /* Change CAN state */
 370:Drivers/STM32F4xx_HAL_Driver/Src/stm32f4xx_hal_can.c ****       hcan->State = HAL_CAN_STATE_ERROR;
 371:Drivers/STM32F4xx_HAL_Driver/Src/stm32f4xx_hal_can.c **** 
ARM GAS  /tmp/ccXdCPPU.s 			page 8


 372:Drivers/STM32F4xx_HAL_Driver/Src/stm32f4xx_hal_can.c ****       return HAL_ERROR;
 373:Drivers/STM32F4xx_HAL_Driver/Src/stm32f4xx_hal_can.c ****     }
 374:Drivers/STM32F4xx_HAL_Driver/Src/stm32f4xx_hal_can.c ****   }
 375:Drivers/STM32F4xx_HAL_Driver/Src/stm32f4xx_hal_can.c **** 
 376:Drivers/STM32F4xx_HAL_Driver/Src/stm32f4xx_hal_can.c ****   /* Set the time triggered communication mode */
 377:Drivers/STM32F4xx_HAL_Driver/Src/stm32f4xx_hal_can.c ****   if (hcan->Init.TimeTriggeredMode == ENABLE)
 378:Drivers/STM32F4xx_HAL_Driver/Src/stm32f4xx_hal_can.c ****   {
 379:Drivers/STM32F4xx_HAL_Driver/Src/stm32f4xx_hal_can.c ****     SET_BIT(hcan->Instance->MCR, CAN_MCR_TTCM);
 380:Drivers/STM32F4xx_HAL_Driver/Src/stm32f4xx_hal_can.c ****   }
 381:Drivers/STM32F4xx_HAL_Driver/Src/stm32f4xx_hal_can.c ****   else
 382:Drivers/STM32F4xx_HAL_Driver/Src/stm32f4xx_hal_can.c ****   {
 383:Drivers/STM32F4xx_HAL_Driver/Src/stm32f4xx_hal_can.c ****     CLEAR_BIT(hcan->Instance->MCR, CAN_MCR_TTCM);
 384:Drivers/STM32F4xx_HAL_Driver/Src/stm32f4xx_hal_can.c ****   }
 385:Drivers/STM32F4xx_HAL_Driver/Src/stm32f4xx_hal_can.c **** 
 386:Drivers/STM32F4xx_HAL_Driver/Src/stm32f4xx_hal_can.c ****   /* Set the automatic bus-off management */
 387:Drivers/STM32F4xx_HAL_Driver/Src/stm32f4xx_hal_can.c ****   if (hcan->Init.AutoBusOff == ENABLE)
 388:Drivers/STM32F4xx_HAL_Driver/Src/stm32f4xx_hal_can.c ****   {
 389:Drivers/STM32F4xx_HAL_Driver/Src/stm32f4xx_hal_can.c ****     SET_BIT(hcan->Instance->MCR, CAN_MCR_ABOM);
 390:Drivers/STM32F4xx_HAL_Driver/Src/stm32f4xx_hal_can.c ****   }
 391:Drivers/STM32F4xx_HAL_Driver/Src/stm32f4xx_hal_can.c ****   else
 392:Drivers/STM32F4xx_HAL_Driver/Src/stm32f4xx_hal_can.c ****   {
 393:Drivers/STM32F4xx_HAL_Driver/Src/stm32f4xx_hal_can.c ****     CLEAR_BIT(hcan->Instance->MCR, CAN_MCR_ABOM);
 394:Drivers/STM32F4xx_HAL_Driver/Src/stm32f4xx_hal_can.c ****   }
 395:Drivers/STM32F4xx_HAL_Driver/Src/stm32f4xx_hal_can.c **** 
 396:Drivers/STM32F4xx_HAL_Driver/Src/stm32f4xx_hal_can.c ****   /* Set the automatic wake-up mode */
 397:Drivers/STM32F4xx_HAL_Driver/Src/stm32f4xx_hal_can.c ****   if (hcan->Init.AutoWakeUp == ENABLE)
 398:Drivers/STM32F4xx_HAL_Driver/Src/stm32f4xx_hal_can.c ****   {
 399:Drivers/STM32F4xx_HAL_Driver/Src/stm32f4xx_hal_can.c ****     SET_BIT(hcan->Instance->MCR, CAN_MCR_AWUM);
 400:Drivers/STM32F4xx_HAL_Driver/Src/stm32f4xx_hal_can.c ****   }
 401:Drivers/STM32F4xx_HAL_Driver/Src/stm32f4xx_hal_can.c ****   else
 402:Drivers/STM32F4xx_HAL_Driver/Src/stm32f4xx_hal_can.c ****   {
 403:Drivers/STM32F4xx_HAL_Driver/Src/stm32f4xx_hal_can.c ****     CLEAR_BIT(hcan->Instance->MCR, CAN_MCR_AWUM);
 404:Drivers/STM32F4xx_HAL_Driver/Src/stm32f4xx_hal_can.c ****   }
 405:Drivers/STM32F4xx_HAL_Driver/Src/stm32f4xx_hal_can.c **** 
 406:Drivers/STM32F4xx_HAL_Driver/Src/stm32f4xx_hal_can.c ****   /* Set the automatic retransmission */
 407:Drivers/STM32F4xx_HAL_Driver/Src/stm32f4xx_hal_can.c ****   if (hcan->Init.AutoRetransmission == ENABLE)
 408:Drivers/STM32F4xx_HAL_Driver/Src/stm32f4xx_hal_can.c ****   {
 409:Drivers/STM32F4xx_HAL_Driver/Src/stm32f4xx_hal_can.c ****     CLEAR_BIT(hcan->Instance->MCR, CAN_MCR_NART);
 410:Drivers/STM32F4xx_HAL_Driver/Src/stm32f4xx_hal_can.c ****   }
 411:Drivers/STM32F4xx_HAL_Driver/Src/stm32f4xx_hal_can.c ****   else
 412:Drivers/STM32F4xx_HAL_Driver/Src/stm32f4xx_hal_can.c ****   {
 413:Drivers/STM32F4xx_HAL_Driver/Src/stm32f4xx_hal_can.c ****     SET_BIT(hcan->Instance->MCR, CAN_MCR_NART);
 414:Drivers/STM32F4xx_HAL_Driver/Src/stm32f4xx_hal_can.c ****   }
 415:Drivers/STM32F4xx_HAL_Driver/Src/stm32f4xx_hal_can.c **** 
 416:Drivers/STM32F4xx_HAL_Driver/Src/stm32f4xx_hal_can.c ****   /* Set the receive FIFO locked mode */
 417:Drivers/STM32F4xx_HAL_Driver/Src/stm32f4xx_hal_can.c ****   if (hcan->Init.ReceiveFifoLocked == ENABLE)
 418:Drivers/STM32F4xx_HAL_Driver/Src/stm32f4xx_hal_can.c ****   {
 419:Drivers/STM32F4xx_HAL_Driver/Src/stm32f4xx_hal_can.c ****     SET_BIT(hcan->Instance->MCR, CAN_MCR_RFLM);
 420:Drivers/STM32F4xx_HAL_Driver/Src/stm32f4xx_hal_can.c ****   }
 421:Drivers/STM32F4xx_HAL_Driver/Src/stm32f4xx_hal_can.c ****   else
 422:Drivers/STM32F4xx_HAL_Driver/Src/stm32f4xx_hal_can.c ****   {
 423:Drivers/STM32F4xx_HAL_Driver/Src/stm32f4xx_hal_can.c ****     CLEAR_BIT(hcan->Instance->MCR, CAN_MCR_RFLM);
 424:Drivers/STM32F4xx_HAL_Driver/Src/stm32f4xx_hal_can.c ****   }
 425:Drivers/STM32F4xx_HAL_Driver/Src/stm32f4xx_hal_can.c **** 
 426:Drivers/STM32F4xx_HAL_Driver/Src/stm32f4xx_hal_can.c ****   /* Set the transmit FIFO priority */
 427:Drivers/STM32F4xx_HAL_Driver/Src/stm32f4xx_hal_can.c ****   if (hcan->Init.TransmitFifoPriority == ENABLE)
 428:Drivers/STM32F4xx_HAL_Driver/Src/stm32f4xx_hal_can.c ****   {
ARM GAS  /tmp/ccXdCPPU.s 			page 9


 429:Drivers/STM32F4xx_HAL_Driver/Src/stm32f4xx_hal_can.c ****     SET_BIT(hcan->Instance->MCR, CAN_MCR_TXFP);
 430:Drivers/STM32F4xx_HAL_Driver/Src/stm32f4xx_hal_can.c ****   }
 431:Drivers/STM32F4xx_HAL_Driver/Src/stm32f4xx_hal_can.c ****   else
 432:Drivers/STM32F4xx_HAL_Driver/Src/stm32f4xx_hal_can.c ****   {
 433:Drivers/STM32F4xx_HAL_Driver/Src/stm32f4xx_hal_can.c ****     CLEAR_BIT(hcan->Instance->MCR, CAN_MCR_TXFP);
 434:Drivers/STM32F4xx_HAL_Driver/Src/stm32f4xx_hal_can.c ****   }
 435:Drivers/STM32F4xx_HAL_Driver/Src/stm32f4xx_hal_can.c **** 
 436:Drivers/STM32F4xx_HAL_Driver/Src/stm32f4xx_hal_can.c ****   /* Set the bit timing register */
 437:Drivers/STM32F4xx_HAL_Driver/Src/stm32f4xx_hal_can.c ****   WRITE_REG(hcan->Instance->BTR, (uint32_t)(hcan->Init.Mode           |
 438:Drivers/STM32F4xx_HAL_Driver/Src/stm32f4xx_hal_can.c ****                                             hcan->Init.SyncJumpWidth  |
 439:Drivers/STM32F4xx_HAL_Driver/Src/stm32f4xx_hal_can.c ****                                             hcan->Init.TimeSeg1       |
 440:Drivers/STM32F4xx_HAL_Driver/Src/stm32f4xx_hal_can.c ****                                             hcan->Init.TimeSeg2       |
 441:Drivers/STM32F4xx_HAL_Driver/Src/stm32f4xx_hal_can.c ****                                             (hcan->Init.Prescaler - 1U)));
 442:Drivers/STM32F4xx_HAL_Driver/Src/stm32f4xx_hal_can.c **** 
 443:Drivers/STM32F4xx_HAL_Driver/Src/stm32f4xx_hal_can.c ****   /* Initialize the error code */
 444:Drivers/STM32F4xx_HAL_Driver/Src/stm32f4xx_hal_can.c ****   hcan->ErrorCode = HAL_CAN_ERROR_NONE;
 445:Drivers/STM32F4xx_HAL_Driver/Src/stm32f4xx_hal_can.c **** 
 446:Drivers/STM32F4xx_HAL_Driver/Src/stm32f4xx_hal_can.c ****   /* Initialize the CAN state */
 447:Drivers/STM32F4xx_HAL_Driver/Src/stm32f4xx_hal_can.c ****   hcan->State = HAL_CAN_STATE_READY;
 448:Drivers/STM32F4xx_HAL_Driver/Src/stm32f4xx_hal_can.c **** 
 449:Drivers/STM32F4xx_HAL_Driver/Src/stm32f4xx_hal_can.c ****   /* Return function status */
 450:Drivers/STM32F4xx_HAL_Driver/Src/stm32f4xx_hal_can.c ****   return HAL_OK;
 451:Drivers/STM32F4xx_HAL_Driver/Src/stm32f4xx_hal_can.c **** }
 452:Drivers/STM32F4xx_HAL_Driver/Src/stm32f4xx_hal_can.c **** 
 453:Drivers/STM32F4xx_HAL_Driver/Src/stm32f4xx_hal_can.c **** /**
 454:Drivers/STM32F4xx_HAL_Driver/Src/stm32f4xx_hal_can.c ****   * @brief  Deinitializes the CAN peripheral registers to their default
 455:Drivers/STM32F4xx_HAL_Driver/Src/stm32f4xx_hal_can.c ****   *         reset values.
 456:Drivers/STM32F4xx_HAL_Driver/Src/stm32f4xx_hal_can.c ****   * @param  hcan pointer to a CAN_HandleTypeDef structure that contains
 457:Drivers/STM32F4xx_HAL_Driver/Src/stm32f4xx_hal_can.c ****   *         the configuration information for the specified CAN.
 458:Drivers/STM32F4xx_HAL_Driver/Src/stm32f4xx_hal_can.c ****   * @retval HAL status
 459:Drivers/STM32F4xx_HAL_Driver/Src/stm32f4xx_hal_can.c ****   */
 460:Drivers/STM32F4xx_HAL_Driver/Src/stm32f4xx_hal_can.c **** HAL_StatusTypeDef HAL_CAN_DeInit(CAN_HandleTypeDef *hcan)
 461:Drivers/STM32F4xx_HAL_Driver/Src/stm32f4xx_hal_can.c **** {
 462:Drivers/STM32F4xx_HAL_Driver/Src/stm32f4xx_hal_can.c ****   /* Check CAN handle */
 463:Drivers/STM32F4xx_HAL_Driver/Src/stm32f4xx_hal_can.c ****   if (hcan == NULL)
 464:Drivers/STM32F4xx_HAL_Driver/Src/stm32f4xx_hal_can.c ****   {
 465:Drivers/STM32F4xx_HAL_Driver/Src/stm32f4xx_hal_can.c ****     return HAL_ERROR;
 466:Drivers/STM32F4xx_HAL_Driver/Src/stm32f4xx_hal_can.c ****   }
 467:Drivers/STM32F4xx_HAL_Driver/Src/stm32f4xx_hal_can.c **** 
 468:Drivers/STM32F4xx_HAL_Driver/Src/stm32f4xx_hal_can.c ****   /* Check the parameters */
 469:Drivers/STM32F4xx_HAL_Driver/Src/stm32f4xx_hal_can.c ****   assert_param(IS_CAN_ALL_INSTANCE(hcan->Instance));
 470:Drivers/STM32F4xx_HAL_Driver/Src/stm32f4xx_hal_can.c **** 
 471:Drivers/STM32F4xx_HAL_Driver/Src/stm32f4xx_hal_can.c ****   /* Stop the CAN module */
 472:Drivers/STM32F4xx_HAL_Driver/Src/stm32f4xx_hal_can.c ****   (void)HAL_CAN_Stop(hcan);
 473:Drivers/STM32F4xx_HAL_Driver/Src/stm32f4xx_hal_can.c **** 
 474:Drivers/STM32F4xx_HAL_Driver/Src/stm32f4xx_hal_can.c **** #if USE_HAL_CAN_REGISTER_CALLBACKS == 1
 475:Drivers/STM32F4xx_HAL_Driver/Src/stm32f4xx_hal_can.c ****   if (hcan->MspDeInitCallback == NULL)
 476:Drivers/STM32F4xx_HAL_Driver/Src/stm32f4xx_hal_can.c ****   {
 477:Drivers/STM32F4xx_HAL_Driver/Src/stm32f4xx_hal_can.c ****     hcan->MspDeInitCallback = HAL_CAN_MspDeInit; /* Legacy weak MspDeInit */
 478:Drivers/STM32F4xx_HAL_Driver/Src/stm32f4xx_hal_can.c ****   }
 479:Drivers/STM32F4xx_HAL_Driver/Src/stm32f4xx_hal_can.c **** 
 480:Drivers/STM32F4xx_HAL_Driver/Src/stm32f4xx_hal_can.c ****   /* DeInit the low level hardware: CLOCK, NVIC */
 481:Drivers/STM32F4xx_HAL_Driver/Src/stm32f4xx_hal_can.c ****   hcan->MspDeInitCallback(hcan);
 482:Drivers/STM32F4xx_HAL_Driver/Src/stm32f4xx_hal_can.c **** 
 483:Drivers/STM32F4xx_HAL_Driver/Src/stm32f4xx_hal_can.c **** #else
 484:Drivers/STM32F4xx_HAL_Driver/Src/stm32f4xx_hal_can.c ****   /* DeInit the low level hardware: CLOCK, NVIC */
 485:Drivers/STM32F4xx_HAL_Driver/Src/stm32f4xx_hal_can.c ****   HAL_CAN_MspDeInit(hcan);
ARM GAS  /tmp/ccXdCPPU.s 			page 10


 486:Drivers/STM32F4xx_HAL_Driver/Src/stm32f4xx_hal_can.c **** #endif /* USE_HAL_CAN_REGISTER_CALLBACKS */
 487:Drivers/STM32F4xx_HAL_Driver/Src/stm32f4xx_hal_can.c **** 
 488:Drivers/STM32F4xx_HAL_Driver/Src/stm32f4xx_hal_can.c ****   /* Reset the CAN peripheral */
 489:Drivers/STM32F4xx_HAL_Driver/Src/stm32f4xx_hal_can.c ****   SET_BIT(hcan->Instance->MCR, CAN_MCR_RESET);
 490:Drivers/STM32F4xx_HAL_Driver/Src/stm32f4xx_hal_can.c **** 
 491:Drivers/STM32F4xx_HAL_Driver/Src/stm32f4xx_hal_can.c ****   /* Reset the CAN ErrorCode */
 492:Drivers/STM32F4xx_HAL_Driver/Src/stm32f4xx_hal_can.c ****   hcan->ErrorCode = HAL_CAN_ERROR_NONE;
 493:Drivers/STM32F4xx_HAL_Driver/Src/stm32f4xx_hal_can.c **** 
 494:Drivers/STM32F4xx_HAL_Driver/Src/stm32f4xx_hal_can.c ****   /* Change CAN state */
 495:Drivers/STM32F4xx_HAL_Driver/Src/stm32f4xx_hal_can.c ****   hcan->State = HAL_CAN_STATE_RESET;
 496:Drivers/STM32F4xx_HAL_Driver/Src/stm32f4xx_hal_can.c **** 
 497:Drivers/STM32F4xx_HAL_Driver/Src/stm32f4xx_hal_can.c ****   /* Return function status */
 498:Drivers/STM32F4xx_HAL_Driver/Src/stm32f4xx_hal_can.c ****   return HAL_OK;
 499:Drivers/STM32F4xx_HAL_Driver/Src/stm32f4xx_hal_can.c **** }
 500:Drivers/STM32F4xx_HAL_Driver/Src/stm32f4xx_hal_can.c **** 
 501:Drivers/STM32F4xx_HAL_Driver/Src/stm32f4xx_hal_can.c **** /**
 502:Drivers/STM32F4xx_HAL_Driver/Src/stm32f4xx_hal_can.c ****   * @brief  Initializes the CAN MSP.
 503:Drivers/STM32F4xx_HAL_Driver/Src/stm32f4xx_hal_can.c ****   * @param  hcan pointer to a CAN_HandleTypeDef structure that contains
 504:Drivers/STM32F4xx_HAL_Driver/Src/stm32f4xx_hal_can.c ****   *         the configuration information for the specified CAN.
 505:Drivers/STM32F4xx_HAL_Driver/Src/stm32f4xx_hal_can.c ****   * @retval None
 506:Drivers/STM32F4xx_HAL_Driver/Src/stm32f4xx_hal_can.c ****   */
 507:Drivers/STM32F4xx_HAL_Driver/Src/stm32f4xx_hal_can.c **** __weak void HAL_CAN_MspInit(CAN_HandleTypeDef *hcan)
 508:Drivers/STM32F4xx_HAL_Driver/Src/stm32f4xx_hal_can.c **** {
  30              		.loc 1 508 1 view -0
  31              		.cfi_startproc
  32              		@ args = 0, pretend = 0, frame = 0
  33              		@ frame_needed = 0, uses_anonymous_args = 0
  34              		@ link register save eliminated.
 509:Drivers/STM32F4xx_HAL_Driver/Src/stm32f4xx_hal_can.c ****   /* Prevent unused argument(s) compilation warning */
 510:Drivers/STM32F4xx_HAL_Driver/Src/stm32f4xx_hal_can.c ****   UNUSED(hcan);
  35              		.loc 1 510 3 view .LVU1
 511:Drivers/STM32F4xx_HAL_Driver/Src/stm32f4xx_hal_can.c **** 
 512:Drivers/STM32F4xx_HAL_Driver/Src/stm32f4xx_hal_can.c ****   /* NOTE : This function Should not be modified, when the callback is needed,
 513:Drivers/STM32F4xx_HAL_Driver/Src/stm32f4xx_hal_can.c ****             the HAL_CAN_MspInit could be implemented in the user file
 514:Drivers/STM32F4xx_HAL_Driver/Src/stm32f4xx_hal_can.c ****    */
 515:Drivers/STM32F4xx_HAL_Driver/Src/stm32f4xx_hal_can.c **** }
  36              		.loc 1 515 1 is_stmt 0 view .LVU2
  37 0000 7047     		bx	lr
  38              		.cfi_endproc
  39              	.LFE136:
  41              		.section	.text.HAL_CAN_Init,"ax",%progbits
  42              		.align	1
  43              		.global	HAL_CAN_Init
  44              		.syntax unified
  45              		.thumb
  46              		.thumb_func
  47              		.fpu fpv4-sp-d16
  49              	HAL_CAN_Init:
  50              	.LVL1:
  51              	.LFB134:
 276:Drivers/STM32F4xx_HAL_Driver/Src/stm32f4xx_hal_can.c ****   uint32_t tickstart;
  52              		.loc 1 276 1 is_stmt 1 view -0
  53              		.cfi_startproc
  54              		@ args = 0, pretend = 0, frame = 0
  55              		@ frame_needed = 0, uses_anonymous_args = 0
 277:Drivers/STM32F4xx_HAL_Driver/Src/stm32f4xx_hal_can.c **** 
  56              		.loc 1 277 3 view .LVU4
ARM GAS  /tmp/ccXdCPPU.s 			page 11


 280:Drivers/STM32F4xx_HAL_Driver/Src/stm32f4xx_hal_can.c ****   {
  57              		.loc 1 280 3 view .LVU5
 280:Drivers/STM32F4xx_HAL_Driver/Src/stm32f4xx_hal_can.c ****   {
  58              		.loc 1 280 6 is_stmt 0 view .LVU6
  59 0000 0028     		cmp	r0, #0
  60 0002 00F0A180 		beq	.L21
 276:Drivers/STM32F4xx_HAL_Driver/Src/stm32f4xx_hal_can.c ****   uint32_t tickstart;
  61              		.loc 1 276 1 view .LVU7
  62 0006 38B5     		push	{r3, r4, r5, lr}
  63              	.LCFI0:
  64              		.cfi_def_cfa_offset 16
  65              		.cfi_offset 3, -16
  66              		.cfi_offset 4, -12
  67              		.cfi_offset 5, -8
  68              		.cfi_offset 14, -4
  69 0008 0446     		mov	r4, r0
 286:Drivers/STM32F4xx_HAL_Driver/Src/stm32f4xx_hal_can.c ****   assert_param(IS_FUNCTIONAL_STATE(hcan->Init.TimeTriggeredMode));
  70              		.loc 1 286 3 is_stmt 1 view .LVU8
 287:Drivers/STM32F4xx_HAL_Driver/Src/stm32f4xx_hal_can.c ****   assert_param(IS_FUNCTIONAL_STATE(hcan->Init.AutoBusOff));
  71              		.loc 1 287 3 view .LVU9
 288:Drivers/STM32F4xx_HAL_Driver/Src/stm32f4xx_hal_can.c ****   assert_param(IS_FUNCTIONAL_STATE(hcan->Init.AutoWakeUp));
  72              		.loc 1 288 3 view .LVU10
 289:Drivers/STM32F4xx_HAL_Driver/Src/stm32f4xx_hal_can.c ****   assert_param(IS_FUNCTIONAL_STATE(hcan->Init.AutoRetransmission));
  73              		.loc 1 289 3 view .LVU11
 290:Drivers/STM32F4xx_HAL_Driver/Src/stm32f4xx_hal_can.c ****   assert_param(IS_FUNCTIONAL_STATE(hcan->Init.ReceiveFifoLocked));
  74              		.loc 1 290 3 view .LVU12
 291:Drivers/STM32F4xx_HAL_Driver/Src/stm32f4xx_hal_can.c ****   assert_param(IS_FUNCTIONAL_STATE(hcan->Init.TransmitFifoPriority));
  75              		.loc 1 291 3 view .LVU13
 292:Drivers/STM32F4xx_HAL_Driver/Src/stm32f4xx_hal_can.c ****   assert_param(IS_CAN_MODE(hcan->Init.Mode));
  76              		.loc 1 292 3 view .LVU14
 293:Drivers/STM32F4xx_HAL_Driver/Src/stm32f4xx_hal_can.c ****   assert_param(IS_CAN_SJW(hcan->Init.SyncJumpWidth));
  77              		.loc 1 293 3 view .LVU15
 294:Drivers/STM32F4xx_HAL_Driver/Src/stm32f4xx_hal_can.c ****   assert_param(IS_CAN_BS1(hcan->Init.TimeSeg1));
  78              		.loc 1 294 3 view .LVU16
 295:Drivers/STM32F4xx_HAL_Driver/Src/stm32f4xx_hal_can.c ****   assert_param(IS_CAN_BS2(hcan->Init.TimeSeg2));
  79              		.loc 1 295 3 view .LVU17
 296:Drivers/STM32F4xx_HAL_Driver/Src/stm32f4xx_hal_can.c ****   assert_param(IS_CAN_PRESCALER(hcan->Init.Prescaler));
  80              		.loc 1 296 3 view .LVU18
 297:Drivers/STM32F4xx_HAL_Driver/Src/stm32f4xx_hal_can.c **** 
  81              		.loc 1 297 3 view .LVU19
 327:Drivers/STM32F4xx_HAL_Driver/Src/stm32f4xx_hal_can.c ****   {
  82              		.loc 1 327 3 view .LVU20
 327:Drivers/STM32F4xx_HAL_Driver/Src/stm32f4xx_hal_can.c ****   {
  83              		.loc 1 327 11 is_stmt 0 view .LVU21
  84 000a 90F82030 		ldrb	r3, [r0, #32]	@ zero_extendqisi2
 327:Drivers/STM32F4xx_HAL_Driver/Src/stm32f4xx_hal_can.c ****   {
  85              		.loc 1 327 6 view .LVU22
  86 000e D3B1     		cbz	r3, .L26
  87              	.LVL2:
  88              	.L4:
 335:Drivers/STM32F4xx_HAL_Driver/Src/stm32f4xx_hal_can.c **** 
  89              		.loc 1 335 3 is_stmt 1 view .LVU23
  90 0010 2268     		ldr	r2, [r4]
  91 0012 1368     		ldr	r3, [r2]
  92 0014 43F00103 		orr	r3, r3, #1
  93 0018 1360     		str	r3, [r2]
 338:Drivers/STM32F4xx_HAL_Driver/Src/stm32f4xx_hal_can.c **** 
ARM GAS  /tmp/ccXdCPPU.s 			page 12


  94              		.loc 1 338 3 view .LVU24
 338:Drivers/STM32F4xx_HAL_Driver/Src/stm32f4xx_hal_can.c **** 
  95              		.loc 1 338 15 is_stmt 0 view .LVU25
  96 001a FFF7FEFF 		bl	HAL_GetTick
  97              	.LVL3:
  98 001e 0546     		mov	r5, r0
  99              	.LVL4:
 341:Drivers/STM32F4xx_HAL_Driver/Src/stm32f4xx_hal_can.c ****   {
 100              		.loc 1 341 3 is_stmt 1 view .LVU26
 101              	.L5:
 341:Drivers/STM32F4xx_HAL_Driver/Src/stm32f4xx_hal_can.c ****   {
 102              		.loc 1 341 9 view .LVU27
 341:Drivers/STM32F4xx_HAL_Driver/Src/stm32f4xx_hal_can.c ****   {
 103              		.loc 1 341 15 is_stmt 0 view .LVU28
 104 0020 2368     		ldr	r3, [r4]
 341:Drivers/STM32F4xx_HAL_Driver/Src/stm32f4xx_hal_can.c ****   {
 105              		.loc 1 341 25 view .LVU29
 106 0022 5A68     		ldr	r2, [r3, #4]
 341:Drivers/STM32F4xx_HAL_Driver/Src/stm32f4xx_hal_can.c ****   {
 107              		.loc 1 341 9 view .LVU30
 108 0024 12F0010F 		tst	r2, #1
 109 0028 10D1     		bne	.L27
 343:Drivers/STM32F4xx_HAL_Driver/Src/stm32f4xx_hal_can.c ****     {
 110              		.loc 1 343 5 is_stmt 1 view .LVU31
 343:Drivers/STM32F4xx_HAL_Driver/Src/stm32f4xx_hal_can.c ****     {
 111              		.loc 1 343 10 is_stmt 0 view .LVU32
 112 002a FFF7FEFF 		bl	HAL_GetTick
 113              	.LVL5:
 343:Drivers/STM32F4xx_HAL_Driver/Src/stm32f4xx_hal_can.c ****     {
 114              		.loc 1 343 24 view .LVU33
 115 002e 401B     		subs	r0, r0, r5
 343:Drivers/STM32F4xx_HAL_Driver/Src/stm32f4xx_hal_can.c ****     {
 116              		.loc 1 343 8 view .LVU34
 117 0030 0A28     		cmp	r0, #10
 118 0032 F5D9     		bls	.L5
 346:Drivers/STM32F4xx_HAL_Driver/Src/stm32f4xx_hal_can.c **** 
 119              		.loc 1 346 7 is_stmt 1 view .LVU35
 346:Drivers/STM32F4xx_HAL_Driver/Src/stm32f4xx_hal_can.c **** 
 120              		.loc 1 346 23 is_stmt 0 view .LVU36
 121 0034 636A     		ldr	r3, [r4, #36]
 122 0036 43F40033 		orr	r3, r3, #131072
 123 003a 6362     		str	r3, [r4, #36]
 349:Drivers/STM32F4xx_HAL_Driver/Src/stm32f4xx_hal_can.c **** 
 124              		.loc 1 349 7 is_stmt 1 view .LVU37
 349:Drivers/STM32F4xx_HAL_Driver/Src/stm32f4xx_hal_can.c **** 
 125              		.loc 1 349 19 is_stmt 0 view .LVU38
 126 003c 0523     		movs	r3, #5
 127 003e 84F82030 		strb	r3, [r4, #32]
 351:Drivers/STM32F4xx_HAL_Driver/Src/stm32f4xx_hal_can.c ****     }
 128              		.loc 1 351 7 is_stmt 1 view .LVU39
 351:Drivers/STM32F4xx_HAL_Driver/Src/stm32f4xx_hal_can.c ****     }
 129              		.loc 1 351 14 is_stmt 0 view .LVU40
 130 0042 0120     		movs	r0, #1
 131              	.L3:
 451:Drivers/STM32F4xx_HAL_Driver/Src/stm32f4xx_hal_can.c **** 
 132              		.loc 1 451 1 view .LVU41
 133 0044 38BD     		pop	{r3, r4, r5, pc}
ARM GAS  /tmp/ccXdCPPU.s 			page 13


 134              	.LVL6:
 135              	.L26:
 330:Drivers/STM32F4xx_HAL_Driver/Src/stm32f4xx_hal_can.c ****   }
 136              		.loc 1 330 5 is_stmt 1 view .LVU42
 137 0046 FFF7FEFF 		bl	HAL_CAN_MspInit
 138              	.LVL7:
 330:Drivers/STM32F4xx_HAL_Driver/Src/stm32f4xx_hal_can.c ****   }
 139              		.loc 1 330 5 is_stmt 0 view .LVU43
 140 004a E1E7     		b	.L4
 141              	.LVL8:
 142              	.L27:
 356:Drivers/STM32F4xx_HAL_Driver/Src/stm32f4xx_hal_can.c **** 
 143              		.loc 1 356 3 is_stmt 1 view .LVU44
 144 004c 1A68     		ldr	r2, [r3]
 145 004e 22F00202 		bic	r2, r2, #2
 146 0052 1A60     		str	r2, [r3]
 359:Drivers/STM32F4xx_HAL_Driver/Src/stm32f4xx_hal_can.c **** 
 147              		.loc 1 359 3 view .LVU45
 359:Drivers/STM32F4xx_HAL_Driver/Src/stm32f4xx_hal_can.c **** 
 148              		.loc 1 359 15 is_stmt 0 view .LVU46
 149 0054 FFF7FEFF 		bl	HAL_GetTick
 150              	.LVL9:
 151 0058 0546     		mov	r5, r0
 152              	.LVL10:
 362:Drivers/STM32F4xx_HAL_Driver/Src/stm32f4xx_hal_can.c ****   {
 153              		.loc 1 362 3 is_stmt 1 view .LVU47
 154              	.L7:
 362:Drivers/STM32F4xx_HAL_Driver/Src/stm32f4xx_hal_can.c ****   {
 155              		.loc 1 362 9 view .LVU48
 362:Drivers/STM32F4xx_HAL_Driver/Src/stm32f4xx_hal_can.c ****   {
 156              		.loc 1 362 15 is_stmt 0 view .LVU49
 157 005a 2368     		ldr	r3, [r4]
 362:Drivers/STM32F4xx_HAL_Driver/Src/stm32f4xx_hal_can.c ****   {
 158              		.loc 1 362 25 view .LVU50
 159 005c 5A68     		ldr	r2, [r3, #4]
 362:Drivers/STM32F4xx_HAL_Driver/Src/stm32f4xx_hal_can.c ****   {
 160              		.loc 1 362 9 view .LVU51
 161 005e 12F0020F 		tst	r2, #2
 162 0062 0DD0     		beq	.L28
 364:Drivers/STM32F4xx_HAL_Driver/Src/stm32f4xx_hal_can.c ****     {
 163              		.loc 1 364 5 is_stmt 1 view .LVU52
 364:Drivers/STM32F4xx_HAL_Driver/Src/stm32f4xx_hal_can.c ****     {
 164              		.loc 1 364 10 is_stmt 0 view .LVU53
 165 0064 FFF7FEFF 		bl	HAL_GetTick
 166              	.LVL11:
 364:Drivers/STM32F4xx_HAL_Driver/Src/stm32f4xx_hal_can.c ****     {
 167              		.loc 1 364 24 view .LVU54
 168 0068 401B     		subs	r0, r0, r5
 364:Drivers/STM32F4xx_HAL_Driver/Src/stm32f4xx_hal_can.c ****     {
 169              		.loc 1 364 8 view .LVU55
 170 006a 0A28     		cmp	r0, #10
 171 006c F5D9     		bls	.L7
 367:Drivers/STM32F4xx_HAL_Driver/Src/stm32f4xx_hal_can.c **** 
 172              		.loc 1 367 7 is_stmt 1 view .LVU56
 367:Drivers/STM32F4xx_HAL_Driver/Src/stm32f4xx_hal_can.c **** 
 173              		.loc 1 367 23 is_stmt 0 view .LVU57
 174 006e 636A     		ldr	r3, [r4, #36]
ARM GAS  /tmp/ccXdCPPU.s 			page 14


 175 0070 43F40033 		orr	r3, r3, #131072
 176 0074 6362     		str	r3, [r4, #36]
 370:Drivers/STM32F4xx_HAL_Driver/Src/stm32f4xx_hal_can.c **** 
 177              		.loc 1 370 7 is_stmt 1 view .LVU58
 370:Drivers/STM32F4xx_HAL_Driver/Src/stm32f4xx_hal_can.c **** 
 178              		.loc 1 370 19 is_stmt 0 view .LVU59
 179 0076 0523     		movs	r3, #5
 180 0078 84F82030 		strb	r3, [r4, #32]
 372:Drivers/STM32F4xx_HAL_Driver/Src/stm32f4xx_hal_can.c ****     }
 181              		.loc 1 372 7 is_stmt 1 view .LVU60
 372:Drivers/STM32F4xx_HAL_Driver/Src/stm32f4xx_hal_can.c ****     }
 182              		.loc 1 372 14 is_stmt 0 view .LVU61
 183 007c 0120     		movs	r0, #1
 184 007e E1E7     		b	.L3
 185              	.L28:
 377:Drivers/STM32F4xx_HAL_Driver/Src/stm32f4xx_hal_can.c ****   {
 186              		.loc 1 377 3 is_stmt 1 view .LVU62
 377:Drivers/STM32F4xx_HAL_Driver/Src/stm32f4xx_hal_can.c ****   {
 187              		.loc 1 377 17 is_stmt 0 view .LVU63
 188 0080 227E     		ldrb	r2, [r4, #24]	@ zero_extendqisi2
 377:Drivers/STM32F4xx_HAL_Driver/Src/stm32f4xx_hal_can.c ****   {
 189              		.loc 1 377 6 view .LVU64
 190 0082 012A     		cmp	r2, #1
 191 0084 3DD0     		beq	.L29
 383:Drivers/STM32F4xx_HAL_Driver/Src/stm32f4xx_hal_can.c ****   }
 192              		.loc 1 383 5 is_stmt 1 view .LVU65
 193 0086 1A68     		ldr	r2, [r3]
 194 0088 22F08002 		bic	r2, r2, #128
 195 008c 1A60     		str	r2, [r3]
 196              	.L10:
 387:Drivers/STM32F4xx_HAL_Driver/Src/stm32f4xx_hal_can.c ****   {
 197              		.loc 1 387 3 view .LVU66
 387:Drivers/STM32F4xx_HAL_Driver/Src/stm32f4xx_hal_can.c ****   {
 198              		.loc 1 387 17 is_stmt 0 view .LVU67
 199 008e 637E     		ldrb	r3, [r4, #25]	@ zero_extendqisi2
 387:Drivers/STM32F4xx_HAL_Driver/Src/stm32f4xx_hal_can.c ****   {
 200              		.loc 1 387 6 view .LVU68
 201 0090 012B     		cmp	r3, #1
 202 0092 3BD0     		beq	.L30
 393:Drivers/STM32F4xx_HAL_Driver/Src/stm32f4xx_hal_can.c ****   }
 203              		.loc 1 393 5 is_stmt 1 view .LVU69
 204 0094 2268     		ldr	r2, [r4]
 205 0096 1368     		ldr	r3, [r2]
 206 0098 23F04003 		bic	r3, r3, #64
 207 009c 1360     		str	r3, [r2]
 208              	.L12:
 397:Drivers/STM32F4xx_HAL_Driver/Src/stm32f4xx_hal_can.c ****   {
 209              		.loc 1 397 3 view .LVU70
 397:Drivers/STM32F4xx_HAL_Driver/Src/stm32f4xx_hal_can.c ****   {
 210              		.loc 1 397 17 is_stmt 0 view .LVU71
 211 009e A37E     		ldrb	r3, [r4, #26]	@ zero_extendqisi2
 397:Drivers/STM32F4xx_HAL_Driver/Src/stm32f4xx_hal_can.c ****   {
 212              		.loc 1 397 6 view .LVU72
 213 00a0 012B     		cmp	r3, #1
 214 00a2 39D0     		beq	.L31
 403:Drivers/STM32F4xx_HAL_Driver/Src/stm32f4xx_hal_can.c ****   }
 215              		.loc 1 403 5 is_stmt 1 view .LVU73
ARM GAS  /tmp/ccXdCPPU.s 			page 15


 216 00a4 2268     		ldr	r2, [r4]
 217 00a6 1368     		ldr	r3, [r2]
 218 00a8 23F02003 		bic	r3, r3, #32
 219 00ac 1360     		str	r3, [r2]
 220              	.L14:
 407:Drivers/STM32F4xx_HAL_Driver/Src/stm32f4xx_hal_can.c ****   {
 221              		.loc 1 407 3 view .LVU74
 407:Drivers/STM32F4xx_HAL_Driver/Src/stm32f4xx_hal_can.c ****   {
 222              		.loc 1 407 17 is_stmt 0 view .LVU75
 223 00ae E37E     		ldrb	r3, [r4, #27]	@ zero_extendqisi2
 407:Drivers/STM32F4xx_HAL_Driver/Src/stm32f4xx_hal_can.c ****   {
 224              		.loc 1 407 6 view .LVU76
 225 00b0 012B     		cmp	r3, #1
 226 00b2 37D0     		beq	.L32
 413:Drivers/STM32F4xx_HAL_Driver/Src/stm32f4xx_hal_can.c ****   }
 227              		.loc 1 413 5 is_stmt 1 view .LVU77
 228 00b4 2268     		ldr	r2, [r4]
 229 00b6 1368     		ldr	r3, [r2]
 230 00b8 43F01003 		orr	r3, r3, #16
 231 00bc 1360     		str	r3, [r2]
 232              	.L16:
 417:Drivers/STM32F4xx_HAL_Driver/Src/stm32f4xx_hal_can.c ****   {
 233              		.loc 1 417 3 view .LVU78
 417:Drivers/STM32F4xx_HAL_Driver/Src/stm32f4xx_hal_can.c ****   {
 234              		.loc 1 417 17 is_stmt 0 view .LVU79
 235 00be 237F     		ldrb	r3, [r4, #28]	@ zero_extendqisi2
 417:Drivers/STM32F4xx_HAL_Driver/Src/stm32f4xx_hal_can.c ****   {
 236              		.loc 1 417 6 view .LVU80
 237 00c0 012B     		cmp	r3, #1
 238 00c2 35D0     		beq	.L33
 423:Drivers/STM32F4xx_HAL_Driver/Src/stm32f4xx_hal_can.c ****   }
 239              		.loc 1 423 5 is_stmt 1 view .LVU81
 240 00c4 2268     		ldr	r2, [r4]
 241 00c6 1368     		ldr	r3, [r2]
 242 00c8 23F00803 		bic	r3, r3, #8
 243 00cc 1360     		str	r3, [r2]
 244              	.L18:
 427:Drivers/STM32F4xx_HAL_Driver/Src/stm32f4xx_hal_can.c ****   {
 245              		.loc 1 427 3 view .LVU82
 427:Drivers/STM32F4xx_HAL_Driver/Src/stm32f4xx_hal_can.c ****   {
 246              		.loc 1 427 17 is_stmt 0 view .LVU83
 247 00ce 637F     		ldrb	r3, [r4, #29]	@ zero_extendqisi2
 427:Drivers/STM32F4xx_HAL_Driver/Src/stm32f4xx_hal_can.c ****   {
 248              		.loc 1 427 6 view .LVU84
 249 00d0 012B     		cmp	r3, #1
 250 00d2 33D0     		beq	.L34
 433:Drivers/STM32F4xx_HAL_Driver/Src/stm32f4xx_hal_can.c ****   }
 251              		.loc 1 433 5 is_stmt 1 view .LVU85
 252 00d4 2268     		ldr	r2, [r4]
 253 00d6 1368     		ldr	r3, [r2]
 254 00d8 23F00403 		bic	r3, r3, #4
 255 00dc 1360     		str	r3, [r2]
 256              	.L20:
 437:Drivers/STM32F4xx_HAL_Driver/Src/stm32f4xx_hal_can.c ****                                             hcan->Init.SyncJumpWidth  |
 257              		.loc 1 437 3 view .LVU86
 258 00de A368     		ldr	r3, [r4, #8]
 259 00e0 E268     		ldr	r2, [r4, #12]
ARM GAS  /tmp/ccXdCPPU.s 			page 16


 260 00e2 1343     		orrs	r3, r3, r2
 261 00e4 2269     		ldr	r2, [r4, #16]
 262 00e6 1343     		orrs	r3, r3, r2
 263 00e8 6269     		ldr	r2, [r4, #20]
 264 00ea 1343     		orrs	r3, r3, r2
 265 00ec 6268     		ldr	r2, [r4, #4]
 266 00ee 013A     		subs	r2, r2, #1
 267 00f0 2168     		ldr	r1, [r4]
 268 00f2 1343     		orrs	r3, r3, r2
 269 00f4 CB61     		str	r3, [r1, #28]
 444:Drivers/STM32F4xx_HAL_Driver/Src/stm32f4xx_hal_can.c **** 
 270              		.loc 1 444 3 view .LVU87
 444:Drivers/STM32F4xx_HAL_Driver/Src/stm32f4xx_hal_can.c **** 
 271              		.loc 1 444 19 is_stmt 0 view .LVU88
 272 00f6 0020     		movs	r0, #0
 273 00f8 6062     		str	r0, [r4, #36]
 447:Drivers/STM32F4xx_HAL_Driver/Src/stm32f4xx_hal_can.c **** 
 274              		.loc 1 447 3 is_stmt 1 view .LVU89
 447:Drivers/STM32F4xx_HAL_Driver/Src/stm32f4xx_hal_can.c **** 
 275              		.loc 1 447 15 is_stmt 0 view .LVU90
 276 00fa 0123     		movs	r3, #1
 277 00fc 84F82030 		strb	r3, [r4, #32]
 450:Drivers/STM32F4xx_HAL_Driver/Src/stm32f4xx_hal_can.c **** }
 278              		.loc 1 450 3 is_stmt 1 view .LVU91
 450:Drivers/STM32F4xx_HAL_Driver/Src/stm32f4xx_hal_can.c **** }
 279              		.loc 1 450 10 is_stmt 0 view .LVU92
 280 0100 A0E7     		b	.L3
 281              	.L29:
 379:Drivers/STM32F4xx_HAL_Driver/Src/stm32f4xx_hal_can.c ****   }
 282              		.loc 1 379 5 is_stmt 1 view .LVU93
 283 0102 1A68     		ldr	r2, [r3]
 284 0104 42F08002 		orr	r2, r2, #128
 285 0108 1A60     		str	r2, [r3]
 286 010a C0E7     		b	.L10
 287              	.L30:
 389:Drivers/STM32F4xx_HAL_Driver/Src/stm32f4xx_hal_can.c ****   }
 288              		.loc 1 389 5 view .LVU94
 289 010c 2268     		ldr	r2, [r4]
 290 010e 1368     		ldr	r3, [r2]
 291 0110 43F04003 		orr	r3, r3, #64
 292 0114 1360     		str	r3, [r2]
 293 0116 C2E7     		b	.L12
 294              	.L31:
 399:Drivers/STM32F4xx_HAL_Driver/Src/stm32f4xx_hal_can.c ****   }
 295              		.loc 1 399 5 view .LVU95
 296 0118 2268     		ldr	r2, [r4]
 297 011a 1368     		ldr	r3, [r2]
 298 011c 43F02003 		orr	r3, r3, #32
 299 0120 1360     		str	r3, [r2]
 300 0122 C4E7     		b	.L14
 301              	.L32:
 409:Drivers/STM32F4xx_HAL_Driver/Src/stm32f4xx_hal_can.c ****   }
 302              		.loc 1 409 5 view .LVU96
 303 0124 2268     		ldr	r2, [r4]
 304 0126 1368     		ldr	r3, [r2]
 305 0128 23F01003 		bic	r3, r3, #16
 306 012c 1360     		str	r3, [r2]
ARM GAS  /tmp/ccXdCPPU.s 			page 17


 307 012e C6E7     		b	.L16
 308              	.L33:
 419:Drivers/STM32F4xx_HAL_Driver/Src/stm32f4xx_hal_can.c ****   }
 309              		.loc 1 419 5 view .LVU97
 310 0130 2268     		ldr	r2, [r4]
 311 0132 1368     		ldr	r3, [r2]
 312 0134 43F00803 		orr	r3, r3, #8
 313 0138 1360     		str	r3, [r2]
 314 013a C8E7     		b	.L18
 315              	.L34:
 429:Drivers/STM32F4xx_HAL_Driver/Src/stm32f4xx_hal_can.c ****   }
 316              		.loc 1 429 5 view .LVU98
 317 013c 2268     		ldr	r2, [r4]
 318 013e 1368     		ldr	r3, [r2]
 319 0140 43F00403 		orr	r3, r3, #4
 320 0144 1360     		str	r3, [r2]
 321 0146 CAE7     		b	.L20
 322              	.LVL12:
 323              	.L21:
 324              	.LCFI1:
 325              		.cfi_def_cfa_offset 0
 326              		.cfi_restore 3
 327              		.cfi_restore 4
 328              		.cfi_restore 5
 329              		.cfi_restore 14
 282:Drivers/STM32F4xx_HAL_Driver/Src/stm32f4xx_hal_can.c ****   }
 330              		.loc 1 282 12 is_stmt 0 view .LVU99
 331 0148 0120     		movs	r0, #1
 332              	.LVL13:
 451:Drivers/STM32F4xx_HAL_Driver/Src/stm32f4xx_hal_can.c **** 
 333              		.loc 1 451 1 view .LVU100
 334 014a 7047     		bx	lr
 335              		.cfi_endproc
 336              	.LFE134:
 338              		.section	.text.HAL_CAN_MspDeInit,"ax",%progbits
 339              		.align	1
 340              		.weak	HAL_CAN_MspDeInit
 341              		.syntax unified
 342              		.thumb
 343              		.thumb_func
 344              		.fpu fpv4-sp-d16
 346              	HAL_CAN_MspDeInit:
 347              	.LVL14:
 348              	.LFB137:
 516:Drivers/STM32F4xx_HAL_Driver/Src/stm32f4xx_hal_can.c **** 
 517:Drivers/STM32F4xx_HAL_Driver/Src/stm32f4xx_hal_can.c **** /**
 518:Drivers/STM32F4xx_HAL_Driver/Src/stm32f4xx_hal_can.c ****   * @brief  DeInitializes the CAN MSP.
 519:Drivers/STM32F4xx_HAL_Driver/Src/stm32f4xx_hal_can.c ****   * @param  hcan pointer to a CAN_HandleTypeDef structure that contains
 520:Drivers/STM32F4xx_HAL_Driver/Src/stm32f4xx_hal_can.c ****   *         the configuration information for the specified CAN.
 521:Drivers/STM32F4xx_HAL_Driver/Src/stm32f4xx_hal_can.c ****   * @retval None
 522:Drivers/STM32F4xx_HAL_Driver/Src/stm32f4xx_hal_can.c ****   */
 523:Drivers/STM32F4xx_HAL_Driver/Src/stm32f4xx_hal_can.c **** __weak void HAL_CAN_MspDeInit(CAN_HandleTypeDef *hcan)
 524:Drivers/STM32F4xx_HAL_Driver/Src/stm32f4xx_hal_can.c **** {
 349              		.loc 1 524 1 is_stmt 1 view -0
 350              		.cfi_startproc
 351              		@ args = 0, pretend = 0, frame = 0
 352              		@ frame_needed = 0, uses_anonymous_args = 0
ARM GAS  /tmp/ccXdCPPU.s 			page 18


 353              		@ link register save eliminated.
 525:Drivers/STM32F4xx_HAL_Driver/Src/stm32f4xx_hal_can.c ****   /* Prevent unused argument(s) compilation warning */
 526:Drivers/STM32F4xx_HAL_Driver/Src/stm32f4xx_hal_can.c ****   UNUSED(hcan);
 354              		.loc 1 526 3 view .LVU102
 527:Drivers/STM32F4xx_HAL_Driver/Src/stm32f4xx_hal_can.c **** 
 528:Drivers/STM32F4xx_HAL_Driver/Src/stm32f4xx_hal_can.c ****   /* NOTE : This function Should not be modified, when the callback is needed,
 529:Drivers/STM32F4xx_HAL_Driver/Src/stm32f4xx_hal_can.c ****             the HAL_CAN_MspDeInit could be implemented in the user file
 530:Drivers/STM32F4xx_HAL_Driver/Src/stm32f4xx_hal_can.c ****    */
 531:Drivers/STM32F4xx_HAL_Driver/Src/stm32f4xx_hal_can.c **** }
 355              		.loc 1 531 1 is_stmt 0 view .LVU103
 356 0000 7047     		bx	lr
 357              		.cfi_endproc
 358              	.LFE137:
 360              		.section	.text.HAL_CAN_ConfigFilter,"ax",%progbits
 361              		.align	1
 362              		.global	HAL_CAN_ConfigFilter
 363              		.syntax unified
 364              		.thumb
 365              		.thumb_func
 366              		.fpu fpv4-sp-d16
 368              	HAL_CAN_ConfigFilter:
 369              	.LVL15:
 370              	.LFB138:
 532:Drivers/STM32F4xx_HAL_Driver/Src/stm32f4xx_hal_can.c **** 
 533:Drivers/STM32F4xx_HAL_Driver/Src/stm32f4xx_hal_can.c **** #if USE_HAL_CAN_REGISTER_CALLBACKS == 1
 534:Drivers/STM32F4xx_HAL_Driver/Src/stm32f4xx_hal_can.c **** /**
 535:Drivers/STM32F4xx_HAL_Driver/Src/stm32f4xx_hal_can.c ****   * @brief  Register a CAN CallBack.
 536:Drivers/STM32F4xx_HAL_Driver/Src/stm32f4xx_hal_can.c ****   *         To be used instead of the weak predefined callback
 537:Drivers/STM32F4xx_HAL_Driver/Src/stm32f4xx_hal_can.c ****   * @param  hcan pointer to a CAN_HandleTypeDef structure that contains
 538:Drivers/STM32F4xx_HAL_Driver/Src/stm32f4xx_hal_can.c ****   *         the configuration information for CAN module
 539:Drivers/STM32F4xx_HAL_Driver/Src/stm32f4xx_hal_can.c ****   * @param  CallbackID ID of the callback to be registered
 540:Drivers/STM32F4xx_HAL_Driver/Src/stm32f4xx_hal_can.c ****   *         This parameter can be one of the following values:
 541:Drivers/STM32F4xx_HAL_Driver/Src/stm32f4xx_hal_can.c ****   *           @arg @ref HAL_CAN_TX_MAILBOX0_COMPLETE_CB_ID Tx Mailbox 0 Complete callback ID
 542:Drivers/STM32F4xx_HAL_Driver/Src/stm32f4xx_hal_can.c ****   *           @arg @ref HAL_CAN_TX_MAILBOX1_COMPLETE_CB_ID Tx Mailbox 1 Complete callback ID
 543:Drivers/STM32F4xx_HAL_Driver/Src/stm32f4xx_hal_can.c ****   *           @arg @ref HAL_CAN_TX_MAILBOX2_COMPLETE_CB_ID Tx Mailbox 2 Complete callback ID
 544:Drivers/STM32F4xx_HAL_Driver/Src/stm32f4xx_hal_can.c ****   *           @arg @ref HAL_CAN_TX_MAILBOX0_ABORT_CB_ID Tx Mailbox 0 Abort callback ID
 545:Drivers/STM32F4xx_HAL_Driver/Src/stm32f4xx_hal_can.c ****   *           @arg @ref HAL_CAN_TX_MAILBOX1_ABORT_CB_ID Tx Mailbox 1 Abort callback ID
 546:Drivers/STM32F4xx_HAL_Driver/Src/stm32f4xx_hal_can.c ****   *           @arg @ref HAL_CAN_TX_MAILBOX2_ABORT_CB_ID Tx Mailbox 2 Abort callback ID
 547:Drivers/STM32F4xx_HAL_Driver/Src/stm32f4xx_hal_can.c ****   *           @arg @ref HAL_CAN_RX_FIFO0_MSG_PENDING_CB_ID Rx Fifo 0 message pending callback ID
 548:Drivers/STM32F4xx_HAL_Driver/Src/stm32f4xx_hal_can.c ****   *           @arg @ref HAL_CAN_RX_FIFO0_FULL_CB_ID Rx Fifo 0 full callback ID
 549:Drivers/STM32F4xx_HAL_Driver/Src/stm32f4xx_hal_can.c ****   *           @arg @ref HAL_CAN_RX_FIFO1_MSG_PENDING_CB_ID Rx Fifo 1 message pending callback ID
 550:Drivers/STM32F4xx_HAL_Driver/Src/stm32f4xx_hal_can.c ****   *           @arg @ref HAL_CAN_RX_FIFO1_FULL_CB_ID Rx Fifo 1 full callback ID
 551:Drivers/STM32F4xx_HAL_Driver/Src/stm32f4xx_hal_can.c ****   *           @arg @ref HAL_CAN_SLEEP_CB_ID Sleep callback ID
 552:Drivers/STM32F4xx_HAL_Driver/Src/stm32f4xx_hal_can.c ****   *           @arg @ref HAL_CAN_WAKEUP_FROM_RX_MSG_CB_ID Wake Up from Rx message callback ID
 553:Drivers/STM32F4xx_HAL_Driver/Src/stm32f4xx_hal_can.c ****   *           @arg @ref HAL_CAN_ERROR_CB_ID Error callback ID
 554:Drivers/STM32F4xx_HAL_Driver/Src/stm32f4xx_hal_can.c ****   *           @arg @ref HAL_CAN_MSPINIT_CB_ID MspInit callback ID
 555:Drivers/STM32F4xx_HAL_Driver/Src/stm32f4xx_hal_can.c ****   *           @arg @ref HAL_CAN_MSPDEINIT_CB_ID MspDeInit callback ID
 556:Drivers/STM32F4xx_HAL_Driver/Src/stm32f4xx_hal_can.c ****   * @param  pCallback pointer to the Callback function
 557:Drivers/STM32F4xx_HAL_Driver/Src/stm32f4xx_hal_can.c ****   * @retval HAL status
 558:Drivers/STM32F4xx_HAL_Driver/Src/stm32f4xx_hal_can.c ****   */
 559:Drivers/STM32F4xx_HAL_Driver/Src/stm32f4xx_hal_can.c **** HAL_StatusTypeDef HAL_CAN_RegisterCallback(CAN_HandleTypeDef *hcan, HAL_CAN_CallbackIDTypeDef Callb
 560:Drivers/STM32F4xx_HAL_Driver/Src/stm32f4xx_hal_can.c ****                                            void (* pCallback)(CAN_HandleTypeDef *_hcan))
 561:Drivers/STM32F4xx_HAL_Driver/Src/stm32f4xx_hal_can.c **** {
 562:Drivers/STM32F4xx_HAL_Driver/Src/stm32f4xx_hal_can.c ****   HAL_StatusTypeDef status = HAL_OK;
 563:Drivers/STM32F4xx_HAL_Driver/Src/stm32f4xx_hal_can.c **** 
 564:Drivers/STM32F4xx_HAL_Driver/Src/stm32f4xx_hal_can.c ****   if (pCallback == NULL)
 565:Drivers/STM32F4xx_HAL_Driver/Src/stm32f4xx_hal_can.c ****   {
ARM GAS  /tmp/ccXdCPPU.s 			page 19


 566:Drivers/STM32F4xx_HAL_Driver/Src/stm32f4xx_hal_can.c ****     /* Update the error code */
 567:Drivers/STM32F4xx_HAL_Driver/Src/stm32f4xx_hal_can.c ****     hcan->ErrorCode |= HAL_CAN_ERROR_INVALID_CALLBACK;
 568:Drivers/STM32F4xx_HAL_Driver/Src/stm32f4xx_hal_can.c **** 
 569:Drivers/STM32F4xx_HAL_Driver/Src/stm32f4xx_hal_can.c ****     return HAL_ERROR;
 570:Drivers/STM32F4xx_HAL_Driver/Src/stm32f4xx_hal_can.c ****   }
 571:Drivers/STM32F4xx_HAL_Driver/Src/stm32f4xx_hal_can.c **** 
 572:Drivers/STM32F4xx_HAL_Driver/Src/stm32f4xx_hal_can.c ****   if (hcan->State == HAL_CAN_STATE_READY)
 573:Drivers/STM32F4xx_HAL_Driver/Src/stm32f4xx_hal_can.c ****   {
 574:Drivers/STM32F4xx_HAL_Driver/Src/stm32f4xx_hal_can.c ****     switch (CallbackID)
 575:Drivers/STM32F4xx_HAL_Driver/Src/stm32f4xx_hal_can.c ****     {
 576:Drivers/STM32F4xx_HAL_Driver/Src/stm32f4xx_hal_can.c ****       case HAL_CAN_TX_MAILBOX0_COMPLETE_CB_ID :
 577:Drivers/STM32F4xx_HAL_Driver/Src/stm32f4xx_hal_can.c ****         hcan->TxMailbox0CompleteCallback = pCallback;
 578:Drivers/STM32F4xx_HAL_Driver/Src/stm32f4xx_hal_can.c ****         break;
 579:Drivers/STM32F4xx_HAL_Driver/Src/stm32f4xx_hal_can.c **** 
 580:Drivers/STM32F4xx_HAL_Driver/Src/stm32f4xx_hal_can.c ****       case HAL_CAN_TX_MAILBOX1_COMPLETE_CB_ID :
 581:Drivers/STM32F4xx_HAL_Driver/Src/stm32f4xx_hal_can.c ****         hcan->TxMailbox1CompleteCallback = pCallback;
 582:Drivers/STM32F4xx_HAL_Driver/Src/stm32f4xx_hal_can.c ****         break;
 583:Drivers/STM32F4xx_HAL_Driver/Src/stm32f4xx_hal_can.c **** 
 584:Drivers/STM32F4xx_HAL_Driver/Src/stm32f4xx_hal_can.c ****       case HAL_CAN_TX_MAILBOX2_COMPLETE_CB_ID :
 585:Drivers/STM32F4xx_HAL_Driver/Src/stm32f4xx_hal_can.c ****         hcan->TxMailbox2CompleteCallback = pCallback;
 586:Drivers/STM32F4xx_HAL_Driver/Src/stm32f4xx_hal_can.c ****         break;
 587:Drivers/STM32F4xx_HAL_Driver/Src/stm32f4xx_hal_can.c **** 
 588:Drivers/STM32F4xx_HAL_Driver/Src/stm32f4xx_hal_can.c ****       case HAL_CAN_TX_MAILBOX0_ABORT_CB_ID :
 589:Drivers/STM32F4xx_HAL_Driver/Src/stm32f4xx_hal_can.c ****         hcan->TxMailbox0AbortCallback = pCallback;
 590:Drivers/STM32F4xx_HAL_Driver/Src/stm32f4xx_hal_can.c ****         break;
 591:Drivers/STM32F4xx_HAL_Driver/Src/stm32f4xx_hal_can.c **** 
 592:Drivers/STM32F4xx_HAL_Driver/Src/stm32f4xx_hal_can.c ****       case HAL_CAN_TX_MAILBOX1_ABORT_CB_ID :
 593:Drivers/STM32F4xx_HAL_Driver/Src/stm32f4xx_hal_can.c ****         hcan->TxMailbox1AbortCallback = pCallback;
 594:Drivers/STM32F4xx_HAL_Driver/Src/stm32f4xx_hal_can.c ****         break;
 595:Drivers/STM32F4xx_HAL_Driver/Src/stm32f4xx_hal_can.c **** 
 596:Drivers/STM32F4xx_HAL_Driver/Src/stm32f4xx_hal_can.c ****       case HAL_CAN_TX_MAILBOX2_ABORT_CB_ID :
 597:Drivers/STM32F4xx_HAL_Driver/Src/stm32f4xx_hal_can.c ****         hcan->TxMailbox2AbortCallback = pCallback;
 598:Drivers/STM32F4xx_HAL_Driver/Src/stm32f4xx_hal_can.c ****         break;
 599:Drivers/STM32F4xx_HAL_Driver/Src/stm32f4xx_hal_can.c **** 
 600:Drivers/STM32F4xx_HAL_Driver/Src/stm32f4xx_hal_can.c ****       case HAL_CAN_RX_FIFO0_MSG_PENDING_CB_ID :
 601:Drivers/STM32F4xx_HAL_Driver/Src/stm32f4xx_hal_can.c ****         hcan->RxFifo0MsgPendingCallback = pCallback;
 602:Drivers/STM32F4xx_HAL_Driver/Src/stm32f4xx_hal_can.c ****         break;
 603:Drivers/STM32F4xx_HAL_Driver/Src/stm32f4xx_hal_can.c **** 
 604:Drivers/STM32F4xx_HAL_Driver/Src/stm32f4xx_hal_can.c ****       case HAL_CAN_RX_FIFO0_FULL_CB_ID :
 605:Drivers/STM32F4xx_HAL_Driver/Src/stm32f4xx_hal_can.c ****         hcan->RxFifo0FullCallback = pCallback;
 606:Drivers/STM32F4xx_HAL_Driver/Src/stm32f4xx_hal_can.c ****         break;
 607:Drivers/STM32F4xx_HAL_Driver/Src/stm32f4xx_hal_can.c **** 
 608:Drivers/STM32F4xx_HAL_Driver/Src/stm32f4xx_hal_can.c ****       case HAL_CAN_RX_FIFO1_MSG_PENDING_CB_ID :
 609:Drivers/STM32F4xx_HAL_Driver/Src/stm32f4xx_hal_can.c ****         hcan->RxFifo1MsgPendingCallback = pCallback;
 610:Drivers/STM32F4xx_HAL_Driver/Src/stm32f4xx_hal_can.c ****         break;
 611:Drivers/STM32F4xx_HAL_Driver/Src/stm32f4xx_hal_can.c **** 
 612:Drivers/STM32F4xx_HAL_Driver/Src/stm32f4xx_hal_can.c ****       case HAL_CAN_RX_FIFO1_FULL_CB_ID :
 613:Drivers/STM32F4xx_HAL_Driver/Src/stm32f4xx_hal_can.c ****         hcan->RxFifo1FullCallback = pCallback;
 614:Drivers/STM32F4xx_HAL_Driver/Src/stm32f4xx_hal_can.c ****         break;
 615:Drivers/STM32F4xx_HAL_Driver/Src/stm32f4xx_hal_can.c **** 
 616:Drivers/STM32F4xx_HAL_Driver/Src/stm32f4xx_hal_can.c ****       case HAL_CAN_SLEEP_CB_ID :
 617:Drivers/STM32F4xx_HAL_Driver/Src/stm32f4xx_hal_can.c ****         hcan->SleepCallback = pCallback;
 618:Drivers/STM32F4xx_HAL_Driver/Src/stm32f4xx_hal_can.c ****         break;
 619:Drivers/STM32F4xx_HAL_Driver/Src/stm32f4xx_hal_can.c **** 
 620:Drivers/STM32F4xx_HAL_Driver/Src/stm32f4xx_hal_can.c ****       case HAL_CAN_WAKEUP_FROM_RX_MSG_CB_ID :
 621:Drivers/STM32F4xx_HAL_Driver/Src/stm32f4xx_hal_can.c ****         hcan->WakeUpFromRxMsgCallback = pCallback;
 622:Drivers/STM32F4xx_HAL_Driver/Src/stm32f4xx_hal_can.c ****         break;
ARM GAS  /tmp/ccXdCPPU.s 			page 20


 623:Drivers/STM32F4xx_HAL_Driver/Src/stm32f4xx_hal_can.c **** 
 624:Drivers/STM32F4xx_HAL_Driver/Src/stm32f4xx_hal_can.c ****       case HAL_CAN_ERROR_CB_ID :
 625:Drivers/STM32F4xx_HAL_Driver/Src/stm32f4xx_hal_can.c ****         hcan->ErrorCallback = pCallback;
 626:Drivers/STM32F4xx_HAL_Driver/Src/stm32f4xx_hal_can.c ****         break;
 627:Drivers/STM32F4xx_HAL_Driver/Src/stm32f4xx_hal_can.c **** 
 628:Drivers/STM32F4xx_HAL_Driver/Src/stm32f4xx_hal_can.c ****       case HAL_CAN_MSPINIT_CB_ID :
 629:Drivers/STM32F4xx_HAL_Driver/Src/stm32f4xx_hal_can.c ****         hcan->MspInitCallback = pCallback;
 630:Drivers/STM32F4xx_HAL_Driver/Src/stm32f4xx_hal_can.c ****         break;
 631:Drivers/STM32F4xx_HAL_Driver/Src/stm32f4xx_hal_can.c **** 
 632:Drivers/STM32F4xx_HAL_Driver/Src/stm32f4xx_hal_can.c ****       case HAL_CAN_MSPDEINIT_CB_ID :
 633:Drivers/STM32F4xx_HAL_Driver/Src/stm32f4xx_hal_can.c ****         hcan->MspDeInitCallback = pCallback;
 634:Drivers/STM32F4xx_HAL_Driver/Src/stm32f4xx_hal_can.c ****         break;
 635:Drivers/STM32F4xx_HAL_Driver/Src/stm32f4xx_hal_can.c **** 
 636:Drivers/STM32F4xx_HAL_Driver/Src/stm32f4xx_hal_can.c ****       default :
 637:Drivers/STM32F4xx_HAL_Driver/Src/stm32f4xx_hal_can.c ****         /* Update the error code */
 638:Drivers/STM32F4xx_HAL_Driver/Src/stm32f4xx_hal_can.c ****         hcan->ErrorCode |= HAL_CAN_ERROR_INVALID_CALLBACK;
 639:Drivers/STM32F4xx_HAL_Driver/Src/stm32f4xx_hal_can.c **** 
 640:Drivers/STM32F4xx_HAL_Driver/Src/stm32f4xx_hal_can.c ****         /* Return error status */
 641:Drivers/STM32F4xx_HAL_Driver/Src/stm32f4xx_hal_can.c ****         status =  HAL_ERROR;
 642:Drivers/STM32F4xx_HAL_Driver/Src/stm32f4xx_hal_can.c ****         break;
 643:Drivers/STM32F4xx_HAL_Driver/Src/stm32f4xx_hal_can.c ****     }
 644:Drivers/STM32F4xx_HAL_Driver/Src/stm32f4xx_hal_can.c ****   }
 645:Drivers/STM32F4xx_HAL_Driver/Src/stm32f4xx_hal_can.c ****   else if (hcan->State == HAL_CAN_STATE_RESET)
 646:Drivers/STM32F4xx_HAL_Driver/Src/stm32f4xx_hal_can.c ****   {
 647:Drivers/STM32F4xx_HAL_Driver/Src/stm32f4xx_hal_can.c ****     switch (CallbackID)
 648:Drivers/STM32F4xx_HAL_Driver/Src/stm32f4xx_hal_can.c ****     {
 649:Drivers/STM32F4xx_HAL_Driver/Src/stm32f4xx_hal_can.c ****       case HAL_CAN_MSPINIT_CB_ID :
 650:Drivers/STM32F4xx_HAL_Driver/Src/stm32f4xx_hal_can.c ****         hcan->MspInitCallback = pCallback;
 651:Drivers/STM32F4xx_HAL_Driver/Src/stm32f4xx_hal_can.c ****         break;
 652:Drivers/STM32F4xx_HAL_Driver/Src/stm32f4xx_hal_can.c **** 
 653:Drivers/STM32F4xx_HAL_Driver/Src/stm32f4xx_hal_can.c ****       case HAL_CAN_MSPDEINIT_CB_ID :
 654:Drivers/STM32F4xx_HAL_Driver/Src/stm32f4xx_hal_can.c ****         hcan->MspDeInitCallback = pCallback;
 655:Drivers/STM32F4xx_HAL_Driver/Src/stm32f4xx_hal_can.c ****         break;
 656:Drivers/STM32F4xx_HAL_Driver/Src/stm32f4xx_hal_can.c **** 
 657:Drivers/STM32F4xx_HAL_Driver/Src/stm32f4xx_hal_can.c ****       default :
 658:Drivers/STM32F4xx_HAL_Driver/Src/stm32f4xx_hal_can.c ****         /* Update the error code */
 659:Drivers/STM32F4xx_HAL_Driver/Src/stm32f4xx_hal_can.c ****         hcan->ErrorCode |= HAL_CAN_ERROR_INVALID_CALLBACK;
 660:Drivers/STM32F4xx_HAL_Driver/Src/stm32f4xx_hal_can.c **** 
 661:Drivers/STM32F4xx_HAL_Driver/Src/stm32f4xx_hal_can.c ****         /* Return error status */
 662:Drivers/STM32F4xx_HAL_Driver/Src/stm32f4xx_hal_can.c ****         status =  HAL_ERROR;
 663:Drivers/STM32F4xx_HAL_Driver/Src/stm32f4xx_hal_can.c ****         break;
 664:Drivers/STM32F4xx_HAL_Driver/Src/stm32f4xx_hal_can.c ****     }
 665:Drivers/STM32F4xx_HAL_Driver/Src/stm32f4xx_hal_can.c ****   }
 666:Drivers/STM32F4xx_HAL_Driver/Src/stm32f4xx_hal_can.c ****   else
 667:Drivers/STM32F4xx_HAL_Driver/Src/stm32f4xx_hal_can.c ****   {
 668:Drivers/STM32F4xx_HAL_Driver/Src/stm32f4xx_hal_can.c ****     /* Update the error code */
 669:Drivers/STM32F4xx_HAL_Driver/Src/stm32f4xx_hal_can.c ****     hcan->ErrorCode |= HAL_CAN_ERROR_INVALID_CALLBACK;
 670:Drivers/STM32F4xx_HAL_Driver/Src/stm32f4xx_hal_can.c **** 
 671:Drivers/STM32F4xx_HAL_Driver/Src/stm32f4xx_hal_can.c ****     /* Return error status */
 672:Drivers/STM32F4xx_HAL_Driver/Src/stm32f4xx_hal_can.c ****     status =  HAL_ERROR;
 673:Drivers/STM32F4xx_HAL_Driver/Src/stm32f4xx_hal_can.c ****   }
 674:Drivers/STM32F4xx_HAL_Driver/Src/stm32f4xx_hal_can.c **** 
 675:Drivers/STM32F4xx_HAL_Driver/Src/stm32f4xx_hal_can.c ****   return status;
 676:Drivers/STM32F4xx_HAL_Driver/Src/stm32f4xx_hal_can.c **** }
 677:Drivers/STM32F4xx_HAL_Driver/Src/stm32f4xx_hal_can.c **** 
 678:Drivers/STM32F4xx_HAL_Driver/Src/stm32f4xx_hal_can.c **** /**
 679:Drivers/STM32F4xx_HAL_Driver/Src/stm32f4xx_hal_can.c ****   * @brief  Unregister a CAN CallBack.
ARM GAS  /tmp/ccXdCPPU.s 			page 21


 680:Drivers/STM32F4xx_HAL_Driver/Src/stm32f4xx_hal_can.c ****   *         CAN callback is redirected to the weak predefined callback
 681:Drivers/STM32F4xx_HAL_Driver/Src/stm32f4xx_hal_can.c ****   * @param  hcan pointer to a CAN_HandleTypeDef structure that contains
 682:Drivers/STM32F4xx_HAL_Driver/Src/stm32f4xx_hal_can.c ****   *         the configuration information for CAN module
 683:Drivers/STM32F4xx_HAL_Driver/Src/stm32f4xx_hal_can.c ****   * @param  CallbackID ID of the callback to be unregistered
 684:Drivers/STM32F4xx_HAL_Driver/Src/stm32f4xx_hal_can.c ****   *         This parameter can be one of the following values:
 685:Drivers/STM32F4xx_HAL_Driver/Src/stm32f4xx_hal_can.c ****   *           @arg @ref HAL_CAN_TX_MAILBOX0_COMPLETE_CB_ID Tx Mailbox 0 Complete callback ID
 686:Drivers/STM32F4xx_HAL_Driver/Src/stm32f4xx_hal_can.c ****   *           @arg @ref HAL_CAN_TX_MAILBOX1_COMPLETE_CB_ID Tx Mailbox 1 Complete callback ID
 687:Drivers/STM32F4xx_HAL_Driver/Src/stm32f4xx_hal_can.c ****   *           @arg @ref HAL_CAN_TX_MAILBOX2_COMPLETE_CB_ID Tx Mailbox 2 Complete callback ID
 688:Drivers/STM32F4xx_HAL_Driver/Src/stm32f4xx_hal_can.c ****   *           @arg @ref HAL_CAN_TX_MAILBOX0_ABORT_CB_ID Tx Mailbox 0 Abort callback ID
 689:Drivers/STM32F4xx_HAL_Driver/Src/stm32f4xx_hal_can.c ****   *           @arg @ref HAL_CAN_TX_MAILBOX1_ABORT_CB_ID Tx Mailbox 1 Abort callback ID
 690:Drivers/STM32F4xx_HAL_Driver/Src/stm32f4xx_hal_can.c ****   *           @arg @ref HAL_CAN_TX_MAILBOX2_ABORT_CB_ID Tx Mailbox 2 Abort callback ID
 691:Drivers/STM32F4xx_HAL_Driver/Src/stm32f4xx_hal_can.c ****   *           @arg @ref HAL_CAN_RX_FIFO0_MSG_PENDING_CB_ID Rx Fifo 0 message pending callback ID
 692:Drivers/STM32F4xx_HAL_Driver/Src/stm32f4xx_hal_can.c ****   *           @arg @ref HAL_CAN_RX_FIFO0_FULL_CB_ID Rx Fifo 0 full callback ID
 693:Drivers/STM32F4xx_HAL_Driver/Src/stm32f4xx_hal_can.c ****   *           @arg @ref HAL_CAN_RX_FIFO1_MSG_PENDING_CB_ID Rx Fifo 1 message pending callback ID
 694:Drivers/STM32F4xx_HAL_Driver/Src/stm32f4xx_hal_can.c ****   *           @arg @ref HAL_CAN_RX_FIFO1_FULL_CB_ID Rx Fifo 1 full callback ID
 695:Drivers/STM32F4xx_HAL_Driver/Src/stm32f4xx_hal_can.c ****   *           @arg @ref HAL_CAN_SLEEP_CB_ID Sleep callback ID
 696:Drivers/STM32F4xx_HAL_Driver/Src/stm32f4xx_hal_can.c ****   *           @arg @ref HAL_CAN_WAKEUP_FROM_RX_MSG_CB_ID Wake Up from Rx message callback ID
 697:Drivers/STM32F4xx_HAL_Driver/Src/stm32f4xx_hal_can.c ****   *           @arg @ref HAL_CAN_ERROR_CB_ID Error callback ID
 698:Drivers/STM32F4xx_HAL_Driver/Src/stm32f4xx_hal_can.c ****   *           @arg @ref HAL_CAN_MSPINIT_CB_ID MspInit callback ID
 699:Drivers/STM32F4xx_HAL_Driver/Src/stm32f4xx_hal_can.c ****   *           @arg @ref HAL_CAN_MSPDEINIT_CB_ID MspDeInit callback ID
 700:Drivers/STM32F4xx_HAL_Driver/Src/stm32f4xx_hal_can.c ****   * @retval HAL status
 701:Drivers/STM32F4xx_HAL_Driver/Src/stm32f4xx_hal_can.c ****   */
 702:Drivers/STM32F4xx_HAL_Driver/Src/stm32f4xx_hal_can.c **** HAL_StatusTypeDef HAL_CAN_UnRegisterCallback(CAN_HandleTypeDef *hcan, HAL_CAN_CallbackIDTypeDef Cal
 703:Drivers/STM32F4xx_HAL_Driver/Src/stm32f4xx_hal_can.c **** {
 704:Drivers/STM32F4xx_HAL_Driver/Src/stm32f4xx_hal_can.c ****   HAL_StatusTypeDef status = HAL_OK;
 705:Drivers/STM32F4xx_HAL_Driver/Src/stm32f4xx_hal_can.c **** 
 706:Drivers/STM32F4xx_HAL_Driver/Src/stm32f4xx_hal_can.c ****   if (hcan->State == HAL_CAN_STATE_READY)
 707:Drivers/STM32F4xx_HAL_Driver/Src/stm32f4xx_hal_can.c ****   {
 708:Drivers/STM32F4xx_HAL_Driver/Src/stm32f4xx_hal_can.c ****     switch (CallbackID)
 709:Drivers/STM32F4xx_HAL_Driver/Src/stm32f4xx_hal_can.c ****     {
 710:Drivers/STM32F4xx_HAL_Driver/Src/stm32f4xx_hal_can.c ****       case HAL_CAN_TX_MAILBOX0_COMPLETE_CB_ID :
 711:Drivers/STM32F4xx_HAL_Driver/Src/stm32f4xx_hal_can.c ****         hcan->TxMailbox0CompleteCallback = HAL_CAN_TxMailbox0CompleteCallback;
 712:Drivers/STM32F4xx_HAL_Driver/Src/stm32f4xx_hal_can.c ****         break;
 713:Drivers/STM32F4xx_HAL_Driver/Src/stm32f4xx_hal_can.c **** 
 714:Drivers/STM32F4xx_HAL_Driver/Src/stm32f4xx_hal_can.c ****       case HAL_CAN_TX_MAILBOX1_COMPLETE_CB_ID :
 715:Drivers/STM32F4xx_HAL_Driver/Src/stm32f4xx_hal_can.c ****         hcan->TxMailbox1CompleteCallback = HAL_CAN_TxMailbox1CompleteCallback;
 716:Drivers/STM32F4xx_HAL_Driver/Src/stm32f4xx_hal_can.c ****         break;
 717:Drivers/STM32F4xx_HAL_Driver/Src/stm32f4xx_hal_can.c **** 
 718:Drivers/STM32F4xx_HAL_Driver/Src/stm32f4xx_hal_can.c ****       case HAL_CAN_TX_MAILBOX2_COMPLETE_CB_ID :
 719:Drivers/STM32F4xx_HAL_Driver/Src/stm32f4xx_hal_can.c ****         hcan->TxMailbox2CompleteCallback = HAL_CAN_TxMailbox2CompleteCallback;
 720:Drivers/STM32F4xx_HAL_Driver/Src/stm32f4xx_hal_can.c ****         break;
 721:Drivers/STM32F4xx_HAL_Driver/Src/stm32f4xx_hal_can.c **** 
 722:Drivers/STM32F4xx_HAL_Driver/Src/stm32f4xx_hal_can.c ****       case HAL_CAN_TX_MAILBOX0_ABORT_CB_ID :
 723:Drivers/STM32F4xx_HAL_Driver/Src/stm32f4xx_hal_can.c ****         hcan->TxMailbox0AbortCallback = HAL_CAN_TxMailbox0AbortCallback;
 724:Drivers/STM32F4xx_HAL_Driver/Src/stm32f4xx_hal_can.c ****         break;
 725:Drivers/STM32F4xx_HAL_Driver/Src/stm32f4xx_hal_can.c **** 
 726:Drivers/STM32F4xx_HAL_Driver/Src/stm32f4xx_hal_can.c ****       case HAL_CAN_TX_MAILBOX1_ABORT_CB_ID :
 727:Drivers/STM32F4xx_HAL_Driver/Src/stm32f4xx_hal_can.c ****         hcan->TxMailbox1AbortCallback = HAL_CAN_TxMailbox1AbortCallback;
 728:Drivers/STM32F4xx_HAL_Driver/Src/stm32f4xx_hal_can.c ****         break;
 729:Drivers/STM32F4xx_HAL_Driver/Src/stm32f4xx_hal_can.c **** 
 730:Drivers/STM32F4xx_HAL_Driver/Src/stm32f4xx_hal_can.c ****       case HAL_CAN_TX_MAILBOX2_ABORT_CB_ID :
 731:Drivers/STM32F4xx_HAL_Driver/Src/stm32f4xx_hal_can.c ****         hcan->TxMailbox2AbortCallback = HAL_CAN_TxMailbox2AbortCallback;
 732:Drivers/STM32F4xx_HAL_Driver/Src/stm32f4xx_hal_can.c ****         break;
 733:Drivers/STM32F4xx_HAL_Driver/Src/stm32f4xx_hal_can.c **** 
 734:Drivers/STM32F4xx_HAL_Driver/Src/stm32f4xx_hal_can.c ****       case HAL_CAN_RX_FIFO0_MSG_PENDING_CB_ID :
 735:Drivers/STM32F4xx_HAL_Driver/Src/stm32f4xx_hal_can.c ****         hcan->RxFifo0MsgPendingCallback = HAL_CAN_RxFifo0MsgPendingCallback;
 736:Drivers/STM32F4xx_HAL_Driver/Src/stm32f4xx_hal_can.c ****         break;
ARM GAS  /tmp/ccXdCPPU.s 			page 22


 737:Drivers/STM32F4xx_HAL_Driver/Src/stm32f4xx_hal_can.c **** 
 738:Drivers/STM32F4xx_HAL_Driver/Src/stm32f4xx_hal_can.c ****       case HAL_CAN_RX_FIFO0_FULL_CB_ID :
 739:Drivers/STM32F4xx_HAL_Driver/Src/stm32f4xx_hal_can.c ****         hcan->RxFifo0FullCallback = HAL_CAN_RxFifo0FullCallback;
 740:Drivers/STM32F4xx_HAL_Driver/Src/stm32f4xx_hal_can.c ****         break;
 741:Drivers/STM32F4xx_HAL_Driver/Src/stm32f4xx_hal_can.c **** 
 742:Drivers/STM32F4xx_HAL_Driver/Src/stm32f4xx_hal_can.c ****       case HAL_CAN_RX_FIFO1_MSG_PENDING_CB_ID :
 743:Drivers/STM32F4xx_HAL_Driver/Src/stm32f4xx_hal_can.c ****         hcan->RxFifo1MsgPendingCallback = HAL_CAN_RxFifo1MsgPendingCallback;
 744:Drivers/STM32F4xx_HAL_Driver/Src/stm32f4xx_hal_can.c ****         break;
 745:Drivers/STM32F4xx_HAL_Driver/Src/stm32f4xx_hal_can.c **** 
 746:Drivers/STM32F4xx_HAL_Driver/Src/stm32f4xx_hal_can.c ****       case HAL_CAN_RX_FIFO1_FULL_CB_ID :
 747:Drivers/STM32F4xx_HAL_Driver/Src/stm32f4xx_hal_can.c ****         hcan->RxFifo1FullCallback = HAL_CAN_RxFifo1FullCallback;
 748:Drivers/STM32F4xx_HAL_Driver/Src/stm32f4xx_hal_can.c ****         break;
 749:Drivers/STM32F4xx_HAL_Driver/Src/stm32f4xx_hal_can.c **** 
 750:Drivers/STM32F4xx_HAL_Driver/Src/stm32f4xx_hal_can.c ****       case HAL_CAN_SLEEP_CB_ID :
 751:Drivers/STM32F4xx_HAL_Driver/Src/stm32f4xx_hal_can.c ****         hcan->SleepCallback = HAL_CAN_SleepCallback;
 752:Drivers/STM32F4xx_HAL_Driver/Src/stm32f4xx_hal_can.c ****         break;
 753:Drivers/STM32F4xx_HAL_Driver/Src/stm32f4xx_hal_can.c **** 
 754:Drivers/STM32F4xx_HAL_Driver/Src/stm32f4xx_hal_can.c ****       case HAL_CAN_WAKEUP_FROM_RX_MSG_CB_ID :
 755:Drivers/STM32F4xx_HAL_Driver/Src/stm32f4xx_hal_can.c ****         hcan->WakeUpFromRxMsgCallback = HAL_CAN_WakeUpFromRxMsgCallback;
 756:Drivers/STM32F4xx_HAL_Driver/Src/stm32f4xx_hal_can.c ****         break;
 757:Drivers/STM32F4xx_HAL_Driver/Src/stm32f4xx_hal_can.c **** 
 758:Drivers/STM32F4xx_HAL_Driver/Src/stm32f4xx_hal_can.c ****       case HAL_CAN_ERROR_CB_ID :
 759:Drivers/STM32F4xx_HAL_Driver/Src/stm32f4xx_hal_can.c ****         hcan->ErrorCallback = HAL_CAN_ErrorCallback;
 760:Drivers/STM32F4xx_HAL_Driver/Src/stm32f4xx_hal_can.c ****         break;
 761:Drivers/STM32F4xx_HAL_Driver/Src/stm32f4xx_hal_can.c **** 
 762:Drivers/STM32F4xx_HAL_Driver/Src/stm32f4xx_hal_can.c ****       case HAL_CAN_MSPINIT_CB_ID :
 763:Drivers/STM32F4xx_HAL_Driver/Src/stm32f4xx_hal_can.c ****         hcan->MspInitCallback = HAL_CAN_MspInit;
 764:Drivers/STM32F4xx_HAL_Driver/Src/stm32f4xx_hal_can.c ****         break;
 765:Drivers/STM32F4xx_HAL_Driver/Src/stm32f4xx_hal_can.c **** 
 766:Drivers/STM32F4xx_HAL_Driver/Src/stm32f4xx_hal_can.c ****       case HAL_CAN_MSPDEINIT_CB_ID :
 767:Drivers/STM32F4xx_HAL_Driver/Src/stm32f4xx_hal_can.c ****         hcan->MspDeInitCallback = HAL_CAN_MspDeInit;
 768:Drivers/STM32F4xx_HAL_Driver/Src/stm32f4xx_hal_can.c ****         break;
 769:Drivers/STM32F4xx_HAL_Driver/Src/stm32f4xx_hal_can.c **** 
 770:Drivers/STM32F4xx_HAL_Driver/Src/stm32f4xx_hal_can.c ****       default :
 771:Drivers/STM32F4xx_HAL_Driver/Src/stm32f4xx_hal_can.c ****         /* Update the error code */
 772:Drivers/STM32F4xx_HAL_Driver/Src/stm32f4xx_hal_can.c ****         hcan->ErrorCode |= HAL_CAN_ERROR_INVALID_CALLBACK;
 773:Drivers/STM32F4xx_HAL_Driver/Src/stm32f4xx_hal_can.c **** 
 774:Drivers/STM32F4xx_HAL_Driver/Src/stm32f4xx_hal_can.c ****         /* Return error status */
 775:Drivers/STM32F4xx_HAL_Driver/Src/stm32f4xx_hal_can.c ****         status =  HAL_ERROR;
 776:Drivers/STM32F4xx_HAL_Driver/Src/stm32f4xx_hal_can.c ****         break;
 777:Drivers/STM32F4xx_HAL_Driver/Src/stm32f4xx_hal_can.c ****     }
 778:Drivers/STM32F4xx_HAL_Driver/Src/stm32f4xx_hal_can.c ****   }
 779:Drivers/STM32F4xx_HAL_Driver/Src/stm32f4xx_hal_can.c ****   else if (hcan->State == HAL_CAN_STATE_RESET)
 780:Drivers/STM32F4xx_HAL_Driver/Src/stm32f4xx_hal_can.c ****   {
 781:Drivers/STM32F4xx_HAL_Driver/Src/stm32f4xx_hal_can.c ****     switch (CallbackID)
 782:Drivers/STM32F4xx_HAL_Driver/Src/stm32f4xx_hal_can.c ****     {
 783:Drivers/STM32F4xx_HAL_Driver/Src/stm32f4xx_hal_can.c ****       case HAL_CAN_MSPINIT_CB_ID :
 784:Drivers/STM32F4xx_HAL_Driver/Src/stm32f4xx_hal_can.c ****         hcan->MspInitCallback = HAL_CAN_MspInit;
 785:Drivers/STM32F4xx_HAL_Driver/Src/stm32f4xx_hal_can.c ****         break;
 786:Drivers/STM32F4xx_HAL_Driver/Src/stm32f4xx_hal_can.c **** 
 787:Drivers/STM32F4xx_HAL_Driver/Src/stm32f4xx_hal_can.c ****       case HAL_CAN_MSPDEINIT_CB_ID :
 788:Drivers/STM32F4xx_HAL_Driver/Src/stm32f4xx_hal_can.c ****         hcan->MspDeInitCallback = HAL_CAN_MspDeInit;
 789:Drivers/STM32F4xx_HAL_Driver/Src/stm32f4xx_hal_can.c ****         break;
 790:Drivers/STM32F4xx_HAL_Driver/Src/stm32f4xx_hal_can.c **** 
 791:Drivers/STM32F4xx_HAL_Driver/Src/stm32f4xx_hal_can.c ****       default :
 792:Drivers/STM32F4xx_HAL_Driver/Src/stm32f4xx_hal_can.c ****         /* Update the error code */
 793:Drivers/STM32F4xx_HAL_Driver/Src/stm32f4xx_hal_can.c ****         hcan->ErrorCode |= HAL_CAN_ERROR_INVALID_CALLBACK;
ARM GAS  /tmp/ccXdCPPU.s 			page 23


 794:Drivers/STM32F4xx_HAL_Driver/Src/stm32f4xx_hal_can.c **** 
 795:Drivers/STM32F4xx_HAL_Driver/Src/stm32f4xx_hal_can.c ****         /* Return error status */
 796:Drivers/STM32F4xx_HAL_Driver/Src/stm32f4xx_hal_can.c ****         status =  HAL_ERROR;
 797:Drivers/STM32F4xx_HAL_Driver/Src/stm32f4xx_hal_can.c ****         break;
 798:Drivers/STM32F4xx_HAL_Driver/Src/stm32f4xx_hal_can.c ****     }
 799:Drivers/STM32F4xx_HAL_Driver/Src/stm32f4xx_hal_can.c ****   }
 800:Drivers/STM32F4xx_HAL_Driver/Src/stm32f4xx_hal_can.c ****   else
 801:Drivers/STM32F4xx_HAL_Driver/Src/stm32f4xx_hal_can.c ****   {
 802:Drivers/STM32F4xx_HAL_Driver/Src/stm32f4xx_hal_can.c ****     /* Update the error code */
 803:Drivers/STM32F4xx_HAL_Driver/Src/stm32f4xx_hal_can.c ****     hcan->ErrorCode |= HAL_CAN_ERROR_INVALID_CALLBACK;
 804:Drivers/STM32F4xx_HAL_Driver/Src/stm32f4xx_hal_can.c **** 
 805:Drivers/STM32F4xx_HAL_Driver/Src/stm32f4xx_hal_can.c ****     /* Return error status */
 806:Drivers/STM32F4xx_HAL_Driver/Src/stm32f4xx_hal_can.c ****     status =  HAL_ERROR;
 807:Drivers/STM32F4xx_HAL_Driver/Src/stm32f4xx_hal_can.c ****   }
 808:Drivers/STM32F4xx_HAL_Driver/Src/stm32f4xx_hal_can.c **** 
 809:Drivers/STM32F4xx_HAL_Driver/Src/stm32f4xx_hal_can.c ****   return status;
 810:Drivers/STM32F4xx_HAL_Driver/Src/stm32f4xx_hal_can.c **** }
 811:Drivers/STM32F4xx_HAL_Driver/Src/stm32f4xx_hal_can.c **** #endif /* USE_HAL_CAN_REGISTER_CALLBACKS */
 812:Drivers/STM32F4xx_HAL_Driver/Src/stm32f4xx_hal_can.c **** 
 813:Drivers/STM32F4xx_HAL_Driver/Src/stm32f4xx_hal_can.c **** /**
 814:Drivers/STM32F4xx_HAL_Driver/Src/stm32f4xx_hal_can.c ****   * @}
 815:Drivers/STM32F4xx_HAL_Driver/Src/stm32f4xx_hal_can.c ****   */
 816:Drivers/STM32F4xx_HAL_Driver/Src/stm32f4xx_hal_can.c **** 
 817:Drivers/STM32F4xx_HAL_Driver/Src/stm32f4xx_hal_can.c **** /** @defgroup CAN_Exported_Functions_Group2 Configuration functions
 818:Drivers/STM32F4xx_HAL_Driver/Src/stm32f4xx_hal_can.c ****   * @brief    Configuration functions.
 819:Drivers/STM32F4xx_HAL_Driver/Src/stm32f4xx_hal_can.c ****   *
 820:Drivers/STM32F4xx_HAL_Driver/Src/stm32f4xx_hal_can.c **** @verbatim
 821:Drivers/STM32F4xx_HAL_Driver/Src/stm32f4xx_hal_can.c ****   ==============================================================================
 822:Drivers/STM32F4xx_HAL_Driver/Src/stm32f4xx_hal_can.c ****               ##### Configuration functions #####
 823:Drivers/STM32F4xx_HAL_Driver/Src/stm32f4xx_hal_can.c ****   ==============================================================================
 824:Drivers/STM32F4xx_HAL_Driver/Src/stm32f4xx_hal_can.c ****     [..]  This section provides functions allowing to:
 825:Drivers/STM32F4xx_HAL_Driver/Src/stm32f4xx_hal_can.c ****       (+) HAL_CAN_ConfigFilter            : Configure the CAN reception filters
 826:Drivers/STM32F4xx_HAL_Driver/Src/stm32f4xx_hal_can.c **** 
 827:Drivers/STM32F4xx_HAL_Driver/Src/stm32f4xx_hal_can.c **** @endverbatim
 828:Drivers/STM32F4xx_HAL_Driver/Src/stm32f4xx_hal_can.c ****   * @{
 829:Drivers/STM32F4xx_HAL_Driver/Src/stm32f4xx_hal_can.c ****   */
 830:Drivers/STM32F4xx_HAL_Driver/Src/stm32f4xx_hal_can.c **** 
 831:Drivers/STM32F4xx_HAL_Driver/Src/stm32f4xx_hal_can.c **** /**
 832:Drivers/STM32F4xx_HAL_Driver/Src/stm32f4xx_hal_can.c ****   * @brief  Configures the CAN reception filter according to the specified
 833:Drivers/STM32F4xx_HAL_Driver/Src/stm32f4xx_hal_can.c ****   *         parameters in the CAN_FilterInitStruct.
 834:Drivers/STM32F4xx_HAL_Driver/Src/stm32f4xx_hal_can.c ****   * @param  hcan pointer to a CAN_HandleTypeDef structure that contains
 835:Drivers/STM32F4xx_HAL_Driver/Src/stm32f4xx_hal_can.c ****   *         the configuration information for the specified CAN.
 836:Drivers/STM32F4xx_HAL_Driver/Src/stm32f4xx_hal_can.c ****   * @param  sFilterConfig pointer to a CAN_FilterTypeDef structure that
 837:Drivers/STM32F4xx_HAL_Driver/Src/stm32f4xx_hal_can.c ****   *         contains the filter configuration information.
 838:Drivers/STM32F4xx_HAL_Driver/Src/stm32f4xx_hal_can.c ****   * @retval None
 839:Drivers/STM32F4xx_HAL_Driver/Src/stm32f4xx_hal_can.c ****   */
 840:Drivers/STM32F4xx_HAL_Driver/Src/stm32f4xx_hal_can.c **** HAL_StatusTypeDef HAL_CAN_ConfigFilter(CAN_HandleTypeDef *hcan, const CAN_FilterTypeDef *sFilterCon
 841:Drivers/STM32F4xx_HAL_Driver/Src/stm32f4xx_hal_can.c **** {
 371              		.loc 1 841 1 is_stmt 1 view -0
 372              		.cfi_startproc
 373              		@ args = 0, pretend = 0, frame = 0
 374              		@ frame_needed = 0, uses_anonymous_args = 0
 375              		@ link register save eliminated.
 842:Drivers/STM32F4xx_HAL_Driver/Src/stm32f4xx_hal_can.c ****   uint32_t filternbrbitpos;
 376              		.loc 1 842 3 view .LVU105
 843:Drivers/STM32F4xx_HAL_Driver/Src/stm32f4xx_hal_can.c ****   CAN_TypeDef *can_ip = hcan->Instance;
 377              		.loc 1 843 3 view .LVU106
ARM GAS  /tmp/ccXdCPPU.s 			page 24


 844:Drivers/STM32F4xx_HAL_Driver/Src/stm32f4xx_hal_can.c ****   HAL_CAN_StateTypeDef state = hcan->State;
 378              		.loc 1 844 3 view .LVU107
 379              		.loc 1 844 24 is_stmt 0 view .LVU108
 380 0000 90F82030 		ldrb	r3, [r0, #32]	@ zero_extendqisi2
 381              	.LVL16:
 845:Drivers/STM32F4xx_HAL_Driver/Src/stm32f4xx_hal_can.c **** 
 846:Drivers/STM32F4xx_HAL_Driver/Src/stm32f4xx_hal_can.c ****   if ((state == HAL_CAN_STATE_READY) ||
 382              		.loc 1 846 3 is_stmt 1 view .LVU109
 383              		.loc 1 846 38 is_stmt 0 view .LVU110
 384 0004 013B     		subs	r3, r3, #1
 385              	.LVL17:
 386              		.loc 1 846 38 view .LVU111
 387 0006 DBB2     		uxtb	r3, r3
 388              		.loc 1 846 6 view .LVU112
 389 0008 012B     		cmp	r3, #1
 390 000a 05D9     		bls	.L50
 847:Drivers/STM32F4xx_HAL_Driver/Src/stm32f4xx_hal_can.c ****       (state == HAL_CAN_STATE_LISTENING))
 848:Drivers/STM32F4xx_HAL_Driver/Src/stm32f4xx_hal_can.c ****   {
 849:Drivers/STM32F4xx_HAL_Driver/Src/stm32f4xx_hal_can.c ****     /* Check the parameters */
 850:Drivers/STM32F4xx_HAL_Driver/Src/stm32f4xx_hal_can.c ****     assert_param(IS_CAN_FILTER_ID_HALFWORD(sFilterConfig->FilterIdHigh));
 851:Drivers/STM32F4xx_HAL_Driver/Src/stm32f4xx_hal_can.c ****     assert_param(IS_CAN_FILTER_ID_HALFWORD(sFilterConfig->FilterIdLow));
 852:Drivers/STM32F4xx_HAL_Driver/Src/stm32f4xx_hal_can.c ****     assert_param(IS_CAN_FILTER_ID_HALFWORD(sFilterConfig->FilterMaskIdHigh));
 853:Drivers/STM32F4xx_HAL_Driver/Src/stm32f4xx_hal_can.c ****     assert_param(IS_CAN_FILTER_ID_HALFWORD(sFilterConfig->FilterMaskIdLow));
 854:Drivers/STM32F4xx_HAL_Driver/Src/stm32f4xx_hal_can.c ****     assert_param(IS_CAN_FILTER_MODE(sFilterConfig->FilterMode));
 855:Drivers/STM32F4xx_HAL_Driver/Src/stm32f4xx_hal_can.c ****     assert_param(IS_CAN_FILTER_SCALE(sFilterConfig->FilterScale));
 856:Drivers/STM32F4xx_HAL_Driver/Src/stm32f4xx_hal_can.c ****     assert_param(IS_CAN_FILTER_FIFO(sFilterConfig->FilterFIFOAssignment));
 857:Drivers/STM32F4xx_HAL_Driver/Src/stm32f4xx_hal_can.c ****     assert_param(IS_CAN_FILTER_ACTIVATION(sFilterConfig->FilterActivation));
 858:Drivers/STM32F4xx_HAL_Driver/Src/stm32f4xx_hal_can.c **** 
 859:Drivers/STM32F4xx_HAL_Driver/Src/stm32f4xx_hal_can.c **** #if defined(CAN3)
 860:Drivers/STM32F4xx_HAL_Driver/Src/stm32f4xx_hal_can.c ****     /* Check the CAN instance */
 861:Drivers/STM32F4xx_HAL_Driver/Src/stm32f4xx_hal_can.c ****     if (hcan->Instance == CAN3)
 862:Drivers/STM32F4xx_HAL_Driver/Src/stm32f4xx_hal_can.c ****     {
 863:Drivers/STM32F4xx_HAL_Driver/Src/stm32f4xx_hal_can.c ****       /* CAN3 is single instance with 14 dedicated filters banks */
 864:Drivers/STM32F4xx_HAL_Driver/Src/stm32f4xx_hal_can.c **** 
 865:Drivers/STM32F4xx_HAL_Driver/Src/stm32f4xx_hal_can.c ****       /* Check the parameters */
 866:Drivers/STM32F4xx_HAL_Driver/Src/stm32f4xx_hal_can.c ****       assert_param(IS_CAN_FILTER_BANK_SINGLE(sFilterConfig->FilterBank));
 867:Drivers/STM32F4xx_HAL_Driver/Src/stm32f4xx_hal_can.c ****     }
 868:Drivers/STM32F4xx_HAL_Driver/Src/stm32f4xx_hal_can.c ****     else
 869:Drivers/STM32F4xx_HAL_Driver/Src/stm32f4xx_hal_can.c ****     {
 870:Drivers/STM32F4xx_HAL_Driver/Src/stm32f4xx_hal_can.c ****       /* CAN1 and CAN2 are dual instances with 28 common filters banks */
 871:Drivers/STM32F4xx_HAL_Driver/Src/stm32f4xx_hal_can.c ****       /* Select master instance to access the filter banks */
 872:Drivers/STM32F4xx_HAL_Driver/Src/stm32f4xx_hal_can.c ****       can_ip = CAN1;
 873:Drivers/STM32F4xx_HAL_Driver/Src/stm32f4xx_hal_can.c **** 
 874:Drivers/STM32F4xx_HAL_Driver/Src/stm32f4xx_hal_can.c ****       /* Check the parameters */
 875:Drivers/STM32F4xx_HAL_Driver/Src/stm32f4xx_hal_can.c ****       assert_param(IS_CAN_FILTER_BANK_DUAL(sFilterConfig->FilterBank));
 876:Drivers/STM32F4xx_HAL_Driver/Src/stm32f4xx_hal_can.c ****       assert_param(IS_CAN_FILTER_BANK_DUAL(sFilterConfig->SlaveStartFilterBank));
 877:Drivers/STM32F4xx_HAL_Driver/Src/stm32f4xx_hal_can.c ****     }
 878:Drivers/STM32F4xx_HAL_Driver/Src/stm32f4xx_hal_can.c **** #elif defined(CAN2)
 879:Drivers/STM32F4xx_HAL_Driver/Src/stm32f4xx_hal_can.c ****     /* CAN1 and CAN2 are dual instances with 28 common filters banks */
 880:Drivers/STM32F4xx_HAL_Driver/Src/stm32f4xx_hal_can.c ****     /* Select master instance to access the filter banks */
 881:Drivers/STM32F4xx_HAL_Driver/Src/stm32f4xx_hal_can.c ****     can_ip = CAN1;
 882:Drivers/STM32F4xx_HAL_Driver/Src/stm32f4xx_hal_can.c **** 
 883:Drivers/STM32F4xx_HAL_Driver/Src/stm32f4xx_hal_can.c ****     /* Check the parameters */
 884:Drivers/STM32F4xx_HAL_Driver/Src/stm32f4xx_hal_can.c ****     assert_param(IS_CAN_FILTER_BANK_DUAL(sFilterConfig->FilterBank));
 885:Drivers/STM32F4xx_HAL_Driver/Src/stm32f4xx_hal_can.c ****     assert_param(IS_CAN_FILTER_BANK_DUAL(sFilterConfig->SlaveStartFilterBank));
 886:Drivers/STM32F4xx_HAL_Driver/Src/stm32f4xx_hal_can.c **** #else
 887:Drivers/STM32F4xx_HAL_Driver/Src/stm32f4xx_hal_can.c ****     /* CAN1 is single instance with 14 dedicated filters banks */
ARM GAS  /tmp/ccXdCPPU.s 			page 25


 888:Drivers/STM32F4xx_HAL_Driver/Src/stm32f4xx_hal_can.c **** 
 889:Drivers/STM32F4xx_HAL_Driver/Src/stm32f4xx_hal_can.c ****     /* Check the parameters */
 890:Drivers/STM32F4xx_HAL_Driver/Src/stm32f4xx_hal_can.c ****     assert_param(IS_CAN_FILTER_BANK_SINGLE(sFilterConfig->FilterBank));
 891:Drivers/STM32F4xx_HAL_Driver/Src/stm32f4xx_hal_can.c **** #endif /* CAN3 */
 892:Drivers/STM32F4xx_HAL_Driver/Src/stm32f4xx_hal_can.c **** 
 893:Drivers/STM32F4xx_HAL_Driver/Src/stm32f4xx_hal_can.c ****     /* Initialisation mode for the filter */
 894:Drivers/STM32F4xx_HAL_Driver/Src/stm32f4xx_hal_can.c ****     SET_BIT(can_ip->FMR, CAN_FMR_FINIT);
 895:Drivers/STM32F4xx_HAL_Driver/Src/stm32f4xx_hal_can.c **** 
 896:Drivers/STM32F4xx_HAL_Driver/Src/stm32f4xx_hal_can.c **** #if defined(CAN3)
 897:Drivers/STM32F4xx_HAL_Driver/Src/stm32f4xx_hal_can.c ****     /* Check the CAN instance */
 898:Drivers/STM32F4xx_HAL_Driver/Src/stm32f4xx_hal_can.c ****     if (can_ip == CAN1)
 899:Drivers/STM32F4xx_HAL_Driver/Src/stm32f4xx_hal_can.c ****     {
 900:Drivers/STM32F4xx_HAL_Driver/Src/stm32f4xx_hal_can.c ****       /* Select the start filter number of CAN2 slave instance */
 901:Drivers/STM32F4xx_HAL_Driver/Src/stm32f4xx_hal_can.c ****       CLEAR_BIT(can_ip->FMR, CAN_FMR_CAN2SB);
 902:Drivers/STM32F4xx_HAL_Driver/Src/stm32f4xx_hal_can.c ****       SET_BIT(can_ip->FMR, sFilterConfig->SlaveStartFilterBank << CAN_FMR_CAN2SB_Pos);
 903:Drivers/STM32F4xx_HAL_Driver/Src/stm32f4xx_hal_can.c ****     }
 904:Drivers/STM32F4xx_HAL_Driver/Src/stm32f4xx_hal_can.c **** 
 905:Drivers/STM32F4xx_HAL_Driver/Src/stm32f4xx_hal_can.c **** #elif defined(CAN2)
 906:Drivers/STM32F4xx_HAL_Driver/Src/stm32f4xx_hal_can.c ****     /* Select the start filter number of CAN2 slave instance */
 907:Drivers/STM32F4xx_HAL_Driver/Src/stm32f4xx_hal_can.c ****     CLEAR_BIT(can_ip->FMR, CAN_FMR_CAN2SB);
 908:Drivers/STM32F4xx_HAL_Driver/Src/stm32f4xx_hal_can.c ****     SET_BIT(can_ip->FMR, sFilterConfig->SlaveStartFilterBank << CAN_FMR_CAN2SB_Pos);
 909:Drivers/STM32F4xx_HAL_Driver/Src/stm32f4xx_hal_can.c **** 
 910:Drivers/STM32F4xx_HAL_Driver/Src/stm32f4xx_hal_can.c **** #endif /* CAN3 */
 911:Drivers/STM32F4xx_HAL_Driver/Src/stm32f4xx_hal_can.c ****     /* Convert filter number into bit position */
 912:Drivers/STM32F4xx_HAL_Driver/Src/stm32f4xx_hal_can.c ****     filternbrbitpos = (uint32_t)1 << (sFilterConfig->FilterBank & 0x1FU);
 913:Drivers/STM32F4xx_HAL_Driver/Src/stm32f4xx_hal_can.c **** 
 914:Drivers/STM32F4xx_HAL_Driver/Src/stm32f4xx_hal_can.c ****     /* Filter Deactivation */
 915:Drivers/STM32F4xx_HAL_Driver/Src/stm32f4xx_hal_can.c ****     CLEAR_BIT(can_ip->FA1R, filternbrbitpos);
 916:Drivers/STM32F4xx_HAL_Driver/Src/stm32f4xx_hal_can.c **** 
 917:Drivers/STM32F4xx_HAL_Driver/Src/stm32f4xx_hal_can.c ****     /* Filter Scale */
 918:Drivers/STM32F4xx_HAL_Driver/Src/stm32f4xx_hal_can.c ****     if (sFilterConfig->FilterScale == CAN_FILTERSCALE_16BIT)
 919:Drivers/STM32F4xx_HAL_Driver/Src/stm32f4xx_hal_can.c ****     {
 920:Drivers/STM32F4xx_HAL_Driver/Src/stm32f4xx_hal_can.c ****       /* 16-bit scale for the filter */
 921:Drivers/STM32F4xx_HAL_Driver/Src/stm32f4xx_hal_can.c ****       CLEAR_BIT(can_ip->FS1R, filternbrbitpos);
 922:Drivers/STM32F4xx_HAL_Driver/Src/stm32f4xx_hal_can.c **** 
 923:Drivers/STM32F4xx_HAL_Driver/Src/stm32f4xx_hal_can.c ****       /* First 16-bit identifier and First 16-bit mask */
 924:Drivers/STM32F4xx_HAL_Driver/Src/stm32f4xx_hal_can.c ****       /* Or First 16-bit identifier and Second 16-bit identifier */
 925:Drivers/STM32F4xx_HAL_Driver/Src/stm32f4xx_hal_can.c ****       can_ip->sFilterRegister[sFilterConfig->FilterBank].FR1 =
 926:Drivers/STM32F4xx_HAL_Driver/Src/stm32f4xx_hal_can.c ****         ((0x0000FFFFU & (uint32_t)sFilterConfig->FilterMaskIdLow) << 16U) |
 927:Drivers/STM32F4xx_HAL_Driver/Src/stm32f4xx_hal_can.c ****         (0x0000FFFFU & (uint32_t)sFilterConfig->FilterIdLow);
 928:Drivers/STM32F4xx_HAL_Driver/Src/stm32f4xx_hal_can.c **** 
 929:Drivers/STM32F4xx_HAL_Driver/Src/stm32f4xx_hal_can.c ****       /* Second 16-bit identifier and Second 16-bit mask */
 930:Drivers/STM32F4xx_HAL_Driver/Src/stm32f4xx_hal_can.c ****       /* Or Third 16-bit identifier and Fourth 16-bit identifier */
 931:Drivers/STM32F4xx_HAL_Driver/Src/stm32f4xx_hal_can.c ****       can_ip->sFilterRegister[sFilterConfig->FilterBank].FR2 =
 932:Drivers/STM32F4xx_HAL_Driver/Src/stm32f4xx_hal_can.c ****         ((0x0000FFFFU & (uint32_t)sFilterConfig->FilterMaskIdHigh) << 16U) |
 933:Drivers/STM32F4xx_HAL_Driver/Src/stm32f4xx_hal_can.c ****         (0x0000FFFFU & (uint32_t)sFilterConfig->FilterIdHigh);
 934:Drivers/STM32F4xx_HAL_Driver/Src/stm32f4xx_hal_can.c ****     }
 935:Drivers/STM32F4xx_HAL_Driver/Src/stm32f4xx_hal_can.c **** 
 936:Drivers/STM32F4xx_HAL_Driver/Src/stm32f4xx_hal_can.c ****     if (sFilterConfig->FilterScale == CAN_FILTERSCALE_32BIT)
 937:Drivers/STM32F4xx_HAL_Driver/Src/stm32f4xx_hal_can.c ****     {
 938:Drivers/STM32F4xx_HAL_Driver/Src/stm32f4xx_hal_can.c ****       /* 32-bit scale for the filter */
 939:Drivers/STM32F4xx_HAL_Driver/Src/stm32f4xx_hal_can.c ****       SET_BIT(can_ip->FS1R, filternbrbitpos);
 940:Drivers/STM32F4xx_HAL_Driver/Src/stm32f4xx_hal_can.c **** 
 941:Drivers/STM32F4xx_HAL_Driver/Src/stm32f4xx_hal_can.c ****       /* 32-bit identifier or First 32-bit identifier */
 942:Drivers/STM32F4xx_HAL_Driver/Src/stm32f4xx_hal_can.c ****       can_ip->sFilterRegister[sFilterConfig->FilterBank].FR1 =
 943:Drivers/STM32F4xx_HAL_Driver/Src/stm32f4xx_hal_can.c ****         ((0x0000FFFFU & (uint32_t)sFilterConfig->FilterIdHigh) << 16U) |
 944:Drivers/STM32F4xx_HAL_Driver/Src/stm32f4xx_hal_can.c ****         (0x0000FFFFU & (uint32_t)sFilterConfig->FilterIdLow);
ARM GAS  /tmp/ccXdCPPU.s 			page 26


 945:Drivers/STM32F4xx_HAL_Driver/Src/stm32f4xx_hal_can.c **** 
 946:Drivers/STM32F4xx_HAL_Driver/Src/stm32f4xx_hal_can.c ****       /* 32-bit mask or Second 32-bit identifier */
 947:Drivers/STM32F4xx_HAL_Driver/Src/stm32f4xx_hal_can.c ****       can_ip->sFilterRegister[sFilterConfig->FilterBank].FR2 =
 948:Drivers/STM32F4xx_HAL_Driver/Src/stm32f4xx_hal_can.c ****         ((0x0000FFFFU & (uint32_t)sFilterConfig->FilterMaskIdHigh) << 16U) |
 949:Drivers/STM32F4xx_HAL_Driver/Src/stm32f4xx_hal_can.c ****         (0x0000FFFFU & (uint32_t)sFilterConfig->FilterMaskIdLow);
 950:Drivers/STM32F4xx_HAL_Driver/Src/stm32f4xx_hal_can.c ****     }
 951:Drivers/STM32F4xx_HAL_Driver/Src/stm32f4xx_hal_can.c **** 
 952:Drivers/STM32F4xx_HAL_Driver/Src/stm32f4xx_hal_can.c ****     /* Filter Mode */
 953:Drivers/STM32F4xx_HAL_Driver/Src/stm32f4xx_hal_can.c ****     if (sFilterConfig->FilterMode == CAN_FILTERMODE_IDMASK)
 954:Drivers/STM32F4xx_HAL_Driver/Src/stm32f4xx_hal_can.c ****     {
 955:Drivers/STM32F4xx_HAL_Driver/Src/stm32f4xx_hal_can.c ****       /* Id/Mask mode for the filter*/
 956:Drivers/STM32F4xx_HAL_Driver/Src/stm32f4xx_hal_can.c ****       CLEAR_BIT(can_ip->FM1R, filternbrbitpos);
 957:Drivers/STM32F4xx_HAL_Driver/Src/stm32f4xx_hal_can.c ****     }
 958:Drivers/STM32F4xx_HAL_Driver/Src/stm32f4xx_hal_can.c ****     else /* CAN_FilterInitStruct->CAN_FilterMode == CAN_FilterMode_IdList */
 959:Drivers/STM32F4xx_HAL_Driver/Src/stm32f4xx_hal_can.c ****     {
 960:Drivers/STM32F4xx_HAL_Driver/Src/stm32f4xx_hal_can.c ****       /* Identifier list mode for the filter*/
 961:Drivers/STM32F4xx_HAL_Driver/Src/stm32f4xx_hal_can.c ****       SET_BIT(can_ip->FM1R, filternbrbitpos);
 962:Drivers/STM32F4xx_HAL_Driver/Src/stm32f4xx_hal_can.c ****     }
 963:Drivers/STM32F4xx_HAL_Driver/Src/stm32f4xx_hal_can.c **** 
 964:Drivers/STM32F4xx_HAL_Driver/Src/stm32f4xx_hal_can.c ****     /* Filter FIFO assignment */
 965:Drivers/STM32F4xx_HAL_Driver/Src/stm32f4xx_hal_can.c ****     if (sFilterConfig->FilterFIFOAssignment == CAN_FILTER_FIFO0)
 966:Drivers/STM32F4xx_HAL_Driver/Src/stm32f4xx_hal_can.c ****     {
 967:Drivers/STM32F4xx_HAL_Driver/Src/stm32f4xx_hal_can.c ****       /* FIFO 0 assignation for the filter */
 968:Drivers/STM32F4xx_HAL_Driver/Src/stm32f4xx_hal_can.c ****       CLEAR_BIT(can_ip->FFA1R, filternbrbitpos);
 969:Drivers/STM32F4xx_HAL_Driver/Src/stm32f4xx_hal_can.c ****     }
 970:Drivers/STM32F4xx_HAL_Driver/Src/stm32f4xx_hal_can.c ****     else
 971:Drivers/STM32F4xx_HAL_Driver/Src/stm32f4xx_hal_can.c ****     {
 972:Drivers/STM32F4xx_HAL_Driver/Src/stm32f4xx_hal_can.c ****       /* FIFO 1 assignation for the filter */
 973:Drivers/STM32F4xx_HAL_Driver/Src/stm32f4xx_hal_can.c ****       SET_BIT(can_ip->FFA1R, filternbrbitpos);
 974:Drivers/STM32F4xx_HAL_Driver/Src/stm32f4xx_hal_can.c ****     }
 975:Drivers/STM32F4xx_HAL_Driver/Src/stm32f4xx_hal_can.c **** 
 976:Drivers/STM32F4xx_HAL_Driver/Src/stm32f4xx_hal_can.c ****     /* Filter activation */
 977:Drivers/STM32F4xx_HAL_Driver/Src/stm32f4xx_hal_can.c ****     if (sFilterConfig->FilterActivation == CAN_FILTER_ENABLE)
 978:Drivers/STM32F4xx_HAL_Driver/Src/stm32f4xx_hal_can.c ****     {
 979:Drivers/STM32F4xx_HAL_Driver/Src/stm32f4xx_hal_can.c ****       SET_BIT(can_ip->FA1R, filternbrbitpos);
 980:Drivers/STM32F4xx_HAL_Driver/Src/stm32f4xx_hal_can.c ****     }
 981:Drivers/STM32F4xx_HAL_Driver/Src/stm32f4xx_hal_can.c **** 
 982:Drivers/STM32F4xx_HAL_Driver/Src/stm32f4xx_hal_can.c ****     /* Leave the initialisation mode for the filter */
 983:Drivers/STM32F4xx_HAL_Driver/Src/stm32f4xx_hal_can.c ****     CLEAR_BIT(can_ip->FMR, CAN_FMR_FINIT);
 984:Drivers/STM32F4xx_HAL_Driver/Src/stm32f4xx_hal_can.c **** 
 985:Drivers/STM32F4xx_HAL_Driver/Src/stm32f4xx_hal_can.c ****     /* Return function status */
 986:Drivers/STM32F4xx_HAL_Driver/Src/stm32f4xx_hal_can.c ****     return HAL_OK;
 987:Drivers/STM32F4xx_HAL_Driver/Src/stm32f4xx_hal_can.c ****   }
 988:Drivers/STM32F4xx_HAL_Driver/Src/stm32f4xx_hal_can.c ****   else
 989:Drivers/STM32F4xx_HAL_Driver/Src/stm32f4xx_hal_can.c ****   {
 990:Drivers/STM32F4xx_HAL_Driver/Src/stm32f4xx_hal_can.c ****     /* Update error code */
 991:Drivers/STM32F4xx_HAL_Driver/Src/stm32f4xx_hal_can.c ****     hcan->ErrorCode |= HAL_CAN_ERROR_NOT_INITIALIZED;
 391              		.loc 1 991 5 is_stmt 1 view .LVU113
 392              		.loc 1 991 21 is_stmt 0 view .LVU114
 393 000c 436A     		ldr	r3, [r0, #36]
 394 000e 43F48023 		orr	r3, r3, #262144
 395 0012 4362     		str	r3, [r0, #36]
 992:Drivers/STM32F4xx_HAL_Driver/Src/stm32f4xx_hal_can.c **** 
 993:Drivers/STM32F4xx_HAL_Driver/Src/stm32f4xx_hal_can.c ****     return HAL_ERROR;
 396              		.loc 1 993 5 is_stmt 1 view .LVU115
 397              		.loc 1 993 12 is_stmt 0 view .LVU116
 398 0014 0120     		movs	r0, #1
ARM GAS  /tmp/ccXdCPPU.s 			page 27


 399              	.LVL18:
 994:Drivers/STM32F4xx_HAL_Driver/Src/stm32f4xx_hal_can.c ****   }
 995:Drivers/STM32F4xx_HAL_Driver/Src/stm32f4xx_hal_can.c **** }
 400              		.loc 1 995 1 view .LVU117
 401 0016 7047     		bx	lr
 402              	.LVL19:
 403              	.L50:
 841:Drivers/STM32F4xx_HAL_Driver/Src/stm32f4xx_hal_can.c ****   uint32_t filternbrbitpos;
 404              		.loc 1 841 1 view .LVU118
 405 0018 70B4     		push	{r4, r5, r6}
 406              	.LCFI2:
 407              		.cfi_def_cfa_offset 12
 408              		.cfi_offset 4, -12
 409              		.cfi_offset 5, -8
 410              		.cfi_offset 6, -4
 850:Drivers/STM32F4xx_HAL_Driver/Src/stm32f4xx_hal_can.c ****     assert_param(IS_CAN_FILTER_ID_HALFWORD(sFilterConfig->FilterIdLow));
 411              		.loc 1 850 5 is_stmt 1 view .LVU119
 851:Drivers/STM32F4xx_HAL_Driver/Src/stm32f4xx_hal_can.c ****     assert_param(IS_CAN_FILTER_ID_HALFWORD(sFilterConfig->FilterMaskIdHigh));
 412              		.loc 1 851 5 view .LVU120
 852:Drivers/STM32F4xx_HAL_Driver/Src/stm32f4xx_hal_can.c ****     assert_param(IS_CAN_FILTER_ID_HALFWORD(sFilterConfig->FilterMaskIdLow));
 413              		.loc 1 852 5 view .LVU121
 853:Drivers/STM32F4xx_HAL_Driver/Src/stm32f4xx_hal_can.c ****     assert_param(IS_CAN_FILTER_MODE(sFilterConfig->FilterMode));
 414              		.loc 1 853 5 view .LVU122
 854:Drivers/STM32F4xx_HAL_Driver/Src/stm32f4xx_hal_can.c ****     assert_param(IS_CAN_FILTER_SCALE(sFilterConfig->FilterScale));
 415              		.loc 1 854 5 view .LVU123
 855:Drivers/STM32F4xx_HAL_Driver/Src/stm32f4xx_hal_can.c ****     assert_param(IS_CAN_FILTER_FIFO(sFilterConfig->FilterFIFOAssignment));
 416              		.loc 1 855 5 view .LVU124
 856:Drivers/STM32F4xx_HAL_Driver/Src/stm32f4xx_hal_can.c ****     assert_param(IS_CAN_FILTER_ACTIVATION(sFilterConfig->FilterActivation));
 417              		.loc 1 856 5 view .LVU125
 857:Drivers/STM32F4xx_HAL_Driver/Src/stm32f4xx_hal_can.c **** 
 418              		.loc 1 857 5 view .LVU126
 881:Drivers/STM32F4xx_HAL_Driver/Src/stm32f4xx_hal_can.c **** 
 419              		.loc 1 881 5 view .LVU127
 420              	.LVL20:
 884:Drivers/STM32F4xx_HAL_Driver/Src/stm32f4xx_hal_can.c ****     assert_param(IS_CAN_FILTER_BANK_DUAL(sFilterConfig->SlaveStartFilterBank));
 421              		.loc 1 884 5 view .LVU128
 885:Drivers/STM32F4xx_HAL_Driver/Src/stm32f4xx_hal_can.c **** #else
 422              		.loc 1 885 5 view .LVU129
 894:Drivers/STM32F4xx_HAL_Driver/Src/stm32f4xx_hal_can.c **** 
 423              		.loc 1 894 5 view .LVU130
 424 001a 444B     		ldr	r3, .L53
 425 001c D3F80022 		ldr	r2, [r3, #512]
 426 0020 42F00102 		orr	r2, r2, #1
 427 0024 C3F80022 		str	r2, [r3, #512]
 907:Drivers/STM32F4xx_HAL_Driver/Src/stm32f4xx_hal_can.c ****     SET_BIT(can_ip->FMR, sFilterConfig->SlaveStartFilterBank << CAN_FMR_CAN2SB_Pos);
 428              		.loc 1 907 5 view .LVU131
 429 0028 D3F80022 		ldr	r2, [r3, #512]
 430 002c 22F47C52 		bic	r2, r2, #16128
 431 0030 C3F80022 		str	r2, [r3, #512]
 908:Drivers/STM32F4xx_HAL_Driver/Src/stm32f4xx_hal_can.c **** 
 432              		.loc 1 908 5 view .LVU132
 433 0034 D3F80022 		ldr	r2, [r3, #512]
 434 0038 486A     		ldr	r0, [r1, #36]
 435              	.LVL21:
 908:Drivers/STM32F4xx_HAL_Driver/Src/stm32f4xx_hal_can.c **** 
 436              		.loc 1 908 5 is_stmt 0 view .LVU133
 437 003a 42EA0022 		orr	r2, r2, r0, lsl #8
ARM GAS  /tmp/ccXdCPPU.s 			page 28


 438 003e C3F80022 		str	r2, [r3, #512]
 912:Drivers/STM32F4xx_HAL_Driver/Src/stm32f4xx_hal_can.c **** 
 439              		.loc 1 912 5 is_stmt 1 view .LVU134
 912:Drivers/STM32F4xx_HAL_Driver/Src/stm32f4xx_hal_can.c **** 
 440              		.loc 1 912 52 is_stmt 0 view .LVU135
 441 0042 4A69     		ldr	r2, [r1, #20]
 912:Drivers/STM32F4xx_HAL_Driver/Src/stm32f4xx_hal_can.c **** 
 442              		.loc 1 912 65 view .LVU136
 443 0044 02F01F02 		and	r2, r2, #31
 912:Drivers/STM32F4xx_HAL_Driver/Src/stm32f4xx_hal_can.c **** 
 444              		.loc 1 912 21 view .LVU137
 445 0048 0120     		movs	r0, #1
 446 004a 00FA02F2 		lsl	r2, r0, r2
 447              	.LVL22:
 915:Drivers/STM32F4xx_HAL_Driver/Src/stm32f4xx_hal_can.c **** 
 448              		.loc 1 915 5 is_stmt 1 view .LVU138
 449 004e D3F81C02 		ldr	r0, [r3, #540]
 450 0052 D443     		mvns	r4, r2
 451 0054 20EA0200 		bic	r0, r0, r2
 452 0058 C3F81C02 		str	r0, [r3, #540]
 918:Drivers/STM32F4xx_HAL_Driver/Src/stm32f4xx_hal_can.c ****     {
 453              		.loc 1 918 5 view .LVU139
 918:Drivers/STM32F4xx_HAL_Driver/Src/stm32f4xx_hal_can.c ****     {
 454              		.loc 1 918 22 is_stmt 0 view .LVU140
 455 005c CB69     		ldr	r3, [r1, #28]
 918:Drivers/STM32F4xx_HAL_Driver/Src/stm32f4xx_hal_can.c ****     {
 456              		.loc 1 918 8 view .LVU141
 457 005e B3B9     		cbnz	r3, .L38
 921:Drivers/STM32F4xx_HAL_Driver/Src/stm32f4xx_hal_can.c **** 
 458              		.loc 1 921 7 is_stmt 1 view .LVU142
 459 0060 324B     		ldr	r3, .L53
 460 0062 D3F80C02 		ldr	r0, [r3, #524]
 461 0066 2040     		ands	r0, r0, r4
 462 0068 C3F80C02 		str	r0, [r3, #524]
 925:Drivers/STM32F4xx_HAL_Driver/Src/stm32f4xx_hal_can.c ****         ((0x0000FFFFU & (uint32_t)sFilterConfig->FilterMaskIdLow) << 16U) |
 463              		.loc 1 925 7 view .LVU143
 926:Drivers/STM32F4xx_HAL_Driver/Src/stm32f4xx_hal_can.c ****         (0x0000FFFFU & (uint32_t)sFilterConfig->FilterIdLow);
 464              		.loc 1 926 48 is_stmt 0 view .LVU144
 465 006c CE68     		ldr	r6, [r1, #12]
 927:Drivers/STM32F4xx_HAL_Driver/Src/stm32f4xx_hal_can.c **** 
 466              		.loc 1 927 22 view .LVU145
 467 006e 8D88     		ldrh	r5, [r1, #4]
 925:Drivers/STM32F4xx_HAL_Driver/Src/stm32f4xx_hal_can.c ****         ((0x0000FFFFU & (uint32_t)sFilterConfig->FilterMaskIdLow) << 16U) |
 468              		.loc 1 925 44 view .LVU146
 469 0070 4869     		ldr	r0, [r1, #20]
 926:Drivers/STM32F4xx_HAL_Driver/Src/stm32f4xx_hal_can.c ****         (0x0000FFFFU & (uint32_t)sFilterConfig->FilterIdLow);
 470              		.loc 1 926 75 view .LVU147
 471 0072 45EA0645 		orr	r5, r5, r6, lsl #16
 925:Drivers/STM32F4xx_HAL_Driver/Src/stm32f4xx_hal_can.c ****         ((0x0000FFFFU & (uint32_t)sFilterConfig->FilterMaskIdLow) << 16U) |
 472              		.loc 1 925 62 view .LVU148
 473 0076 4830     		adds	r0, r0, #72
 474 0078 43F83050 		str	r5, [r3, r0, lsl #3]
 931:Drivers/STM32F4xx_HAL_Driver/Src/stm32f4xx_hal_can.c ****         ((0x0000FFFFU & (uint32_t)sFilterConfig->FilterMaskIdHigh) << 16U) |
 475              		.loc 1 931 7 is_stmt 1 view .LVU149
 932:Drivers/STM32F4xx_HAL_Driver/Src/stm32f4xx_hal_can.c ****         (0x0000FFFFU & (uint32_t)sFilterConfig->FilterIdHigh);
 476              		.loc 1 932 48 is_stmt 0 view .LVU150
 477 007c 8E68     		ldr	r6, [r1, #8]
ARM GAS  /tmp/ccXdCPPU.s 			page 29


 933:Drivers/STM32F4xx_HAL_Driver/Src/stm32f4xx_hal_can.c ****     }
 478              		.loc 1 933 22 view .LVU151
 479 007e 0888     		ldrh	r0, [r1]
 931:Drivers/STM32F4xx_HAL_Driver/Src/stm32f4xx_hal_can.c ****         ((0x0000FFFFU & (uint32_t)sFilterConfig->FilterMaskIdHigh) << 16U) |
 480              		.loc 1 931 44 view .LVU152
 481 0080 4D69     		ldr	r5, [r1, #20]
 932:Drivers/STM32F4xx_HAL_Driver/Src/stm32f4xx_hal_can.c ****         (0x0000FFFFU & (uint32_t)sFilterConfig->FilterIdHigh);
 482              		.loc 1 932 76 view .LVU153
 483 0082 40EA0640 		orr	r0, r0, r6, lsl #16
 931:Drivers/STM32F4xx_HAL_Driver/Src/stm32f4xx_hal_can.c ****         ((0x0000FFFFU & (uint32_t)sFilterConfig->FilterMaskIdHigh) << 16U) |
 484              		.loc 1 931 62 view .LVU154
 485 0086 4835     		adds	r5, r5, #72
 486 0088 03EBC503 		add	r3, r3, r5, lsl #3
 487 008c 5860     		str	r0, [r3, #4]
 488              	.L38:
 936:Drivers/STM32F4xx_HAL_Driver/Src/stm32f4xx_hal_can.c ****     {
 489              		.loc 1 936 5 is_stmt 1 view .LVU155
 936:Drivers/STM32F4xx_HAL_Driver/Src/stm32f4xx_hal_can.c ****     {
 490              		.loc 1 936 22 is_stmt 0 view .LVU156
 491 008e CB69     		ldr	r3, [r1, #28]
 936:Drivers/STM32F4xx_HAL_Driver/Src/stm32f4xx_hal_can.c ****     {
 492              		.loc 1 936 8 view .LVU157
 493 0090 012B     		cmp	r3, #1
 494 0092 1DD0     		beq	.L51
 495              	.L39:
 953:Drivers/STM32F4xx_HAL_Driver/Src/stm32f4xx_hal_can.c ****     {
 496              		.loc 1 953 5 is_stmt 1 view .LVU158
 953:Drivers/STM32F4xx_HAL_Driver/Src/stm32f4xx_hal_can.c ****     {
 497              		.loc 1 953 22 is_stmt 0 view .LVU159
 498 0094 8B69     		ldr	r3, [r1, #24]
 953:Drivers/STM32F4xx_HAL_Driver/Src/stm32f4xx_hal_can.c ****     {
 499              		.loc 1 953 8 view .LVU160
 500 0096 002B     		cmp	r3, #0
 501 0098 32D1     		bne	.L40
 956:Drivers/STM32F4xx_HAL_Driver/Src/stm32f4xx_hal_can.c ****     }
 502              		.loc 1 956 7 is_stmt 1 view .LVU161
 503 009a 2448     		ldr	r0, .L53
 504 009c D0F80432 		ldr	r3, [r0, #516]
 505 00a0 2340     		ands	r3, r3, r4
 506 00a2 C0F80432 		str	r3, [r0, #516]
 507              	.L41:
 965:Drivers/STM32F4xx_HAL_Driver/Src/stm32f4xx_hal_can.c ****     {
 508              		.loc 1 965 5 view .LVU162
 965:Drivers/STM32F4xx_HAL_Driver/Src/stm32f4xx_hal_can.c ****     {
 509              		.loc 1 965 22 is_stmt 0 view .LVU163
 510 00a6 0B69     		ldr	r3, [r1, #16]
 965:Drivers/STM32F4xx_HAL_Driver/Src/stm32f4xx_hal_can.c ****     {
 511              		.loc 1 965 8 view .LVU164
 512 00a8 8BBB     		cbnz	r3, .L42
 968:Drivers/STM32F4xx_HAL_Driver/Src/stm32f4xx_hal_can.c ****     }
 513              		.loc 1 968 7 is_stmt 1 view .LVU165
 514 00aa 204B     		ldr	r3, .L53
 515 00ac D3F81402 		ldr	r0, [r3, #532]
 516 00b0 0440     		ands	r4, r4, r0
 517 00b2 C3F81442 		str	r4, [r3, #532]
 518              	.L43:
 977:Drivers/STM32F4xx_HAL_Driver/Src/stm32f4xx_hal_can.c ****     {
ARM GAS  /tmp/ccXdCPPU.s 			page 30


 519              		.loc 1 977 5 view .LVU166
 977:Drivers/STM32F4xx_HAL_Driver/Src/stm32f4xx_hal_can.c ****     {
 520              		.loc 1 977 22 is_stmt 0 view .LVU167
 521 00b6 0B6A     		ldr	r3, [r1, #32]
 977:Drivers/STM32F4xx_HAL_Driver/Src/stm32f4xx_hal_can.c ****     {
 522              		.loc 1 977 8 view .LVU168
 523 00b8 012B     		cmp	r3, #1
 524 00ba 2FD0     		beq	.L52
 525              	.LVL23:
 526              	.L44:
 983:Drivers/STM32F4xx_HAL_Driver/Src/stm32f4xx_hal_can.c **** 
 527              		.loc 1 983 5 is_stmt 1 view .LVU169
 528 00bc 1B4A     		ldr	r2, .L53
 529 00be D2F80032 		ldr	r3, [r2, #512]
 530 00c2 23F00103 		bic	r3, r3, #1
 531 00c6 C2F80032 		str	r3, [r2, #512]
 986:Drivers/STM32F4xx_HAL_Driver/Src/stm32f4xx_hal_can.c ****   }
 532              		.loc 1 986 5 view .LVU170
 986:Drivers/STM32F4xx_HAL_Driver/Src/stm32f4xx_hal_can.c ****   }
 533              		.loc 1 986 12 is_stmt 0 view .LVU171
 534 00ca 0020     		movs	r0, #0
 535              		.loc 1 995 1 view .LVU172
 536 00cc 70BC     		pop	{r4, r5, r6}
 537              	.LCFI3:
 538              		.cfi_remember_state
 539              		.cfi_restore 6
 540              		.cfi_restore 5
 541              		.cfi_restore 4
 542              		.cfi_def_cfa_offset 0
 543 00ce 7047     		bx	lr
 544              	.LVL24:
 545              	.L51:
 546              	.LCFI4:
 547              		.cfi_restore_state
 939:Drivers/STM32F4xx_HAL_Driver/Src/stm32f4xx_hal_can.c **** 
 548              		.loc 1 939 7 is_stmt 1 view .LVU173
 549 00d0 164B     		ldr	r3, .L53
 550 00d2 D3F80C02 		ldr	r0, [r3, #524]
 551 00d6 1043     		orrs	r0, r0, r2
 552 00d8 C3F80C02 		str	r0, [r3, #524]
 942:Drivers/STM32F4xx_HAL_Driver/Src/stm32f4xx_hal_can.c ****         ((0x0000FFFFU & (uint32_t)sFilterConfig->FilterIdHigh) << 16U) |
 553              		.loc 1 942 7 view .LVU174
 943:Drivers/STM32F4xx_HAL_Driver/Src/stm32f4xx_hal_can.c ****         (0x0000FFFFU & (uint32_t)sFilterConfig->FilterIdLow);
 554              		.loc 1 943 48 is_stmt 0 view .LVU175
 555 00dc 0E68     		ldr	r6, [r1]
 944:Drivers/STM32F4xx_HAL_Driver/Src/stm32f4xx_hal_can.c **** 
 556              		.loc 1 944 22 view .LVU176
 557 00de 8D88     		ldrh	r5, [r1, #4]
 942:Drivers/STM32F4xx_HAL_Driver/Src/stm32f4xx_hal_can.c ****         ((0x0000FFFFU & (uint32_t)sFilterConfig->FilterIdHigh) << 16U) |
 558              		.loc 1 942 44 view .LVU177
 559 00e0 4869     		ldr	r0, [r1, #20]
 943:Drivers/STM32F4xx_HAL_Driver/Src/stm32f4xx_hal_can.c ****         (0x0000FFFFU & (uint32_t)sFilterConfig->FilterIdLow);
 560              		.loc 1 943 72 view .LVU178
 561 00e2 45EA0645 		orr	r5, r5, r6, lsl #16
 942:Drivers/STM32F4xx_HAL_Driver/Src/stm32f4xx_hal_can.c ****         ((0x0000FFFFU & (uint32_t)sFilterConfig->FilterIdHigh) << 16U) |
 562              		.loc 1 942 62 view .LVU179
 563 00e6 4830     		adds	r0, r0, #72
ARM GAS  /tmp/ccXdCPPU.s 			page 31


 564 00e8 43F83050 		str	r5, [r3, r0, lsl #3]
 947:Drivers/STM32F4xx_HAL_Driver/Src/stm32f4xx_hal_can.c ****         ((0x0000FFFFU & (uint32_t)sFilterConfig->FilterMaskIdHigh) << 16U) |
 565              		.loc 1 947 7 is_stmt 1 view .LVU180
 948:Drivers/STM32F4xx_HAL_Driver/Src/stm32f4xx_hal_can.c ****         (0x0000FFFFU & (uint32_t)sFilterConfig->FilterMaskIdLow);
 566              		.loc 1 948 48 is_stmt 0 view .LVU181
 567 00ec 8E68     		ldr	r6, [r1, #8]
 949:Drivers/STM32F4xx_HAL_Driver/Src/stm32f4xx_hal_can.c ****     }
 568              		.loc 1 949 22 view .LVU182
 569 00ee 8889     		ldrh	r0, [r1, #12]
 947:Drivers/STM32F4xx_HAL_Driver/Src/stm32f4xx_hal_can.c ****         ((0x0000FFFFU & (uint32_t)sFilterConfig->FilterMaskIdHigh) << 16U) |
 570              		.loc 1 947 44 view .LVU183
 571 00f0 4D69     		ldr	r5, [r1, #20]
 948:Drivers/STM32F4xx_HAL_Driver/Src/stm32f4xx_hal_can.c ****         (0x0000FFFFU & (uint32_t)sFilterConfig->FilterMaskIdLow);
 572              		.loc 1 948 76 view .LVU184
 573 00f2 40EA0640 		orr	r0, r0, r6, lsl #16
 947:Drivers/STM32F4xx_HAL_Driver/Src/stm32f4xx_hal_can.c ****         ((0x0000FFFFU & (uint32_t)sFilterConfig->FilterMaskIdHigh) << 16U) |
 574              		.loc 1 947 62 view .LVU185
 575 00f6 4835     		adds	r5, r5, #72
 576 00f8 03EBC503 		add	r3, r3, r5, lsl #3
 577 00fc 5860     		str	r0, [r3, #4]
 578 00fe C9E7     		b	.L39
 579              	.L40:
 961:Drivers/STM32F4xx_HAL_Driver/Src/stm32f4xx_hal_can.c ****     }
 580              		.loc 1 961 7 is_stmt 1 view .LVU186
 581 0100 0A48     		ldr	r0, .L53
 582 0102 D0F80432 		ldr	r3, [r0, #516]
 583 0106 1343     		orrs	r3, r3, r2
 584 0108 C0F80432 		str	r3, [r0, #516]
 585 010c CBE7     		b	.L41
 586              	.L42:
 973:Drivers/STM32F4xx_HAL_Driver/Src/stm32f4xx_hal_can.c ****     }
 587              		.loc 1 973 7 view .LVU187
 588 010e 0748     		ldr	r0, .L53
 589 0110 D0F81432 		ldr	r3, [r0, #532]
 590 0114 1343     		orrs	r3, r3, r2
 591 0116 C0F81432 		str	r3, [r0, #532]
 592 011a CCE7     		b	.L43
 593              	.L52:
 979:Drivers/STM32F4xx_HAL_Driver/Src/stm32f4xx_hal_can.c ****     }
 594              		.loc 1 979 7 view .LVU188
 595 011c 0349     		ldr	r1, .L53
 596              	.LVL25:
 979:Drivers/STM32F4xx_HAL_Driver/Src/stm32f4xx_hal_can.c ****     }
 597              		.loc 1 979 7 is_stmt 0 view .LVU189
 598 011e D1F81C32 		ldr	r3, [r1, #540]
 599 0122 1A43     		orrs	r2, r2, r3
 600              	.LVL26:
 979:Drivers/STM32F4xx_HAL_Driver/Src/stm32f4xx_hal_can.c ****     }
 601              		.loc 1 979 7 view .LVU190
 602 0124 C1F81C22 		str	r2, [r1, #540]
 603 0128 C8E7     		b	.L44
 604              	.L54:
 605 012a 00BF     		.align	2
 606              	.L53:
 607 012c 00640040 		.word	1073767424
 608              		.cfi_endproc
 609              	.LFE138:
ARM GAS  /tmp/ccXdCPPU.s 			page 32


 611              		.section	.text.HAL_CAN_Start,"ax",%progbits
 612              		.align	1
 613              		.global	HAL_CAN_Start
 614              		.syntax unified
 615              		.thumb
 616              		.thumb_func
 617              		.fpu fpv4-sp-d16
 619              	HAL_CAN_Start:
 620              	.LVL27:
 621              	.LFB139:
 996:Drivers/STM32F4xx_HAL_Driver/Src/stm32f4xx_hal_can.c **** 
 997:Drivers/STM32F4xx_HAL_Driver/Src/stm32f4xx_hal_can.c **** /**
 998:Drivers/STM32F4xx_HAL_Driver/Src/stm32f4xx_hal_can.c ****   * @}
 999:Drivers/STM32F4xx_HAL_Driver/Src/stm32f4xx_hal_can.c ****   */
1000:Drivers/STM32F4xx_HAL_Driver/Src/stm32f4xx_hal_can.c **** 
1001:Drivers/STM32F4xx_HAL_Driver/Src/stm32f4xx_hal_can.c **** /** @defgroup CAN_Exported_Functions_Group3 Control functions
1002:Drivers/STM32F4xx_HAL_Driver/Src/stm32f4xx_hal_can.c ****   * @brief    Control functions
1003:Drivers/STM32F4xx_HAL_Driver/Src/stm32f4xx_hal_can.c ****   *
1004:Drivers/STM32F4xx_HAL_Driver/Src/stm32f4xx_hal_can.c **** @verbatim
1005:Drivers/STM32F4xx_HAL_Driver/Src/stm32f4xx_hal_can.c ****   ==============================================================================
1006:Drivers/STM32F4xx_HAL_Driver/Src/stm32f4xx_hal_can.c ****                       ##### Control functions #####
1007:Drivers/STM32F4xx_HAL_Driver/Src/stm32f4xx_hal_can.c ****   ==============================================================================
1008:Drivers/STM32F4xx_HAL_Driver/Src/stm32f4xx_hal_can.c ****     [..]  This section provides functions allowing to:
1009:Drivers/STM32F4xx_HAL_Driver/Src/stm32f4xx_hal_can.c ****       (+) HAL_CAN_Start                    : Start the CAN module
1010:Drivers/STM32F4xx_HAL_Driver/Src/stm32f4xx_hal_can.c ****       (+) HAL_CAN_Stop                     : Stop the CAN module
1011:Drivers/STM32F4xx_HAL_Driver/Src/stm32f4xx_hal_can.c ****       (+) HAL_CAN_RequestSleep             : Request sleep mode entry.
1012:Drivers/STM32F4xx_HAL_Driver/Src/stm32f4xx_hal_can.c ****       (+) HAL_CAN_WakeUp                   : Wake up from sleep mode.
1013:Drivers/STM32F4xx_HAL_Driver/Src/stm32f4xx_hal_can.c ****       (+) HAL_CAN_IsSleepActive            : Check is sleep mode is active.
1014:Drivers/STM32F4xx_HAL_Driver/Src/stm32f4xx_hal_can.c ****       (+) HAL_CAN_AddTxMessage             : Add a message to the Tx mailboxes
1015:Drivers/STM32F4xx_HAL_Driver/Src/stm32f4xx_hal_can.c ****                                              and activate the corresponding
1016:Drivers/STM32F4xx_HAL_Driver/Src/stm32f4xx_hal_can.c ****                                              transmission request
1017:Drivers/STM32F4xx_HAL_Driver/Src/stm32f4xx_hal_can.c ****       (+) HAL_CAN_AbortTxRequest           : Abort transmission request
1018:Drivers/STM32F4xx_HAL_Driver/Src/stm32f4xx_hal_can.c ****       (+) HAL_CAN_GetTxMailboxesFreeLevel  : Return Tx mailboxes free level
1019:Drivers/STM32F4xx_HAL_Driver/Src/stm32f4xx_hal_can.c ****       (+) HAL_CAN_IsTxMessagePending       : Check if a transmission request is
1020:Drivers/STM32F4xx_HAL_Driver/Src/stm32f4xx_hal_can.c ****                                              pending on the selected Tx mailbox
1021:Drivers/STM32F4xx_HAL_Driver/Src/stm32f4xx_hal_can.c ****       (+) HAL_CAN_GetRxMessage             : Get a CAN frame from the Rx FIFO
1022:Drivers/STM32F4xx_HAL_Driver/Src/stm32f4xx_hal_can.c ****       (+) HAL_CAN_GetRxFifoFillLevel       : Return Rx FIFO fill level
1023:Drivers/STM32F4xx_HAL_Driver/Src/stm32f4xx_hal_can.c **** 
1024:Drivers/STM32F4xx_HAL_Driver/Src/stm32f4xx_hal_can.c **** @endverbatim
1025:Drivers/STM32F4xx_HAL_Driver/Src/stm32f4xx_hal_can.c ****   * @{
1026:Drivers/STM32F4xx_HAL_Driver/Src/stm32f4xx_hal_can.c ****   */
1027:Drivers/STM32F4xx_HAL_Driver/Src/stm32f4xx_hal_can.c **** 
1028:Drivers/STM32F4xx_HAL_Driver/Src/stm32f4xx_hal_can.c **** /**
1029:Drivers/STM32F4xx_HAL_Driver/Src/stm32f4xx_hal_can.c ****   * @brief  Start the CAN module.
1030:Drivers/STM32F4xx_HAL_Driver/Src/stm32f4xx_hal_can.c ****   * @param  hcan pointer to an CAN_HandleTypeDef structure that contains
1031:Drivers/STM32F4xx_HAL_Driver/Src/stm32f4xx_hal_can.c ****   *         the configuration information for the specified CAN.
1032:Drivers/STM32F4xx_HAL_Driver/Src/stm32f4xx_hal_can.c ****   * @retval HAL status
1033:Drivers/STM32F4xx_HAL_Driver/Src/stm32f4xx_hal_can.c ****   */
1034:Drivers/STM32F4xx_HAL_Driver/Src/stm32f4xx_hal_can.c **** HAL_StatusTypeDef HAL_CAN_Start(CAN_HandleTypeDef *hcan)
1035:Drivers/STM32F4xx_HAL_Driver/Src/stm32f4xx_hal_can.c **** {
 622              		.loc 1 1035 1 is_stmt 1 view -0
 623              		.cfi_startproc
 624              		@ args = 0, pretend = 0, frame = 0
 625              		@ frame_needed = 0, uses_anonymous_args = 0
 626              		.loc 1 1035 1 is_stmt 0 view .LVU192
 627 0000 70B5     		push	{r4, r5, r6, lr}
 628              	.LCFI5:
ARM GAS  /tmp/ccXdCPPU.s 			page 33


 629              		.cfi_def_cfa_offset 16
 630              		.cfi_offset 4, -16
 631              		.cfi_offset 5, -12
 632              		.cfi_offset 6, -8
 633              		.cfi_offset 14, -4
 634 0002 0446     		mov	r4, r0
1036:Drivers/STM32F4xx_HAL_Driver/Src/stm32f4xx_hal_can.c ****   uint32_t tickstart;
 635              		.loc 1 1036 3 is_stmt 1 view .LVU193
1037:Drivers/STM32F4xx_HAL_Driver/Src/stm32f4xx_hal_can.c **** 
1038:Drivers/STM32F4xx_HAL_Driver/Src/stm32f4xx_hal_can.c ****   if (hcan->State == HAL_CAN_STATE_READY)
 636              		.loc 1 1038 3 view .LVU194
 637              		.loc 1 1038 11 is_stmt 0 view .LVU195
 638 0004 90F82050 		ldrb	r5, [r0, #32]	@ zero_extendqisi2
 639 0008 EDB2     		uxtb	r5, r5
 640              		.loc 1 1038 6 view .LVU196
 641 000a 012D     		cmp	r5, #1
 642 000c 06D0     		beq	.L61
1039:Drivers/STM32F4xx_HAL_Driver/Src/stm32f4xx_hal_can.c ****   {
1040:Drivers/STM32F4xx_HAL_Driver/Src/stm32f4xx_hal_can.c ****     /* Change CAN peripheral state */
1041:Drivers/STM32F4xx_HAL_Driver/Src/stm32f4xx_hal_can.c ****     hcan->State = HAL_CAN_STATE_LISTENING;
1042:Drivers/STM32F4xx_HAL_Driver/Src/stm32f4xx_hal_can.c **** 
1043:Drivers/STM32F4xx_HAL_Driver/Src/stm32f4xx_hal_can.c ****     /* Request leave initialisation */
1044:Drivers/STM32F4xx_HAL_Driver/Src/stm32f4xx_hal_can.c ****     CLEAR_BIT(hcan->Instance->MCR, CAN_MCR_INRQ);
1045:Drivers/STM32F4xx_HAL_Driver/Src/stm32f4xx_hal_can.c **** 
1046:Drivers/STM32F4xx_HAL_Driver/Src/stm32f4xx_hal_can.c ****     /* Get tick */
1047:Drivers/STM32F4xx_HAL_Driver/Src/stm32f4xx_hal_can.c ****     tickstart = HAL_GetTick();
1048:Drivers/STM32F4xx_HAL_Driver/Src/stm32f4xx_hal_can.c **** 
1049:Drivers/STM32F4xx_HAL_Driver/Src/stm32f4xx_hal_can.c ****     /* Wait the acknowledge */
1050:Drivers/STM32F4xx_HAL_Driver/Src/stm32f4xx_hal_can.c ****     while ((hcan->Instance->MSR & CAN_MSR_INAK) != 0U)
1051:Drivers/STM32F4xx_HAL_Driver/Src/stm32f4xx_hal_can.c ****     {
1052:Drivers/STM32F4xx_HAL_Driver/Src/stm32f4xx_hal_can.c ****       /* Check for the Timeout */
1053:Drivers/STM32F4xx_HAL_Driver/Src/stm32f4xx_hal_can.c ****       if ((HAL_GetTick() - tickstart) > CAN_TIMEOUT_VALUE)
1054:Drivers/STM32F4xx_HAL_Driver/Src/stm32f4xx_hal_can.c ****       {
1055:Drivers/STM32F4xx_HAL_Driver/Src/stm32f4xx_hal_can.c ****         /* Update error code */
1056:Drivers/STM32F4xx_HAL_Driver/Src/stm32f4xx_hal_can.c ****         hcan->ErrorCode |= HAL_CAN_ERROR_TIMEOUT;
1057:Drivers/STM32F4xx_HAL_Driver/Src/stm32f4xx_hal_can.c **** 
1058:Drivers/STM32F4xx_HAL_Driver/Src/stm32f4xx_hal_can.c ****         /* Change CAN state */
1059:Drivers/STM32F4xx_HAL_Driver/Src/stm32f4xx_hal_can.c ****         hcan->State = HAL_CAN_STATE_ERROR;
1060:Drivers/STM32F4xx_HAL_Driver/Src/stm32f4xx_hal_can.c **** 
1061:Drivers/STM32F4xx_HAL_Driver/Src/stm32f4xx_hal_can.c ****         return HAL_ERROR;
1062:Drivers/STM32F4xx_HAL_Driver/Src/stm32f4xx_hal_can.c ****       }
1063:Drivers/STM32F4xx_HAL_Driver/Src/stm32f4xx_hal_can.c ****     }
1064:Drivers/STM32F4xx_HAL_Driver/Src/stm32f4xx_hal_can.c **** 
1065:Drivers/STM32F4xx_HAL_Driver/Src/stm32f4xx_hal_can.c ****     /* Reset the CAN ErrorCode */
1066:Drivers/STM32F4xx_HAL_Driver/Src/stm32f4xx_hal_can.c ****     hcan->ErrorCode = HAL_CAN_ERROR_NONE;
1067:Drivers/STM32F4xx_HAL_Driver/Src/stm32f4xx_hal_can.c **** 
1068:Drivers/STM32F4xx_HAL_Driver/Src/stm32f4xx_hal_can.c ****     /* Return function status */
1069:Drivers/STM32F4xx_HAL_Driver/Src/stm32f4xx_hal_can.c ****     return HAL_OK;
1070:Drivers/STM32F4xx_HAL_Driver/Src/stm32f4xx_hal_can.c ****   }
1071:Drivers/STM32F4xx_HAL_Driver/Src/stm32f4xx_hal_can.c ****   else
1072:Drivers/STM32F4xx_HAL_Driver/Src/stm32f4xx_hal_can.c ****   {
1073:Drivers/STM32F4xx_HAL_Driver/Src/stm32f4xx_hal_can.c ****     /* Update error code */
1074:Drivers/STM32F4xx_HAL_Driver/Src/stm32f4xx_hal_can.c ****     hcan->ErrorCode |= HAL_CAN_ERROR_NOT_READY;
 643              		.loc 1 1074 5 is_stmt 1 view .LVU197
 644              		.loc 1 1074 21 is_stmt 0 view .LVU198
 645 000e 436A     		ldr	r3, [r0, #36]
 646 0010 43F40023 		orr	r3, r3, #524288
ARM GAS  /tmp/ccXdCPPU.s 			page 34


 647 0014 4362     		str	r3, [r0, #36]
1075:Drivers/STM32F4xx_HAL_Driver/Src/stm32f4xx_hal_can.c **** 
1076:Drivers/STM32F4xx_HAL_Driver/Src/stm32f4xx_hal_can.c ****     return HAL_ERROR;
 648              		.loc 1 1076 5 is_stmt 1 view .LVU199
 649              		.loc 1 1076 12 is_stmt 0 view .LVU200
 650 0016 0125     		movs	r5, #1
 651              	.LVL28:
 652              	.L58:
1077:Drivers/STM32F4xx_HAL_Driver/Src/stm32f4xx_hal_can.c ****   }
1078:Drivers/STM32F4xx_HAL_Driver/Src/stm32f4xx_hal_can.c **** }
 653              		.loc 1 1078 1 view .LVU201
 654 0018 2846     		mov	r0, r5
 655 001a 70BD     		pop	{r4, r5, r6, pc}
 656              	.LVL29:
 657              	.L61:
1041:Drivers/STM32F4xx_HAL_Driver/Src/stm32f4xx_hal_can.c **** 
 658              		.loc 1 1041 5 is_stmt 1 view .LVU202
1041:Drivers/STM32F4xx_HAL_Driver/Src/stm32f4xx_hal_can.c **** 
 659              		.loc 1 1041 17 is_stmt 0 view .LVU203
 660 001c 0223     		movs	r3, #2
 661 001e 80F82030 		strb	r3, [r0, #32]
1044:Drivers/STM32F4xx_HAL_Driver/Src/stm32f4xx_hal_can.c **** 
 662              		.loc 1 1044 5 is_stmt 1 view .LVU204
 663 0022 0268     		ldr	r2, [r0]
 664 0024 1368     		ldr	r3, [r2]
 665 0026 23F00103 		bic	r3, r3, #1
 666 002a 1360     		str	r3, [r2]
1047:Drivers/STM32F4xx_HAL_Driver/Src/stm32f4xx_hal_can.c **** 
 667              		.loc 1 1047 5 view .LVU205
1047:Drivers/STM32F4xx_HAL_Driver/Src/stm32f4xx_hal_can.c **** 
 668              		.loc 1 1047 17 is_stmt 0 view .LVU206
 669 002c FFF7FEFF 		bl	HAL_GetTick
 670              	.LVL30:
1047:Drivers/STM32F4xx_HAL_Driver/Src/stm32f4xx_hal_can.c **** 
 671              		.loc 1 1047 17 view .LVU207
 672 0030 0646     		mov	r6, r0
 673              	.LVL31:
1050:Drivers/STM32F4xx_HAL_Driver/Src/stm32f4xx_hal_can.c ****     {
 674              		.loc 1 1050 5 is_stmt 1 view .LVU208
 675              	.L57:
1050:Drivers/STM32F4xx_HAL_Driver/Src/stm32f4xx_hal_can.c ****     {
 676              		.loc 1 1050 11 view .LVU209
1050:Drivers/STM32F4xx_HAL_Driver/Src/stm32f4xx_hal_can.c ****     {
 677              		.loc 1 1050 17 is_stmt 0 view .LVU210
 678 0032 2368     		ldr	r3, [r4]
1050:Drivers/STM32F4xx_HAL_Driver/Src/stm32f4xx_hal_can.c ****     {
 679              		.loc 1 1050 27 view .LVU211
 680 0034 5B68     		ldr	r3, [r3, #4]
1050:Drivers/STM32F4xx_HAL_Driver/Src/stm32f4xx_hal_can.c ****     {
 681              		.loc 1 1050 11 view .LVU212
 682 0036 13F0010F 		tst	r3, #1
 683 003a 0CD0     		beq	.L62
1053:Drivers/STM32F4xx_HAL_Driver/Src/stm32f4xx_hal_can.c ****       {
 684              		.loc 1 1053 7 is_stmt 1 view .LVU213
1053:Drivers/STM32F4xx_HAL_Driver/Src/stm32f4xx_hal_can.c ****       {
 685              		.loc 1 1053 12 is_stmt 0 view .LVU214
 686 003c FFF7FEFF 		bl	HAL_GetTick
ARM GAS  /tmp/ccXdCPPU.s 			page 35


 687              	.LVL32:
1053:Drivers/STM32F4xx_HAL_Driver/Src/stm32f4xx_hal_can.c ****       {
 688              		.loc 1 1053 26 view .LVU215
 689 0040 831B     		subs	r3, r0, r6
1053:Drivers/STM32F4xx_HAL_Driver/Src/stm32f4xx_hal_can.c ****       {
 690              		.loc 1 1053 10 view .LVU216
 691 0042 0A2B     		cmp	r3, #10
 692 0044 F5D9     		bls	.L57
1056:Drivers/STM32F4xx_HAL_Driver/Src/stm32f4xx_hal_can.c **** 
 693              		.loc 1 1056 9 is_stmt 1 view .LVU217
1056:Drivers/STM32F4xx_HAL_Driver/Src/stm32f4xx_hal_can.c **** 
 694              		.loc 1 1056 25 is_stmt 0 view .LVU218
 695 0046 636A     		ldr	r3, [r4, #36]
 696 0048 43F40033 		orr	r3, r3, #131072
 697 004c 6362     		str	r3, [r4, #36]
1059:Drivers/STM32F4xx_HAL_Driver/Src/stm32f4xx_hal_can.c **** 
 698              		.loc 1 1059 9 is_stmt 1 view .LVU219
1059:Drivers/STM32F4xx_HAL_Driver/Src/stm32f4xx_hal_can.c **** 
 699              		.loc 1 1059 21 is_stmt 0 view .LVU220
 700 004e 0523     		movs	r3, #5
 701 0050 84F82030 		strb	r3, [r4, #32]
1061:Drivers/STM32F4xx_HAL_Driver/Src/stm32f4xx_hal_can.c ****       }
 702              		.loc 1 1061 9 is_stmt 1 view .LVU221
1061:Drivers/STM32F4xx_HAL_Driver/Src/stm32f4xx_hal_can.c ****       }
 703              		.loc 1 1061 16 is_stmt 0 view .LVU222
 704 0054 E0E7     		b	.L58
 705              	.L62:
1066:Drivers/STM32F4xx_HAL_Driver/Src/stm32f4xx_hal_can.c **** 
 706              		.loc 1 1066 5 is_stmt 1 view .LVU223
1066:Drivers/STM32F4xx_HAL_Driver/Src/stm32f4xx_hal_can.c **** 
 707              		.loc 1 1066 21 is_stmt 0 view .LVU224
 708 0056 0025     		movs	r5, #0
 709 0058 6562     		str	r5, [r4, #36]
1069:Drivers/STM32F4xx_HAL_Driver/Src/stm32f4xx_hal_can.c ****   }
 710              		.loc 1 1069 5 is_stmt 1 view .LVU225
1069:Drivers/STM32F4xx_HAL_Driver/Src/stm32f4xx_hal_can.c ****   }
 711              		.loc 1 1069 12 is_stmt 0 view .LVU226
 712 005a DDE7     		b	.L58
 713              		.cfi_endproc
 714              	.LFE139:
 716              		.section	.text.HAL_CAN_Stop,"ax",%progbits
 717              		.align	1
 718              		.global	HAL_CAN_Stop
 719              		.syntax unified
 720              		.thumb
 721              		.thumb_func
 722              		.fpu fpv4-sp-d16
 724              	HAL_CAN_Stop:
 725              	.LVL33:
 726              	.LFB140:
1079:Drivers/STM32F4xx_HAL_Driver/Src/stm32f4xx_hal_can.c **** 
1080:Drivers/STM32F4xx_HAL_Driver/Src/stm32f4xx_hal_can.c **** /**
1081:Drivers/STM32F4xx_HAL_Driver/Src/stm32f4xx_hal_can.c ****   * @brief  Stop the CAN module and enable access to configuration registers.
1082:Drivers/STM32F4xx_HAL_Driver/Src/stm32f4xx_hal_can.c ****   * @param  hcan pointer to an CAN_HandleTypeDef structure that contains
1083:Drivers/STM32F4xx_HAL_Driver/Src/stm32f4xx_hal_can.c ****   *         the configuration information for the specified CAN.
1084:Drivers/STM32F4xx_HAL_Driver/Src/stm32f4xx_hal_can.c ****   * @retval HAL status
1085:Drivers/STM32F4xx_HAL_Driver/Src/stm32f4xx_hal_can.c ****   */
ARM GAS  /tmp/ccXdCPPU.s 			page 36


1086:Drivers/STM32F4xx_HAL_Driver/Src/stm32f4xx_hal_can.c **** HAL_StatusTypeDef HAL_CAN_Stop(CAN_HandleTypeDef *hcan)
1087:Drivers/STM32F4xx_HAL_Driver/Src/stm32f4xx_hal_can.c **** {
 727              		.loc 1 1087 1 is_stmt 1 view -0
 728              		.cfi_startproc
 729              		@ args = 0, pretend = 0, frame = 0
 730              		@ frame_needed = 0, uses_anonymous_args = 0
 731              		.loc 1 1087 1 is_stmt 0 view .LVU228
 732 0000 38B5     		push	{r3, r4, r5, lr}
 733              	.LCFI6:
 734              		.cfi_def_cfa_offset 16
 735              		.cfi_offset 3, -16
 736              		.cfi_offset 4, -12
 737              		.cfi_offset 5, -8
 738              		.cfi_offset 14, -4
 739 0002 0446     		mov	r4, r0
1088:Drivers/STM32F4xx_HAL_Driver/Src/stm32f4xx_hal_can.c ****   uint32_t tickstart;
 740              		.loc 1 1088 3 is_stmt 1 view .LVU229
1089:Drivers/STM32F4xx_HAL_Driver/Src/stm32f4xx_hal_can.c **** 
1090:Drivers/STM32F4xx_HAL_Driver/Src/stm32f4xx_hal_can.c ****   if (hcan->State == HAL_CAN_STATE_LISTENING)
 741              		.loc 1 1090 3 view .LVU230
 742              		.loc 1 1090 11 is_stmt 0 view .LVU231
 743 0004 90F82030 		ldrb	r3, [r0, #32]	@ zero_extendqisi2
 744 0008 DBB2     		uxtb	r3, r3
 745              		.loc 1 1090 6 view .LVU232
 746 000a 022B     		cmp	r3, #2
 747 000c 05D0     		beq	.L69
1091:Drivers/STM32F4xx_HAL_Driver/Src/stm32f4xx_hal_can.c ****   {
1092:Drivers/STM32F4xx_HAL_Driver/Src/stm32f4xx_hal_can.c ****     /* Request initialisation */
1093:Drivers/STM32F4xx_HAL_Driver/Src/stm32f4xx_hal_can.c ****     SET_BIT(hcan->Instance->MCR, CAN_MCR_INRQ);
1094:Drivers/STM32F4xx_HAL_Driver/Src/stm32f4xx_hal_can.c **** 
1095:Drivers/STM32F4xx_HAL_Driver/Src/stm32f4xx_hal_can.c ****     /* Get tick */
1096:Drivers/STM32F4xx_HAL_Driver/Src/stm32f4xx_hal_can.c ****     tickstart = HAL_GetTick();
1097:Drivers/STM32F4xx_HAL_Driver/Src/stm32f4xx_hal_can.c **** 
1098:Drivers/STM32F4xx_HAL_Driver/Src/stm32f4xx_hal_can.c ****     /* Wait the acknowledge */
1099:Drivers/STM32F4xx_HAL_Driver/Src/stm32f4xx_hal_can.c ****     while ((hcan->Instance->MSR & CAN_MSR_INAK) == 0U)
1100:Drivers/STM32F4xx_HAL_Driver/Src/stm32f4xx_hal_can.c ****     {
1101:Drivers/STM32F4xx_HAL_Driver/Src/stm32f4xx_hal_can.c ****       /* Check for the Timeout */
1102:Drivers/STM32F4xx_HAL_Driver/Src/stm32f4xx_hal_can.c ****       if ((HAL_GetTick() - tickstart) > CAN_TIMEOUT_VALUE)
1103:Drivers/STM32F4xx_HAL_Driver/Src/stm32f4xx_hal_can.c ****       {
1104:Drivers/STM32F4xx_HAL_Driver/Src/stm32f4xx_hal_can.c ****         /* Update error code */
1105:Drivers/STM32F4xx_HAL_Driver/Src/stm32f4xx_hal_can.c ****         hcan->ErrorCode |= HAL_CAN_ERROR_TIMEOUT;
1106:Drivers/STM32F4xx_HAL_Driver/Src/stm32f4xx_hal_can.c **** 
1107:Drivers/STM32F4xx_HAL_Driver/Src/stm32f4xx_hal_can.c ****         /* Change CAN state */
1108:Drivers/STM32F4xx_HAL_Driver/Src/stm32f4xx_hal_can.c ****         hcan->State = HAL_CAN_STATE_ERROR;
1109:Drivers/STM32F4xx_HAL_Driver/Src/stm32f4xx_hal_can.c **** 
1110:Drivers/STM32F4xx_HAL_Driver/Src/stm32f4xx_hal_can.c ****         return HAL_ERROR;
1111:Drivers/STM32F4xx_HAL_Driver/Src/stm32f4xx_hal_can.c ****       }
1112:Drivers/STM32F4xx_HAL_Driver/Src/stm32f4xx_hal_can.c ****     }
1113:Drivers/STM32F4xx_HAL_Driver/Src/stm32f4xx_hal_can.c **** 
1114:Drivers/STM32F4xx_HAL_Driver/Src/stm32f4xx_hal_can.c ****     /* Exit from sleep mode */
1115:Drivers/STM32F4xx_HAL_Driver/Src/stm32f4xx_hal_can.c ****     CLEAR_BIT(hcan->Instance->MCR, CAN_MCR_SLEEP);
1116:Drivers/STM32F4xx_HAL_Driver/Src/stm32f4xx_hal_can.c **** 
1117:Drivers/STM32F4xx_HAL_Driver/Src/stm32f4xx_hal_can.c ****     /* Change CAN peripheral state */
1118:Drivers/STM32F4xx_HAL_Driver/Src/stm32f4xx_hal_can.c ****     hcan->State = HAL_CAN_STATE_READY;
1119:Drivers/STM32F4xx_HAL_Driver/Src/stm32f4xx_hal_can.c **** 
1120:Drivers/STM32F4xx_HAL_Driver/Src/stm32f4xx_hal_can.c ****     /* Return function status */
1121:Drivers/STM32F4xx_HAL_Driver/Src/stm32f4xx_hal_can.c ****     return HAL_OK;
ARM GAS  /tmp/ccXdCPPU.s 			page 37


1122:Drivers/STM32F4xx_HAL_Driver/Src/stm32f4xx_hal_can.c ****   }
1123:Drivers/STM32F4xx_HAL_Driver/Src/stm32f4xx_hal_can.c ****   else
1124:Drivers/STM32F4xx_HAL_Driver/Src/stm32f4xx_hal_can.c ****   {
1125:Drivers/STM32F4xx_HAL_Driver/Src/stm32f4xx_hal_can.c ****     /* Update error code */
1126:Drivers/STM32F4xx_HAL_Driver/Src/stm32f4xx_hal_can.c ****     hcan->ErrorCode |= HAL_CAN_ERROR_NOT_STARTED;
 748              		.loc 1 1126 5 is_stmt 1 view .LVU233
 749              		.loc 1 1126 21 is_stmt 0 view .LVU234
 750 000e 436A     		ldr	r3, [r0, #36]
 751 0010 43F48013 		orr	r3, r3, #1048576
 752 0014 4362     		str	r3, [r0, #36]
1127:Drivers/STM32F4xx_HAL_Driver/Src/stm32f4xx_hal_can.c **** 
1128:Drivers/STM32F4xx_HAL_Driver/Src/stm32f4xx_hal_can.c ****     return HAL_ERROR;
 753              		.loc 1 1128 5 is_stmt 1 view .LVU235
 754              		.loc 1 1128 12 is_stmt 0 view .LVU236
 755 0016 0120     		movs	r0, #1
 756              	.LVL34:
 757              	.L66:
1129:Drivers/STM32F4xx_HAL_Driver/Src/stm32f4xx_hal_can.c ****   }
1130:Drivers/STM32F4xx_HAL_Driver/Src/stm32f4xx_hal_can.c **** }
 758              		.loc 1 1130 1 view .LVU237
 759 0018 38BD     		pop	{r3, r4, r5, pc}
 760              	.LVL35:
 761              	.L69:
1093:Drivers/STM32F4xx_HAL_Driver/Src/stm32f4xx_hal_can.c **** 
 762              		.loc 1 1093 5 is_stmt 1 view .LVU238
 763 001a 0268     		ldr	r2, [r0]
 764 001c 1368     		ldr	r3, [r2]
 765 001e 43F00103 		orr	r3, r3, #1
 766 0022 1360     		str	r3, [r2]
1096:Drivers/STM32F4xx_HAL_Driver/Src/stm32f4xx_hal_can.c **** 
 767              		.loc 1 1096 5 view .LVU239
1096:Drivers/STM32F4xx_HAL_Driver/Src/stm32f4xx_hal_can.c **** 
 768              		.loc 1 1096 17 is_stmt 0 view .LVU240
 769 0024 FFF7FEFF 		bl	HAL_GetTick
 770              	.LVL36:
1096:Drivers/STM32F4xx_HAL_Driver/Src/stm32f4xx_hal_can.c **** 
 771              		.loc 1 1096 17 view .LVU241
 772 0028 0546     		mov	r5, r0
 773              	.LVL37:
1099:Drivers/STM32F4xx_HAL_Driver/Src/stm32f4xx_hal_can.c ****     {
 774              		.loc 1 1099 5 is_stmt 1 view .LVU242
 775              	.L65:
1099:Drivers/STM32F4xx_HAL_Driver/Src/stm32f4xx_hal_can.c ****     {
 776              		.loc 1 1099 11 view .LVU243
1099:Drivers/STM32F4xx_HAL_Driver/Src/stm32f4xx_hal_can.c ****     {
 777              		.loc 1 1099 17 is_stmt 0 view .LVU244
 778 002a 2368     		ldr	r3, [r4]
1099:Drivers/STM32F4xx_HAL_Driver/Src/stm32f4xx_hal_can.c ****     {
 779              		.loc 1 1099 27 view .LVU245
 780 002c 5A68     		ldr	r2, [r3, #4]
1099:Drivers/STM32F4xx_HAL_Driver/Src/stm32f4xx_hal_can.c ****     {
 781              		.loc 1 1099 11 view .LVU246
 782 002e 12F0010F 		tst	r2, #1
 783 0032 0DD1     		bne	.L70
1102:Drivers/STM32F4xx_HAL_Driver/Src/stm32f4xx_hal_can.c ****       {
 784              		.loc 1 1102 7 is_stmt 1 view .LVU247
1102:Drivers/STM32F4xx_HAL_Driver/Src/stm32f4xx_hal_can.c ****       {
ARM GAS  /tmp/ccXdCPPU.s 			page 38


 785              		.loc 1 1102 12 is_stmt 0 view .LVU248
 786 0034 FFF7FEFF 		bl	HAL_GetTick
 787              	.LVL38:
1102:Drivers/STM32F4xx_HAL_Driver/Src/stm32f4xx_hal_can.c ****       {
 788              		.loc 1 1102 26 view .LVU249
 789 0038 431B     		subs	r3, r0, r5
1102:Drivers/STM32F4xx_HAL_Driver/Src/stm32f4xx_hal_can.c ****       {
 790              		.loc 1 1102 10 view .LVU250
 791 003a 0A2B     		cmp	r3, #10
 792 003c F5D9     		bls	.L65
1105:Drivers/STM32F4xx_HAL_Driver/Src/stm32f4xx_hal_can.c **** 
 793              		.loc 1 1105 9 is_stmt 1 view .LVU251
1105:Drivers/STM32F4xx_HAL_Driver/Src/stm32f4xx_hal_can.c **** 
 794              		.loc 1 1105 25 is_stmt 0 view .LVU252
 795 003e 636A     		ldr	r3, [r4, #36]
 796 0040 43F40033 		orr	r3, r3, #131072
 797 0044 6362     		str	r3, [r4, #36]
1108:Drivers/STM32F4xx_HAL_Driver/Src/stm32f4xx_hal_can.c **** 
 798              		.loc 1 1108 9 is_stmt 1 view .LVU253
1108:Drivers/STM32F4xx_HAL_Driver/Src/stm32f4xx_hal_can.c **** 
 799              		.loc 1 1108 21 is_stmt 0 view .LVU254
 800 0046 0523     		movs	r3, #5
 801 0048 84F82030 		strb	r3, [r4, #32]
1110:Drivers/STM32F4xx_HAL_Driver/Src/stm32f4xx_hal_can.c ****       }
 802              		.loc 1 1110 9 is_stmt 1 view .LVU255
1110:Drivers/STM32F4xx_HAL_Driver/Src/stm32f4xx_hal_can.c ****       }
 803              		.loc 1 1110 16 is_stmt 0 view .LVU256
 804 004c 0120     		movs	r0, #1
 805 004e E3E7     		b	.L66
 806              	.L70:
1115:Drivers/STM32F4xx_HAL_Driver/Src/stm32f4xx_hal_can.c **** 
 807              		.loc 1 1115 5 is_stmt 1 view .LVU257
 808 0050 1A68     		ldr	r2, [r3]
 809 0052 22F00202 		bic	r2, r2, #2
 810 0056 1A60     		str	r2, [r3]
1118:Drivers/STM32F4xx_HAL_Driver/Src/stm32f4xx_hal_can.c **** 
 811              		.loc 1 1118 5 view .LVU258
1118:Drivers/STM32F4xx_HAL_Driver/Src/stm32f4xx_hal_can.c **** 
 812              		.loc 1 1118 17 is_stmt 0 view .LVU259
 813 0058 0123     		movs	r3, #1
 814 005a 84F82030 		strb	r3, [r4, #32]
1121:Drivers/STM32F4xx_HAL_Driver/Src/stm32f4xx_hal_can.c ****   }
 815              		.loc 1 1121 5 is_stmt 1 view .LVU260
1121:Drivers/STM32F4xx_HAL_Driver/Src/stm32f4xx_hal_can.c ****   }
 816              		.loc 1 1121 12 is_stmt 0 view .LVU261
 817 005e 0020     		movs	r0, #0
 818 0060 DAE7     		b	.L66
 819              		.cfi_endproc
 820              	.LFE140:
 822              		.section	.text.HAL_CAN_DeInit,"ax",%progbits
 823              		.align	1
 824              		.global	HAL_CAN_DeInit
 825              		.syntax unified
 826              		.thumb
 827              		.thumb_func
 828              		.fpu fpv4-sp-d16
 830              	HAL_CAN_DeInit:
ARM GAS  /tmp/ccXdCPPU.s 			page 39


 831              	.LVL39:
 832              	.LFB135:
 461:Drivers/STM32F4xx_HAL_Driver/Src/stm32f4xx_hal_can.c ****   /* Check CAN handle */
 833              		.loc 1 461 1 is_stmt 1 view -0
 834              		.cfi_startproc
 835              		@ args = 0, pretend = 0, frame = 0
 836              		@ frame_needed = 0, uses_anonymous_args = 0
 463:Drivers/STM32F4xx_HAL_Driver/Src/stm32f4xx_hal_can.c ****   {
 837              		.loc 1 463 3 view .LVU263
 463:Drivers/STM32F4xx_HAL_Driver/Src/stm32f4xx_hal_can.c ****   {
 838              		.loc 1 463 6 is_stmt 0 view .LVU264
 839 0000 80B1     		cbz	r0, .L73
 461:Drivers/STM32F4xx_HAL_Driver/Src/stm32f4xx_hal_can.c ****   /* Check CAN handle */
 840              		.loc 1 461 1 view .LVU265
 841 0002 10B5     		push	{r4, lr}
 842              	.LCFI7:
 843              		.cfi_def_cfa_offset 8
 844              		.cfi_offset 4, -8
 845              		.cfi_offset 14, -4
 846 0004 0446     		mov	r4, r0
 469:Drivers/STM32F4xx_HAL_Driver/Src/stm32f4xx_hal_can.c **** 
 847              		.loc 1 469 3 is_stmt 1 view .LVU266
 472:Drivers/STM32F4xx_HAL_Driver/Src/stm32f4xx_hal_can.c **** 
 848              		.loc 1 472 3 view .LVU267
 472:Drivers/STM32F4xx_HAL_Driver/Src/stm32f4xx_hal_can.c **** 
 849              		.loc 1 472 9 is_stmt 0 view .LVU268
 850 0006 FFF7FEFF 		bl	HAL_CAN_Stop
 851              	.LVL40:
 485:Drivers/STM32F4xx_HAL_Driver/Src/stm32f4xx_hal_can.c **** #endif /* USE_HAL_CAN_REGISTER_CALLBACKS */
 852              		.loc 1 485 3 is_stmt 1 view .LVU269
 853 000a 2046     		mov	r0, r4
 854 000c FFF7FEFF 		bl	HAL_CAN_MspDeInit
 855              	.LVL41:
 489:Drivers/STM32F4xx_HAL_Driver/Src/stm32f4xx_hal_can.c **** 
 856              		.loc 1 489 3 view .LVU270
 857 0010 2268     		ldr	r2, [r4]
 858 0012 1368     		ldr	r3, [r2]
 859 0014 43F40043 		orr	r3, r3, #32768
 860 0018 1360     		str	r3, [r2]
 492:Drivers/STM32F4xx_HAL_Driver/Src/stm32f4xx_hal_can.c **** 
 861              		.loc 1 492 3 view .LVU271
 492:Drivers/STM32F4xx_HAL_Driver/Src/stm32f4xx_hal_can.c **** 
 862              		.loc 1 492 19 is_stmt 0 view .LVU272
 863 001a 0020     		movs	r0, #0
 864 001c 6062     		str	r0, [r4, #36]
 495:Drivers/STM32F4xx_HAL_Driver/Src/stm32f4xx_hal_can.c **** 
 865              		.loc 1 495 3 is_stmt 1 view .LVU273
 495:Drivers/STM32F4xx_HAL_Driver/Src/stm32f4xx_hal_can.c **** 
 866              		.loc 1 495 15 is_stmt 0 view .LVU274
 867 001e 84F82000 		strb	r0, [r4, #32]
 498:Drivers/STM32F4xx_HAL_Driver/Src/stm32f4xx_hal_can.c **** }
 868              		.loc 1 498 3 is_stmt 1 view .LVU275
 499:Drivers/STM32F4xx_HAL_Driver/Src/stm32f4xx_hal_can.c **** 
 869              		.loc 1 499 1 is_stmt 0 view .LVU276
 870 0022 10BD     		pop	{r4, pc}
 871              	.LVL42:
 872              	.L73:
ARM GAS  /tmp/ccXdCPPU.s 			page 40


 873              	.LCFI8:
 874              		.cfi_def_cfa_offset 0
 875              		.cfi_restore 4
 876              		.cfi_restore 14
 465:Drivers/STM32F4xx_HAL_Driver/Src/stm32f4xx_hal_can.c ****   }
 877              		.loc 1 465 12 view .LVU277
 878 0024 0120     		movs	r0, #1
 879              	.LVL43:
 499:Drivers/STM32F4xx_HAL_Driver/Src/stm32f4xx_hal_can.c **** 
 880              		.loc 1 499 1 view .LVU278
 881 0026 7047     		bx	lr
 882              		.cfi_endproc
 883              	.LFE135:
 885              		.section	.text.HAL_CAN_RequestSleep,"ax",%progbits
 886              		.align	1
 887              		.global	HAL_CAN_RequestSleep
 888              		.syntax unified
 889              		.thumb
 890              		.thumb_func
 891              		.fpu fpv4-sp-d16
 893              	HAL_CAN_RequestSleep:
 894              	.LVL44:
 895              	.LFB141:
1131:Drivers/STM32F4xx_HAL_Driver/Src/stm32f4xx_hal_can.c **** 
1132:Drivers/STM32F4xx_HAL_Driver/Src/stm32f4xx_hal_can.c **** /**
1133:Drivers/STM32F4xx_HAL_Driver/Src/stm32f4xx_hal_can.c ****   * @brief  Request the sleep mode (low power) entry.
1134:Drivers/STM32F4xx_HAL_Driver/Src/stm32f4xx_hal_can.c ****   *         When returning from this function, Sleep mode will be entered
1135:Drivers/STM32F4xx_HAL_Driver/Src/stm32f4xx_hal_can.c ****   *         as soon as the current CAN activity (transmission or reception
1136:Drivers/STM32F4xx_HAL_Driver/Src/stm32f4xx_hal_can.c ****   *         of a CAN frame) has been completed.
1137:Drivers/STM32F4xx_HAL_Driver/Src/stm32f4xx_hal_can.c ****   * @param  hcan pointer to a CAN_HandleTypeDef structure that contains
1138:Drivers/STM32F4xx_HAL_Driver/Src/stm32f4xx_hal_can.c ****   *         the configuration information for the specified CAN.
1139:Drivers/STM32F4xx_HAL_Driver/Src/stm32f4xx_hal_can.c ****   * @retval HAL status.
1140:Drivers/STM32F4xx_HAL_Driver/Src/stm32f4xx_hal_can.c ****   */
1141:Drivers/STM32F4xx_HAL_Driver/Src/stm32f4xx_hal_can.c **** HAL_StatusTypeDef HAL_CAN_RequestSleep(CAN_HandleTypeDef *hcan)
1142:Drivers/STM32F4xx_HAL_Driver/Src/stm32f4xx_hal_can.c **** {
 896              		.loc 1 1142 1 is_stmt 1 view -0
 897              		.cfi_startproc
 898              		@ args = 0, pretend = 0, frame = 0
 899              		@ frame_needed = 0, uses_anonymous_args = 0
 900              		@ link register save eliminated.
1143:Drivers/STM32F4xx_HAL_Driver/Src/stm32f4xx_hal_can.c ****   HAL_CAN_StateTypeDef state = hcan->State;
 901              		.loc 1 1143 3 view .LVU280
 902              		.loc 1 1143 24 is_stmt 0 view .LVU281
 903 0000 90F82030 		ldrb	r3, [r0, #32]	@ zero_extendqisi2
 904              	.LVL45:
1144:Drivers/STM32F4xx_HAL_Driver/Src/stm32f4xx_hal_can.c **** 
1145:Drivers/STM32F4xx_HAL_Driver/Src/stm32f4xx_hal_can.c ****   if ((state == HAL_CAN_STATE_READY) ||
 905              		.loc 1 1145 3 is_stmt 1 view .LVU282
 906              		.loc 1 1145 38 is_stmt 0 view .LVU283
 907 0004 013B     		subs	r3, r3, #1
 908              	.LVL46:
 909              		.loc 1 1145 38 view .LVU284
 910 0006 DBB2     		uxtb	r3, r3
 911              		.loc 1 1145 6 view .LVU285
 912 0008 012B     		cmp	r3, #1
 913 000a 05D9     		bls	.L81
1146:Drivers/STM32F4xx_HAL_Driver/Src/stm32f4xx_hal_can.c ****       (state == HAL_CAN_STATE_LISTENING))
ARM GAS  /tmp/ccXdCPPU.s 			page 41


1147:Drivers/STM32F4xx_HAL_Driver/Src/stm32f4xx_hal_can.c ****   {
1148:Drivers/STM32F4xx_HAL_Driver/Src/stm32f4xx_hal_can.c ****     /* Request Sleep mode */
1149:Drivers/STM32F4xx_HAL_Driver/Src/stm32f4xx_hal_can.c ****     SET_BIT(hcan->Instance->MCR, CAN_MCR_SLEEP);
1150:Drivers/STM32F4xx_HAL_Driver/Src/stm32f4xx_hal_can.c **** 
1151:Drivers/STM32F4xx_HAL_Driver/Src/stm32f4xx_hal_can.c ****     /* Return function status */
1152:Drivers/STM32F4xx_HAL_Driver/Src/stm32f4xx_hal_can.c ****     return HAL_OK;
1153:Drivers/STM32F4xx_HAL_Driver/Src/stm32f4xx_hal_can.c ****   }
1154:Drivers/STM32F4xx_HAL_Driver/Src/stm32f4xx_hal_can.c ****   else
1155:Drivers/STM32F4xx_HAL_Driver/Src/stm32f4xx_hal_can.c ****   {
1156:Drivers/STM32F4xx_HAL_Driver/Src/stm32f4xx_hal_can.c ****     /* Update error code */
1157:Drivers/STM32F4xx_HAL_Driver/Src/stm32f4xx_hal_can.c ****     hcan->ErrorCode |= HAL_CAN_ERROR_NOT_INITIALIZED;
 914              		.loc 1 1157 5 is_stmt 1 view .LVU286
 915              		.loc 1 1157 21 is_stmt 0 view .LVU287
 916 000c 436A     		ldr	r3, [r0, #36]
 917 000e 43F48023 		orr	r3, r3, #262144
 918 0012 4362     		str	r3, [r0, #36]
1158:Drivers/STM32F4xx_HAL_Driver/Src/stm32f4xx_hal_can.c **** 
1159:Drivers/STM32F4xx_HAL_Driver/Src/stm32f4xx_hal_can.c ****     /* Return function status */
1160:Drivers/STM32F4xx_HAL_Driver/Src/stm32f4xx_hal_can.c ****     return HAL_ERROR;
 919              		.loc 1 1160 5 is_stmt 1 view .LVU288
 920              		.loc 1 1160 12 is_stmt 0 view .LVU289
 921 0014 0120     		movs	r0, #1
 922              	.LVL47:
1161:Drivers/STM32F4xx_HAL_Driver/Src/stm32f4xx_hal_can.c ****   }
1162:Drivers/STM32F4xx_HAL_Driver/Src/stm32f4xx_hal_can.c **** }
 923              		.loc 1 1162 1 view .LVU290
 924 0016 7047     		bx	lr
 925              	.LVL48:
 926              	.L81:
1149:Drivers/STM32F4xx_HAL_Driver/Src/stm32f4xx_hal_can.c **** 
 927              		.loc 1 1149 5 is_stmt 1 view .LVU291
 928 0018 0268     		ldr	r2, [r0]
 929 001a 1368     		ldr	r3, [r2]
 930 001c 43F00203 		orr	r3, r3, #2
 931 0020 1360     		str	r3, [r2]
1152:Drivers/STM32F4xx_HAL_Driver/Src/stm32f4xx_hal_can.c ****   }
 932              		.loc 1 1152 5 view .LVU292
1152:Drivers/STM32F4xx_HAL_Driver/Src/stm32f4xx_hal_can.c ****   }
 933              		.loc 1 1152 12 is_stmt 0 view .LVU293
 934 0022 0020     		movs	r0, #0
 935              	.LVL49:
1152:Drivers/STM32F4xx_HAL_Driver/Src/stm32f4xx_hal_can.c ****   }
 936              		.loc 1 1152 12 view .LVU294
 937 0024 7047     		bx	lr
 938              		.cfi_endproc
 939              	.LFE141:
 941              		.section	.text.HAL_CAN_WakeUp,"ax",%progbits
 942              		.align	1
 943              		.global	HAL_CAN_WakeUp
 944              		.syntax unified
 945              		.thumb
 946              		.thumb_func
 947              		.fpu fpv4-sp-d16
 949              	HAL_CAN_WakeUp:
 950              	.LVL50:
 951              	.LFB142:
1163:Drivers/STM32F4xx_HAL_Driver/Src/stm32f4xx_hal_can.c **** 
ARM GAS  /tmp/ccXdCPPU.s 			page 42


1164:Drivers/STM32F4xx_HAL_Driver/Src/stm32f4xx_hal_can.c **** /**
1165:Drivers/STM32F4xx_HAL_Driver/Src/stm32f4xx_hal_can.c ****   * @brief  Wake up from sleep mode.
1166:Drivers/STM32F4xx_HAL_Driver/Src/stm32f4xx_hal_can.c ****   *         When returning with HAL_OK status from this function, Sleep mode
1167:Drivers/STM32F4xx_HAL_Driver/Src/stm32f4xx_hal_can.c ****   *         is exited.
1168:Drivers/STM32F4xx_HAL_Driver/Src/stm32f4xx_hal_can.c ****   * @param  hcan pointer to a CAN_HandleTypeDef structure that contains
1169:Drivers/STM32F4xx_HAL_Driver/Src/stm32f4xx_hal_can.c ****   *         the configuration information for the specified CAN.
1170:Drivers/STM32F4xx_HAL_Driver/Src/stm32f4xx_hal_can.c ****   * @retval HAL status.
1171:Drivers/STM32F4xx_HAL_Driver/Src/stm32f4xx_hal_can.c ****   */
1172:Drivers/STM32F4xx_HAL_Driver/Src/stm32f4xx_hal_can.c **** HAL_StatusTypeDef HAL_CAN_WakeUp(CAN_HandleTypeDef *hcan)
1173:Drivers/STM32F4xx_HAL_Driver/Src/stm32f4xx_hal_can.c **** {
 952              		.loc 1 1173 1 is_stmt 1 view -0
 953              		.cfi_startproc
 954              		@ args = 0, pretend = 0, frame = 8
 955              		@ frame_needed = 0, uses_anonymous_args = 0
 956              		@ link register save eliminated.
 957              		.loc 1 1173 1 is_stmt 0 view .LVU296
 958 0000 82B0     		sub	sp, sp, #8
 959              	.LCFI9:
 960              		.cfi_def_cfa_offset 8
1174:Drivers/STM32F4xx_HAL_Driver/Src/stm32f4xx_hal_can.c ****   __IO uint32_t count = 0;
 961              		.loc 1 1174 3 is_stmt 1 view .LVU297
 962              		.loc 1 1174 17 is_stmt 0 view .LVU298
 963 0002 0023     		movs	r3, #0
 964 0004 0193     		str	r3, [sp, #4]
1175:Drivers/STM32F4xx_HAL_Driver/Src/stm32f4xx_hal_can.c ****   HAL_CAN_StateTypeDef state = hcan->State;
 965              		.loc 1 1175 3 is_stmt 1 view .LVU299
 966              		.loc 1 1175 24 is_stmt 0 view .LVU300
 967 0006 90F82030 		ldrb	r3, [r0, #32]	@ zero_extendqisi2
 968              	.LVL51:
1176:Drivers/STM32F4xx_HAL_Driver/Src/stm32f4xx_hal_can.c **** 
1177:Drivers/STM32F4xx_HAL_Driver/Src/stm32f4xx_hal_can.c ****   if ((state == HAL_CAN_STATE_READY) ||
 969              		.loc 1 1177 3 is_stmt 1 view .LVU301
 970              		.loc 1 1177 38 is_stmt 0 view .LVU302
 971 000a 013B     		subs	r3, r3, #1
 972              	.LVL52:
 973              		.loc 1 1177 38 view .LVU303
 974 000c DBB2     		uxtb	r3, r3
 975              		.loc 1 1177 6 view .LVU304
 976 000e 012B     		cmp	r3, #1
 977 0010 18D8     		bhi	.L83
1178:Drivers/STM32F4xx_HAL_Driver/Src/stm32f4xx_hal_can.c ****       (state == HAL_CAN_STATE_LISTENING))
1179:Drivers/STM32F4xx_HAL_Driver/Src/stm32f4xx_hal_can.c ****   {
1180:Drivers/STM32F4xx_HAL_Driver/Src/stm32f4xx_hal_can.c ****     /* Wake up request */
1181:Drivers/STM32F4xx_HAL_Driver/Src/stm32f4xx_hal_can.c ****     CLEAR_BIT(hcan->Instance->MCR, CAN_MCR_SLEEP);
 978              		.loc 1 1181 5 is_stmt 1 view .LVU305
 979 0012 0268     		ldr	r2, [r0]
 980 0014 1368     		ldr	r3, [r2]
 981 0016 23F00203 		bic	r3, r3, #2
 982 001a 1360     		str	r3, [r2]
 983              	.L86:
1182:Drivers/STM32F4xx_HAL_Driver/Src/stm32f4xx_hal_can.c **** 
1183:Drivers/STM32F4xx_HAL_Driver/Src/stm32f4xx_hal_can.c ****     /* Wait sleep mode is exited */
1184:Drivers/STM32F4xx_HAL_Driver/Src/stm32f4xx_hal_can.c ****     do
 984              		.loc 1 1184 5 view .LVU306
1185:Drivers/STM32F4xx_HAL_Driver/Src/stm32f4xx_hal_can.c ****     {
1186:Drivers/STM32F4xx_HAL_Driver/Src/stm32f4xx_hal_can.c ****       /* Increment counter */
1187:Drivers/STM32F4xx_HAL_Driver/Src/stm32f4xx_hal_can.c ****       count++;
ARM GAS  /tmp/ccXdCPPU.s 			page 43


 985              		.loc 1 1187 7 view .LVU307
 986              		.loc 1 1187 12 is_stmt 0 view .LVU308
 987 001c 019B     		ldr	r3, [sp, #4]
 988 001e 0133     		adds	r3, r3, #1
 989 0020 0193     		str	r3, [sp, #4]
1188:Drivers/STM32F4xx_HAL_Driver/Src/stm32f4xx_hal_can.c **** 
1189:Drivers/STM32F4xx_HAL_Driver/Src/stm32f4xx_hal_can.c ****       /* Check if timeout is reached */
1190:Drivers/STM32F4xx_HAL_Driver/Src/stm32f4xx_hal_can.c ****       if (count > CAN_WAKEUP_TIMEOUT_COUNTER)
 990              		.loc 1 1190 7 is_stmt 1 view .LVU309
 991              		.loc 1 1190 17 is_stmt 0 view .LVU310
 992 0022 019A     		ldr	r2, [sp, #4]
 993              		.loc 1 1190 10 view .LVU311
 994 0024 0B4B     		ldr	r3, .L89
 995 0026 9A42     		cmp	r2, r3
 996 0028 06D8     		bhi	.L88
1191:Drivers/STM32F4xx_HAL_Driver/Src/stm32f4xx_hal_can.c ****       {
1192:Drivers/STM32F4xx_HAL_Driver/Src/stm32f4xx_hal_can.c ****         /* Update error code */
1193:Drivers/STM32F4xx_HAL_Driver/Src/stm32f4xx_hal_can.c ****         hcan->ErrorCode |= HAL_CAN_ERROR_TIMEOUT;
1194:Drivers/STM32F4xx_HAL_Driver/Src/stm32f4xx_hal_can.c **** 
1195:Drivers/STM32F4xx_HAL_Driver/Src/stm32f4xx_hal_can.c ****         return HAL_ERROR;
1196:Drivers/STM32F4xx_HAL_Driver/Src/stm32f4xx_hal_can.c ****       }
1197:Drivers/STM32F4xx_HAL_Driver/Src/stm32f4xx_hal_can.c ****     } while ((hcan->Instance->MSR & CAN_MSR_SLAK) != 0U);
 997              		.loc 1 1197 13 is_stmt 1 view .LVU312
 998              		.loc 1 1197 19 is_stmt 0 view .LVU313
 999 002a 0368     		ldr	r3, [r0]
 1000              		.loc 1 1197 29 view .LVU314
 1001 002c 5B68     		ldr	r3, [r3, #4]
 1002              		.loc 1 1197 5 view .LVU315
 1003 002e 13F0020F 		tst	r3, #2
 1004 0032 F3D1     		bne	.L86
1198:Drivers/STM32F4xx_HAL_Driver/Src/stm32f4xx_hal_can.c **** 
1199:Drivers/STM32F4xx_HAL_Driver/Src/stm32f4xx_hal_can.c ****     /* Return function status */
1200:Drivers/STM32F4xx_HAL_Driver/Src/stm32f4xx_hal_can.c ****     return HAL_OK;
 1005              		.loc 1 1200 12 view .LVU316
 1006 0034 0020     		movs	r0, #0
 1007              	.LVL53:
 1008              		.loc 1 1200 12 view .LVU317
 1009 0036 0AE0     		b	.L85
 1010              	.LVL54:
 1011              	.L88:
1193:Drivers/STM32F4xx_HAL_Driver/Src/stm32f4xx_hal_can.c **** 
 1012              		.loc 1 1193 9 is_stmt 1 view .LVU318
1193:Drivers/STM32F4xx_HAL_Driver/Src/stm32f4xx_hal_can.c **** 
 1013              		.loc 1 1193 25 is_stmt 0 view .LVU319
 1014 0038 436A     		ldr	r3, [r0, #36]
 1015 003a 43F40033 		orr	r3, r3, #131072
 1016 003e 4362     		str	r3, [r0, #36]
1195:Drivers/STM32F4xx_HAL_Driver/Src/stm32f4xx_hal_can.c ****       }
 1017              		.loc 1 1195 9 is_stmt 1 view .LVU320
1195:Drivers/STM32F4xx_HAL_Driver/Src/stm32f4xx_hal_can.c ****       }
 1018              		.loc 1 1195 16 is_stmt 0 view .LVU321
 1019 0040 0120     		movs	r0, #1
 1020              	.LVL55:
1195:Drivers/STM32F4xx_HAL_Driver/Src/stm32f4xx_hal_can.c ****       }
 1021              		.loc 1 1195 16 view .LVU322
 1022 0042 04E0     		b	.L85
 1023              	.LVL56:
ARM GAS  /tmp/ccXdCPPU.s 			page 44


 1024              	.L83:
1201:Drivers/STM32F4xx_HAL_Driver/Src/stm32f4xx_hal_can.c ****   }
1202:Drivers/STM32F4xx_HAL_Driver/Src/stm32f4xx_hal_can.c ****   else
1203:Drivers/STM32F4xx_HAL_Driver/Src/stm32f4xx_hal_can.c ****   {
1204:Drivers/STM32F4xx_HAL_Driver/Src/stm32f4xx_hal_can.c ****     /* Update error code */
1205:Drivers/STM32F4xx_HAL_Driver/Src/stm32f4xx_hal_can.c ****     hcan->ErrorCode |= HAL_CAN_ERROR_NOT_INITIALIZED;
 1025              		.loc 1 1205 5 is_stmt 1 view .LVU323
 1026              		.loc 1 1205 21 is_stmt 0 view .LVU324
 1027 0044 436A     		ldr	r3, [r0, #36]
 1028 0046 43F48023 		orr	r3, r3, #262144
 1029 004a 4362     		str	r3, [r0, #36]
1206:Drivers/STM32F4xx_HAL_Driver/Src/stm32f4xx_hal_can.c **** 
1207:Drivers/STM32F4xx_HAL_Driver/Src/stm32f4xx_hal_can.c ****     return HAL_ERROR;
 1030              		.loc 1 1207 5 is_stmt 1 view .LVU325
 1031              		.loc 1 1207 12 is_stmt 0 view .LVU326
 1032 004c 0120     		movs	r0, #1
 1033              	.LVL57:
 1034              	.L85:
1208:Drivers/STM32F4xx_HAL_Driver/Src/stm32f4xx_hal_can.c ****   }
1209:Drivers/STM32F4xx_HAL_Driver/Src/stm32f4xx_hal_can.c **** }
 1035              		.loc 1 1209 1 view .LVU327
 1036 004e 02B0     		add	sp, sp, #8
 1037              	.LCFI10:
 1038              		.cfi_def_cfa_offset 0
 1039              		@ sp needed
 1040 0050 7047     		bx	lr
 1041              	.L90:
 1042 0052 00BF     		.align	2
 1043              	.L89:
 1044 0054 40420F00 		.word	1000000
 1045              		.cfi_endproc
 1046              	.LFE142:
 1048              		.section	.text.HAL_CAN_IsSleepActive,"ax",%progbits
 1049              		.align	1
 1050              		.global	HAL_CAN_IsSleepActive
 1051              		.syntax unified
 1052              		.thumb
 1053              		.thumb_func
 1054              		.fpu fpv4-sp-d16
 1056              	HAL_CAN_IsSleepActive:
 1057              	.LVL58:
 1058              	.LFB143:
1210:Drivers/STM32F4xx_HAL_Driver/Src/stm32f4xx_hal_can.c **** 
1211:Drivers/STM32F4xx_HAL_Driver/Src/stm32f4xx_hal_can.c **** /**
1212:Drivers/STM32F4xx_HAL_Driver/Src/stm32f4xx_hal_can.c ****   * @brief  Check is sleep mode is active.
1213:Drivers/STM32F4xx_HAL_Driver/Src/stm32f4xx_hal_can.c ****   * @param  hcan pointer to a CAN_HandleTypeDef structure that contains
1214:Drivers/STM32F4xx_HAL_Driver/Src/stm32f4xx_hal_can.c ****   *         the configuration information for the specified CAN.
1215:Drivers/STM32F4xx_HAL_Driver/Src/stm32f4xx_hal_can.c ****   * @retval Status
1216:Drivers/STM32F4xx_HAL_Driver/Src/stm32f4xx_hal_can.c ****   *          - 0 : Sleep mode is not active.
1217:Drivers/STM32F4xx_HAL_Driver/Src/stm32f4xx_hal_can.c ****   *          - 1 : Sleep mode is active.
1218:Drivers/STM32F4xx_HAL_Driver/Src/stm32f4xx_hal_can.c ****   */
1219:Drivers/STM32F4xx_HAL_Driver/Src/stm32f4xx_hal_can.c **** uint32_t HAL_CAN_IsSleepActive(const CAN_HandleTypeDef *hcan)
1220:Drivers/STM32F4xx_HAL_Driver/Src/stm32f4xx_hal_can.c **** {
 1059              		.loc 1 1220 1 is_stmt 1 view -0
 1060              		.cfi_startproc
 1061              		@ args = 0, pretend = 0, frame = 0
 1062              		@ frame_needed = 0, uses_anonymous_args = 0
ARM GAS  /tmp/ccXdCPPU.s 			page 45


 1063              		@ link register save eliminated.
1221:Drivers/STM32F4xx_HAL_Driver/Src/stm32f4xx_hal_can.c ****   uint32_t status = 0U;
 1064              		.loc 1 1221 3 view .LVU329
1222:Drivers/STM32F4xx_HAL_Driver/Src/stm32f4xx_hal_can.c ****   HAL_CAN_StateTypeDef state = hcan->State;
 1065              		.loc 1 1222 3 view .LVU330
 1066              		.loc 1 1222 24 is_stmt 0 view .LVU331
 1067 0000 90F82030 		ldrb	r3, [r0, #32]	@ zero_extendqisi2
 1068              	.LVL59:
1223:Drivers/STM32F4xx_HAL_Driver/Src/stm32f4xx_hal_can.c **** 
1224:Drivers/STM32F4xx_HAL_Driver/Src/stm32f4xx_hal_can.c ****   if ((state == HAL_CAN_STATE_READY) ||
 1069              		.loc 1 1224 3 is_stmt 1 view .LVU332
 1070              		.loc 1 1224 38 is_stmt 0 view .LVU333
 1071 0004 013B     		subs	r3, r3, #1
 1072              	.LVL60:
 1073              		.loc 1 1224 38 view .LVU334
 1074 0006 DBB2     		uxtb	r3, r3
 1075              		.loc 1 1224 6 view .LVU335
 1076 0008 012B     		cmp	r3, #1
 1077 000a 01D9     		bls	.L95
1221:Drivers/STM32F4xx_HAL_Driver/Src/stm32f4xx_hal_can.c ****   HAL_CAN_StateTypeDef state = hcan->State;
 1078              		.loc 1 1221 12 view .LVU336
 1079 000c 0020     		movs	r0, #0
 1080              	.LVL61:
1221:Drivers/STM32F4xx_HAL_Driver/Src/stm32f4xx_hal_can.c ****   HAL_CAN_StateTypeDef state = hcan->State;
 1081              		.loc 1 1221 12 view .LVU337
 1082 000e 7047     		bx	lr
 1083              	.LVL62:
 1084              	.L95:
1225:Drivers/STM32F4xx_HAL_Driver/Src/stm32f4xx_hal_can.c ****       (state == HAL_CAN_STATE_LISTENING))
1226:Drivers/STM32F4xx_HAL_Driver/Src/stm32f4xx_hal_can.c ****   {
1227:Drivers/STM32F4xx_HAL_Driver/Src/stm32f4xx_hal_can.c ****     /* Check Sleep mode */
1228:Drivers/STM32F4xx_HAL_Driver/Src/stm32f4xx_hal_can.c ****     if ((hcan->Instance->MSR & CAN_MSR_SLAK) != 0U)
 1085              		.loc 1 1228 5 is_stmt 1 view .LVU338
 1086              		.loc 1 1228 14 is_stmt 0 view .LVU339
 1087 0010 0368     		ldr	r3, [r0]
 1088              		.loc 1 1228 24 view .LVU340
 1089 0012 5868     		ldr	r0, [r3, #4]
 1090              	.LVL63:
 1091              		.loc 1 1228 8 view .LVU341
 1092 0014 10F00200 		ands	r0, r0, #2
 1093 0018 00D1     		bne	.L94
 1094 001a 7047     		bx	lr
 1095              	.L94:
1229:Drivers/STM32F4xx_HAL_Driver/Src/stm32f4xx_hal_can.c ****     {
1230:Drivers/STM32F4xx_HAL_Driver/Src/stm32f4xx_hal_can.c ****       status = 1U;
 1096              		.loc 1 1230 14 view .LVU342
 1097 001c 0120     		movs	r0, #1
 1098              	.LVL64:
1231:Drivers/STM32F4xx_HAL_Driver/Src/stm32f4xx_hal_can.c ****     }
1232:Drivers/STM32F4xx_HAL_Driver/Src/stm32f4xx_hal_can.c ****   }
1233:Drivers/STM32F4xx_HAL_Driver/Src/stm32f4xx_hal_can.c **** 
1234:Drivers/STM32F4xx_HAL_Driver/Src/stm32f4xx_hal_can.c ****   /* Return function status */
1235:Drivers/STM32F4xx_HAL_Driver/Src/stm32f4xx_hal_can.c ****   return status;
 1099              		.loc 1 1235 3 is_stmt 1 view .LVU343
1236:Drivers/STM32F4xx_HAL_Driver/Src/stm32f4xx_hal_can.c **** }
 1100              		.loc 1 1236 1 is_stmt 0 view .LVU344
 1101 001e 7047     		bx	lr
ARM GAS  /tmp/ccXdCPPU.s 			page 46


 1102              		.cfi_endproc
 1103              	.LFE143:
 1105              		.section	.text.HAL_CAN_AddTxMessage,"ax",%progbits
 1106              		.align	1
 1107              		.global	HAL_CAN_AddTxMessage
 1108              		.syntax unified
 1109              		.thumb
 1110              		.thumb_func
 1111              		.fpu fpv4-sp-d16
 1113              	HAL_CAN_AddTxMessage:
 1114              	.LVL65:
 1115              	.LFB144:
1237:Drivers/STM32F4xx_HAL_Driver/Src/stm32f4xx_hal_can.c **** 
1238:Drivers/STM32F4xx_HAL_Driver/Src/stm32f4xx_hal_can.c **** /**
1239:Drivers/STM32F4xx_HAL_Driver/Src/stm32f4xx_hal_can.c ****   * @brief  Add a message to the first free Tx mailbox and activate the
1240:Drivers/STM32F4xx_HAL_Driver/Src/stm32f4xx_hal_can.c ****   *         corresponding transmission request.
1241:Drivers/STM32F4xx_HAL_Driver/Src/stm32f4xx_hal_can.c ****   * @param  hcan pointer to a CAN_HandleTypeDef structure that contains
1242:Drivers/STM32F4xx_HAL_Driver/Src/stm32f4xx_hal_can.c ****   *         the configuration information for the specified CAN.
1243:Drivers/STM32F4xx_HAL_Driver/Src/stm32f4xx_hal_can.c ****   * @param  pHeader pointer to a CAN_TxHeaderTypeDef structure.
1244:Drivers/STM32F4xx_HAL_Driver/Src/stm32f4xx_hal_can.c ****   * @param  aData array containing the payload of the Tx frame.
1245:Drivers/STM32F4xx_HAL_Driver/Src/stm32f4xx_hal_can.c ****   * @param  pTxMailbox pointer to a variable where the function will return
1246:Drivers/STM32F4xx_HAL_Driver/Src/stm32f4xx_hal_can.c ****   *         the TxMailbox used to store the Tx message.
1247:Drivers/STM32F4xx_HAL_Driver/Src/stm32f4xx_hal_can.c ****   *         This parameter can be a value of @arg CAN_Tx_Mailboxes.
1248:Drivers/STM32F4xx_HAL_Driver/Src/stm32f4xx_hal_can.c ****   * @retval HAL status
1249:Drivers/STM32F4xx_HAL_Driver/Src/stm32f4xx_hal_can.c ****   */
1250:Drivers/STM32F4xx_HAL_Driver/Src/stm32f4xx_hal_can.c **** HAL_StatusTypeDef HAL_CAN_AddTxMessage(CAN_HandleTypeDef *hcan, const CAN_TxHeaderTypeDef *pHeader,
1251:Drivers/STM32F4xx_HAL_Driver/Src/stm32f4xx_hal_can.c ****                                        const uint8_t aData[], uint32_t *pTxMailbox)
1252:Drivers/STM32F4xx_HAL_Driver/Src/stm32f4xx_hal_can.c **** {
 1116              		.loc 1 1252 1 is_stmt 1 view -0
 1117              		.cfi_startproc
 1118              		@ args = 0, pretend = 0, frame = 0
 1119              		@ frame_needed = 0, uses_anonymous_args = 0
 1120              		@ link register save eliminated.
 1121              		.loc 1 1252 1 is_stmt 0 view .LVU346
 1122 0000 70B4     		push	{r4, r5, r6}
 1123              	.LCFI11:
 1124              		.cfi_def_cfa_offset 12
 1125              		.cfi_offset 4, -12
 1126              		.cfi_offset 5, -8
 1127              		.cfi_offset 6, -4
1253:Drivers/STM32F4xx_HAL_Driver/Src/stm32f4xx_hal_can.c ****   uint32_t transmitmailbox;
 1128              		.loc 1 1253 3 is_stmt 1 view .LVU347
1254:Drivers/STM32F4xx_HAL_Driver/Src/stm32f4xx_hal_can.c ****   HAL_CAN_StateTypeDef state = hcan->State;
 1129              		.loc 1 1254 3 view .LVU348
 1130              		.loc 1 1254 24 is_stmt 0 view .LVU349
 1131 0002 90F82040 		ldrb	r4, [r0, #32]	@ zero_extendqisi2
 1132              	.LVL66:
1255:Drivers/STM32F4xx_HAL_Driver/Src/stm32f4xx_hal_can.c ****   uint32_t tsr = READ_REG(hcan->Instance->TSR);
 1133              		.loc 1 1255 3 is_stmt 1 view .LVU350
 1134              		.loc 1 1255 18 is_stmt 0 view .LVU351
 1135 0006 0568     		ldr	r5, [r0]
 1136              		.loc 1 1255 12 view .LVU352
 1137 0008 AD68     		ldr	r5, [r5, #8]
 1138              	.LVL67:
1256:Drivers/STM32F4xx_HAL_Driver/Src/stm32f4xx_hal_can.c **** 
1257:Drivers/STM32F4xx_HAL_Driver/Src/stm32f4xx_hal_can.c ****   /* Check the parameters */
1258:Drivers/STM32F4xx_HAL_Driver/Src/stm32f4xx_hal_can.c ****   assert_param(IS_CAN_IDTYPE(pHeader->IDE));
ARM GAS  /tmp/ccXdCPPU.s 			page 47


 1139              		.loc 1 1258 3 is_stmt 1 view .LVU353
1259:Drivers/STM32F4xx_HAL_Driver/Src/stm32f4xx_hal_can.c ****   assert_param(IS_CAN_RTR(pHeader->RTR));
 1140              		.loc 1 1259 3 view .LVU354
1260:Drivers/STM32F4xx_HAL_Driver/Src/stm32f4xx_hal_can.c ****   assert_param(IS_CAN_DLC(pHeader->DLC));
 1141              		.loc 1 1260 3 view .LVU355
1261:Drivers/STM32F4xx_HAL_Driver/Src/stm32f4xx_hal_can.c ****   if (pHeader->IDE == CAN_ID_STD)
 1142              		.loc 1 1261 3 view .LVU356
1262:Drivers/STM32F4xx_HAL_Driver/Src/stm32f4xx_hal_can.c ****   {
1263:Drivers/STM32F4xx_HAL_Driver/Src/stm32f4xx_hal_can.c ****     assert_param(IS_CAN_STDID(pHeader->StdId));
1264:Drivers/STM32F4xx_HAL_Driver/Src/stm32f4xx_hal_can.c ****   }
1265:Drivers/STM32F4xx_HAL_Driver/Src/stm32f4xx_hal_can.c ****   else
1266:Drivers/STM32F4xx_HAL_Driver/Src/stm32f4xx_hal_can.c ****   {
1267:Drivers/STM32F4xx_HAL_Driver/Src/stm32f4xx_hal_can.c ****     assert_param(IS_CAN_EXTID(pHeader->ExtId));
 1143              		.loc 1 1267 5 view .LVU357
1268:Drivers/STM32F4xx_HAL_Driver/Src/stm32f4xx_hal_can.c ****   }
1269:Drivers/STM32F4xx_HAL_Driver/Src/stm32f4xx_hal_can.c ****   assert_param(IS_FUNCTIONAL_STATE(pHeader->TransmitGlobalTime));
 1144              		.loc 1 1269 3 view .LVU358
1270:Drivers/STM32F4xx_HAL_Driver/Src/stm32f4xx_hal_can.c **** 
1271:Drivers/STM32F4xx_HAL_Driver/Src/stm32f4xx_hal_can.c ****   if ((state == HAL_CAN_STATE_READY) ||
 1145              		.loc 1 1271 3 view .LVU359
 1146              		.loc 1 1271 38 is_stmt 0 view .LVU360
 1147 000a 013C     		subs	r4, r4, #1
 1148              	.LVL68:
 1149              		.loc 1 1271 38 view .LVU361
 1150 000c E4B2     		uxtb	r4, r4
 1151              		.loc 1 1271 6 view .LVU362
 1152 000e 012C     		cmp	r4, #1
 1153 0010 5DD8     		bhi	.L97
1272:Drivers/STM32F4xx_HAL_Driver/Src/stm32f4xx_hal_can.c ****       (state == HAL_CAN_STATE_LISTENING))
1273:Drivers/STM32F4xx_HAL_Driver/Src/stm32f4xx_hal_can.c ****   {
1274:Drivers/STM32F4xx_HAL_Driver/Src/stm32f4xx_hal_can.c ****     /* Check that all the Tx mailboxes are not full */
1275:Drivers/STM32F4xx_HAL_Driver/Src/stm32f4xx_hal_can.c ****     if (((tsr & CAN_TSR_TME0) != 0U) ||
 1154              		.loc 1 1275 5 is_stmt 1 view .LVU363
 1155              		.loc 1 1275 8 is_stmt 0 view .LVU364
 1156 0012 15F0E05F 		tst	r5, #469762048
 1157 0016 54D0     		beq	.L98
1276:Drivers/STM32F4xx_HAL_Driver/Src/stm32f4xx_hal_can.c ****         ((tsr & CAN_TSR_TME1) != 0U) ||
1277:Drivers/STM32F4xx_HAL_Driver/Src/stm32f4xx_hal_can.c ****         ((tsr & CAN_TSR_TME2) != 0U))
1278:Drivers/STM32F4xx_HAL_Driver/Src/stm32f4xx_hal_can.c ****     {
1279:Drivers/STM32F4xx_HAL_Driver/Src/stm32f4xx_hal_can.c ****       /* Select an empty transmit mailbox */
1280:Drivers/STM32F4xx_HAL_Driver/Src/stm32f4xx_hal_can.c ****       transmitmailbox = (tsr & CAN_TSR_CODE) >> CAN_TSR_CODE_Pos;
 1158              		.loc 1 1280 7 is_stmt 1 view .LVU365
 1159              		.loc 1 1280 23 is_stmt 0 view .LVU366
 1160 0018 C5F30164 		ubfx	r4, r5, #24, #2
 1161              	.LVL69:
1281:Drivers/STM32F4xx_HAL_Driver/Src/stm32f4xx_hal_can.c **** 
1282:Drivers/STM32F4xx_HAL_Driver/Src/stm32f4xx_hal_can.c ****       /* Store the Tx mailbox */
1283:Drivers/STM32F4xx_HAL_Driver/Src/stm32f4xx_hal_can.c ****       *pTxMailbox = (uint32_t)1 << transmitmailbox;
 1162              		.loc 1 1283 7 is_stmt 1 view .LVU367
 1163              		.loc 1 1283 33 is_stmt 0 view .LVU368
 1164 001c 0125     		movs	r5, #1
 1165              	.LVL70:
 1166              		.loc 1 1283 33 view .LVU369
 1167 001e A540     		lsls	r5, r5, r4
 1168              		.loc 1 1283 19 view .LVU370
 1169 0020 1D60     		str	r5, [r3]
1284:Drivers/STM32F4xx_HAL_Driver/Src/stm32f4xx_hal_can.c **** 
ARM GAS  /tmp/ccXdCPPU.s 			page 48


1285:Drivers/STM32F4xx_HAL_Driver/Src/stm32f4xx_hal_can.c ****       /* Set up the Id */
1286:Drivers/STM32F4xx_HAL_Driver/Src/stm32f4xx_hal_can.c ****       if (pHeader->IDE == CAN_ID_STD)
 1170              		.loc 1 1286 7 is_stmt 1 view .LVU371
 1171              		.loc 1 1286 18 is_stmt 0 view .LVU372
 1172 0022 8B68     		ldr	r3, [r1, #8]
 1173              	.LVL71:
 1174              		.loc 1 1286 10 view .LVU373
 1175 0024 002B     		cmp	r3, #0
 1176 0026 39D1     		bne	.L99
1287:Drivers/STM32F4xx_HAL_Driver/Src/stm32f4xx_hal_can.c ****       {
1288:Drivers/STM32F4xx_HAL_Driver/Src/stm32f4xx_hal_can.c ****         hcan->Instance->sTxMailBox[transmitmailbox].TIR = ((pHeader->StdId << CAN_TI0R_STID_Pos) |
 1177              		.loc 1 1288 9 is_stmt 1 view .LVU374
 1178              		.loc 1 1288 68 is_stmt 0 view .LVU375
 1179 0028 0E68     		ldr	r6, [r1]
1289:Drivers/STM32F4xx_HAL_Driver/Src/stm32f4xx_hal_can.c ****                                                            pHeader->RTR);
 1180              		.loc 1 1289 67 view .LVU376
 1181 002a CB68     		ldr	r3, [r1, #12]
1288:Drivers/STM32F4xx_HAL_Driver/Src/stm32f4xx_hal_can.c ****                                                            pHeader->RTR);
 1182              		.loc 1 1288 13 view .LVU377
 1183 002c 0568     		ldr	r5, [r0]
1288:Drivers/STM32F4xx_HAL_Driver/Src/stm32f4xx_hal_can.c ****                                                            pHeader->RTR);
 1184              		.loc 1 1288 98 view .LVU378
 1185 002e 43EA4656 		orr	r6, r3, r6, lsl #21
1288:Drivers/STM32F4xx_HAL_Driver/Src/stm32f4xx_hal_can.c ****                                                            pHeader->RTR);
 1186              		.loc 1 1288 57 view .LVU379
 1187 0032 04F11803 		add	r3, r4, #24
 1188 0036 1B01     		lsls	r3, r3, #4
 1189 0038 EE50     		str	r6, [r5, r3]
 1190              	.L100:
1290:Drivers/STM32F4xx_HAL_Driver/Src/stm32f4xx_hal_can.c ****       }
1291:Drivers/STM32F4xx_HAL_Driver/Src/stm32f4xx_hal_can.c ****       else
1292:Drivers/STM32F4xx_HAL_Driver/Src/stm32f4xx_hal_can.c ****       {
1293:Drivers/STM32F4xx_HAL_Driver/Src/stm32f4xx_hal_can.c ****         hcan->Instance->sTxMailBox[transmitmailbox].TIR = ((pHeader->ExtId << CAN_TI0R_EXID_Pos) |
1294:Drivers/STM32F4xx_HAL_Driver/Src/stm32f4xx_hal_can.c ****                                                            pHeader->IDE |
1295:Drivers/STM32F4xx_HAL_Driver/Src/stm32f4xx_hal_can.c ****                                                            pHeader->RTR);
1296:Drivers/STM32F4xx_HAL_Driver/Src/stm32f4xx_hal_can.c ****       }
1297:Drivers/STM32F4xx_HAL_Driver/Src/stm32f4xx_hal_can.c **** 
1298:Drivers/STM32F4xx_HAL_Driver/Src/stm32f4xx_hal_can.c ****       /* Set up the DLC */
1299:Drivers/STM32F4xx_HAL_Driver/Src/stm32f4xx_hal_can.c ****       hcan->Instance->sTxMailBox[transmitmailbox].TDTR = (pHeader->DLC);
 1191              		.loc 1 1299 7 is_stmt 1 view .LVU380
 1192              		.loc 1 1299 11 is_stmt 0 view .LVU381
 1193 003a 0368     		ldr	r3, [r0]
 1194              		.loc 1 1299 66 view .LVU382
 1195 003c 0D69     		ldr	r5, [r1, #16]
 1196              		.loc 1 1299 56 view .LVU383
 1197 003e 04F11806 		add	r6, r4, #24
 1198 0042 03EB0613 		add	r3, r3, r6, lsl #4
 1199 0046 5D60     		str	r5, [r3, #4]
1300:Drivers/STM32F4xx_HAL_Driver/Src/stm32f4xx_hal_can.c **** 
1301:Drivers/STM32F4xx_HAL_Driver/Src/stm32f4xx_hal_can.c ****       /* Set up the Transmit Global Time mode */
1302:Drivers/STM32F4xx_HAL_Driver/Src/stm32f4xx_hal_can.c ****       if (pHeader->TransmitGlobalTime == ENABLE)
 1200              		.loc 1 1302 7 is_stmt 1 view .LVU384
 1201              		.loc 1 1302 18 is_stmt 0 view .LVU385
 1202 0048 0B7D     		ldrb	r3, [r1, #20]	@ zero_extendqisi2
 1203              		.loc 1 1302 10 view .LVU386
 1204 004a 012B     		cmp	r3, #1
 1205 004c 31D0     		beq	.L104
ARM GAS  /tmp/ccXdCPPU.s 			page 49


 1206              	.LVL72:
 1207              	.L101:
1303:Drivers/STM32F4xx_HAL_Driver/Src/stm32f4xx_hal_can.c ****       {
1304:Drivers/STM32F4xx_HAL_Driver/Src/stm32f4xx_hal_can.c ****         SET_BIT(hcan->Instance->sTxMailBox[transmitmailbox].TDTR, CAN_TDT0R_TGT);
1305:Drivers/STM32F4xx_HAL_Driver/Src/stm32f4xx_hal_can.c ****       }
1306:Drivers/STM32F4xx_HAL_Driver/Src/stm32f4xx_hal_can.c **** 
1307:Drivers/STM32F4xx_HAL_Driver/Src/stm32f4xx_hal_can.c ****       /* Set up the data field */
1308:Drivers/STM32F4xx_HAL_Driver/Src/stm32f4xx_hal_can.c ****       WRITE_REG(hcan->Instance->sTxMailBox[transmitmailbox].TDHR,
 1208              		.loc 1 1308 7 is_stmt 1 view .LVU387
 1209 004e D179     		ldrb	r1, [r2, #7]	@ zero_extendqisi2
 1210 0050 9379     		ldrb	r3, [r2, #6]	@ zero_extendqisi2
 1211 0052 1B04     		lsls	r3, r3, #16
 1212 0054 43EA0163 		orr	r3, r3, r1, lsl #24
 1213 0058 5179     		ldrb	r1, [r2, #5]	@ zero_extendqisi2
 1214 005a 43EA0123 		orr	r3, r3, r1, lsl #8
 1215 005e 1579     		ldrb	r5, [r2, #4]	@ zero_extendqisi2
 1216 0060 0168     		ldr	r1, [r0]
 1217 0062 2B43     		orrs	r3, r3, r5
 1218 0064 01EB0411 		add	r1, r1, r4, lsl #4
 1219 0068 C1F88C31 		str	r3, [r1, #396]
1309:Drivers/STM32F4xx_HAL_Driver/Src/stm32f4xx_hal_can.c ****                 ((uint32_t)aData[7] << CAN_TDH0R_DATA7_Pos) |
1310:Drivers/STM32F4xx_HAL_Driver/Src/stm32f4xx_hal_can.c ****                 ((uint32_t)aData[6] << CAN_TDH0R_DATA6_Pos) |
1311:Drivers/STM32F4xx_HAL_Driver/Src/stm32f4xx_hal_can.c ****                 ((uint32_t)aData[5] << CAN_TDH0R_DATA5_Pos) |
1312:Drivers/STM32F4xx_HAL_Driver/Src/stm32f4xx_hal_can.c ****                 ((uint32_t)aData[4] << CAN_TDH0R_DATA4_Pos));
1313:Drivers/STM32F4xx_HAL_Driver/Src/stm32f4xx_hal_can.c ****       WRITE_REG(hcan->Instance->sTxMailBox[transmitmailbox].TDLR,
 1220              		.loc 1 1313 7 view .LVU388
 1221 006c D178     		ldrb	r1, [r2, #3]	@ zero_extendqisi2
 1222 006e 9378     		ldrb	r3, [r2, #2]	@ zero_extendqisi2
 1223 0070 1B04     		lsls	r3, r3, #16
 1224 0072 43EA0163 		orr	r3, r3, r1, lsl #24
 1225 0076 5178     		ldrb	r1, [r2, #1]	@ zero_extendqisi2
 1226 0078 43EA0123 		orr	r3, r3, r1, lsl #8
 1227 007c 1178     		ldrb	r1, [r2]	@ zero_extendqisi2
 1228 007e 0268     		ldr	r2, [r0]
 1229              	.LVL73:
 1230              		.loc 1 1313 7 is_stmt 0 view .LVU389
 1231 0080 0B43     		orrs	r3, r3, r1
 1232 0082 02EB0412 		add	r2, r2, r4, lsl #4
 1233 0086 C2F88831 		str	r3, [r2, #392]
1314:Drivers/STM32F4xx_HAL_Driver/Src/stm32f4xx_hal_can.c ****                 ((uint32_t)aData[3] << CAN_TDL0R_DATA3_Pos) |
1315:Drivers/STM32F4xx_HAL_Driver/Src/stm32f4xx_hal_can.c ****                 ((uint32_t)aData[2] << CAN_TDL0R_DATA2_Pos) |
1316:Drivers/STM32F4xx_HAL_Driver/Src/stm32f4xx_hal_can.c ****                 ((uint32_t)aData[1] << CAN_TDL0R_DATA1_Pos) |
1317:Drivers/STM32F4xx_HAL_Driver/Src/stm32f4xx_hal_can.c ****                 ((uint32_t)aData[0] << CAN_TDL0R_DATA0_Pos));
1318:Drivers/STM32F4xx_HAL_Driver/Src/stm32f4xx_hal_can.c **** 
1319:Drivers/STM32F4xx_HAL_Driver/Src/stm32f4xx_hal_can.c ****       /* Request transmission */
1320:Drivers/STM32F4xx_HAL_Driver/Src/stm32f4xx_hal_can.c ****       SET_BIT(hcan->Instance->sTxMailBox[transmitmailbox].TIR, CAN_TI0R_TXRQ);
 1234              		.loc 1 1320 7 is_stmt 1 view .LVU390
 1235 008a 0268     		ldr	r2, [r0]
 1236 008c 1834     		adds	r4, r4, #24
 1237              	.LVL74:
 1238              		.loc 1 1320 7 is_stmt 0 view .LVU391
 1239 008e 2401     		lsls	r4, r4, #4
 1240 0090 1359     		ldr	r3, [r2, r4]
 1241 0092 43F00103 		orr	r3, r3, #1
 1242 0096 1351     		str	r3, [r2, r4]
1321:Drivers/STM32F4xx_HAL_Driver/Src/stm32f4xx_hal_can.c **** 
1322:Drivers/STM32F4xx_HAL_Driver/Src/stm32f4xx_hal_can.c ****       /* Return function status */
ARM GAS  /tmp/ccXdCPPU.s 			page 50


1323:Drivers/STM32F4xx_HAL_Driver/Src/stm32f4xx_hal_can.c ****       return HAL_OK;
 1243              		.loc 1 1323 7 is_stmt 1 view .LVU392
 1244              		.loc 1 1323 14 is_stmt 0 view .LVU393
 1245 0098 0020     		movs	r0, #0
 1246              	.LVL75:
 1247              		.loc 1 1323 14 view .LVU394
 1248 009a 1DE0     		b	.L102
 1249              	.LVL76:
 1250              	.L99:
1293:Drivers/STM32F4xx_HAL_Driver/Src/stm32f4xx_hal_can.c ****                                                            pHeader->IDE |
 1251              		.loc 1 1293 9 is_stmt 1 view .LVU395
1293:Drivers/STM32F4xx_HAL_Driver/Src/stm32f4xx_hal_can.c ****                                                            pHeader->IDE |
 1252              		.loc 1 1293 68 is_stmt 0 view .LVU396
 1253 009c 4D68     		ldr	r5, [r1, #4]
1293:Drivers/STM32F4xx_HAL_Driver/Src/stm32f4xx_hal_can.c ****                                                            pHeader->IDE |
 1254              		.loc 1 1293 98 view .LVU397
 1255 009e 43EAC503 		orr	r3, r3, r5, lsl #3
1295:Drivers/STM32F4xx_HAL_Driver/Src/stm32f4xx_hal_can.c ****       }
 1256              		.loc 1 1295 67 view .LVU398
 1257 00a2 CD68     		ldr	r5, [r1, #12]
1293:Drivers/STM32F4xx_HAL_Driver/Src/stm32f4xx_hal_can.c ****                                                            pHeader->IDE |
 1258              		.loc 1 1293 13 view .LVU399
 1259 00a4 0668     		ldr	r6, [r0]
1294:Drivers/STM32F4xx_HAL_Driver/Src/stm32f4xx_hal_can.c ****                                                            pHeader->RTR);
 1260              		.loc 1 1294 73 view .LVU400
 1261 00a6 2B43     		orrs	r3, r3, r5
1293:Drivers/STM32F4xx_HAL_Driver/Src/stm32f4xx_hal_can.c ****                                                            pHeader->IDE |
 1262              		.loc 1 1293 57 view .LVU401
 1263 00a8 04F11805 		add	r5, r4, #24
 1264 00ac 2D01     		lsls	r5, r5, #4
 1265 00ae 7351     		str	r3, [r6, r5]
 1266 00b0 C3E7     		b	.L100
 1267              	.L104:
1304:Drivers/STM32F4xx_HAL_Driver/Src/stm32f4xx_hal_can.c ****       }
 1268              		.loc 1 1304 9 is_stmt 1 view .LVU402
 1269 00b2 0368     		ldr	r3, [r0]
 1270 00b4 03EB0613 		add	r3, r3, r6, lsl #4
 1271 00b8 5968     		ldr	r1, [r3, #4]
 1272              	.LVL77:
1304:Drivers/STM32F4xx_HAL_Driver/Src/stm32f4xx_hal_can.c ****       }
 1273              		.loc 1 1304 9 is_stmt 0 view .LVU403
 1274 00ba 41F48071 		orr	r1, r1, #256
 1275 00be 5960     		str	r1, [r3, #4]
 1276 00c0 C5E7     		b	.L101
 1277              	.LVL78:
 1278              	.L98:
1324:Drivers/STM32F4xx_HAL_Driver/Src/stm32f4xx_hal_can.c ****     }
1325:Drivers/STM32F4xx_HAL_Driver/Src/stm32f4xx_hal_can.c ****     else
1326:Drivers/STM32F4xx_HAL_Driver/Src/stm32f4xx_hal_can.c ****     {
1327:Drivers/STM32F4xx_HAL_Driver/Src/stm32f4xx_hal_can.c ****       /* Update error code */
1328:Drivers/STM32F4xx_HAL_Driver/Src/stm32f4xx_hal_can.c ****       hcan->ErrorCode |= HAL_CAN_ERROR_PARAM;
 1279              		.loc 1 1328 7 is_stmt 1 view .LVU404
 1280              		.loc 1 1328 23 is_stmt 0 view .LVU405
 1281 00c2 436A     		ldr	r3, [r0, #36]
 1282              	.LVL79:
 1283              		.loc 1 1328 23 view .LVU406
 1284 00c4 43F40013 		orr	r3, r3, #2097152
ARM GAS  /tmp/ccXdCPPU.s 			page 51


 1285 00c8 4362     		str	r3, [r0, #36]
1329:Drivers/STM32F4xx_HAL_Driver/Src/stm32f4xx_hal_can.c **** 
1330:Drivers/STM32F4xx_HAL_Driver/Src/stm32f4xx_hal_can.c ****       return HAL_ERROR;
 1286              		.loc 1 1330 7 is_stmt 1 view .LVU407
 1287              		.loc 1 1330 14 is_stmt 0 view .LVU408
 1288 00ca 0120     		movs	r0, #1
 1289              	.LVL80:
 1290              		.loc 1 1330 14 view .LVU409
 1291 00cc 04E0     		b	.L102
 1292              	.LVL81:
 1293              	.L97:
1331:Drivers/STM32F4xx_HAL_Driver/Src/stm32f4xx_hal_can.c ****     }
1332:Drivers/STM32F4xx_HAL_Driver/Src/stm32f4xx_hal_can.c ****   }
1333:Drivers/STM32F4xx_HAL_Driver/Src/stm32f4xx_hal_can.c ****   else
1334:Drivers/STM32F4xx_HAL_Driver/Src/stm32f4xx_hal_can.c ****   {
1335:Drivers/STM32F4xx_HAL_Driver/Src/stm32f4xx_hal_can.c ****     /* Update error code */
1336:Drivers/STM32F4xx_HAL_Driver/Src/stm32f4xx_hal_can.c ****     hcan->ErrorCode |= HAL_CAN_ERROR_NOT_INITIALIZED;
 1294              		.loc 1 1336 5 is_stmt 1 view .LVU410
 1295              		.loc 1 1336 21 is_stmt 0 view .LVU411
 1296 00ce 436A     		ldr	r3, [r0, #36]
 1297              	.LVL82:
 1298              		.loc 1 1336 21 view .LVU412
 1299 00d0 43F48023 		orr	r3, r3, #262144
 1300 00d4 4362     		str	r3, [r0, #36]
1337:Drivers/STM32F4xx_HAL_Driver/Src/stm32f4xx_hal_can.c **** 
1338:Drivers/STM32F4xx_HAL_Driver/Src/stm32f4xx_hal_can.c ****     return HAL_ERROR;
 1301              		.loc 1 1338 5 is_stmt 1 view .LVU413
 1302              		.loc 1 1338 12 is_stmt 0 view .LVU414
 1303 00d6 0120     		movs	r0, #1
 1304              	.LVL83:
 1305              	.L102:
1339:Drivers/STM32F4xx_HAL_Driver/Src/stm32f4xx_hal_can.c ****   }
1340:Drivers/STM32F4xx_HAL_Driver/Src/stm32f4xx_hal_can.c **** }
 1306              		.loc 1 1340 1 view .LVU415
 1307 00d8 70BC     		pop	{r4, r5, r6}
 1308              	.LCFI12:
 1309              		.cfi_restore 6
 1310              		.cfi_restore 5
 1311              		.cfi_restore 4
 1312              		.cfi_def_cfa_offset 0
 1313 00da 7047     		bx	lr
 1314              		.cfi_endproc
 1315              	.LFE144:
 1317              		.section	.text.HAL_CAN_AbortTxRequest,"ax",%progbits
 1318              		.align	1
 1319              		.global	HAL_CAN_AbortTxRequest
 1320              		.syntax unified
 1321              		.thumb
 1322              		.thumb_func
 1323              		.fpu fpv4-sp-d16
 1325              	HAL_CAN_AbortTxRequest:
 1326              	.LVL84:
 1327              	.LFB145:
1341:Drivers/STM32F4xx_HAL_Driver/Src/stm32f4xx_hal_can.c **** 
1342:Drivers/STM32F4xx_HAL_Driver/Src/stm32f4xx_hal_can.c **** /**
1343:Drivers/STM32F4xx_HAL_Driver/Src/stm32f4xx_hal_can.c ****   * @brief  Abort transmission requests
1344:Drivers/STM32F4xx_HAL_Driver/Src/stm32f4xx_hal_can.c ****   * @param  hcan pointer to an CAN_HandleTypeDef structure that contains
ARM GAS  /tmp/ccXdCPPU.s 			page 52


1345:Drivers/STM32F4xx_HAL_Driver/Src/stm32f4xx_hal_can.c ****   *         the configuration information for the specified CAN.
1346:Drivers/STM32F4xx_HAL_Driver/Src/stm32f4xx_hal_can.c ****   * @param  TxMailboxes List of the Tx Mailboxes to abort.
1347:Drivers/STM32F4xx_HAL_Driver/Src/stm32f4xx_hal_can.c ****   *         This parameter can be any combination of @arg CAN_Tx_Mailboxes.
1348:Drivers/STM32F4xx_HAL_Driver/Src/stm32f4xx_hal_can.c ****   * @retval HAL status
1349:Drivers/STM32F4xx_HAL_Driver/Src/stm32f4xx_hal_can.c ****   */
1350:Drivers/STM32F4xx_HAL_Driver/Src/stm32f4xx_hal_can.c **** HAL_StatusTypeDef HAL_CAN_AbortTxRequest(CAN_HandleTypeDef *hcan, uint32_t TxMailboxes)
1351:Drivers/STM32F4xx_HAL_Driver/Src/stm32f4xx_hal_can.c **** {
 1328              		.loc 1 1351 1 is_stmt 1 view -0
 1329              		.cfi_startproc
 1330              		@ args = 0, pretend = 0, frame = 0
 1331              		@ frame_needed = 0, uses_anonymous_args = 0
 1332              		@ link register save eliminated.
1352:Drivers/STM32F4xx_HAL_Driver/Src/stm32f4xx_hal_can.c ****   HAL_CAN_StateTypeDef state = hcan->State;
 1333              		.loc 1 1352 3 view .LVU417
 1334              		.loc 1 1352 24 is_stmt 0 view .LVU418
 1335 0000 90F82030 		ldrb	r3, [r0, #32]	@ zero_extendqisi2
 1336              	.LVL85:
1353:Drivers/STM32F4xx_HAL_Driver/Src/stm32f4xx_hal_can.c **** 
1354:Drivers/STM32F4xx_HAL_Driver/Src/stm32f4xx_hal_can.c ****   /* Check function parameters */
1355:Drivers/STM32F4xx_HAL_Driver/Src/stm32f4xx_hal_can.c ****   assert_param(IS_CAN_TX_MAILBOX_LIST(TxMailboxes));
 1337              		.loc 1 1355 3 is_stmt 1 view .LVU419
1356:Drivers/STM32F4xx_HAL_Driver/Src/stm32f4xx_hal_can.c **** 
1357:Drivers/STM32F4xx_HAL_Driver/Src/stm32f4xx_hal_can.c ****   if ((state == HAL_CAN_STATE_READY) ||
 1338              		.loc 1 1357 3 view .LVU420
 1339              		.loc 1 1357 38 is_stmt 0 view .LVU421
 1340 0004 013B     		subs	r3, r3, #1
 1341              	.LVL86:
 1342              		.loc 1 1357 38 view .LVU422
 1343 0006 DBB2     		uxtb	r3, r3
 1344              		.loc 1 1357 6 view .LVU423
 1345 0008 012B     		cmp	r3, #1
 1346 000a 05D9     		bls	.L111
1358:Drivers/STM32F4xx_HAL_Driver/Src/stm32f4xx_hal_can.c ****       (state == HAL_CAN_STATE_LISTENING))
1359:Drivers/STM32F4xx_HAL_Driver/Src/stm32f4xx_hal_can.c ****   {
1360:Drivers/STM32F4xx_HAL_Driver/Src/stm32f4xx_hal_can.c ****     /* Check Tx Mailbox 0 */
1361:Drivers/STM32F4xx_HAL_Driver/Src/stm32f4xx_hal_can.c ****     if ((TxMailboxes & CAN_TX_MAILBOX0) != 0U)
1362:Drivers/STM32F4xx_HAL_Driver/Src/stm32f4xx_hal_can.c ****     {
1363:Drivers/STM32F4xx_HAL_Driver/Src/stm32f4xx_hal_can.c ****       /* Add cancellation request for Tx Mailbox 0 */
1364:Drivers/STM32F4xx_HAL_Driver/Src/stm32f4xx_hal_can.c ****       SET_BIT(hcan->Instance->TSR, CAN_TSR_ABRQ0);
1365:Drivers/STM32F4xx_HAL_Driver/Src/stm32f4xx_hal_can.c ****     }
1366:Drivers/STM32F4xx_HAL_Driver/Src/stm32f4xx_hal_can.c **** 
1367:Drivers/STM32F4xx_HAL_Driver/Src/stm32f4xx_hal_can.c ****     /* Check Tx Mailbox 1 */
1368:Drivers/STM32F4xx_HAL_Driver/Src/stm32f4xx_hal_can.c ****     if ((TxMailboxes & CAN_TX_MAILBOX1) != 0U)
1369:Drivers/STM32F4xx_HAL_Driver/Src/stm32f4xx_hal_can.c ****     {
1370:Drivers/STM32F4xx_HAL_Driver/Src/stm32f4xx_hal_can.c ****       /* Add cancellation request for Tx Mailbox 1 */
1371:Drivers/STM32F4xx_HAL_Driver/Src/stm32f4xx_hal_can.c ****       SET_BIT(hcan->Instance->TSR, CAN_TSR_ABRQ1);
1372:Drivers/STM32F4xx_HAL_Driver/Src/stm32f4xx_hal_can.c ****     }
1373:Drivers/STM32F4xx_HAL_Driver/Src/stm32f4xx_hal_can.c **** 
1374:Drivers/STM32F4xx_HAL_Driver/Src/stm32f4xx_hal_can.c ****     /* Check Tx Mailbox 2 */
1375:Drivers/STM32F4xx_HAL_Driver/Src/stm32f4xx_hal_can.c ****     if ((TxMailboxes & CAN_TX_MAILBOX2) != 0U)
1376:Drivers/STM32F4xx_HAL_Driver/Src/stm32f4xx_hal_can.c ****     {
1377:Drivers/STM32F4xx_HAL_Driver/Src/stm32f4xx_hal_can.c ****       /* Add cancellation request for Tx Mailbox 2 */
1378:Drivers/STM32F4xx_HAL_Driver/Src/stm32f4xx_hal_can.c ****       SET_BIT(hcan->Instance->TSR, CAN_TSR_ABRQ2);
1379:Drivers/STM32F4xx_HAL_Driver/Src/stm32f4xx_hal_can.c ****     }
1380:Drivers/STM32F4xx_HAL_Driver/Src/stm32f4xx_hal_can.c **** 
1381:Drivers/STM32F4xx_HAL_Driver/Src/stm32f4xx_hal_can.c ****     /* Return function status */
1382:Drivers/STM32F4xx_HAL_Driver/Src/stm32f4xx_hal_can.c ****     return HAL_OK;
ARM GAS  /tmp/ccXdCPPU.s 			page 53


1383:Drivers/STM32F4xx_HAL_Driver/Src/stm32f4xx_hal_can.c ****   }
1384:Drivers/STM32F4xx_HAL_Driver/Src/stm32f4xx_hal_can.c ****   else
1385:Drivers/STM32F4xx_HAL_Driver/Src/stm32f4xx_hal_can.c ****   {
1386:Drivers/STM32F4xx_HAL_Driver/Src/stm32f4xx_hal_can.c ****     /* Update error code */
1387:Drivers/STM32F4xx_HAL_Driver/Src/stm32f4xx_hal_can.c ****     hcan->ErrorCode |= HAL_CAN_ERROR_NOT_INITIALIZED;
 1347              		.loc 1 1387 5 is_stmt 1 view .LVU424
 1348              		.loc 1 1387 21 is_stmt 0 view .LVU425
 1349 000c 436A     		ldr	r3, [r0, #36]
 1350 000e 43F48023 		orr	r3, r3, #262144
 1351 0012 4362     		str	r3, [r0, #36]
1388:Drivers/STM32F4xx_HAL_Driver/Src/stm32f4xx_hal_can.c **** 
1389:Drivers/STM32F4xx_HAL_Driver/Src/stm32f4xx_hal_can.c ****     return HAL_ERROR;
 1352              		.loc 1 1389 5 is_stmt 1 view .LVU426
 1353              		.loc 1 1389 12 is_stmt 0 view .LVU427
 1354 0014 0120     		movs	r0, #1
 1355              	.LVL87:
1390:Drivers/STM32F4xx_HAL_Driver/Src/stm32f4xx_hal_can.c ****   }
1391:Drivers/STM32F4xx_HAL_Driver/Src/stm32f4xx_hal_can.c **** }
 1356              		.loc 1 1391 1 view .LVU428
 1357 0016 7047     		bx	lr
 1358              	.LVL88:
 1359              	.L111:
1361:Drivers/STM32F4xx_HAL_Driver/Src/stm32f4xx_hal_can.c ****     {
 1360              		.loc 1 1361 5 is_stmt 1 view .LVU429
1361:Drivers/STM32F4xx_HAL_Driver/Src/stm32f4xx_hal_can.c ****     {
 1361              		.loc 1 1361 8 is_stmt 0 view .LVU430
 1362 0018 11F0010F 		tst	r1, #1
 1363 001c 04D0     		beq	.L107
1364:Drivers/STM32F4xx_HAL_Driver/Src/stm32f4xx_hal_can.c ****     }
 1364              		.loc 1 1364 7 is_stmt 1 view .LVU431
 1365 001e 0268     		ldr	r2, [r0]
 1366 0020 9368     		ldr	r3, [r2, #8]
 1367 0022 43F08003 		orr	r3, r3, #128
 1368 0026 9360     		str	r3, [r2, #8]
 1369              	.L107:
1368:Drivers/STM32F4xx_HAL_Driver/Src/stm32f4xx_hal_can.c ****     {
 1370              		.loc 1 1368 5 view .LVU432
1368:Drivers/STM32F4xx_HAL_Driver/Src/stm32f4xx_hal_can.c ****     {
 1371              		.loc 1 1368 8 is_stmt 0 view .LVU433
 1372 0028 11F0020F 		tst	r1, #2
 1373 002c 04D0     		beq	.L108
1371:Drivers/STM32F4xx_HAL_Driver/Src/stm32f4xx_hal_can.c ****     }
 1374              		.loc 1 1371 7 is_stmt 1 view .LVU434
 1375 002e 0268     		ldr	r2, [r0]
 1376 0030 9368     		ldr	r3, [r2, #8]
 1377 0032 43F40043 		orr	r3, r3, #32768
 1378 0036 9360     		str	r3, [r2, #8]
 1379              	.L108:
1375:Drivers/STM32F4xx_HAL_Driver/Src/stm32f4xx_hal_can.c ****     {
 1380              		.loc 1 1375 5 view .LVU435
1375:Drivers/STM32F4xx_HAL_Driver/Src/stm32f4xx_hal_can.c ****     {
 1381              		.loc 1 1375 8 is_stmt 0 view .LVU436
 1382 0038 11F0040F 		tst	r1, #4
 1383 003c 04D0     		beq	.L109
1378:Drivers/STM32F4xx_HAL_Driver/Src/stm32f4xx_hal_can.c ****     }
 1384              		.loc 1 1378 7 is_stmt 1 view .LVU437
 1385 003e 0268     		ldr	r2, [r0]
ARM GAS  /tmp/ccXdCPPU.s 			page 54


 1386 0040 9368     		ldr	r3, [r2, #8]
 1387 0042 43F40003 		orr	r3, r3, #8388608
 1388 0046 9360     		str	r3, [r2, #8]
 1389              	.L109:
1382:Drivers/STM32F4xx_HAL_Driver/Src/stm32f4xx_hal_can.c ****   }
 1390              		.loc 1 1382 5 view .LVU438
1382:Drivers/STM32F4xx_HAL_Driver/Src/stm32f4xx_hal_can.c ****   }
 1391              		.loc 1 1382 12 is_stmt 0 view .LVU439
 1392 0048 0020     		movs	r0, #0
 1393              	.LVL89:
1382:Drivers/STM32F4xx_HAL_Driver/Src/stm32f4xx_hal_can.c ****   }
 1394              		.loc 1 1382 12 view .LVU440
 1395 004a 7047     		bx	lr
 1396              		.cfi_endproc
 1397              	.LFE145:
 1399              		.section	.text.HAL_CAN_GetTxMailboxesFreeLevel,"ax",%progbits
 1400              		.align	1
 1401              		.global	HAL_CAN_GetTxMailboxesFreeLevel
 1402              		.syntax unified
 1403              		.thumb
 1404              		.thumb_func
 1405              		.fpu fpv4-sp-d16
 1407              	HAL_CAN_GetTxMailboxesFreeLevel:
 1408              	.LVL90:
 1409              	.LFB146:
1392:Drivers/STM32F4xx_HAL_Driver/Src/stm32f4xx_hal_can.c **** 
1393:Drivers/STM32F4xx_HAL_Driver/Src/stm32f4xx_hal_can.c **** /**
1394:Drivers/STM32F4xx_HAL_Driver/Src/stm32f4xx_hal_can.c ****   * @brief  Return Tx Mailboxes free level: number of free Tx Mailboxes.
1395:Drivers/STM32F4xx_HAL_Driver/Src/stm32f4xx_hal_can.c ****   * @param  hcan pointer to a CAN_HandleTypeDef structure that contains
1396:Drivers/STM32F4xx_HAL_Driver/Src/stm32f4xx_hal_can.c ****   *         the configuration information for the specified CAN.
1397:Drivers/STM32F4xx_HAL_Driver/Src/stm32f4xx_hal_can.c ****   * @retval Number of free Tx Mailboxes.
1398:Drivers/STM32F4xx_HAL_Driver/Src/stm32f4xx_hal_can.c ****   */
1399:Drivers/STM32F4xx_HAL_Driver/Src/stm32f4xx_hal_can.c **** uint32_t HAL_CAN_GetTxMailboxesFreeLevel(const CAN_HandleTypeDef *hcan)
1400:Drivers/STM32F4xx_HAL_Driver/Src/stm32f4xx_hal_can.c **** {
 1410              		.loc 1 1400 1 is_stmt 1 view -0
 1411              		.cfi_startproc
 1412              		@ args = 0, pretend = 0, frame = 0
 1413              		@ frame_needed = 0, uses_anonymous_args = 0
 1414              		@ link register save eliminated.
1401:Drivers/STM32F4xx_HAL_Driver/Src/stm32f4xx_hal_can.c ****   uint32_t freelevel = 0U;
 1415              		.loc 1 1401 3 view .LVU442
1402:Drivers/STM32F4xx_HAL_Driver/Src/stm32f4xx_hal_can.c ****   HAL_CAN_StateTypeDef state = hcan->State;
 1416              		.loc 1 1402 3 view .LVU443
 1417              		.loc 1 1402 24 is_stmt 0 view .LVU444
 1418 0000 90F82030 		ldrb	r3, [r0, #32]	@ zero_extendqisi2
 1419              	.LVL91:
1403:Drivers/STM32F4xx_HAL_Driver/Src/stm32f4xx_hal_can.c **** 
1404:Drivers/STM32F4xx_HAL_Driver/Src/stm32f4xx_hal_can.c ****   if ((state == HAL_CAN_STATE_READY) ||
 1420              		.loc 1 1404 3 is_stmt 1 view .LVU445
 1421              		.loc 1 1404 38 is_stmt 0 view .LVU446
 1422 0004 013B     		subs	r3, r3, #1
 1423              	.LVL92:
 1424              		.loc 1 1404 38 view .LVU447
 1425 0006 DBB2     		uxtb	r3, r3
 1426              		.loc 1 1404 6 view .LVU448
 1427 0008 012B     		cmp	r3, #1
 1428 000a 01D9     		bls	.L118
ARM GAS  /tmp/ccXdCPPU.s 			page 55


1401:Drivers/STM32F4xx_HAL_Driver/Src/stm32f4xx_hal_can.c ****   HAL_CAN_StateTypeDef state = hcan->State;
 1429              		.loc 1 1401 12 view .LVU449
 1430 000c 0020     		movs	r0, #0
 1431              	.LVL93:
1405:Drivers/STM32F4xx_HAL_Driver/Src/stm32f4xx_hal_can.c ****       (state == HAL_CAN_STATE_LISTENING))
1406:Drivers/STM32F4xx_HAL_Driver/Src/stm32f4xx_hal_can.c ****   {
1407:Drivers/STM32F4xx_HAL_Driver/Src/stm32f4xx_hal_can.c ****     /* Check Tx Mailbox 0 status */
1408:Drivers/STM32F4xx_HAL_Driver/Src/stm32f4xx_hal_can.c ****     if ((hcan->Instance->TSR & CAN_TSR_TME0) != 0U)
1409:Drivers/STM32F4xx_HAL_Driver/Src/stm32f4xx_hal_can.c ****     {
1410:Drivers/STM32F4xx_HAL_Driver/Src/stm32f4xx_hal_can.c ****       freelevel++;
1411:Drivers/STM32F4xx_HAL_Driver/Src/stm32f4xx_hal_can.c ****     }
1412:Drivers/STM32F4xx_HAL_Driver/Src/stm32f4xx_hal_can.c **** 
1413:Drivers/STM32F4xx_HAL_Driver/Src/stm32f4xx_hal_can.c ****     /* Check Tx Mailbox 1 status */
1414:Drivers/STM32F4xx_HAL_Driver/Src/stm32f4xx_hal_can.c ****     if ((hcan->Instance->TSR & CAN_TSR_TME1) != 0U)
1415:Drivers/STM32F4xx_HAL_Driver/Src/stm32f4xx_hal_can.c ****     {
1416:Drivers/STM32F4xx_HAL_Driver/Src/stm32f4xx_hal_can.c ****       freelevel++;
1417:Drivers/STM32F4xx_HAL_Driver/Src/stm32f4xx_hal_can.c ****     }
1418:Drivers/STM32F4xx_HAL_Driver/Src/stm32f4xx_hal_can.c **** 
1419:Drivers/STM32F4xx_HAL_Driver/Src/stm32f4xx_hal_can.c ****     /* Check Tx Mailbox 2 status */
1420:Drivers/STM32F4xx_HAL_Driver/Src/stm32f4xx_hal_can.c ****     if ((hcan->Instance->TSR & CAN_TSR_TME2) != 0U)
1421:Drivers/STM32F4xx_HAL_Driver/Src/stm32f4xx_hal_can.c ****     {
1422:Drivers/STM32F4xx_HAL_Driver/Src/stm32f4xx_hal_can.c ****       freelevel++;
1423:Drivers/STM32F4xx_HAL_Driver/Src/stm32f4xx_hal_can.c ****     }
1424:Drivers/STM32F4xx_HAL_Driver/Src/stm32f4xx_hal_can.c ****   }
1425:Drivers/STM32F4xx_HAL_Driver/Src/stm32f4xx_hal_can.c **** 
1426:Drivers/STM32F4xx_HAL_Driver/Src/stm32f4xx_hal_can.c ****   /* Return Tx Mailboxes free level */
1427:Drivers/STM32F4xx_HAL_Driver/Src/stm32f4xx_hal_can.c ****   return freelevel;
 1432              		.loc 1 1427 3 is_stmt 1 view .LVU450
 1433              	.L112:
1428:Drivers/STM32F4xx_HAL_Driver/Src/stm32f4xx_hal_can.c **** }
 1434              		.loc 1 1428 1 is_stmt 0 view .LVU451
 1435 000e 7047     		bx	lr
 1436              	.LVL94:
 1437              	.L118:
1408:Drivers/STM32F4xx_HAL_Driver/Src/stm32f4xx_hal_can.c ****     {
 1438              		.loc 1 1408 5 is_stmt 1 view .LVU452
1408:Drivers/STM32F4xx_HAL_Driver/Src/stm32f4xx_hal_can.c ****     {
 1439              		.loc 1 1408 14 is_stmt 0 view .LVU453
 1440 0010 0368     		ldr	r3, [r0]
1408:Drivers/STM32F4xx_HAL_Driver/Src/stm32f4xx_hal_can.c ****     {
 1441              		.loc 1 1408 24 view .LVU454
 1442 0012 9868     		ldr	r0, [r3, #8]
 1443              	.LVL95:
1408:Drivers/STM32F4xx_HAL_Driver/Src/stm32f4xx_hal_can.c ****     {
 1444              		.loc 1 1408 8 view .LVU455
 1445 0014 10F08060 		ands	r0, r0, #67108864
 1446 0018 00D0     		beq	.L114
1410:Drivers/STM32F4xx_HAL_Driver/Src/stm32f4xx_hal_can.c ****     }
 1447              		.loc 1 1410 16 view .LVU456
 1448 001a 0120     		movs	r0, #1
 1449              	.L114:
 1450              	.LVL96:
1414:Drivers/STM32F4xx_HAL_Driver/Src/stm32f4xx_hal_can.c ****     {
 1451              		.loc 1 1414 5 is_stmt 1 view .LVU457
1414:Drivers/STM32F4xx_HAL_Driver/Src/stm32f4xx_hal_can.c ****     {
 1452              		.loc 1 1414 24 is_stmt 0 view .LVU458
 1453 001c 9A68     		ldr	r2, [r3, #8]
ARM GAS  /tmp/ccXdCPPU.s 			page 56


1414:Drivers/STM32F4xx_HAL_Driver/Src/stm32f4xx_hal_can.c ****     {
 1454              		.loc 1 1414 8 view .LVU459
 1455 001e 12F0006F 		tst	r2, #134217728
 1456 0022 00D0     		beq	.L115
1416:Drivers/STM32F4xx_HAL_Driver/Src/stm32f4xx_hal_can.c ****     }
 1457              		.loc 1 1416 7 is_stmt 1 view .LVU460
1416:Drivers/STM32F4xx_HAL_Driver/Src/stm32f4xx_hal_can.c ****     }
 1458              		.loc 1 1416 16 is_stmt 0 view .LVU461
 1459 0024 0130     		adds	r0, r0, #1
 1460              	.LVL97:
 1461              	.L115:
1420:Drivers/STM32F4xx_HAL_Driver/Src/stm32f4xx_hal_can.c ****     {
 1462              		.loc 1 1420 5 is_stmt 1 view .LVU462
1420:Drivers/STM32F4xx_HAL_Driver/Src/stm32f4xx_hal_can.c ****     {
 1463              		.loc 1 1420 24 is_stmt 0 view .LVU463
 1464 0026 9B68     		ldr	r3, [r3, #8]
1420:Drivers/STM32F4xx_HAL_Driver/Src/stm32f4xx_hal_can.c ****     {
 1465              		.loc 1 1420 8 view .LVU464
 1466 0028 13F0805F 		tst	r3, #268435456
 1467 002c EFD0     		beq	.L112
1422:Drivers/STM32F4xx_HAL_Driver/Src/stm32f4xx_hal_can.c ****     }
 1468              		.loc 1 1422 7 is_stmt 1 view .LVU465
1422:Drivers/STM32F4xx_HAL_Driver/Src/stm32f4xx_hal_can.c ****     }
 1469              		.loc 1 1422 16 is_stmt 0 view .LVU466
 1470 002e 0130     		adds	r0, r0, #1
 1471              	.LVL98:
1422:Drivers/STM32F4xx_HAL_Driver/Src/stm32f4xx_hal_can.c ****     }
 1472              		.loc 1 1422 16 view .LVU467
 1473 0030 7047     		bx	lr
 1474              		.cfi_endproc
 1475              	.LFE146:
 1477              		.section	.text.HAL_CAN_IsTxMessagePending,"ax",%progbits
 1478              		.align	1
 1479              		.global	HAL_CAN_IsTxMessagePending
 1480              		.syntax unified
 1481              		.thumb
 1482              		.thumb_func
 1483              		.fpu fpv4-sp-d16
 1485              	HAL_CAN_IsTxMessagePending:
 1486              	.LVL99:
 1487              	.LFB147:
1429:Drivers/STM32F4xx_HAL_Driver/Src/stm32f4xx_hal_can.c **** 
1430:Drivers/STM32F4xx_HAL_Driver/Src/stm32f4xx_hal_can.c **** /**
1431:Drivers/STM32F4xx_HAL_Driver/Src/stm32f4xx_hal_can.c ****   * @brief  Check if a transmission request is pending on the selected Tx
1432:Drivers/STM32F4xx_HAL_Driver/Src/stm32f4xx_hal_can.c ****   *         Mailboxes.
1433:Drivers/STM32F4xx_HAL_Driver/Src/stm32f4xx_hal_can.c ****   * @param  hcan pointer to an CAN_HandleTypeDef structure that contains
1434:Drivers/STM32F4xx_HAL_Driver/Src/stm32f4xx_hal_can.c ****   *         the configuration information for the specified CAN.
1435:Drivers/STM32F4xx_HAL_Driver/Src/stm32f4xx_hal_can.c ****   * @param  TxMailboxes List of Tx Mailboxes to check.
1436:Drivers/STM32F4xx_HAL_Driver/Src/stm32f4xx_hal_can.c ****   *         This parameter can be any combination of @arg CAN_Tx_Mailboxes.
1437:Drivers/STM32F4xx_HAL_Driver/Src/stm32f4xx_hal_can.c ****   * @retval Status
1438:Drivers/STM32F4xx_HAL_Driver/Src/stm32f4xx_hal_can.c ****   *          - 0 : No pending transmission request on any selected Tx Mailboxes.
1439:Drivers/STM32F4xx_HAL_Driver/Src/stm32f4xx_hal_can.c ****   *          - 1 : Pending transmission request on at least one of the selected
1440:Drivers/STM32F4xx_HAL_Driver/Src/stm32f4xx_hal_can.c ****   *                Tx Mailbox.
1441:Drivers/STM32F4xx_HAL_Driver/Src/stm32f4xx_hal_can.c ****   */
1442:Drivers/STM32F4xx_HAL_Driver/Src/stm32f4xx_hal_can.c **** uint32_t HAL_CAN_IsTxMessagePending(const CAN_HandleTypeDef *hcan, uint32_t TxMailboxes)
1443:Drivers/STM32F4xx_HAL_Driver/Src/stm32f4xx_hal_can.c **** {
 1488              		.loc 1 1443 1 is_stmt 1 view -0
ARM GAS  /tmp/ccXdCPPU.s 			page 57


 1489              		.cfi_startproc
 1490              		@ args = 0, pretend = 0, frame = 0
 1491              		@ frame_needed = 0, uses_anonymous_args = 0
 1492              		@ link register save eliminated.
1444:Drivers/STM32F4xx_HAL_Driver/Src/stm32f4xx_hal_can.c ****   uint32_t status = 0U;
 1493              		.loc 1 1444 3 view .LVU469
1445:Drivers/STM32F4xx_HAL_Driver/Src/stm32f4xx_hal_can.c ****   HAL_CAN_StateTypeDef state = hcan->State;
 1494              		.loc 1 1445 3 view .LVU470
 1495              		.loc 1 1445 24 is_stmt 0 view .LVU471
 1496 0000 90F82030 		ldrb	r3, [r0, #32]	@ zero_extendqisi2
 1497              	.LVL100:
1446:Drivers/STM32F4xx_HAL_Driver/Src/stm32f4xx_hal_can.c **** 
1447:Drivers/STM32F4xx_HAL_Driver/Src/stm32f4xx_hal_can.c ****   /* Check function parameters */
1448:Drivers/STM32F4xx_HAL_Driver/Src/stm32f4xx_hal_can.c ****   assert_param(IS_CAN_TX_MAILBOX_LIST(TxMailboxes));
 1498              		.loc 1 1448 3 is_stmt 1 view .LVU472
1449:Drivers/STM32F4xx_HAL_Driver/Src/stm32f4xx_hal_can.c **** 
1450:Drivers/STM32F4xx_HAL_Driver/Src/stm32f4xx_hal_can.c ****   if ((state == HAL_CAN_STATE_READY) ||
 1499              		.loc 1 1450 3 view .LVU473
 1500              		.loc 1 1450 38 is_stmt 0 view .LVU474
 1501 0004 013B     		subs	r3, r3, #1
 1502              	.LVL101:
 1503              		.loc 1 1450 38 view .LVU475
 1504 0006 DBB2     		uxtb	r3, r3
 1505              		.loc 1 1450 6 view .LVU476
 1506 0008 012B     		cmp	r3, #1
 1507 000a 01D9     		bls	.L123
1444:Drivers/STM32F4xx_HAL_Driver/Src/stm32f4xx_hal_can.c ****   HAL_CAN_StateTypeDef state = hcan->State;
 1508              		.loc 1 1444 12 view .LVU477
 1509 000c 0020     		movs	r0, #0
 1510              	.LVL102:
1444:Drivers/STM32F4xx_HAL_Driver/Src/stm32f4xx_hal_can.c ****   HAL_CAN_StateTypeDef state = hcan->State;
 1511              		.loc 1 1444 12 view .LVU478
 1512 000e 7047     		bx	lr
 1513              	.LVL103:
 1514              	.L123:
1451:Drivers/STM32F4xx_HAL_Driver/Src/stm32f4xx_hal_can.c ****       (state == HAL_CAN_STATE_LISTENING))
1452:Drivers/STM32F4xx_HAL_Driver/Src/stm32f4xx_hal_can.c ****   {
1453:Drivers/STM32F4xx_HAL_Driver/Src/stm32f4xx_hal_can.c ****     /* Check pending transmission request on the selected Tx Mailboxes */
1454:Drivers/STM32F4xx_HAL_Driver/Src/stm32f4xx_hal_can.c ****     if ((hcan->Instance->TSR & (TxMailboxes << CAN_TSR_TME0_Pos)) != (TxMailboxes << CAN_TSR_TME0_P
 1515              		.loc 1 1454 5 is_stmt 1 view .LVU479
 1516              		.loc 1 1454 14 is_stmt 0 view .LVU480
 1517 0010 0368     		ldr	r3, [r0]
 1518              		.loc 1 1454 24 view .LVU481
 1519 0012 9B68     		ldr	r3, [r3, #8]
 1520              		.loc 1 1454 30 view .LVU482
 1521 0014 03EA8163 		and	r3, r3, r1, lsl #26
 1522              		.loc 1 1454 8 view .LVU483
 1523 0018 B3EB816F 		cmp	r3, r1, lsl #26
 1524 001c 01D0     		beq	.L124
1455:Drivers/STM32F4xx_HAL_Driver/Src/stm32f4xx_hal_can.c ****     {
1456:Drivers/STM32F4xx_HAL_Driver/Src/stm32f4xx_hal_can.c ****       status = 1U;
 1525              		.loc 1 1456 14 view .LVU484
 1526 001e 0120     		movs	r0, #1
 1527              	.LVL104:
1457:Drivers/STM32F4xx_HAL_Driver/Src/stm32f4xx_hal_can.c ****     }
1458:Drivers/STM32F4xx_HAL_Driver/Src/stm32f4xx_hal_can.c ****   }
1459:Drivers/STM32F4xx_HAL_Driver/Src/stm32f4xx_hal_can.c **** 
ARM GAS  /tmp/ccXdCPPU.s 			page 58


1460:Drivers/STM32F4xx_HAL_Driver/Src/stm32f4xx_hal_can.c ****   /* Return status */
1461:Drivers/STM32F4xx_HAL_Driver/Src/stm32f4xx_hal_can.c ****   return status;
 1528              		.loc 1 1461 3 is_stmt 1 view .LVU485
1462:Drivers/STM32F4xx_HAL_Driver/Src/stm32f4xx_hal_can.c **** }
 1529              		.loc 1 1462 1 is_stmt 0 view .LVU486
 1530 0020 7047     		bx	lr
 1531              	.LVL105:
 1532              	.L124:
1444:Drivers/STM32F4xx_HAL_Driver/Src/stm32f4xx_hal_can.c ****   HAL_CAN_StateTypeDef state = hcan->State;
 1533              		.loc 1 1444 12 view .LVU487
 1534 0022 0020     		movs	r0, #0
 1535              	.LVL106:
1444:Drivers/STM32F4xx_HAL_Driver/Src/stm32f4xx_hal_can.c ****   HAL_CAN_StateTypeDef state = hcan->State;
 1536              		.loc 1 1444 12 view .LVU488
 1537 0024 7047     		bx	lr
 1538              		.cfi_endproc
 1539              	.LFE147:
 1541              		.section	.text.HAL_CAN_GetTxTimestamp,"ax",%progbits
 1542              		.align	1
 1543              		.global	HAL_CAN_GetTxTimestamp
 1544              		.syntax unified
 1545              		.thumb
 1546              		.thumb_func
 1547              		.fpu fpv4-sp-d16
 1549              	HAL_CAN_GetTxTimestamp:
 1550              	.LVL107:
 1551              	.LFB148:
1463:Drivers/STM32F4xx_HAL_Driver/Src/stm32f4xx_hal_can.c **** 
1464:Drivers/STM32F4xx_HAL_Driver/Src/stm32f4xx_hal_can.c **** /**
1465:Drivers/STM32F4xx_HAL_Driver/Src/stm32f4xx_hal_can.c ****   * @brief  Return timestamp of Tx message sent, if time triggered communication
1466:Drivers/STM32F4xx_HAL_Driver/Src/stm32f4xx_hal_can.c ****             mode is enabled.
1467:Drivers/STM32F4xx_HAL_Driver/Src/stm32f4xx_hal_can.c ****   * @param  hcan pointer to a CAN_HandleTypeDef structure that contains
1468:Drivers/STM32F4xx_HAL_Driver/Src/stm32f4xx_hal_can.c ****   *         the configuration information for the specified CAN.
1469:Drivers/STM32F4xx_HAL_Driver/Src/stm32f4xx_hal_can.c ****   * @param  TxMailbox Tx Mailbox where the timestamp of message sent will be
1470:Drivers/STM32F4xx_HAL_Driver/Src/stm32f4xx_hal_can.c ****   *         read.
1471:Drivers/STM32F4xx_HAL_Driver/Src/stm32f4xx_hal_can.c ****   *         This parameter can be one value of @arg CAN_Tx_Mailboxes.
1472:Drivers/STM32F4xx_HAL_Driver/Src/stm32f4xx_hal_can.c ****   * @retval Timestamp of message sent from Tx Mailbox.
1473:Drivers/STM32F4xx_HAL_Driver/Src/stm32f4xx_hal_can.c ****   */
1474:Drivers/STM32F4xx_HAL_Driver/Src/stm32f4xx_hal_can.c **** uint32_t HAL_CAN_GetTxTimestamp(const CAN_HandleTypeDef *hcan, uint32_t TxMailbox)
1475:Drivers/STM32F4xx_HAL_Driver/Src/stm32f4xx_hal_can.c **** {
 1552              		.loc 1 1475 1 is_stmt 1 view -0
 1553              		.cfi_startproc
 1554              		@ args = 0, pretend = 0, frame = 0
 1555              		@ frame_needed = 0, uses_anonymous_args = 0
 1556              		@ link register save eliminated.
1476:Drivers/STM32F4xx_HAL_Driver/Src/stm32f4xx_hal_can.c ****   uint32_t timestamp = 0U;
 1557              		.loc 1 1476 3 view .LVU490
1477:Drivers/STM32F4xx_HAL_Driver/Src/stm32f4xx_hal_can.c ****   uint32_t transmitmailbox;
 1558              		.loc 1 1477 3 view .LVU491
1478:Drivers/STM32F4xx_HAL_Driver/Src/stm32f4xx_hal_can.c ****   HAL_CAN_StateTypeDef state = hcan->State;
 1559              		.loc 1 1478 3 view .LVU492
 1560              		.loc 1 1478 24 is_stmt 0 view .LVU493
 1561 0000 90F82030 		ldrb	r3, [r0, #32]	@ zero_extendqisi2
 1562              	.LVL108:
1479:Drivers/STM32F4xx_HAL_Driver/Src/stm32f4xx_hal_can.c **** 
1480:Drivers/STM32F4xx_HAL_Driver/Src/stm32f4xx_hal_can.c ****   /* Check function parameters */
1481:Drivers/STM32F4xx_HAL_Driver/Src/stm32f4xx_hal_can.c ****   assert_param(IS_CAN_TX_MAILBOX(TxMailbox));
ARM GAS  /tmp/ccXdCPPU.s 			page 59


 1563              		.loc 1 1481 3 is_stmt 1 view .LVU494
1482:Drivers/STM32F4xx_HAL_Driver/Src/stm32f4xx_hal_can.c **** 
1483:Drivers/STM32F4xx_HAL_Driver/Src/stm32f4xx_hal_can.c ****   if ((state == HAL_CAN_STATE_READY) ||
 1564              		.loc 1 1483 3 view .LVU495
 1565              		.loc 1 1483 38 is_stmt 0 view .LVU496
 1566 0004 013B     		subs	r3, r3, #1
 1567              	.LVL109:
 1568              		.loc 1 1483 38 view .LVU497
 1569 0006 DBB2     		uxtb	r3, r3
 1570              		.loc 1 1483 6 view .LVU498
 1571 0008 012B     		cmp	r3, #1
 1572 000a 01D9     		bls	.L130
1476:Drivers/STM32F4xx_HAL_Driver/Src/stm32f4xx_hal_can.c ****   uint32_t transmitmailbox;
 1573              		.loc 1 1476 12 view .LVU499
 1574 000c 0020     		movs	r0, #0
 1575              	.LVL110:
1484:Drivers/STM32F4xx_HAL_Driver/Src/stm32f4xx_hal_can.c ****       (state == HAL_CAN_STATE_LISTENING))
1485:Drivers/STM32F4xx_HAL_Driver/Src/stm32f4xx_hal_can.c ****   {
1486:Drivers/STM32F4xx_HAL_Driver/Src/stm32f4xx_hal_can.c ****     /* Select the Tx mailbox */
1487:Drivers/STM32F4xx_HAL_Driver/Src/stm32f4xx_hal_can.c ****     transmitmailbox = POSITION_VAL(TxMailbox);
1488:Drivers/STM32F4xx_HAL_Driver/Src/stm32f4xx_hal_can.c **** 
1489:Drivers/STM32F4xx_HAL_Driver/Src/stm32f4xx_hal_can.c ****     /* Get timestamp */
1490:Drivers/STM32F4xx_HAL_Driver/Src/stm32f4xx_hal_can.c ****     timestamp = (hcan->Instance->sTxMailBox[transmitmailbox].TDTR & CAN_TDT0R_TIME) >> CAN_TDT0R_TI
1491:Drivers/STM32F4xx_HAL_Driver/Src/stm32f4xx_hal_can.c ****   }
1492:Drivers/STM32F4xx_HAL_Driver/Src/stm32f4xx_hal_can.c **** 
1493:Drivers/STM32F4xx_HAL_Driver/Src/stm32f4xx_hal_can.c ****   /* Return the timestamp */
1494:Drivers/STM32F4xx_HAL_Driver/Src/stm32f4xx_hal_can.c ****   return timestamp;
 1576              		.loc 1 1494 3 is_stmt 1 view .LVU500
1495:Drivers/STM32F4xx_HAL_Driver/Src/stm32f4xx_hal_can.c **** }
 1577              		.loc 1 1495 1 is_stmt 0 view .LVU501
 1578 000e 7047     		bx	lr
 1579              	.LVL111:
 1580              	.L130:
1487:Drivers/STM32F4xx_HAL_Driver/Src/stm32f4xx_hal_can.c **** 
 1581              		.loc 1 1487 5 is_stmt 1 view .LVU502
 1582              	.LBB6:
 1583              	.LBI6:
 1584              		.file 2 "Drivers/CMSIS/Include/cmsis_gcc.h"
   1:Drivers/CMSIS/Include/cmsis_gcc.h **** /**************************************************************************//**
   2:Drivers/CMSIS/Include/cmsis_gcc.h ****  * @file     cmsis_gcc.h
   3:Drivers/CMSIS/Include/cmsis_gcc.h ****  * @brief    CMSIS compiler GCC header file
   4:Drivers/CMSIS/Include/cmsis_gcc.h ****  * @version  V5.4.1
   5:Drivers/CMSIS/Include/cmsis_gcc.h ****  * @date     27. May 2021
   6:Drivers/CMSIS/Include/cmsis_gcc.h ****  ******************************************************************************/
   7:Drivers/CMSIS/Include/cmsis_gcc.h **** /*
   8:Drivers/CMSIS/Include/cmsis_gcc.h ****  * Copyright (c) 2009-2021 Arm Limited. All rights reserved.
   9:Drivers/CMSIS/Include/cmsis_gcc.h ****  *
  10:Drivers/CMSIS/Include/cmsis_gcc.h ****  * SPDX-License-Identifier: Apache-2.0
  11:Drivers/CMSIS/Include/cmsis_gcc.h ****  *
  12:Drivers/CMSIS/Include/cmsis_gcc.h ****  * Licensed under the Apache License, Version 2.0 (the License); you may
  13:Drivers/CMSIS/Include/cmsis_gcc.h ****  * not use this file except in compliance with the License.
  14:Drivers/CMSIS/Include/cmsis_gcc.h ****  * You may obtain a copy of the License at
  15:Drivers/CMSIS/Include/cmsis_gcc.h ****  *
  16:Drivers/CMSIS/Include/cmsis_gcc.h ****  * www.apache.org/licenses/LICENSE-2.0
  17:Drivers/CMSIS/Include/cmsis_gcc.h ****  *
  18:Drivers/CMSIS/Include/cmsis_gcc.h ****  * Unless required by applicable law or agreed to in writing, software
  19:Drivers/CMSIS/Include/cmsis_gcc.h ****  * distributed under the License is distributed on an AS IS BASIS, WITHOUT
ARM GAS  /tmp/ccXdCPPU.s 			page 60


  20:Drivers/CMSIS/Include/cmsis_gcc.h ****  * WARRANTIES OR CONDITIONS OF ANY KIND, either express or implied.
  21:Drivers/CMSIS/Include/cmsis_gcc.h ****  * See the License for the specific language governing permissions and
  22:Drivers/CMSIS/Include/cmsis_gcc.h ****  * limitations under the License.
  23:Drivers/CMSIS/Include/cmsis_gcc.h ****  */
  24:Drivers/CMSIS/Include/cmsis_gcc.h **** 
  25:Drivers/CMSIS/Include/cmsis_gcc.h **** #ifndef __CMSIS_GCC_H
  26:Drivers/CMSIS/Include/cmsis_gcc.h **** #define __CMSIS_GCC_H
  27:Drivers/CMSIS/Include/cmsis_gcc.h **** 
  28:Drivers/CMSIS/Include/cmsis_gcc.h **** /* ignore some GCC warnings */
  29:Drivers/CMSIS/Include/cmsis_gcc.h **** #pragma GCC diagnostic push
  30:Drivers/CMSIS/Include/cmsis_gcc.h **** #pragma GCC diagnostic ignored "-Wsign-conversion"
  31:Drivers/CMSIS/Include/cmsis_gcc.h **** #pragma GCC diagnostic ignored "-Wconversion"
  32:Drivers/CMSIS/Include/cmsis_gcc.h **** #pragma GCC diagnostic ignored "-Wunused-parameter"
  33:Drivers/CMSIS/Include/cmsis_gcc.h **** 
  34:Drivers/CMSIS/Include/cmsis_gcc.h **** /* Fallback for __has_builtin */
  35:Drivers/CMSIS/Include/cmsis_gcc.h **** #ifndef __has_builtin
  36:Drivers/CMSIS/Include/cmsis_gcc.h ****   #define __has_builtin(x) (0)
  37:Drivers/CMSIS/Include/cmsis_gcc.h **** #endif
  38:Drivers/CMSIS/Include/cmsis_gcc.h **** 
  39:Drivers/CMSIS/Include/cmsis_gcc.h **** /* CMSIS compiler specific defines */
  40:Drivers/CMSIS/Include/cmsis_gcc.h **** #ifndef   __ASM
  41:Drivers/CMSIS/Include/cmsis_gcc.h ****   #define __ASM                                  __asm
  42:Drivers/CMSIS/Include/cmsis_gcc.h **** #endif
  43:Drivers/CMSIS/Include/cmsis_gcc.h **** #ifndef   __INLINE
  44:Drivers/CMSIS/Include/cmsis_gcc.h ****   #define __INLINE                               inline
  45:Drivers/CMSIS/Include/cmsis_gcc.h **** #endif
  46:Drivers/CMSIS/Include/cmsis_gcc.h **** #ifndef   __STATIC_INLINE
  47:Drivers/CMSIS/Include/cmsis_gcc.h ****   #define __STATIC_INLINE                        static inline
  48:Drivers/CMSIS/Include/cmsis_gcc.h **** #endif
  49:Drivers/CMSIS/Include/cmsis_gcc.h **** #ifndef   __STATIC_FORCEINLINE
  50:Drivers/CMSIS/Include/cmsis_gcc.h ****   #define __STATIC_FORCEINLINE                   __attribute__((always_inline)) static inline
  51:Drivers/CMSIS/Include/cmsis_gcc.h **** #endif
  52:Drivers/CMSIS/Include/cmsis_gcc.h **** #ifndef   __NO_RETURN
  53:Drivers/CMSIS/Include/cmsis_gcc.h ****   #define __NO_RETURN                            __attribute__((__noreturn__))
  54:Drivers/CMSIS/Include/cmsis_gcc.h **** #endif
  55:Drivers/CMSIS/Include/cmsis_gcc.h **** #ifndef   __USED
  56:Drivers/CMSIS/Include/cmsis_gcc.h ****   #define __USED                                 __attribute__((used))
  57:Drivers/CMSIS/Include/cmsis_gcc.h **** #endif
  58:Drivers/CMSIS/Include/cmsis_gcc.h **** #ifndef   __WEAK
  59:Drivers/CMSIS/Include/cmsis_gcc.h ****   #define __WEAK                                 __attribute__((weak))
  60:Drivers/CMSIS/Include/cmsis_gcc.h **** #endif
  61:Drivers/CMSIS/Include/cmsis_gcc.h **** #ifndef   __PACKED
  62:Drivers/CMSIS/Include/cmsis_gcc.h ****   #define __PACKED                               __attribute__((packed, aligned(1)))
  63:Drivers/CMSIS/Include/cmsis_gcc.h **** #endif
  64:Drivers/CMSIS/Include/cmsis_gcc.h **** #ifndef   __PACKED_STRUCT
  65:Drivers/CMSIS/Include/cmsis_gcc.h ****   #define __PACKED_STRUCT                        struct __attribute__((packed, aligned(1)))
  66:Drivers/CMSIS/Include/cmsis_gcc.h **** #endif
  67:Drivers/CMSIS/Include/cmsis_gcc.h **** #ifndef   __PACKED_UNION
  68:Drivers/CMSIS/Include/cmsis_gcc.h ****   #define __PACKED_UNION                         union __attribute__((packed, aligned(1)))
  69:Drivers/CMSIS/Include/cmsis_gcc.h **** #endif
  70:Drivers/CMSIS/Include/cmsis_gcc.h **** #ifndef   __UNALIGNED_UINT32        /* deprecated */
  71:Drivers/CMSIS/Include/cmsis_gcc.h ****   #pragma GCC diagnostic push
  72:Drivers/CMSIS/Include/cmsis_gcc.h ****   #pragma GCC diagnostic ignored "-Wpacked"
  73:Drivers/CMSIS/Include/cmsis_gcc.h ****   #pragma GCC diagnostic ignored "-Wattributes"
  74:Drivers/CMSIS/Include/cmsis_gcc.h ****   struct __attribute__((packed)) T_UINT32 { uint32_t v; };
  75:Drivers/CMSIS/Include/cmsis_gcc.h ****   #pragma GCC diagnostic pop
  76:Drivers/CMSIS/Include/cmsis_gcc.h ****   #define __UNALIGNED_UINT32(x)                  (((struct T_UINT32 *)(x))->v)
ARM GAS  /tmp/ccXdCPPU.s 			page 61


  77:Drivers/CMSIS/Include/cmsis_gcc.h **** #endif
  78:Drivers/CMSIS/Include/cmsis_gcc.h **** #ifndef   __UNALIGNED_UINT16_WRITE
  79:Drivers/CMSIS/Include/cmsis_gcc.h ****   #pragma GCC diagnostic push
  80:Drivers/CMSIS/Include/cmsis_gcc.h ****   #pragma GCC diagnostic ignored "-Wpacked"
  81:Drivers/CMSIS/Include/cmsis_gcc.h ****   #pragma GCC diagnostic ignored "-Wattributes"
  82:Drivers/CMSIS/Include/cmsis_gcc.h ****   __PACKED_STRUCT T_UINT16_WRITE { uint16_t v; };
  83:Drivers/CMSIS/Include/cmsis_gcc.h ****   #pragma GCC diagnostic pop
  84:Drivers/CMSIS/Include/cmsis_gcc.h ****   #define __UNALIGNED_UINT16_WRITE(addr, val)    (void)((((struct T_UINT16_WRITE *)(void *)(addr))-
  85:Drivers/CMSIS/Include/cmsis_gcc.h **** #endif
  86:Drivers/CMSIS/Include/cmsis_gcc.h **** #ifndef   __UNALIGNED_UINT16_READ
  87:Drivers/CMSIS/Include/cmsis_gcc.h ****   #pragma GCC diagnostic push
  88:Drivers/CMSIS/Include/cmsis_gcc.h ****   #pragma GCC diagnostic ignored "-Wpacked"
  89:Drivers/CMSIS/Include/cmsis_gcc.h ****   #pragma GCC diagnostic ignored "-Wattributes"
  90:Drivers/CMSIS/Include/cmsis_gcc.h ****   __PACKED_STRUCT T_UINT16_READ { uint16_t v; };
  91:Drivers/CMSIS/Include/cmsis_gcc.h ****   #pragma GCC diagnostic pop
  92:Drivers/CMSIS/Include/cmsis_gcc.h ****   #define __UNALIGNED_UINT16_READ(addr)          (((const struct T_UINT16_READ *)(const void *)(add
  93:Drivers/CMSIS/Include/cmsis_gcc.h **** #endif
  94:Drivers/CMSIS/Include/cmsis_gcc.h **** #ifndef   __UNALIGNED_UINT32_WRITE
  95:Drivers/CMSIS/Include/cmsis_gcc.h ****   #pragma GCC diagnostic push
  96:Drivers/CMSIS/Include/cmsis_gcc.h ****   #pragma GCC diagnostic ignored "-Wpacked"
  97:Drivers/CMSIS/Include/cmsis_gcc.h ****   #pragma GCC diagnostic ignored "-Wattributes"
  98:Drivers/CMSIS/Include/cmsis_gcc.h ****   __PACKED_STRUCT T_UINT32_WRITE { uint32_t v; };
  99:Drivers/CMSIS/Include/cmsis_gcc.h ****   #pragma GCC diagnostic pop
 100:Drivers/CMSIS/Include/cmsis_gcc.h ****   #define __UNALIGNED_UINT32_WRITE(addr, val)    (void)((((struct T_UINT32_WRITE *)(void *)(addr))-
 101:Drivers/CMSIS/Include/cmsis_gcc.h **** #endif
 102:Drivers/CMSIS/Include/cmsis_gcc.h **** #ifndef   __UNALIGNED_UINT32_READ
 103:Drivers/CMSIS/Include/cmsis_gcc.h ****   #pragma GCC diagnostic push
 104:Drivers/CMSIS/Include/cmsis_gcc.h ****   #pragma GCC diagnostic ignored "-Wpacked"
 105:Drivers/CMSIS/Include/cmsis_gcc.h ****   #pragma GCC diagnostic ignored "-Wattributes"
 106:Drivers/CMSIS/Include/cmsis_gcc.h ****   __PACKED_STRUCT T_UINT32_READ { uint32_t v; };
 107:Drivers/CMSIS/Include/cmsis_gcc.h ****   #pragma GCC diagnostic pop
 108:Drivers/CMSIS/Include/cmsis_gcc.h ****   #define __UNALIGNED_UINT32_READ(addr)          (((const struct T_UINT32_READ *)(const void *)(add
 109:Drivers/CMSIS/Include/cmsis_gcc.h **** #endif
 110:Drivers/CMSIS/Include/cmsis_gcc.h **** #ifndef   __ALIGNED
 111:Drivers/CMSIS/Include/cmsis_gcc.h ****   #define __ALIGNED(x)                           __attribute__((aligned(x)))
 112:Drivers/CMSIS/Include/cmsis_gcc.h **** #endif
 113:Drivers/CMSIS/Include/cmsis_gcc.h **** #ifndef   __RESTRICT
 114:Drivers/CMSIS/Include/cmsis_gcc.h ****   #define __RESTRICT                             __restrict
 115:Drivers/CMSIS/Include/cmsis_gcc.h **** #endif
 116:Drivers/CMSIS/Include/cmsis_gcc.h **** #ifndef   __COMPILER_BARRIER
 117:Drivers/CMSIS/Include/cmsis_gcc.h ****   #define __COMPILER_BARRIER()                   __ASM volatile("":::"memory")
 118:Drivers/CMSIS/Include/cmsis_gcc.h **** #endif
 119:Drivers/CMSIS/Include/cmsis_gcc.h **** 
 120:Drivers/CMSIS/Include/cmsis_gcc.h **** /* #########################  Startup and Lowlevel Init  ######################## */
 121:Drivers/CMSIS/Include/cmsis_gcc.h **** 
 122:Drivers/CMSIS/Include/cmsis_gcc.h **** #ifndef __PROGRAM_START
 123:Drivers/CMSIS/Include/cmsis_gcc.h **** 
 124:Drivers/CMSIS/Include/cmsis_gcc.h **** /**
 125:Drivers/CMSIS/Include/cmsis_gcc.h ****   \brief   Initializes data and bss sections
 126:Drivers/CMSIS/Include/cmsis_gcc.h ****   \details This default implementations initialized all data and additional bss
 127:Drivers/CMSIS/Include/cmsis_gcc.h ****            sections relying on .copy.table and .zero.table specified properly
 128:Drivers/CMSIS/Include/cmsis_gcc.h ****            in the used linker script.
 129:Drivers/CMSIS/Include/cmsis_gcc.h **** 
 130:Drivers/CMSIS/Include/cmsis_gcc.h ****  */
 131:Drivers/CMSIS/Include/cmsis_gcc.h **** __STATIC_FORCEINLINE __NO_RETURN void __cmsis_start(void)
 132:Drivers/CMSIS/Include/cmsis_gcc.h **** {
 133:Drivers/CMSIS/Include/cmsis_gcc.h ****   extern void _start(void) __NO_RETURN;
ARM GAS  /tmp/ccXdCPPU.s 			page 62


 134:Drivers/CMSIS/Include/cmsis_gcc.h **** 
 135:Drivers/CMSIS/Include/cmsis_gcc.h ****   typedef struct {
 136:Drivers/CMSIS/Include/cmsis_gcc.h ****     uint32_t const* src;
 137:Drivers/CMSIS/Include/cmsis_gcc.h ****     uint32_t* dest;
 138:Drivers/CMSIS/Include/cmsis_gcc.h ****     uint32_t  wlen;
 139:Drivers/CMSIS/Include/cmsis_gcc.h ****   } __copy_table_t;
 140:Drivers/CMSIS/Include/cmsis_gcc.h **** 
 141:Drivers/CMSIS/Include/cmsis_gcc.h ****   typedef struct {
 142:Drivers/CMSIS/Include/cmsis_gcc.h ****     uint32_t* dest;
 143:Drivers/CMSIS/Include/cmsis_gcc.h ****     uint32_t  wlen;
 144:Drivers/CMSIS/Include/cmsis_gcc.h ****   } __zero_table_t;
 145:Drivers/CMSIS/Include/cmsis_gcc.h **** 
 146:Drivers/CMSIS/Include/cmsis_gcc.h ****   extern const __copy_table_t __copy_table_start__;
 147:Drivers/CMSIS/Include/cmsis_gcc.h ****   extern const __copy_table_t __copy_table_end__;
 148:Drivers/CMSIS/Include/cmsis_gcc.h ****   extern const __zero_table_t __zero_table_start__;
 149:Drivers/CMSIS/Include/cmsis_gcc.h ****   extern const __zero_table_t __zero_table_end__;
 150:Drivers/CMSIS/Include/cmsis_gcc.h **** 
 151:Drivers/CMSIS/Include/cmsis_gcc.h ****   for (__copy_table_t const* pTable = &__copy_table_start__; pTable < &__copy_table_end__; ++pTable
 152:Drivers/CMSIS/Include/cmsis_gcc.h ****     for(uint32_t i=0u; i<pTable->wlen; ++i) {
 153:Drivers/CMSIS/Include/cmsis_gcc.h ****       pTable->dest[i] = pTable->src[i];
 154:Drivers/CMSIS/Include/cmsis_gcc.h ****     }
 155:Drivers/CMSIS/Include/cmsis_gcc.h ****   }
 156:Drivers/CMSIS/Include/cmsis_gcc.h **** 
 157:Drivers/CMSIS/Include/cmsis_gcc.h ****   for (__zero_table_t const* pTable = &__zero_table_start__; pTable < &__zero_table_end__; ++pTable
 158:Drivers/CMSIS/Include/cmsis_gcc.h ****     for(uint32_t i=0u; i<pTable->wlen; ++i) {
 159:Drivers/CMSIS/Include/cmsis_gcc.h ****       pTable->dest[i] = 0u;
 160:Drivers/CMSIS/Include/cmsis_gcc.h ****     }
 161:Drivers/CMSIS/Include/cmsis_gcc.h ****   }
 162:Drivers/CMSIS/Include/cmsis_gcc.h **** 
 163:Drivers/CMSIS/Include/cmsis_gcc.h ****   _start();
 164:Drivers/CMSIS/Include/cmsis_gcc.h **** }
 165:Drivers/CMSIS/Include/cmsis_gcc.h **** 
 166:Drivers/CMSIS/Include/cmsis_gcc.h **** #define __PROGRAM_START           __cmsis_start
 167:Drivers/CMSIS/Include/cmsis_gcc.h **** #endif
 168:Drivers/CMSIS/Include/cmsis_gcc.h **** 
 169:Drivers/CMSIS/Include/cmsis_gcc.h **** #ifndef __INITIAL_SP
 170:Drivers/CMSIS/Include/cmsis_gcc.h **** #define __INITIAL_SP              __StackTop
 171:Drivers/CMSIS/Include/cmsis_gcc.h **** #endif
 172:Drivers/CMSIS/Include/cmsis_gcc.h **** 
 173:Drivers/CMSIS/Include/cmsis_gcc.h **** #ifndef __STACK_LIMIT
 174:Drivers/CMSIS/Include/cmsis_gcc.h **** #define __STACK_LIMIT             __StackLimit
 175:Drivers/CMSIS/Include/cmsis_gcc.h **** #endif
 176:Drivers/CMSIS/Include/cmsis_gcc.h **** 
 177:Drivers/CMSIS/Include/cmsis_gcc.h **** #ifndef __VECTOR_TABLE
 178:Drivers/CMSIS/Include/cmsis_gcc.h **** #define __VECTOR_TABLE            __Vectors
 179:Drivers/CMSIS/Include/cmsis_gcc.h **** #endif
 180:Drivers/CMSIS/Include/cmsis_gcc.h **** 
 181:Drivers/CMSIS/Include/cmsis_gcc.h **** #ifndef __VECTOR_TABLE_ATTRIBUTE
 182:Drivers/CMSIS/Include/cmsis_gcc.h **** #define __VECTOR_TABLE_ATTRIBUTE  __attribute__((used, section(".vectors")))
 183:Drivers/CMSIS/Include/cmsis_gcc.h **** #endif
 184:Drivers/CMSIS/Include/cmsis_gcc.h **** 
 185:Drivers/CMSIS/Include/cmsis_gcc.h **** #if defined (__ARM_FEATURE_CMSE) && (__ARM_FEATURE_CMSE == 3U)
 186:Drivers/CMSIS/Include/cmsis_gcc.h **** #ifndef __STACK_SEAL
 187:Drivers/CMSIS/Include/cmsis_gcc.h **** #define __STACK_SEAL              __StackSeal
 188:Drivers/CMSIS/Include/cmsis_gcc.h **** #endif
 189:Drivers/CMSIS/Include/cmsis_gcc.h **** 
 190:Drivers/CMSIS/Include/cmsis_gcc.h **** #ifndef __TZ_STACK_SEAL_SIZE
ARM GAS  /tmp/ccXdCPPU.s 			page 63


 191:Drivers/CMSIS/Include/cmsis_gcc.h **** #define __TZ_STACK_SEAL_SIZE      8U
 192:Drivers/CMSIS/Include/cmsis_gcc.h **** #endif
 193:Drivers/CMSIS/Include/cmsis_gcc.h **** 
 194:Drivers/CMSIS/Include/cmsis_gcc.h **** #ifndef __TZ_STACK_SEAL_VALUE
 195:Drivers/CMSIS/Include/cmsis_gcc.h **** #define __TZ_STACK_SEAL_VALUE     0xFEF5EDA5FEF5EDA5ULL
 196:Drivers/CMSIS/Include/cmsis_gcc.h **** #endif
 197:Drivers/CMSIS/Include/cmsis_gcc.h **** 
 198:Drivers/CMSIS/Include/cmsis_gcc.h **** 
 199:Drivers/CMSIS/Include/cmsis_gcc.h **** __STATIC_FORCEINLINE void __TZ_set_STACKSEAL_S (uint32_t* stackTop) {
 200:Drivers/CMSIS/Include/cmsis_gcc.h ****   *((uint64_t *)stackTop) = __TZ_STACK_SEAL_VALUE;
 201:Drivers/CMSIS/Include/cmsis_gcc.h **** }
 202:Drivers/CMSIS/Include/cmsis_gcc.h **** #endif
 203:Drivers/CMSIS/Include/cmsis_gcc.h **** 
 204:Drivers/CMSIS/Include/cmsis_gcc.h **** 
 205:Drivers/CMSIS/Include/cmsis_gcc.h **** /* ##########################  Core Instruction Access  ######################### */
 206:Drivers/CMSIS/Include/cmsis_gcc.h **** /** \defgroup CMSIS_Core_InstructionInterface CMSIS Core Instruction Interface
 207:Drivers/CMSIS/Include/cmsis_gcc.h ****   Access to dedicated instructions
 208:Drivers/CMSIS/Include/cmsis_gcc.h ****   @{
 209:Drivers/CMSIS/Include/cmsis_gcc.h **** */
 210:Drivers/CMSIS/Include/cmsis_gcc.h **** 
 211:Drivers/CMSIS/Include/cmsis_gcc.h **** /* Define macros for porting to both thumb1 and thumb2.
 212:Drivers/CMSIS/Include/cmsis_gcc.h ****  * For thumb1, use low register (r0-r7), specified by constraint "l"
 213:Drivers/CMSIS/Include/cmsis_gcc.h ****  * Otherwise, use general registers, specified by constraint "r" */
 214:Drivers/CMSIS/Include/cmsis_gcc.h **** #if defined (__thumb__) && !defined (__thumb2__)
 215:Drivers/CMSIS/Include/cmsis_gcc.h **** #define __CMSIS_GCC_OUT_REG(r) "=l" (r)
 216:Drivers/CMSIS/Include/cmsis_gcc.h **** #define __CMSIS_GCC_RW_REG(r) "+l" (r)
 217:Drivers/CMSIS/Include/cmsis_gcc.h **** #define __CMSIS_GCC_USE_REG(r) "l" (r)
 218:Drivers/CMSIS/Include/cmsis_gcc.h **** #else
 219:Drivers/CMSIS/Include/cmsis_gcc.h **** #define __CMSIS_GCC_OUT_REG(r) "=r" (r)
 220:Drivers/CMSIS/Include/cmsis_gcc.h **** #define __CMSIS_GCC_RW_REG(r) "+r" (r)
 221:Drivers/CMSIS/Include/cmsis_gcc.h **** #define __CMSIS_GCC_USE_REG(r) "r" (r)
 222:Drivers/CMSIS/Include/cmsis_gcc.h **** #endif
 223:Drivers/CMSIS/Include/cmsis_gcc.h **** 
 224:Drivers/CMSIS/Include/cmsis_gcc.h **** /**
 225:Drivers/CMSIS/Include/cmsis_gcc.h ****   \brief   No Operation
 226:Drivers/CMSIS/Include/cmsis_gcc.h ****   \details No Operation does nothing. This instruction can be used for code alignment purposes.
 227:Drivers/CMSIS/Include/cmsis_gcc.h ****  */
 228:Drivers/CMSIS/Include/cmsis_gcc.h **** #define __NOP()                             __ASM volatile ("nop")
 229:Drivers/CMSIS/Include/cmsis_gcc.h **** 
 230:Drivers/CMSIS/Include/cmsis_gcc.h **** /**
 231:Drivers/CMSIS/Include/cmsis_gcc.h ****   \brief   Wait For Interrupt
 232:Drivers/CMSIS/Include/cmsis_gcc.h ****   \details Wait For Interrupt is a hint instruction that suspends execution until one of a number o
 233:Drivers/CMSIS/Include/cmsis_gcc.h ****  */
 234:Drivers/CMSIS/Include/cmsis_gcc.h **** #define __WFI()                             __ASM volatile ("wfi":::"memory")
 235:Drivers/CMSIS/Include/cmsis_gcc.h **** 
 236:Drivers/CMSIS/Include/cmsis_gcc.h **** 
 237:Drivers/CMSIS/Include/cmsis_gcc.h **** /**
 238:Drivers/CMSIS/Include/cmsis_gcc.h ****   \brief   Wait For Event
 239:Drivers/CMSIS/Include/cmsis_gcc.h ****   \details Wait For Event is a hint instruction that permits the processor to enter
 240:Drivers/CMSIS/Include/cmsis_gcc.h ****            a low-power state until one of a number of events occurs.
 241:Drivers/CMSIS/Include/cmsis_gcc.h ****  */
 242:Drivers/CMSIS/Include/cmsis_gcc.h **** #define __WFE()                             __ASM volatile ("wfe":::"memory")
 243:Drivers/CMSIS/Include/cmsis_gcc.h **** 
 244:Drivers/CMSIS/Include/cmsis_gcc.h **** 
 245:Drivers/CMSIS/Include/cmsis_gcc.h **** /**
 246:Drivers/CMSIS/Include/cmsis_gcc.h ****   \brief   Send Event
 247:Drivers/CMSIS/Include/cmsis_gcc.h ****   \details Send Event is a hint instruction. It causes an event to be signaled to the CPU.
ARM GAS  /tmp/ccXdCPPU.s 			page 64


 248:Drivers/CMSIS/Include/cmsis_gcc.h ****  */
 249:Drivers/CMSIS/Include/cmsis_gcc.h **** #define __SEV()                             __ASM volatile ("sev")
 250:Drivers/CMSIS/Include/cmsis_gcc.h **** 
 251:Drivers/CMSIS/Include/cmsis_gcc.h **** 
 252:Drivers/CMSIS/Include/cmsis_gcc.h **** /**
 253:Drivers/CMSIS/Include/cmsis_gcc.h ****   \brief   Instruction Synchronization Barrier
 254:Drivers/CMSIS/Include/cmsis_gcc.h ****   \details Instruction Synchronization Barrier flushes the pipeline in the processor,
 255:Drivers/CMSIS/Include/cmsis_gcc.h ****            so that all instructions following the ISB are fetched from cache or memory,
 256:Drivers/CMSIS/Include/cmsis_gcc.h ****            after the instruction has been completed.
 257:Drivers/CMSIS/Include/cmsis_gcc.h ****  */
 258:Drivers/CMSIS/Include/cmsis_gcc.h **** __STATIC_FORCEINLINE void __ISB(void)
 259:Drivers/CMSIS/Include/cmsis_gcc.h **** {
 260:Drivers/CMSIS/Include/cmsis_gcc.h ****   __ASM volatile ("isb 0xF":::"memory");
 261:Drivers/CMSIS/Include/cmsis_gcc.h **** }
 262:Drivers/CMSIS/Include/cmsis_gcc.h **** 
 263:Drivers/CMSIS/Include/cmsis_gcc.h **** 
 264:Drivers/CMSIS/Include/cmsis_gcc.h **** /**
 265:Drivers/CMSIS/Include/cmsis_gcc.h ****   \brief   Data Synchronization Barrier
 266:Drivers/CMSIS/Include/cmsis_gcc.h ****   \details Acts as a special kind of Data Memory Barrier.
 267:Drivers/CMSIS/Include/cmsis_gcc.h ****            It completes when all explicit memory accesses before this instruction complete.
 268:Drivers/CMSIS/Include/cmsis_gcc.h ****  */
 269:Drivers/CMSIS/Include/cmsis_gcc.h **** __STATIC_FORCEINLINE void __DSB(void)
 270:Drivers/CMSIS/Include/cmsis_gcc.h **** {
 271:Drivers/CMSIS/Include/cmsis_gcc.h ****   __ASM volatile ("dsb 0xF":::"memory");
 272:Drivers/CMSIS/Include/cmsis_gcc.h **** }
 273:Drivers/CMSIS/Include/cmsis_gcc.h **** 
 274:Drivers/CMSIS/Include/cmsis_gcc.h **** 
 275:Drivers/CMSIS/Include/cmsis_gcc.h **** /**
 276:Drivers/CMSIS/Include/cmsis_gcc.h ****   \brief   Data Memory Barrier
 277:Drivers/CMSIS/Include/cmsis_gcc.h ****   \details Ensures the apparent order of the explicit memory operations before
 278:Drivers/CMSIS/Include/cmsis_gcc.h ****            and after the instruction, without ensuring their completion.
 279:Drivers/CMSIS/Include/cmsis_gcc.h ****  */
 280:Drivers/CMSIS/Include/cmsis_gcc.h **** __STATIC_FORCEINLINE void __DMB(void)
 281:Drivers/CMSIS/Include/cmsis_gcc.h **** {
 282:Drivers/CMSIS/Include/cmsis_gcc.h ****   __ASM volatile ("dmb 0xF":::"memory");
 283:Drivers/CMSIS/Include/cmsis_gcc.h **** }
 284:Drivers/CMSIS/Include/cmsis_gcc.h **** 
 285:Drivers/CMSIS/Include/cmsis_gcc.h **** 
 286:Drivers/CMSIS/Include/cmsis_gcc.h **** /**
 287:Drivers/CMSIS/Include/cmsis_gcc.h ****   \brief   Reverse byte order (32 bit)
 288:Drivers/CMSIS/Include/cmsis_gcc.h ****   \details Reverses the byte order in unsigned integer value. For example, 0x12345678 becomes 0x785
 289:Drivers/CMSIS/Include/cmsis_gcc.h ****   \param [in]    value  Value to reverse
 290:Drivers/CMSIS/Include/cmsis_gcc.h ****   \return               Reversed value
 291:Drivers/CMSIS/Include/cmsis_gcc.h ****  */
 292:Drivers/CMSIS/Include/cmsis_gcc.h **** __STATIC_FORCEINLINE uint32_t __REV(uint32_t value)
 293:Drivers/CMSIS/Include/cmsis_gcc.h **** {
 294:Drivers/CMSIS/Include/cmsis_gcc.h **** #if (__GNUC__ > 4) || (__GNUC__ == 4 && __GNUC_MINOR__ >= 5)
 295:Drivers/CMSIS/Include/cmsis_gcc.h ****   return __builtin_bswap32(value);
 296:Drivers/CMSIS/Include/cmsis_gcc.h **** #else
 297:Drivers/CMSIS/Include/cmsis_gcc.h ****   uint32_t result;
 298:Drivers/CMSIS/Include/cmsis_gcc.h **** 
 299:Drivers/CMSIS/Include/cmsis_gcc.h ****   __ASM ("rev %0, %1" : __CMSIS_GCC_OUT_REG (result) : __CMSIS_GCC_USE_REG (value) );
 300:Drivers/CMSIS/Include/cmsis_gcc.h ****   return result;
 301:Drivers/CMSIS/Include/cmsis_gcc.h **** #endif
 302:Drivers/CMSIS/Include/cmsis_gcc.h **** }
 303:Drivers/CMSIS/Include/cmsis_gcc.h **** 
 304:Drivers/CMSIS/Include/cmsis_gcc.h **** 
ARM GAS  /tmp/ccXdCPPU.s 			page 65


 305:Drivers/CMSIS/Include/cmsis_gcc.h **** /**
 306:Drivers/CMSIS/Include/cmsis_gcc.h ****   \brief   Reverse byte order (16 bit)
 307:Drivers/CMSIS/Include/cmsis_gcc.h ****   \details Reverses the byte order within each halfword of a word. For example, 0x12345678 becomes 
 308:Drivers/CMSIS/Include/cmsis_gcc.h ****   \param [in]    value  Value to reverse
 309:Drivers/CMSIS/Include/cmsis_gcc.h ****   \return               Reversed value
 310:Drivers/CMSIS/Include/cmsis_gcc.h ****  */
 311:Drivers/CMSIS/Include/cmsis_gcc.h **** __STATIC_FORCEINLINE uint32_t __REV16(uint32_t value)
 312:Drivers/CMSIS/Include/cmsis_gcc.h **** {
 313:Drivers/CMSIS/Include/cmsis_gcc.h ****   uint32_t result;
 314:Drivers/CMSIS/Include/cmsis_gcc.h **** 
 315:Drivers/CMSIS/Include/cmsis_gcc.h ****   __ASM ("rev16 %0, %1" : __CMSIS_GCC_OUT_REG (result) : __CMSIS_GCC_USE_REG (value) );
 316:Drivers/CMSIS/Include/cmsis_gcc.h ****   return result;
 317:Drivers/CMSIS/Include/cmsis_gcc.h **** }
 318:Drivers/CMSIS/Include/cmsis_gcc.h **** 
 319:Drivers/CMSIS/Include/cmsis_gcc.h **** 
 320:Drivers/CMSIS/Include/cmsis_gcc.h **** /**
 321:Drivers/CMSIS/Include/cmsis_gcc.h ****   \brief   Reverse byte order (16 bit)
 322:Drivers/CMSIS/Include/cmsis_gcc.h ****   \details Reverses the byte order in a 16-bit value and returns the signed 16-bit result. For exam
 323:Drivers/CMSIS/Include/cmsis_gcc.h ****   \param [in]    value  Value to reverse
 324:Drivers/CMSIS/Include/cmsis_gcc.h ****   \return               Reversed value
 325:Drivers/CMSIS/Include/cmsis_gcc.h ****  */
 326:Drivers/CMSIS/Include/cmsis_gcc.h **** __STATIC_FORCEINLINE int16_t __REVSH(int16_t value)
 327:Drivers/CMSIS/Include/cmsis_gcc.h **** {
 328:Drivers/CMSIS/Include/cmsis_gcc.h **** #if (__GNUC__ > 4) || (__GNUC__ == 4 && __GNUC_MINOR__ >= 8)
 329:Drivers/CMSIS/Include/cmsis_gcc.h ****   return (int16_t)__builtin_bswap16(value);
 330:Drivers/CMSIS/Include/cmsis_gcc.h **** #else
 331:Drivers/CMSIS/Include/cmsis_gcc.h ****   int16_t result;
 332:Drivers/CMSIS/Include/cmsis_gcc.h **** 
 333:Drivers/CMSIS/Include/cmsis_gcc.h ****   __ASM ("revsh %0, %1" : __CMSIS_GCC_OUT_REG (result) : __CMSIS_GCC_USE_REG (value) );
 334:Drivers/CMSIS/Include/cmsis_gcc.h ****   return result;
 335:Drivers/CMSIS/Include/cmsis_gcc.h **** #endif
 336:Drivers/CMSIS/Include/cmsis_gcc.h **** }
 337:Drivers/CMSIS/Include/cmsis_gcc.h **** 
 338:Drivers/CMSIS/Include/cmsis_gcc.h **** 
 339:Drivers/CMSIS/Include/cmsis_gcc.h **** /**
 340:Drivers/CMSIS/Include/cmsis_gcc.h ****   \brief   Rotate Right in unsigned value (32 bit)
 341:Drivers/CMSIS/Include/cmsis_gcc.h ****   \details Rotate Right (immediate) provides the value of the contents of a register rotated by a v
 342:Drivers/CMSIS/Include/cmsis_gcc.h ****   \param [in]    op1  Value to rotate
 343:Drivers/CMSIS/Include/cmsis_gcc.h ****   \param [in]    op2  Number of Bits to rotate
 344:Drivers/CMSIS/Include/cmsis_gcc.h ****   \return               Rotated value
 345:Drivers/CMSIS/Include/cmsis_gcc.h ****  */
 346:Drivers/CMSIS/Include/cmsis_gcc.h **** __STATIC_FORCEINLINE uint32_t __ROR(uint32_t op1, uint32_t op2)
 347:Drivers/CMSIS/Include/cmsis_gcc.h **** {
 348:Drivers/CMSIS/Include/cmsis_gcc.h ****   op2 %= 32U;
 349:Drivers/CMSIS/Include/cmsis_gcc.h ****   if (op2 == 0U)
 350:Drivers/CMSIS/Include/cmsis_gcc.h ****   {
 351:Drivers/CMSIS/Include/cmsis_gcc.h ****     return op1;
 352:Drivers/CMSIS/Include/cmsis_gcc.h ****   }
 353:Drivers/CMSIS/Include/cmsis_gcc.h ****   return (op1 >> op2) | (op1 << (32U - op2));
 354:Drivers/CMSIS/Include/cmsis_gcc.h **** }
 355:Drivers/CMSIS/Include/cmsis_gcc.h **** 
 356:Drivers/CMSIS/Include/cmsis_gcc.h **** 
 357:Drivers/CMSIS/Include/cmsis_gcc.h **** /**
 358:Drivers/CMSIS/Include/cmsis_gcc.h ****   \brief   Breakpoint
 359:Drivers/CMSIS/Include/cmsis_gcc.h ****   \details Causes the processor to enter Debug state.
 360:Drivers/CMSIS/Include/cmsis_gcc.h ****            Debug tools can use this to investigate system state when the instruction at a particula
 361:Drivers/CMSIS/Include/cmsis_gcc.h ****   \param [in]    value  is ignored by the processor.
ARM GAS  /tmp/ccXdCPPU.s 			page 66


 362:Drivers/CMSIS/Include/cmsis_gcc.h ****                  If required, a debugger can use it to store additional information about the break
 363:Drivers/CMSIS/Include/cmsis_gcc.h ****  */
 364:Drivers/CMSIS/Include/cmsis_gcc.h **** #define __BKPT(value)                       __ASM volatile ("bkpt "#value)
 365:Drivers/CMSIS/Include/cmsis_gcc.h **** 
 366:Drivers/CMSIS/Include/cmsis_gcc.h **** 
 367:Drivers/CMSIS/Include/cmsis_gcc.h **** /**
 368:Drivers/CMSIS/Include/cmsis_gcc.h ****   \brief   Reverse bit order of value
 369:Drivers/CMSIS/Include/cmsis_gcc.h ****   \details Reverses the bit order of the given value.
 370:Drivers/CMSIS/Include/cmsis_gcc.h ****   \param [in]    value  Value to reverse
 371:Drivers/CMSIS/Include/cmsis_gcc.h ****   \return               Reversed value
 372:Drivers/CMSIS/Include/cmsis_gcc.h ****  */
 373:Drivers/CMSIS/Include/cmsis_gcc.h **** __STATIC_FORCEINLINE uint32_t __RBIT(uint32_t value)
 1585              		.loc 2 373 31 view .LVU503
 1586              	.LBB7:
 374:Drivers/CMSIS/Include/cmsis_gcc.h **** {
 375:Drivers/CMSIS/Include/cmsis_gcc.h ****   uint32_t result;
 1587              		.loc 2 375 3 view .LVU504
 376:Drivers/CMSIS/Include/cmsis_gcc.h **** 
 377:Drivers/CMSIS/Include/cmsis_gcc.h **** #if ((defined (__ARM_ARCH_7M__      ) && (__ARM_ARCH_7M__      == 1)) || \
 378:Drivers/CMSIS/Include/cmsis_gcc.h ****      (defined (__ARM_ARCH_7EM__     ) && (__ARM_ARCH_7EM__     == 1)) || \
 379:Drivers/CMSIS/Include/cmsis_gcc.h ****      (defined (__ARM_ARCH_8M_MAIN__ ) && (__ARM_ARCH_8M_MAIN__ == 1))    )
 380:Drivers/CMSIS/Include/cmsis_gcc.h ****    __ASM ("rbit %0, %1" : "=r" (result) : "r" (value) );
 1588              		.loc 2 380 4 view .LVU505
 1589              		.syntax unified
 1590              	@ 380 "Drivers/CMSIS/Include/cmsis_gcc.h" 1
 1591 0010 91FAA1F1 		rbit r1, r1
 1592              	@ 0 "" 2
 1593              	.LVL112:
 381:Drivers/CMSIS/Include/cmsis_gcc.h **** #else
 382:Drivers/CMSIS/Include/cmsis_gcc.h ****   uint32_t s = (4U /*sizeof(v)*/ * 8U) - 1U; /* extra shift needed at end */
 383:Drivers/CMSIS/Include/cmsis_gcc.h **** 
 384:Drivers/CMSIS/Include/cmsis_gcc.h ****   result = value;                      /* r will be reversed bits of v; first get LSB of v */
 385:Drivers/CMSIS/Include/cmsis_gcc.h ****   for (value >>= 1U; value != 0U; value >>= 1U)
 386:Drivers/CMSIS/Include/cmsis_gcc.h ****   {
 387:Drivers/CMSIS/Include/cmsis_gcc.h ****     result <<= 1U;
 388:Drivers/CMSIS/Include/cmsis_gcc.h ****     result |= value & 1U;
 389:Drivers/CMSIS/Include/cmsis_gcc.h ****     s--;
 390:Drivers/CMSIS/Include/cmsis_gcc.h ****   }
 391:Drivers/CMSIS/Include/cmsis_gcc.h ****   result <<= s;                        /* shift when v's highest bits are zero */
 392:Drivers/CMSIS/Include/cmsis_gcc.h **** #endif
 393:Drivers/CMSIS/Include/cmsis_gcc.h ****   return result;
 1594              		.loc 2 393 3 view .LVU506
 1595              		.loc 2 393 3 is_stmt 0 view .LVU507
 1596              		.thumb
 1597              		.syntax unified
 1598              	.LBE7:
 1599              	.LBE6:
 1600              	.LBB8:
 1601              	.LBI8:
 394:Drivers/CMSIS/Include/cmsis_gcc.h **** }
 395:Drivers/CMSIS/Include/cmsis_gcc.h **** 
 396:Drivers/CMSIS/Include/cmsis_gcc.h **** 
 397:Drivers/CMSIS/Include/cmsis_gcc.h **** /**
 398:Drivers/CMSIS/Include/cmsis_gcc.h ****   \brief   Count leading zeros
 399:Drivers/CMSIS/Include/cmsis_gcc.h ****   \details Counts the number of leading zeros of a data value.
 400:Drivers/CMSIS/Include/cmsis_gcc.h ****   \param [in]  value  Value to count the leading zeros
 401:Drivers/CMSIS/Include/cmsis_gcc.h ****   \return             number of leading zeros in value
ARM GAS  /tmp/ccXdCPPU.s 			page 67


 402:Drivers/CMSIS/Include/cmsis_gcc.h ****  */
 403:Drivers/CMSIS/Include/cmsis_gcc.h **** __STATIC_FORCEINLINE uint8_t __CLZ(uint32_t value)
 1602              		.loc 2 403 30 is_stmt 1 view .LVU508
 1603              	.LBB9:
 404:Drivers/CMSIS/Include/cmsis_gcc.h **** {
 405:Drivers/CMSIS/Include/cmsis_gcc.h ****   /* Even though __builtin_clz produces a CLZ instruction on ARM, formally
 406:Drivers/CMSIS/Include/cmsis_gcc.h ****      __builtin_clz(0) is undefined behaviour, so handle this case specially.
 407:Drivers/CMSIS/Include/cmsis_gcc.h ****      This guarantees ARM-compatible results if happening to compile on a non-ARM
 408:Drivers/CMSIS/Include/cmsis_gcc.h ****      target, and ensures the compiler doesn't decide to activate any
 409:Drivers/CMSIS/Include/cmsis_gcc.h ****      optimisations using the logic "value was passed to __builtin_clz, so it
 410:Drivers/CMSIS/Include/cmsis_gcc.h ****      is non-zero".
 411:Drivers/CMSIS/Include/cmsis_gcc.h ****      ARM GCC 7.3 and possibly earlier will optimise this test away, leaving a
 412:Drivers/CMSIS/Include/cmsis_gcc.h ****      single CLZ instruction.
 413:Drivers/CMSIS/Include/cmsis_gcc.h ****    */
 414:Drivers/CMSIS/Include/cmsis_gcc.h ****   if (value == 0U)
 1604              		.loc 2 414 3 view .LVU509
 1605              		.loc 2 414 6 is_stmt 0 view .LVU510
 1606 0014 41B1     		cbz	r1, .L129
 415:Drivers/CMSIS/Include/cmsis_gcc.h ****   {
 416:Drivers/CMSIS/Include/cmsis_gcc.h ****     return 32U;
 417:Drivers/CMSIS/Include/cmsis_gcc.h ****   }
 418:Drivers/CMSIS/Include/cmsis_gcc.h ****   return __builtin_clz(value);
 1607              		.loc 2 418 3 is_stmt 1 view .LVU511
 1608              		.loc 2 418 10 is_stmt 0 view .LVU512
 1609 0016 B1FA81F1 		clz	r1, r1
 1610              	.LVL113:
 1611              	.L127:
 1612              		.loc 2 418 10 view .LVU513
 1613              	.LBE9:
 1614              	.LBE8:
1490:Drivers/STM32F4xx_HAL_Driver/Src/stm32f4xx_hal_can.c ****   }
 1615              		.loc 1 1490 5 is_stmt 1 view .LVU514
1490:Drivers/STM32F4xx_HAL_Driver/Src/stm32f4xx_hal_can.c ****   }
 1616              		.loc 1 1490 22 is_stmt 0 view .LVU515
 1617 001a 0368     		ldr	r3, [r0]
1490:Drivers/STM32F4xx_HAL_Driver/Src/stm32f4xx_hal_can.c ****   }
 1618              		.loc 1 1490 61 view .LVU516
 1619 001c 1831     		adds	r1, r1, #24
 1620              	.LVL114:
1490:Drivers/STM32F4xx_HAL_Driver/Src/stm32f4xx_hal_can.c ****   }
 1621              		.loc 1 1490 61 view .LVU517
 1622 001e 03EB0111 		add	r1, r3, r1, lsl #4
 1623              	.LVL115:
1490:Drivers/STM32F4xx_HAL_Driver/Src/stm32f4xx_hal_can.c ****   }
 1624              		.loc 1 1490 61 view .LVU518
 1625 0022 4868     		ldr	r0, [r1, #4]
 1626              	.LVL116:
1490:Drivers/STM32F4xx_HAL_Driver/Src/stm32f4xx_hal_can.c ****   }
 1627              		.loc 1 1490 85 view .LVU519
 1628 0024 000C     		lsrs	r0, r0, #16
 1629              	.LVL117:
1490:Drivers/STM32F4xx_HAL_Driver/Src/stm32f4xx_hal_can.c ****   }
 1630              		.loc 1 1490 85 view .LVU520
 1631 0026 7047     		bx	lr
 1632              	.LVL118:
 1633              	.L129:
 1634              	.LBB11:
ARM GAS  /tmp/ccXdCPPU.s 			page 68


 1635              	.LBB10:
 416:Drivers/CMSIS/Include/cmsis_gcc.h ****   }
 1636              		.loc 2 416 12 view .LVU521
 1637 0028 2021     		movs	r1, #32
 1638              	.LVL119:
 416:Drivers/CMSIS/Include/cmsis_gcc.h ****   }
 1639              		.loc 2 416 12 view .LVU522
 1640 002a F6E7     		b	.L127
 1641              	.LBE10:
 1642              	.LBE11:
 1643              		.cfi_endproc
 1644              	.LFE148:
 1646              		.section	.text.HAL_CAN_GetRxMessage,"ax",%progbits
 1647              		.align	1
 1648              		.global	HAL_CAN_GetRxMessage
 1649              		.syntax unified
 1650              		.thumb
 1651              		.thumb_func
 1652              		.fpu fpv4-sp-d16
 1654              	HAL_CAN_GetRxMessage:
 1655              	.LVL120:
 1656              	.LFB149:
1496:Drivers/STM32F4xx_HAL_Driver/Src/stm32f4xx_hal_can.c **** 
1497:Drivers/STM32F4xx_HAL_Driver/Src/stm32f4xx_hal_can.c **** /**
1498:Drivers/STM32F4xx_HAL_Driver/Src/stm32f4xx_hal_can.c ****   * @brief  Get an CAN frame from the Rx FIFO zone into the message RAM.
1499:Drivers/STM32F4xx_HAL_Driver/Src/stm32f4xx_hal_can.c ****   * @param  hcan pointer to an CAN_HandleTypeDef structure that contains
1500:Drivers/STM32F4xx_HAL_Driver/Src/stm32f4xx_hal_can.c ****   *         the configuration information for the specified CAN.
1501:Drivers/STM32F4xx_HAL_Driver/Src/stm32f4xx_hal_can.c ****   * @param  RxFifo Fifo number of the received message to be read.
1502:Drivers/STM32F4xx_HAL_Driver/Src/stm32f4xx_hal_can.c ****   *         This parameter can be a value of @arg CAN_receive_FIFO_number.
1503:Drivers/STM32F4xx_HAL_Driver/Src/stm32f4xx_hal_can.c ****   * @param  pHeader pointer to a CAN_RxHeaderTypeDef structure where the header
1504:Drivers/STM32F4xx_HAL_Driver/Src/stm32f4xx_hal_can.c ****   *         of the Rx frame will be stored.
1505:Drivers/STM32F4xx_HAL_Driver/Src/stm32f4xx_hal_can.c ****   * @param  aData array where the payload of the Rx frame will be stored.
1506:Drivers/STM32F4xx_HAL_Driver/Src/stm32f4xx_hal_can.c ****   * @retval HAL status
1507:Drivers/STM32F4xx_HAL_Driver/Src/stm32f4xx_hal_can.c ****   */
1508:Drivers/STM32F4xx_HAL_Driver/Src/stm32f4xx_hal_can.c **** HAL_StatusTypeDef HAL_CAN_GetRxMessage(CAN_HandleTypeDef *hcan, uint32_t RxFifo,
1509:Drivers/STM32F4xx_HAL_Driver/Src/stm32f4xx_hal_can.c ****                                        CAN_RxHeaderTypeDef *pHeader, uint8_t aData[])
1510:Drivers/STM32F4xx_HAL_Driver/Src/stm32f4xx_hal_can.c **** {
 1657              		.loc 1 1510 1 is_stmt 1 view -0
 1658              		.cfi_startproc
 1659              		@ args = 0, pretend = 0, frame = 0
 1660              		@ frame_needed = 0, uses_anonymous_args = 0
 1661              		@ link register save eliminated.
 1662              		.loc 1 1510 1 is_stmt 0 view .LVU524
 1663 0000 70B4     		push	{r4, r5, r6}
 1664              	.LCFI13:
 1665              		.cfi_def_cfa_offset 12
 1666              		.cfi_offset 4, -12
 1667              		.cfi_offset 5, -8
 1668              		.cfi_offset 6, -4
1511:Drivers/STM32F4xx_HAL_Driver/Src/stm32f4xx_hal_can.c ****   HAL_CAN_StateTypeDef state = hcan->State;
 1669              		.loc 1 1511 3 is_stmt 1 view .LVU525
 1670              		.loc 1 1511 24 is_stmt 0 view .LVU526
 1671 0002 90F82040 		ldrb	r4, [r0, #32]	@ zero_extendqisi2
 1672              	.LVL121:
1512:Drivers/STM32F4xx_HAL_Driver/Src/stm32f4xx_hal_can.c **** 
1513:Drivers/STM32F4xx_HAL_Driver/Src/stm32f4xx_hal_can.c ****   assert_param(IS_CAN_RX_FIFO(RxFifo));
 1673              		.loc 1 1513 3 is_stmt 1 view .LVU527
ARM GAS  /tmp/ccXdCPPU.s 			page 69


1514:Drivers/STM32F4xx_HAL_Driver/Src/stm32f4xx_hal_can.c **** 
1515:Drivers/STM32F4xx_HAL_Driver/Src/stm32f4xx_hal_can.c ****   if ((state == HAL_CAN_STATE_READY) ||
 1674              		.loc 1 1515 3 view .LVU528
 1675              		.loc 1 1515 38 is_stmt 0 view .LVU529
 1676 0006 013C     		subs	r4, r4, #1
 1677              	.LVL122:
 1678              		.loc 1 1515 38 view .LVU530
 1679 0008 E4B2     		uxtb	r4, r4
 1680              		.loc 1 1515 6 view .LVU531
 1681 000a 012C     		cmp	r4, #1
 1682 000c 00F2A080 		bhi	.L132
1516:Drivers/STM32F4xx_HAL_Driver/Src/stm32f4xx_hal_can.c ****       (state == HAL_CAN_STATE_LISTENING))
1517:Drivers/STM32F4xx_HAL_Driver/Src/stm32f4xx_hal_can.c ****   {
1518:Drivers/STM32F4xx_HAL_Driver/Src/stm32f4xx_hal_can.c ****     /* Check the Rx FIFO */
1519:Drivers/STM32F4xx_HAL_Driver/Src/stm32f4xx_hal_can.c ****     if (RxFifo == CAN_RX_FIFO0) /* Rx element is assigned to Rx FIFO 0 */
 1683              		.loc 1 1519 5 is_stmt 1 view .LVU532
 1684              		.loc 1 1519 8 is_stmt 0 view .LVU533
 1685 0010 51B9     		cbnz	r1, .L133
1520:Drivers/STM32F4xx_HAL_Driver/Src/stm32f4xx_hal_can.c ****     {
1521:Drivers/STM32F4xx_HAL_Driver/Src/stm32f4xx_hal_can.c ****       /* Check that the Rx FIFO 0 is not empty */
1522:Drivers/STM32F4xx_HAL_Driver/Src/stm32f4xx_hal_can.c ****       if ((hcan->Instance->RF0R & CAN_RF0R_FMP0) == 0U)
 1686              		.loc 1 1522 7 is_stmt 1 view .LVU534
 1687              		.loc 1 1522 16 is_stmt 0 view .LVU535
 1688 0012 0468     		ldr	r4, [r0]
 1689              		.loc 1 1522 26 view .LVU536
 1690 0014 E468     		ldr	r4, [r4, #12]
 1691              		.loc 1 1522 10 view .LVU537
 1692 0016 14F0030F 		tst	r4, #3
 1693 001a 10D1     		bne	.L134
1523:Drivers/STM32F4xx_HAL_Driver/Src/stm32f4xx_hal_can.c ****       {
1524:Drivers/STM32F4xx_HAL_Driver/Src/stm32f4xx_hal_can.c ****         /* Update error code */
1525:Drivers/STM32F4xx_HAL_Driver/Src/stm32f4xx_hal_can.c ****         hcan->ErrorCode |= HAL_CAN_ERROR_PARAM;
 1694              		.loc 1 1525 9 is_stmt 1 view .LVU538
 1695              		.loc 1 1525 25 is_stmt 0 view .LVU539
 1696 001c 436A     		ldr	r3, [r0, #36]
 1697              	.LVL123:
 1698              		.loc 1 1525 25 view .LVU540
 1699 001e 43F40013 		orr	r3, r3, #2097152
 1700 0022 4362     		str	r3, [r0, #36]
1526:Drivers/STM32F4xx_HAL_Driver/Src/stm32f4xx_hal_can.c **** 
1527:Drivers/STM32F4xx_HAL_Driver/Src/stm32f4xx_hal_can.c ****         return HAL_ERROR;
 1701              		.loc 1 1527 9 is_stmt 1 view .LVU541
 1702              		.loc 1 1527 16 is_stmt 0 view .LVU542
 1703 0024 0120     		movs	r0, #1
 1704              	.LVL124:
 1705              		.loc 1 1527 16 view .LVU543
 1706 0026 98E0     		b	.L135
 1707              	.LVL125:
 1708              	.L133:
1528:Drivers/STM32F4xx_HAL_Driver/Src/stm32f4xx_hal_can.c ****       }
1529:Drivers/STM32F4xx_HAL_Driver/Src/stm32f4xx_hal_can.c ****     }
1530:Drivers/STM32F4xx_HAL_Driver/Src/stm32f4xx_hal_can.c ****     else /* Rx element is assigned to Rx FIFO 1 */
1531:Drivers/STM32F4xx_HAL_Driver/Src/stm32f4xx_hal_can.c ****     {
1532:Drivers/STM32F4xx_HAL_Driver/Src/stm32f4xx_hal_can.c ****       /* Check that the Rx FIFO 1 is not empty */
1533:Drivers/STM32F4xx_HAL_Driver/Src/stm32f4xx_hal_can.c ****       if ((hcan->Instance->RF1R & CAN_RF1R_FMP1) == 0U)
 1709              		.loc 1 1533 7 is_stmt 1 view .LVU544
 1710              		.loc 1 1533 16 is_stmt 0 view .LVU545
ARM GAS  /tmp/ccXdCPPU.s 			page 70


 1711 0028 0468     		ldr	r4, [r0]
 1712              		.loc 1 1533 26 view .LVU546
 1713 002a 2469     		ldr	r4, [r4, #16]
 1714              		.loc 1 1533 10 view .LVU547
 1715 002c 14F0030F 		tst	r4, #3
 1716 0030 05D1     		bne	.L134
1534:Drivers/STM32F4xx_HAL_Driver/Src/stm32f4xx_hal_can.c ****       {
1535:Drivers/STM32F4xx_HAL_Driver/Src/stm32f4xx_hal_can.c ****         /* Update error code */
1536:Drivers/STM32F4xx_HAL_Driver/Src/stm32f4xx_hal_can.c ****         hcan->ErrorCode |= HAL_CAN_ERROR_PARAM;
 1717              		.loc 1 1536 9 is_stmt 1 view .LVU548
 1718              		.loc 1 1536 25 is_stmt 0 view .LVU549
 1719 0032 436A     		ldr	r3, [r0, #36]
 1720              	.LVL126:
 1721              		.loc 1 1536 25 view .LVU550
 1722 0034 43F40013 		orr	r3, r3, #2097152
 1723 0038 4362     		str	r3, [r0, #36]
1537:Drivers/STM32F4xx_HAL_Driver/Src/stm32f4xx_hal_can.c **** 
1538:Drivers/STM32F4xx_HAL_Driver/Src/stm32f4xx_hal_can.c ****         return HAL_ERROR;
 1724              		.loc 1 1538 9 is_stmt 1 view .LVU551
 1725              		.loc 1 1538 16 is_stmt 0 view .LVU552
 1726 003a 0120     		movs	r0, #1
 1727              	.LVL127:
 1728              		.loc 1 1538 16 view .LVU553
 1729 003c 8DE0     		b	.L135
 1730              	.LVL128:
 1731              	.L134:
1539:Drivers/STM32F4xx_HAL_Driver/Src/stm32f4xx_hal_can.c ****       }
1540:Drivers/STM32F4xx_HAL_Driver/Src/stm32f4xx_hal_can.c ****     }
1541:Drivers/STM32F4xx_HAL_Driver/Src/stm32f4xx_hal_can.c **** 
1542:Drivers/STM32F4xx_HAL_Driver/Src/stm32f4xx_hal_can.c ****     /* Get the header */
1543:Drivers/STM32F4xx_HAL_Driver/Src/stm32f4xx_hal_can.c ****     pHeader->IDE = CAN_RI0R_IDE & hcan->Instance->sFIFOMailBox[RxFifo].RIR;
 1732              		.loc 1 1543 5 is_stmt 1 view .LVU554
 1733              		.loc 1 1543 39 is_stmt 0 view .LVU555
 1734 003e 0568     		ldr	r5, [r0]
 1735              		.loc 1 1543 71 view .LVU556
 1736 0040 01F11B04 		add	r4, r1, #27
 1737 0044 2401     		lsls	r4, r4, #4
 1738 0046 2C59     		ldr	r4, [r5, r4]
 1739              		.loc 1 1543 33 view .LVU557
 1740 0048 04F00404 		and	r4, r4, #4
 1741              		.loc 1 1543 18 view .LVU558
 1742 004c 9460     		str	r4, [r2, #8]
1544:Drivers/STM32F4xx_HAL_Driver/Src/stm32f4xx_hal_can.c ****     if (pHeader->IDE == CAN_ID_STD)
 1743              		.loc 1 1544 5 is_stmt 1 view .LVU559
 1744              		.loc 1 1544 8 is_stmt 0 view .LVU560
 1745 004e 002C     		cmp	r4, #0
 1746 0050 67D1     		bne	.L136
1545:Drivers/STM32F4xx_HAL_Driver/Src/stm32f4xx_hal_can.c ****     {
1546:Drivers/STM32F4xx_HAL_Driver/Src/stm32f4xx_hal_can.c ****       pHeader->StdId = (CAN_RI0R_STID & hcan->Instance->sFIFOMailBox[RxFifo].RIR) >> CAN_TI0R_STID_
 1747              		.loc 1 1546 7 is_stmt 1 view .LVU561
 1748              		.loc 1 1546 45 is_stmt 0 view .LVU562
 1749 0052 0568     		ldr	r5, [r0]
 1750              		.loc 1 1546 77 view .LVU563
 1751 0054 01F11B04 		add	r4, r1, #27
 1752 0058 2401     		lsls	r4, r4, #4
 1753 005a 2C59     		ldr	r4, [r5, r4]
 1754              		.loc 1 1546 83 view .LVU564
ARM GAS  /tmp/ccXdCPPU.s 			page 71


 1755 005c 640D     		lsrs	r4, r4, #21
 1756              		.loc 1 1546 22 view .LVU565
 1757 005e 1460     		str	r4, [r2]
 1758              	.L137:
1547:Drivers/STM32F4xx_HAL_Driver/Src/stm32f4xx_hal_can.c ****     }
1548:Drivers/STM32F4xx_HAL_Driver/Src/stm32f4xx_hal_can.c ****     else
1549:Drivers/STM32F4xx_HAL_Driver/Src/stm32f4xx_hal_can.c ****     {
1550:Drivers/STM32F4xx_HAL_Driver/Src/stm32f4xx_hal_can.c ****       pHeader->ExtId = ((CAN_RI0R_EXID | CAN_RI0R_STID) &
1551:Drivers/STM32F4xx_HAL_Driver/Src/stm32f4xx_hal_can.c ****                         hcan->Instance->sFIFOMailBox[RxFifo].RIR) >> CAN_RI0R_EXID_Pos;
1552:Drivers/STM32F4xx_HAL_Driver/Src/stm32f4xx_hal_can.c ****     }
1553:Drivers/STM32F4xx_HAL_Driver/Src/stm32f4xx_hal_can.c ****     pHeader->RTR = (CAN_RI0R_RTR & hcan->Instance->sFIFOMailBox[RxFifo].RIR);
 1759              		.loc 1 1553 5 is_stmt 1 view .LVU566
 1760              		.loc 1 1553 40 is_stmt 0 view .LVU567
 1761 0060 0568     		ldr	r5, [r0]
 1762              		.loc 1 1553 72 view .LVU568
 1763 0062 01F11B04 		add	r4, r1, #27
 1764 0066 2401     		lsls	r4, r4, #4
 1765 0068 2D59     		ldr	r5, [r5, r4]
 1766              		.loc 1 1553 34 view .LVU569
 1767 006a 05F00205 		and	r5, r5, #2
 1768              		.loc 1 1553 18 view .LVU570
 1769 006e D560     		str	r5, [r2, #12]
1554:Drivers/STM32F4xx_HAL_Driver/Src/stm32f4xx_hal_can.c ****     if (((CAN_RDT0R_DLC & hcan->Instance->sFIFOMailBox[RxFifo].RDTR) >> CAN_RDT0R_DLC_Pos) >= 8U)
 1770              		.loc 1 1554 5 is_stmt 1 view .LVU571
 1771              		.loc 1 1554 31 is_stmt 0 view .LVU572
 1772 0070 0568     		ldr	r5, [r0]
 1773              		.loc 1 1554 63 view .LVU573
 1774 0072 2C44     		add	r4, r4, r5
 1775 0074 6468     		ldr	r4, [r4, #4]
 1776              		.loc 1 1554 8 view .LVU574
 1777 0076 14F0080F 		tst	r4, #8
 1778 007a 5AD0     		beq	.L138
1555:Drivers/STM32F4xx_HAL_Driver/Src/stm32f4xx_hal_can.c ****     {
1556:Drivers/STM32F4xx_HAL_Driver/Src/stm32f4xx_hal_can.c ****       /* Truncate DLC to 8 if received field is over range */
1557:Drivers/STM32F4xx_HAL_Driver/Src/stm32f4xx_hal_can.c ****       pHeader->DLC = 8U;
 1779              		.loc 1 1557 7 is_stmt 1 view .LVU575
 1780              		.loc 1 1557 20 is_stmt 0 view .LVU576
 1781 007c 0824     		movs	r4, #8
 1782 007e 1461     		str	r4, [r2, #16]
 1783              	.L139:
1558:Drivers/STM32F4xx_HAL_Driver/Src/stm32f4xx_hal_can.c ****     }
1559:Drivers/STM32F4xx_HAL_Driver/Src/stm32f4xx_hal_can.c ****     else
1560:Drivers/STM32F4xx_HAL_Driver/Src/stm32f4xx_hal_can.c ****     {
1561:Drivers/STM32F4xx_HAL_Driver/Src/stm32f4xx_hal_can.c ****       pHeader->DLC = (CAN_RDT0R_DLC & hcan->Instance->sFIFOMailBox[RxFifo].RDTR) >> CAN_RDT0R_DLC_P
1562:Drivers/STM32F4xx_HAL_Driver/Src/stm32f4xx_hal_can.c ****     }
1563:Drivers/STM32F4xx_HAL_Driver/Src/stm32f4xx_hal_can.c ****     pHeader->FilterMatchIndex = (CAN_RDT0R_FMI & hcan->Instance->sFIFOMailBox[RxFifo].RDTR) >> CAN_
 1784              		.loc 1 1563 5 is_stmt 1 view .LVU577
 1785              		.loc 1 1563 54 is_stmt 0 view .LVU578
 1786 0080 0568     		ldr	r5, [r0]
 1787              		.loc 1 1563 86 view .LVU579
 1788 0082 01F11B06 		add	r6, r1, #27
 1789 0086 05EB0615 		add	r5, r5, r6, lsl #4
 1790 008a 6D68     		ldr	r5, [r5, #4]
 1791              		.loc 1 1563 93 view .LVU580
 1792 008c C5F30725 		ubfx	r5, r5, #8, #8
 1793              		.loc 1 1563 31 view .LVU581
 1794 0090 9561     		str	r5, [r2, #24]
ARM GAS  /tmp/ccXdCPPU.s 			page 72


1564:Drivers/STM32F4xx_HAL_Driver/Src/stm32f4xx_hal_can.c ****     pHeader->Timestamp = (CAN_RDT0R_TIME & hcan->Instance->sFIFOMailBox[RxFifo].RDTR) >> CAN_RDT0R_
 1795              		.loc 1 1564 5 is_stmt 1 view .LVU582
 1796              		.loc 1 1564 48 is_stmt 0 view .LVU583
 1797 0092 0468     		ldr	r4, [r0]
 1798              		.loc 1 1564 80 view .LVU584
 1799 0094 04EB0614 		add	r4, r4, r6, lsl #4
 1800 0098 6468     		ldr	r4, [r4, #4]
 1801              		.loc 1 1564 87 view .LVU585
 1802 009a 240C     		lsrs	r4, r4, #16
 1803              		.loc 1 1564 24 view .LVU586
 1804 009c 5461     		str	r4, [r2, #20]
1565:Drivers/STM32F4xx_HAL_Driver/Src/stm32f4xx_hal_can.c **** 
1566:Drivers/STM32F4xx_HAL_Driver/Src/stm32f4xx_hal_can.c ****     /* Get the data */
1567:Drivers/STM32F4xx_HAL_Driver/Src/stm32f4xx_hal_can.c ****     aData[0] = (uint8_t)((CAN_RDL0R_DATA0 & hcan->Instance->sFIFOMailBox[RxFifo].RDLR) >> CAN_RDL0R
 1805              		.loc 1 1567 5 is_stmt 1 view .LVU587
 1806              		.loc 1 1567 49 is_stmt 0 view .LVU588
 1807 009e 0268     		ldr	r2, [r0]
 1808              	.LVL129:
 1809              		.loc 1 1567 81 view .LVU589
 1810 00a0 02EB0112 		add	r2, r2, r1, lsl #4
 1811 00a4 D2F8B821 		ldr	r2, [r2, #440]
 1812              		.loc 1 1567 14 view .LVU590
 1813 00a8 1A70     		strb	r2, [r3]
1568:Drivers/STM32F4xx_HAL_Driver/Src/stm32f4xx_hal_can.c ****     aData[1] = (uint8_t)((CAN_RDL0R_DATA1 & hcan->Instance->sFIFOMailBox[RxFifo].RDLR) >> CAN_RDL0R
 1814              		.loc 1 1568 5 is_stmt 1 view .LVU591
 1815              		.loc 1 1568 49 is_stmt 0 view .LVU592
 1816 00aa 0268     		ldr	r2, [r0]
 1817              		.loc 1 1568 81 view .LVU593
 1818 00ac 02EB0112 		add	r2, r2, r1, lsl #4
 1819 00b0 D2F8B821 		ldr	r2, [r2, #440]
 1820              		.loc 1 1568 16 view .LVU594
 1821 00b4 C2F30722 		ubfx	r2, r2, #8, #8
 1822              		.loc 1 1568 14 view .LVU595
 1823 00b8 5A70     		strb	r2, [r3, #1]
1569:Drivers/STM32F4xx_HAL_Driver/Src/stm32f4xx_hal_can.c ****     aData[2] = (uint8_t)((CAN_RDL0R_DATA2 & hcan->Instance->sFIFOMailBox[RxFifo].RDLR) >> CAN_RDL0R
 1824              		.loc 1 1569 5 is_stmt 1 view .LVU596
 1825              		.loc 1 1569 49 is_stmt 0 view .LVU597
 1826 00ba 0268     		ldr	r2, [r0]
 1827              		.loc 1 1569 81 view .LVU598
 1828 00bc 02EB0112 		add	r2, r2, r1, lsl #4
 1829 00c0 D2F8B821 		ldr	r2, [r2, #440]
 1830              		.loc 1 1569 16 view .LVU599
 1831 00c4 C2F30742 		ubfx	r2, r2, #16, #8
 1832              		.loc 1 1569 14 view .LVU600
 1833 00c8 9A70     		strb	r2, [r3, #2]
1570:Drivers/STM32F4xx_HAL_Driver/Src/stm32f4xx_hal_can.c ****     aData[3] = (uint8_t)((CAN_RDL0R_DATA3 & hcan->Instance->sFIFOMailBox[RxFifo].RDLR) >> CAN_RDL0R
 1834              		.loc 1 1570 5 is_stmt 1 view .LVU601
 1835              		.loc 1 1570 49 is_stmt 0 view .LVU602
 1836 00ca 0268     		ldr	r2, [r0]
 1837              		.loc 1 1570 81 view .LVU603
 1838 00cc 02EB0112 		add	r2, r2, r1, lsl #4
 1839 00d0 D2F8B821 		ldr	r2, [r2, #440]
 1840              		.loc 1 1570 16 view .LVU604
 1841 00d4 120E     		lsrs	r2, r2, #24
 1842              		.loc 1 1570 14 view .LVU605
 1843 00d6 DA70     		strb	r2, [r3, #3]
1571:Drivers/STM32F4xx_HAL_Driver/Src/stm32f4xx_hal_can.c ****     aData[4] = (uint8_t)((CAN_RDH0R_DATA4 & hcan->Instance->sFIFOMailBox[RxFifo].RDHR) >> CAN_RDH0R
ARM GAS  /tmp/ccXdCPPU.s 			page 73


 1844              		.loc 1 1571 5 is_stmt 1 view .LVU606
 1845              		.loc 1 1571 49 is_stmt 0 view .LVU607
 1846 00d8 0268     		ldr	r2, [r0]
 1847              		.loc 1 1571 81 view .LVU608
 1848 00da 02EB0112 		add	r2, r2, r1, lsl #4
 1849 00de D2F8BC21 		ldr	r2, [r2, #444]
 1850              		.loc 1 1571 14 view .LVU609
 1851 00e2 1A71     		strb	r2, [r3, #4]
1572:Drivers/STM32F4xx_HAL_Driver/Src/stm32f4xx_hal_can.c ****     aData[5] = (uint8_t)((CAN_RDH0R_DATA5 & hcan->Instance->sFIFOMailBox[RxFifo].RDHR) >> CAN_RDH0R
 1852              		.loc 1 1572 5 is_stmt 1 view .LVU610
 1853              		.loc 1 1572 49 is_stmt 0 view .LVU611
 1854 00e4 0268     		ldr	r2, [r0]
 1855              		.loc 1 1572 81 view .LVU612
 1856 00e6 02EB0112 		add	r2, r2, r1, lsl #4
 1857 00ea D2F8BC21 		ldr	r2, [r2, #444]
 1858              		.loc 1 1572 16 view .LVU613
 1859 00ee C2F30722 		ubfx	r2, r2, #8, #8
 1860              		.loc 1 1572 14 view .LVU614
 1861 00f2 5A71     		strb	r2, [r3, #5]
1573:Drivers/STM32F4xx_HAL_Driver/Src/stm32f4xx_hal_can.c ****     aData[6] = (uint8_t)((CAN_RDH0R_DATA6 & hcan->Instance->sFIFOMailBox[RxFifo].RDHR) >> CAN_RDH0R
 1862              		.loc 1 1573 5 is_stmt 1 view .LVU615
 1863              		.loc 1 1573 49 is_stmt 0 view .LVU616
 1864 00f4 0268     		ldr	r2, [r0]
 1865              		.loc 1 1573 81 view .LVU617
 1866 00f6 02EB0112 		add	r2, r2, r1, lsl #4
 1867 00fa D2F8BC21 		ldr	r2, [r2, #444]
 1868              		.loc 1 1573 16 view .LVU618
 1869 00fe C2F30742 		ubfx	r2, r2, #16, #8
 1870              		.loc 1 1573 14 view .LVU619
 1871 0102 9A71     		strb	r2, [r3, #6]
1574:Drivers/STM32F4xx_HAL_Driver/Src/stm32f4xx_hal_can.c ****     aData[7] = (uint8_t)((CAN_RDH0R_DATA7 & hcan->Instance->sFIFOMailBox[RxFifo].RDHR) >> CAN_RDH0R
 1872              		.loc 1 1574 5 is_stmt 1 view .LVU620
 1873              		.loc 1 1574 49 is_stmt 0 view .LVU621
 1874 0104 0268     		ldr	r2, [r0]
 1875              		.loc 1 1574 81 view .LVU622
 1876 0106 02EB0112 		add	r2, r2, r1, lsl #4
 1877 010a D2F8BC21 		ldr	r2, [r2, #444]
 1878              		.loc 1 1574 16 view .LVU623
 1879 010e 120E     		lsrs	r2, r2, #24
 1880              		.loc 1 1574 14 view .LVU624
 1881 0110 DA71     		strb	r2, [r3, #7]
1575:Drivers/STM32F4xx_HAL_Driver/Src/stm32f4xx_hal_can.c **** 
1576:Drivers/STM32F4xx_HAL_Driver/Src/stm32f4xx_hal_can.c ****     /* Release the FIFO */
1577:Drivers/STM32F4xx_HAL_Driver/Src/stm32f4xx_hal_can.c ****     if (RxFifo == CAN_RX_FIFO0) /* Rx element is assigned to Rx FIFO 0 */
 1882              		.loc 1 1577 5 is_stmt 1 view .LVU625
 1883              		.loc 1 1577 8 is_stmt 0 view .LVU626
 1884 0112 B9B9     		cbnz	r1, .L140
1578:Drivers/STM32F4xx_HAL_Driver/Src/stm32f4xx_hal_can.c ****     {
1579:Drivers/STM32F4xx_HAL_Driver/Src/stm32f4xx_hal_can.c ****       /* Release RX FIFO 0 */
1580:Drivers/STM32F4xx_HAL_Driver/Src/stm32f4xx_hal_can.c ****       SET_BIT(hcan->Instance->RF0R, CAN_RF0R_RFOM0);
 1885              		.loc 1 1580 7 is_stmt 1 view .LVU627
 1886 0114 0268     		ldr	r2, [r0]
 1887 0116 D368     		ldr	r3, [r2, #12]
 1888              	.LVL130:
 1889              		.loc 1 1580 7 is_stmt 0 view .LVU628
 1890 0118 43F02003 		orr	r3, r3, #32
 1891 011c D360     		str	r3, [r2, #12]
ARM GAS  /tmp/ccXdCPPU.s 			page 74


 1892              	.L141:
1581:Drivers/STM32F4xx_HAL_Driver/Src/stm32f4xx_hal_can.c ****     }
1582:Drivers/STM32F4xx_HAL_Driver/Src/stm32f4xx_hal_can.c ****     else /* Rx element is assigned to Rx FIFO 1 */
1583:Drivers/STM32F4xx_HAL_Driver/Src/stm32f4xx_hal_can.c ****     {
1584:Drivers/STM32F4xx_HAL_Driver/Src/stm32f4xx_hal_can.c ****       /* Release RX FIFO 1 */
1585:Drivers/STM32F4xx_HAL_Driver/Src/stm32f4xx_hal_can.c ****       SET_BIT(hcan->Instance->RF1R, CAN_RF1R_RFOM1);
1586:Drivers/STM32F4xx_HAL_Driver/Src/stm32f4xx_hal_can.c ****     }
1587:Drivers/STM32F4xx_HAL_Driver/Src/stm32f4xx_hal_can.c **** 
1588:Drivers/STM32F4xx_HAL_Driver/Src/stm32f4xx_hal_can.c ****     /* Return function status */
1589:Drivers/STM32F4xx_HAL_Driver/Src/stm32f4xx_hal_can.c ****     return HAL_OK;
 1893              		.loc 1 1589 5 is_stmt 1 view .LVU629
 1894              		.loc 1 1589 12 is_stmt 0 view .LVU630
 1895 011e 0020     		movs	r0, #0
 1896              	.LVL131:
 1897              		.loc 1 1589 12 view .LVU631
 1898 0120 1BE0     		b	.L135
 1899              	.LVL132:
 1900              	.L136:
1550:Drivers/STM32F4xx_HAL_Driver/Src/stm32f4xx_hal_can.c ****                         hcan->Instance->sFIFOMailBox[RxFifo].RIR) >> CAN_RI0R_EXID_Pos;
 1901              		.loc 1 1550 7 is_stmt 1 view .LVU632
1551:Drivers/STM32F4xx_HAL_Driver/Src/stm32f4xx_hal_can.c ****     }
 1902              		.loc 1 1551 29 is_stmt 0 view .LVU633
 1903 0122 0568     		ldr	r5, [r0]
1551:Drivers/STM32F4xx_HAL_Driver/Src/stm32f4xx_hal_can.c ****     }
 1904              		.loc 1 1551 61 view .LVU634
 1905 0124 01F11B04 		add	r4, r1, #27
 1906 0128 2401     		lsls	r4, r4, #4
 1907 012a 2C59     		ldr	r4, [r5, r4]
1551:Drivers/STM32F4xx_HAL_Driver/Src/stm32f4xx_hal_can.c ****     }
 1908              		.loc 1 1551 67 view .LVU635
 1909 012c E408     		lsrs	r4, r4, #3
1550:Drivers/STM32F4xx_HAL_Driver/Src/stm32f4xx_hal_can.c ****                         hcan->Instance->sFIFOMailBox[RxFifo].RIR) >> CAN_RI0R_EXID_Pos;
 1910              		.loc 1 1550 22 view .LVU636
 1911 012e 5460     		str	r4, [r2, #4]
 1912 0130 96E7     		b	.L137
 1913              	.L138:
1561:Drivers/STM32F4xx_HAL_Driver/Src/stm32f4xx_hal_can.c ****     }
 1914              		.loc 1 1561 7 is_stmt 1 view .LVU637
1561:Drivers/STM32F4xx_HAL_Driver/Src/stm32f4xx_hal_can.c ****     }
 1915              		.loc 1 1561 75 is_stmt 0 view .LVU638
 1916 0132 01F11B04 		add	r4, r1, #27
 1917 0136 05EB0415 		add	r5, r5, r4, lsl #4
 1918 013a 6C68     		ldr	r4, [r5, #4]
1561:Drivers/STM32F4xx_HAL_Driver/Src/stm32f4xx_hal_can.c ****     }
 1919              		.loc 1 1561 82 view .LVU639
 1920 013c 04F00F04 		and	r4, r4, #15
1561:Drivers/STM32F4xx_HAL_Driver/Src/stm32f4xx_hal_can.c ****     }
 1921              		.loc 1 1561 20 view .LVU640
 1922 0140 1461     		str	r4, [r2, #16]
 1923 0142 9DE7     		b	.L139
 1924              	.LVL133:
 1925              	.L140:
1585:Drivers/STM32F4xx_HAL_Driver/Src/stm32f4xx_hal_can.c ****     }
 1926              		.loc 1 1585 7 is_stmt 1 view .LVU641
 1927 0144 0268     		ldr	r2, [r0]
 1928 0146 1369     		ldr	r3, [r2, #16]
 1929              	.LVL134:
ARM GAS  /tmp/ccXdCPPU.s 			page 75


1585:Drivers/STM32F4xx_HAL_Driver/Src/stm32f4xx_hal_can.c ****     }
 1930              		.loc 1 1585 7 is_stmt 0 view .LVU642
 1931 0148 43F02003 		orr	r3, r3, #32
 1932 014c 1361     		str	r3, [r2, #16]
 1933 014e E6E7     		b	.L141
 1934              	.LVL135:
 1935              	.L132:
1590:Drivers/STM32F4xx_HAL_Driver/Src/stm32f4xx_hal_can.c ****   }
1591:Drivers/STM32F4xx_HAL_Driver/Src/stm32f4xx_hal_can.c ****   else
1592:Drivers/STM32F4xx_HAL_Driver/Src/stm32f4xx_hal_can.c ****   {
1593:Drivers/STM32F4xx_HAL_Driver/Src/stm32f4xx_hal_can.c ****     /* Update error code */
1594:Drivers/STM32F4xx_HAL_Driver/Src/stm32f4xx_hal_can.c ****     hcan->ErrorCode |= HAL_CAN_ERROR_NOT_INITIALIZED;
 1936              		.loc 1 1594 5 is_stmt 1 view .LVU643
 1937              		.loc 1 1594 21 is_stmt 0 view .LVU644
 1938 0150 436A     		ldr	r3, [r0, #36]
 1939              	.LVL136:
 1940              		.loc 1 1594 21 view .LVU645
 1941 0152 43F48023 		orr	r3, r3, #262144
 1942 0156 4362     		str	r3, [r0, #36]
1595:Drivers/STM32F4xx_HAL_Driver/Src/stm32f4xx_hal_can.c **** 
1596:Drivers/STM32F4xx_HAL_Driver/Src/stm32f4xx_hal_can.c ****     return HAL_ERROR;
 1943              		.loc 1 1596 5 is_stmt 1 view .LVU646
 1944              		.loc 1 1596 12 is_stmt 0 view .LVU647
 1945 0158 0120     		movs	r0, #1
 1946              	.LVL137:
 1947              	.L135:
1597:Drivers/STM32F4xx_HAL_Driver/Src/stm32f4xx_hal_can.c ****   }
1598:Drivers/STM32F4xx_HAL_Driver/Src/stm32f4xx_hal_can.c **** }
 1948              		.loc 1 1598 1 view .LVU648
 1949 015a 70BC     		pop	{r4, r5, r6}
 1950              	.LCFI14:
 1951              		.cfi_restore 6
 1952              		.cfi_restore 5
 1953              		.cfi_restore 4
 1954              		.cfi_def_cfa_offset 0
 1955 015c 7047     		bx	lr
 1956              		.cfi_endproc
 1957              	.LFE149:
 1959              		.section	.text.HAL_CAN_GetRxFifoFillLevel,"ax",%progbits
 1960              		.align	1
 1961              		.global	HAL_CAN_GetRxFifoFillLevel
 1962              		.syntax unified
 1963              		.thumb
 1964              		.thumb_func
 1965              		.fpu fpv4-sp-d16
 1967              	HAL_CAN_GetRxFifoFillLevel:
 1968              	.LVL138:
 1969              	.LFB150:
1599:Drivers/STM32F4xx_HAL_Driver/Src/stm32f4xx_hal_can.c **** 
1600:Drivers/STM32F4xx_HAL_Driver/Src/stm32f4xx_hal_can.c **** /**
1601:Drivers/STM32F4xx_HAL_Driver/Src/stm32f4xx_hal_can.c ****   * @brief  Return Rx FIFO fill level.
1602:Drivers/STM32F4xx_HAL_Driver/Src/stm32f4xx_hal_can.c ****   * @param  hcan pointer to an CAN_HandleTypeDef structure that contains
1603:Drivers/STM32F4xx_HAL_Driver/Src/stm32f4xx_hal_can.c ****   *         the configuration information for the specified CAN.
1604:Drivers/STM32F4xx_HAL_Driver/Src/stm32f4xx_hal_can.c ****   * @param  RxFifo Rx FIFO.
1605:Drivers/STM32F4xx_HAL_Driver/Src/stm32f4xx_hal_can.c ****   *         This parameter can be a value of @arg CAN_receive_FIFO_number.
1606:Drivers/STM32F4xx_HAL_Driver/Src/stm32f4xx_hal_can.c ****   * @retval Number of messages available in Rx FIFO.
1607:Drivers/STM32F4xx_HAL_Driver/Src/stm32f4xx_hal_can.c ****   */
ARM GAS  /tmp/ccXdCPPU.s 			page 76


1608:Drivers/STM32F4xx_HAL_Driver/Src/stm32f4xx_hal_can.c **** uint32_t HAL_CAN_GetRxFifoFillLevel(const CAN_HandleTypeDef *hcan, uint32_t RxFifo)
1609:Drivers/STM32F4xx_HAL_Driver/Src/stm32f4xx_hal_can.c **** {
 1970              		.loc 1 1609 1 is_stmt 1 view -0
 1971              		.cfi_startproc
 1972              		@ args = 0, pretend = 0, frame = 0
 1973              		@ frame_needed = 0, uses_anonymous_args = 0
 1974              		@ link register save eliminated.
1610:Drivers/STM32F4xx_HAL_Driver/Src/stm32f4xx_hal_can.c ****   uint32_t filllevel = 0U;
 1975              		.loc 1 1610 3 view .LVU650
1611:Drivers/STM32F4xx_HAL_Driver/Src/stm32f4xx_hal_can.c ****   HAL_CAN_StateTypeDef state = hcan->State;
 1976              		.loc 1 1611 3 view .LVU651
 1977              		.loc 1 1611 24 is_stmt 0 view .LVU652
 1978 0000 90F82030 		ldrb	r3, [r0, #32]	@ zero_extendqisi2
 1979              	.LVL139:
1612:Drivers/STM32F4xx_HAL_Driver/Src/stm32f4xx_hal_can.c **** 
1613:Drivers/STM32F4xx_HAL_Driver/Src/stm32f4xx_hal_can.c ****   /* Check function parameters */
1614:Drivers/STM32F4xx_HAL_Driver/Src/stm32f4xx_hal_can.c ****   assert_param(IS_CAN_RX_FIFO(RxFifo));
 1980              		.loc 1 1614 3 is_stmt 1 view .LVU653
1615:Drivers/STM32F4xx_HAL_Driver/Src/stm32f4xx_hal_can.c **** 
1616:Drivers/STM32F4xx_HAL_Driver/Src/stm32f4xx_hal_can.c ****   if ((state == HAL_CAN_STATE_READY) ||
 1981              		.loc 1 1616 3 view .LVU654
 1982              		.loc 1 1616 38 is_stmt 0 view .LVU655
 1983 0004 013B     		subs	r3, r3, #1
 1984              	.LVL140:
 1985              		.loc 1 1616 38 view .LVU656
 1986 0006 DBB2     		uxtb	r3, r3
 1987              		.loc 1 1616 6 view .LVU657
 1988 0008 012B     		cmp	r3, #1
 1989 000a 01D9     		bls	.L147
1610:Drivers/STM32F4xx_HAL_Driver/Src/stm32f4xx_hal_can.c ****   HAL_CAN_StateTypeDef state = hcan->State;
 1990              		.loc 1 1610 12 view .LVU658
 1991 000c 0020     		movs	r0, #0
 1992              	.LVL141:
1617:Drivers/STM32F4xx_HAL_Driver/Src/stm32f4xx_hal_can.c ****       (state == HAL_CAN_STATE_LISTENING))
1618:Drivers/STM32F4xx_HAL_Driver/Src/stm32f4xx_hal_can.c ****   {
1619:Drivers/STM32F4xx_HAL_Driver/Src/stm32f4xx_hal_can.c ****     if (RxFifo == CAN_RX_FIFO0)
1620:Drivers/STM32F4xx_HAL_Driver/Src/stm32f4xx_hal_can.c ****     {
1621:Drivers/STM32F4xx_HAL_Driver/Src/stm32f4xx_hal_can.c ****       filllevel = hcan->Instance->RF0R & CAN_RF0R_FMP0;
1622:Drivers/STM32F4xx_HAL_Driver/Src/stm32f4xx_hal_can.c ****     }
1623:Drivers/STM32F4xx_HAL_Driver/Src/stm32f4xx_hal_can.c ****     else /* RxFifo == CAN_RX_FIFO1 */
1624:Drivers/STM32F4xx_HAL_Driver/Src/stm32f4xx_hal_can.c ****     {
1625:Drivers/STM32F4xx_HAL_Driver/Src/stm32f4xx_hal_can.c ****       filllevel = hcan->Instance->RF1R & CAN_RF1R_FMP1;
1626:Drivers/STM32F4xx_HAL_Driver/Src/stm32f4xx_hal_can.c ****     }
1627:Drivers/STM32F4xx_HAL_Driver/Src/stm32f4xx_hal_can.c ****   }
1628:Drivers/STM32F4xx_HAL_Driver/Src/stm32f4xx_hal_can.c **** 
1629:Drivers/STM32F4xx_HAL_Driver/Src/stm32f4xx_hal_can.c ****   /* Return Rx FIFO fill level */
1630:Drivers/STM32F4xx_HAL_Driver/Src/stm32f4xx_hal_can.c ****   return filllevel;
 1993              		.loc 1 1630 3 is_stmt 1 view .LVU659
1631:Drivers/STM32F4xx_HAL_Driver/Src/stm32f4xx_hal_can.c **** }
 1994              		.loc 1 1631 1 is_stmt 0 view .LVU660
 1995 000e 7047     		bx	lr
 1996              	.LVL142:
 1997              	.L147:
1619:Drivers/STM32F4xx_HAL_Driver/Src/stm32f4xx_hal_can.c ****     {
 1998              		.loc 1 1619 5 is_stmt 1 view .LVU661
1619:Drivers/STM32F4xx_HAL_Driver/Src/stm32f4xx_hal_can.c ****     {
 1999              		.loc 1 1619 8 is_stmt 0 view .LVU662
ARM GAS  /tmp/ccXdCPPU.s 			page 77


 2000 0010 21B9     		cbnz	r1, .L145
1621:Drivers/STM32F4xx_HAL_Driver/Src/stm32f4xx_hal_can.c ****     }
 2001              		.loc 1 1621 7 is_stmt 1 view .LVU663
1621:Drivers/STM32F4xx_HAL_Driver/Src/stm32f4xx_hal_can.c ****     }
 2002              		.loc 1 1621 23 is_stmt 0 view .LVU664
 2003 0012 0368     		ldr	r3, [r0]
1621:Drivers/STM32F4xx_HAL_Driver/Src/stm32f4xx_hal_can.c ****     }
 2004              		.loc 1 1621 33 view .LVU665
 2005 0014 D868     		ldr	r0, [r3, #12]
 2006              	.LVL143:
1621:Drivers/STM32F4xx_HAL_Driver/Src/stm32f4xx_hal_can.c ****     }
 2007              		.loc 1 1621 17 view .LVU666
 2008 0016 00F00300 		and	r0, r0, #3
 2009              	.LVL144:
1621:Drivers/STM32F4xx_HAL_Driver/Src/stm32f4xx_hal_can.c ****     }
 2010              		.loc 1 1621 17 view .LVU667
 2011 001a 7047     		bx	lr
 2012              	.LVL145:
 2013              	.L145:
1625:Drivers/STM32F4xx_HAL_Driver/Src/stm32f4xx_hal_can.c ****     }
 2014              		.loc 1 1625 7 is_stmt 1 view .LVU668
1625:Drivers/STM32F4xx_HAL_Driver/Src/stm32f4xx_hal_can.c ****     }
 2015              		.loc 1 1625 23 is_stmt 0 view .LVU669
 2016 001c 0368     		ldr	r3, [r0]
1625:Drivers/STM32F4xx_HAL_Driver/Src/stm32f4xx_hal_can.c ****     }
 2017              		.loc 1 1625 33 view .LVU670
 2018 001e 1869     		ldr	r0, [r3, #16]
 2019              	.LVL146:
1625:Drivers/STM32F4xx_HAL_Driver/Src/stm32f4xx_hal_can.c ****     }
 2020              		.loc 1 1625 17 view .LVU671
 2021 0020 00F00300 		and	r0, r0, #3
 2022              	.LVL147:
1625:Drivers/STM32F4xx_HAL_Driver/Src/stm32f4xx_hal_can.c ****     }
 2023              		.loc 1 1625 17 view .LVU672
 2024 0024 7047     		bx	lr
 2025              		.cfi_endproc
 2026              	.LFE150:
 2028              		.section	.text.HAL_CAN_ActivateNotification,"ax",%progbits
 2029              		.align	1
 2030              		.global	HAL_CAN_ActivateNotification
 2031              		.syntax unified
 2032              		.thumb
 2033              		.thumb_func
 2034              		.fpu fpv4-sp-d16
 2036              	HAL_CAN_ActivateNotification:
 2037              	.LVL148:
 2038              	.LFB151:
1632:Drivers/STM32F4xx_HAL_Driver/Src/stm32f4xx_hal_can.c **** 
1633:Drivers/STM32F4xx_HAL_Driver/Src/stm32f4xx_hal_can.c **** /**
1634:Drivers/STM32F4xx_HAL_Driver/Src/stm32f4xx_hal_can.c ****   * @}
1635:Drivers/STM32F4xx_HAL_Driver/Src/stm32f4xx_hal_can.c ****   */
1636:Drivers/STM32F4xx_HAL_Driver/Src/stm32f4xx_hal_can.c **** 
1637:Drivers/STM32F4xx_HAL_Driver/Src/stm32f4xx_hal_can.c **** /** @defgroup CAN_Exported_Functions_Group4 Interrupts management
1638:Drivers/STM32F4xx_HAL_Driver/Src/stm32f4xx_hal_can.c ****   * @brief    Interrupts management
1639:Drivers/STM32F4xx_HAL_Driver/Src/stm32f4xx_hal_can.c ****   *
1640:Drivers/STM32F4xx_HAL_Driver/Src/stm32f4xx_hal_can.c **** @verbatim
1641:Drivers/STM32F4xx_HAL_Driver/Src/stm32f4xx_hal_can.c ****   ==============================================================================
ARM GAS  /tmp/ccXdCPPU.s 			page 78


1642:Drivers/STM32F4xx_HAL_Driver/Src/stm32f4xx_hal_can.c ****                        ##### Interrupts management #####
1643:Drivers/STM32F4xx_HAL_Driver/Src/stm32f4xx_hal_can.c ****   ==============================================================================
1644:Drivers/STM32F4xx_HAL_Driver/Src/stm32f4xx_hal_can.c ****     [..]  This section provides functions allowing to:
1645:Drivers/STM32F4xx_HAL_Driver/Src/stm32f4xx_hal_can.c ****       (+) HAL_CAN_ActivateNotification      : Enable interrupts
1646:Drivers/STM32F4xx_HAL_Driver/Src/stm32f4xx_hal_can.c ****       (+) HAL_CAN_DeactivateNotification    : Disable interrupts
1647:Drivers/STM32F4xx_HAL_Driver/Src/stm32f4xx_hal_can.c ****       (+) HAL_CAN_IRQHandler                : Handles CAN interrupt request
1648:Drivers/STM32F4xx_HAL_Driver/Src/stm32f4xx_hal_can.c **** 
1649:Drivers/STM32F4xx_HAL_Driver/Src/stm32f4xx_hal_can.c **** @endverbatim
1650:Drivers/STM32F4xx_HAL_Driver/Src/stm32f4xx_hal_can.c ****   * @{
1651:Drivers/STM32F4xx_HAL_Driver/Src/stm32f4xx_hal_can.c ****   */
1652:Drivers/STM32F4xx_HAL_Driver/Src/stm32f4xx_hal_can.c **** 
1653:Drivers/STM32F4xx_HAL_Driver/Src/stm32f4xx_hal_can.c **** /**
1654:Drivers/STM32F4xx_HAL_Driver/Src/stm32f4xx_hal_can.c ****   * @brief  Enable interrupts.
1655:Drivers/STM32F4xx_HAL_Driver/Src/stm32f4xx_hal_can.c ****   * @param  hcan pointer to an CAN_HandleTypeDef structure that contains
1656:Drivers/STM32F4xx_HAL_Driver/Src/stm32f4xx_hal_can.c ****   *         the configuration information for the specified CAN.
1657:Drivers/STM32F4xx_HAL_Driver/Src/stm32f4xx_hal_can.c ****   * @param  ActiveITs indicates which interrupts will be enabled.
1658:Drivers/STM32F4xx_HAL_Driver/Src/stm32f4xx_hal_can.c ****   *         This parameter can be any combination of @arg CAN_Interrupts.
1659:Drivers/STM32F4xx_HAL_Driver/Src/stm32f4xx_hal_can.c ****   * @retval HAL status
1660:Drivers/STM32F4xx_HAL_Driver/Src/stm32f4xx_hal_can.c ****   */
1661:Drivers/STM32F4xx_HAL_Driver/Src/stm32f4xx_hal_can.c **** HAL_StatusTypeDef HAL_CAN_ActivateNotification(CAN_HandleTypeDef *hcan, uint32_t ActiveITs)
1662:Drivers/STM32F4xx_HAL_Driver/Src/stm32f4xx_hal_can.c **** {
 2039              		.loc 1 1662 1 is_stmt 1 view -0
 2040              		.cfi_startproc
 2041              		@ args = 0, pretend = 0, frame = 0
 2042              		@ frame_needed = 0, uses_anonymous_args = 0
 2043              		@ link register save eliminated.
1663:Drivers/STM32F4xx_HAL_Driver/Src/stm32f4xx_hal_can.c ****   HAL_CAN_StateTypeDef state = hcan->State;
 2044              		.loc 1 1663 3 view .LVU674
 2045              		.loc 1 1663 24 is_stmt 0 view .LVU675
 2046 0000 90F82030 		ldrb	r3, [r0, #32]	@ zero_extendqisi2
 2047              	.LVL149:
1664:Drivers/STM32F4xx_HAL_Driver/Src/stm32f4xx_hal_can.c **** 
1665:Drivers/STM32F4xx_HAL_Driver/Src/stm32f4xx_hal_can.c ****   /* Check function parameters */
1666:Drivers/STM32F4xx_HAL_Driver/Src/stm32f4xx_hal_can.c ****   assert_param(IS_CAN_IT(ActiveITs));
 2048              		.loc 1 1666 3 is_stmt 1 view .LVU676
1667:Drivers/STM32F4xx_HAL_Driver/Src/stm32f4xx_hal_can.c **** 
1668:Drivers/STM32F4xx_HAL_Driver/Src/stm32f4xx_hal_can.c ****   if ((state == HAL_CAN_STATE_READY) ||
 2049              		.loc 1 1668 3 view .LVU677
 2050              		.loc 1 1668 38 is_stmt 0 view .LVU678
 2051 0004 013B     		subs	r3, r3, #1
 2052              	.LVL150:
 2053              		.loc 1 1668 38 view .LVU679
 2054 0006 DBB2     		uxtb	r3, r3
 2055              		.loc 1 1668 6 view .LVU680
 2056 0008 012B     		cmp	r3, #1
 2057 000a 05D9     		bls	.L151
1669:Drivers/STM32F4xx_HAL_Driver/Src/stm32f4xx_hal_can.c ****       (state == HAL_CAN_STATE_LISTENING))
1670:Drivers/STM32F4xx_HAL_Driver/Src/stm32f4xx_hal_can.c ****   {
1671:Drivers/STM32F4xx_HAL_Driver/Src/stm32f4xx_hal_can.c ****     /* Enable the selected interrupts */
1672:Drivers/STM32F4xx_HAL_Driver/Src/stm32f4xx_hal_can.c ****     __HAL_CAN_ENABLE_IT(hcan, ActiveITs);
1673:Drivers/STM32F4xx_HAL_Driver/Src/stm32f4xx_hal_can.c **** 
1674:Drivers/STM32F4xx_HAL_Driver/Src/stm32f4xx_hal_can.c ****     /* Return function status */
1675:Drivers/STM32F4xx_HAL_Driver/Src/stm32f4xx_hal_can.c ****     return HAL_OK;
1676:Drivers/STM32F4xx_HAL_Driver/Src/stm32f4xx_hal_can.c ****   }
1677:Drivers/STM32F4xx_HAL_Driver/Src/stm32f4xx_hal_can.c ****   else
1678:Drivers/STM32F4xx_HAL_Driver/Src/stm32f4xx_hal_can.c ****   {
1679:Drivers/STM32F4xx_HAL_Driver/Src/stm32f4xx_hal_can.c ****     /* Update error code */
ARM GAS  /tmp/ccXdCPPU.s 			page 79


1680:Drivers/STM32F4xx_HAL_Driver/Src/stm32f4xx_hal_can.c ****     hcan->ErrorCode |= HAL_CAN_ERROR_NOT_INITIALIZED;
 2058              		.loc 1 1680 5 is_stmt 1 view .LVU681
 2059              		.loc 1 1680 21 is_stmt 0 view .LVU682
 2060 000c 436A     		ldr	r3, [r0, #36]
 2061 000e 43F48023 		orr	r3, r3, #262144
 2062 0012 4362     		str	r3, [r0, #36]
1681:Drivers/STM32F4xx_HAL_Driver/Src/stm32f4xx_hal_can.c **** 
1682:Drivers/STM32F4xx_HAL_Driver/Src/stm32f4xx_hal_can.c ****     return HAL_ERROR;
 2063              		.loc 1 1682 5 is_stmt 1 view .LVU683
 2064              		.loc 1 1682 12 is_stmt 0 view .LVU684
 2065 0014 0120     		movs	r0, #1
 2066              	.LVL151:
1683:Drivers/STM32F4xx_HAL_Driver/Src/stm32f4xx_hal_can.c ****   }
1684:Drivers/STM32F4xx_HAL_Driver/Src/stm32f4xx_hal_can.c **** }
 2067              		.loc 1 1684 1 view .LVU685
 2068 0016 7047     		bx	lr
 2069              	.LVL152:
 2070              	.L151:
1672:Drivers/STM32F4xx_HAL_Driver/Src/stm32f4xx_hal_can.c **** 
 2071              		.loc 1 1672 5 is_stmt 1 view .LVU686
 2072 0018 0268     		ldr	r2, [r0]
 2073 001a 5369     		ldr	r3, [r2, #20]
 2074 001c 1943     		orrs	r1, r1, r3
 2075              	.LVL153:
1672:Drivers/STM32F4xx_HAL_Driver/Src/stm32f4xx_hal_can.c **** 
 2076              		.loc 1 1672 5 is_stmt 0 view .LVU687
 2077 001e 5161     		str	r1, [r2, #20]
1675:Drivers/STM32F4xx_HAL_Driver/Src/stm32f4xx_hal_can.c ****   }
 2078              		.loc 1 1675 5 is_stmt 1 view .LVU688
1675:Drivers/STM32F4xx_HAL_Driver/Src/stm32f4xx_hal_can.c ****   }
 2079              		.loc 1 1675 12 is_stmt 0 view .LVU689
 2080 0020 0020     		movs	r0, #0
 2081              	.LVL154:
1675:Drivers/STM32F4xx_HAL_Driver/Src/stm32f4xx_hal_can.c ****   }
 2082              		.loc 1 1675 12 view .LVU690
 2083 0022 7047     		bx	lr
 2084              		.cfi_endproc
 2085              	.LFE151:
 2087              		.section	.text.HAL_CAN_DeactivateNotification,"ax",%progbits
 2088              		.align	1
 2089              		.global	HAL_CAN_DeactivateNotification
 2090              		.syntax unified
 2091              		.thumb
 2092              		.thumb_func
 2093              		.fpu fpv4-sp-d16
 2095              	HAL_CAN_DeactivateNotification:
 2096              	.LVL155:
 2097              	.LFB152:
1685:Drivers/STM32F4xx_HAL_Driver/Src/stm32f4xx_hal_can.c **** 
1686:Drivers/STM32F4xx_HAL_Driver/Src/stm32f4xx_hal_can.c **** /**
1687:Drivers/STM32F4xx_HAL_Driver/Src/stm32f4xx_hal_can.c ****   * @brief  Disable interrupts.
1688:Drivers/STM32F4xx_HAL_Driver/Src/stm32f4xx_hal_can.c ****   * @param  hcan pointer to an CAN_HandleTypeDef structure that contains
1689:Drivers/STM32F4xx_HAL_Driver/Src/stm32f4xx_hal_can.c ****   *         the configuration information for the specified CAN.
1690:Drivers/STM32F4xx_HAL_Driver/Src/stm32f4xx_hal_can.c ****   * @param  InactiveITs indicates which interrupts will be disabled.
1691:Drivers/STM32F4xx_HAL_Driver/Src/stm32f4xx_hal_can.c ****   *         This parameter can be any combination of @arg CAN_Interrupts.
1692:Drivers/STM32F4xx_HAL_Driver/Src/stm32f4xx_hal_can.c ****   * @retval HAL status
1693:Drivers/STM32F4xx_HAL_Driver/Src/stm32f4xx_hal_can.c ****   */
ARM GAS  /tmp/ccXdCPPU.s 			page 80


1694:Drivers/STM32F4xx_HAL_Driver/Src/stm32f4xx_hal_can.c **** HAL_StatusTypeDef HAL_CAN_DeactivateNotification(CAN_HandleTypeDef *hcan, uint32_t InactiveITs)
1695:Drivers/STM32F4xx_HAL_Driver/Src/stm32f4xx_hal_can.c **** {
 2098              		.loc 1 1695 1 is_stmt 1 view -0
 2099              		.cfi_startproc
 2100              		@ args = 0, pretend = 0, frame = 0
 2101              		@ frame_needed = 0, uses_anonymous_args = 0
 2102              		@ link register save eliminated.
1696:Drivers/STM32F4xx_HAL_Driver/Src/stm32f4xx_hal_can.c ****   HAL_CAN_StateTypeDef state = hcan->State;
 2103              		.loc 1 1696 3 view .LVU692
 2104              		.loc 1 1696 24 is_stmt 0 view .LVU693
 2105 0000 90F82030 		ldrb	r3, [r0, #32]	@ zero_extendqisi2
 2106              	.LVL156:
1697:Drivers/STM32F4xx_HAL_Driver/Src/stm32f4xx_hal_can.c **** 
1698:Drivers/STM32F4xx_HAL_Driver/Src/stm32f4xx_hal_can.c ****   /* Check function parameters */
1699:Drivers/STM32F4xx_HAL_Driver/Src/stm32f4xx_hal_can.c ****   assert_param(IS_CAN_IT(InactiveITs));
 2107              		.loc 1 1699 3 is_stmt 1 view .LVU694
1700:Drivers/STM32F4xx_HAL_Driver/Src/stm32f4xx_hal_can.c **** 
1701:Drivers/STM32F4xx_HAL_Driver/Src/stm32f4xx_hal_can.c ****   if ((state == HAL_CAN_STATE_READY) ||
 2108              		.loc 1 1701 3 view .LVU695
 2109              		.loc 1 1701 38 is_stmt 0 view .LVU696
 2110 0004 013B     		subs	r3, r3, #1
 2111              	.LVL157:
 2112              		.loc 1 1701 38 view .LVU697
 2113 0006 DBB2     		uxtb	r3, r3
 2114              		.loc 1 1701 6 view .LVU698
 2115 0008 012B     		cmp	r3, #1
 2116 000a 05D9     		bls	.L155
1702:Drivers/STM32F4xx_HAL_Driver/Src/stm32f4xx_hal_can.c ****       (state == HAL_CAN_STATE_LISTENING))
1703:Drivers/STM32F4xx_HAL_Driver/Src/stm32f4xx_hal_can.c ****   {
1704:Drivers/STM32F4xx_HAL_Driver/Src/stm32f4xx_hal_can.c ****     /* Disable the selected interrupts */
1705:Drivers/STM32F4xx_HAL_Driver/Src/stm32f4xx_hal_can.c ****     __HAL_CAN_DISABLE_IT(hcan, InactiveITs);
1706:Drivers/STM32F4xx_HAL_Driver/Src/stm32f4xx_hal_can.c **** 
1707:Drivers/STM32F4xx_HAL_Driver/Src/stm32f4xx_hal_can.c ****     /* Return function status */
1708:Drivers/STM32F4xx_HAL_Driver/Src/stm32f4xx_hal_can.c ****     return HAL_OK;
1709:Drivers/STM32F4xx_HAL_Driver/Src/stm32f4xx_hal_can.c ****   }
1710:Drivers/STM32F4xx_HAL_Driver/Src/stm32f4xx_hal_can.c ****   else
1711:Drivers/STM32F4xx_HAL_Driver/Src/stm32f4xx_hal_can.c ****   {
1712:Drivers/STM32F4xx_HAL_Driver/Src/stm32f4xx_hal_can.c ****     /* Update error code */
1713:Drivers/STM32F4xx_HAL_Driver/Src/stm32f4xx_hal_can.c ****     hcan->ErrorCode |= HAL_CAN_ERROR_NOT_INITIALIZED;
 2117              		.loc 1 1713 5 is_stmt 1 view .LVU699
 2118              		.loc 1 1713 21 is_stmt 0 view .LVU700
 2119 000c 436A     		ldr	r3, [r0, #36]
 2120 000e 43F48023 		orr	r3, r3, #262144
 2121 0012 4362     		str	r3, [r0, #36]
1714:Drivers/STM32F4xx_HAL_Driver/Src/stm32f4xx_hal_can.c **** 
1715:Drivers/STM32F4xx_HAL_Driver/Src/stm32f4xx_hal_can.c ****     return HAL_ERROR;
 2122              		.loc 1 1715 5 is_stmt 1 view .LVU701
 2123              		.loc 1 1715 12 is_stmt 0 view .LVU702
 2124 0014 0120     		movs	r0, #1
 2125              	.LVL158:
1716:Drivers/STM32F4xx_HAL_Driver/Src/stm32f4xx_hal_can.c ****   }
1717:Drivers/STM32F4xx_HAL_Driver/Src/stm32f4xx_hal_can.c **** }
 2126              		.loc 1 1717 1 view .LVU703
 2127 0016 7047     		bx	lr
 2128              	.LVL159:
 2129              	.L155:
1705:Drivers/STM32F4xx_HAL_Driver/Src/stm32f4xx_hal_can.c **** 
ARM GAS  /tmp/ccXdCPPU.s 			page 81


 2130              		.loc 1 1705 5 is_stmt 1 view .LVU704
 2131 0018 0268     		ldr	r2, [r0]
 2132 001a 5369     		ldr	r3, [r2, #20]
 2133 001c 23EA0101 		bic	r1, r3, r1
 2134              	.LVL160:
1705:Drivers/STM32F4xx_HAL_Driver/Src/stm32f4xx_hal_can.c **** 
 2135              		.loc 1 1705 5 is_stmt 0 view .LVU705
 2136 0020 5161     		str	r1, [r2, #20]
1708:Drivers/STM32F4xx_HAL_Driver/Src/stm32f4xx_hal_can.c ****   }
 2137              		.loc 1 1708 5 is_stmt 1 view .LVU706
1708:Drivers/STM32F4xx_HAL_Driver/Src/stm32f4xx_hal_can.c ****   }
 2138              		.loc 1 1708 12 is_stmt 0 view .LVU707
 2139 0022 0020     		movs	r0, #0
 2140              	.LVL161:
1708:Drivers/STM32F4xx_HAL_Driver/Src/stm32f4xx_hal_can.c ****   }
 2141              		.loc 1 1708 12 view .LVU708
 2142 0024 7047     		bx	lr
 2143              		.cfi_endproc
 2144              	.LFE152:
 2146              		.section	.text.HAL_CAN_TxMailbox0CompleteCallback,"ax",%progbits
 2147              		.align	1
 2148              		.weak	HAL_CAN_TxMailbox0CompleteCallback
 2149              		.syntax unified
 2150              		.thumb
 2151              		.thumb_func
 2152              		.fpu fpv4-sp-d16
 2154              	HAL_CAN_TxMailbox0CompleteCallback:
 2155              	.LVL162:
 2156              	.LFB154:
1718:Drivers/STM32F4xx_HAL_Driver/Src/stm32f4xx_hal_can.c **** 
1719:Drivers/STM32F4xx_HAL_Driver/Src/stm32f4xx_hal_can.c **** /**
1720:Drivers/STM32F4xx_HAL_Driver/Src/stm32f4xx_hal_can.c ****   * @brief  Handles CAN interrupt request
1721:Drivers/STM32F4xx_HAL_Driver/Src/stm32f4xx_hal_can.c ****   * @param  hcan pointer to a CAN_HandleTypeDef structure that contains
1722:Drivers/STM32F4xx_HAL_Driver/Src/stm32f4xx_hal_can.c ****   *         the configuration information for the specified CAN.
1723:Drivers/STM32F4xx_HAL_Driver/Src/stm32f4xx_hal_can.c ****   * @retval None
1724:Drivers/STM32F4xx_HAL_Driver/Src/stm32f4xx_hal_can.c ****   */
1725:Drivers/STM32F4xx_HAL_Driver/Src/stm32f4xx_hal_can.c **** void HAL_CAN_IRQHandler(CAN_HandleTypeDef *hcan)
1726:Drivers/STM32F4xx_HAL_Driver/Src/stm32f4xx_hal_can.c **** {
1727:Drivers/STM32F4xx_HAL_Driver/Src/stm32f4xx_hal_can.c ****   uint32_t errorcode = HAL_CAN_ERROR_NONE;
1728:Drivers/STM32F4xx_HAL_Driver/Src/stm32f4xx_hal_can.c ****   uint32_t interrupts = READ_REG(hcan->Instance->IER);
1729:Drivers/STM32F4xx_HAL_Driver/Src/stm32f4xx_hal_can.c ****   uint32_t msrflags = READ_REG(hcan->Instance->MSR);
1730:Drivers/STM32F4xx_HAL_Driver/Src/stm32f4xx_hal_can.c ****   uint32_t tsrflags = READ_REG(hcan->Instance->TSR);
1731:Drivers/STM32F4xx_HAL_Driver/Src/stm32f4xx_hal_can.c ****   uint32_t rf0rflags = READ_REG(hcan->Instance->RF0R);
1732:Drivers/STM32F4xx_HAL_Driver/Src/stm32f4xx_hal_can.c ****   uint32_t rf1rflags = READ_REG(hcan->Instance->RF1R);
1733:Drivers/STM32F4xx_HAL_Driver/Src/stm32f4xx_hal_can.c ****   uint32_t esrflags = READ_REG(hcan->Instance->ESR);
1734:Drivers/STM32F4xx_HAL_Driver/Src/stm32f4xx_hal_can.c **** 
1735:Drivers/STM32F4xx_HAL_Driver/Src/stm32f4xx_hal_can.c ****   /* Transmit Mailbox empty interrupt management *****************************/
1736:Drivers/STM32F4xx_HAL_Driver/Src/stm32f4xx_hal_can.c ****   if ((interrupts & CAN_IT_TX_MAILBOX_EMPTY) != 0U)
1737:Drivers/STM32F4xx_HAL_Driver/Src/stm32f4xx_hal_can.c ****   {
1738:Drivers/STM32F4xx_HAL_Driver/Src/stm32f4xx_hal_can.c ****     /* Transmit Mailbox 0 management *****************************************/
1739:Drivers/STM32F4xx_HAL_Driver/Src/stm32f4xx_hal_can.c ****     if ((tsrflags & CAN_TSR_RQCP0) != 0U)
1740:Drivers/STM32F4xx_HAL_Driver/Src/stm32f4xx_hal_can.c ****     {
1741:Drivers/STM32F4xx_HAL_Driver/Src/stm32f4xx_hal_can.c ****       /* Clear the Transmission Complete flag (and TXOK0,ALST0,TERR0 bits) */
1742:Drivers/STM32F4xx_HAL_Driver/Src/stm32f4xx_hal_can.c ****       __HAL_CAN_CLEAR_FLAG(hcan, CAN_FLAG_RQCP0);
1743:Drivers/STM32F4xx_HAL_Driver/Src/stm32f4xx_hal_can.c **** 
1744:Drivers/STM32F4xx_HAL_Driver/Src/stm32f4xx_hal_can.c ****       if ((tsrflags & CAN_TSR_TXOK0) != 0U)
1745:Drivers/STM32F4xx_HAL_Driver/Src/stm32f4xx_hal_can.c ****       {
ARM GAS  /tmp/ccXdCPPU.s 			page 82


1746:Drivers/STM32F4xx_HAL_Driver/Src/stm32f4xx_hal_can.c ****         /* Transmission Mailbox 0 complete callback */
1747:Drivers/STM32F4xx_HAL_Driver/Src/stm32f4xx_hal_can.c **** #if USE_HAL_CAN_REGISTER_CALLBACKS == 1
1748:Drivers/STM32F4xx_HAL_Driver/Src/stm32f4xx_hal_can.c ****         /* Call registered callback*/
1749:Drivers/STM32F4xx_HAL_Driver/Src/stm32f4xx_hal_can.c ****         hcan->TxMailbox0CompleteCallback(hcan);
1750:Drivers/STM32F4xx_HAL_Driver/Src/stm32f4xx_hal_can.c **** #else
1751:Drivers/STM32F4xx_HAL_Driver/Src/stm32f4xx_hal_can.c ****         /* Call weak (surcharged) callback */
1752:Drivers/STM32F4xx_HAL_Driver/Src/stm32f4xx_hal_can.c ****         HAL_CAN_TxMailbox0CompleteCallback(hcan);
1753:Drivers/STM32F4xx_HAL_Driver/Src/stm32f4xx_hal_can.c **** #endif /* USE_HAL_CAN_REGISTER_CALLBACKS */
1754:Drivers/STM32F4xx_HAL_Driver/Src/stm32f4xx_hal_can.c ****       }
1755:Drivers/STM32F4xx_HAL_Driver/Src/stm32f4xx_hal_can.c ****       else
1756:Drivers/STM32F4xx_HAL_Driver/Src/stm32f4xx_hal_can.c ****       {
1757:Drivers/STM32F4xx_HAL_Driver/Src/stm32f4xx_hal_can.c ****         if ((tsrflags & CAN_TSR_ALST0) != 0U)
1758:Drivers/STM32F4xx_HAL_Driver/Src/stm32f4xx_hal_can.c ****         {
1759:Drivers/STM32F4xx_HAL_Driver/Src/stm32f4xx_hal_can.c ****           /* Update error code */
1760:Drivers/STM32F4xx_HAL_Driver/Src/stm32f4xx_hal_can.c ****           errorcode |= HAL_CAN_ERROR_TX_ALST0;
1761:Drivers/STM32F4xx_HAL_Driver/Src/stm32f4xx_hal_can.c ****         }
1762:Drivers/STM32F4xx_HAL_Driver/Src/stm32f4xx_hal_can.c ****         else if ((tsrflags & CAN_TSR_TERR0) != 0U)
1763:Drivers/STM32F4xx_HAL_Driver/Src/stm32f4xx_hal_can.c ****         {
1764:Drivers/STM32F4xx_HAL_Driver/Src/stm32f4xx_hal_can.c ****           /* Update error code */
1765:Drivers/STM32F4xx_HAL_Driver/Src/stm32f4xx_hal_can.c ****           errorcode |= HAL_CAN_ERROR_TX_TERR0;
1766:Drivers/STM32F4xx_HAL_Driver/Src/stm32f4xx_hal_can.c ****         }
1767:Drivers/STM32F4xx_HAL_Driver/Src/stm32f4xx_hal_can.c ****         else
1768:Drivers/STM32F4xx_HAL_Driver/Src/stm32f4xx_hal_can.c ****         {
1769:Drivers/STM32F4xx_HAL_Driver/Src/stm32f4xx_hal_can.c ****           /* Transmission Mailbox 0 abort callback */
1770:Drivers/STM32F4xx_HAL_Driver/Src/stm32f4xx_hal_can.c **** #if USE_HAL_CAN_REGISTER_CALLBACKS == 1
1771:Drivers/STM32F4xx_HAL_Driver/Src/stm32f4xx_hal_can.c ****           /* Call registered callback*/
1772:Drivers/STM32F4xx_HAL_Driver/Src/stm32f4xx_hal_can.c ****           hcan->TxMailbox0AbortCallback(hcan);
1773:Drivers/STM32F4xx_HAL_Driver/Src/stm32f4xx_hal_can.c **** #else
1774:Drivers/STM32F4xx_HAL_Driver/Src/stm32f4xx_hal_can.c ****           /* Call weak (surcharged) callback */
1775:Drivers/STM32F4xx_HAL_Driver/Src/stm32f4xx_hal_can.c ****           HAL_CAN_TxMailbox0AbortCallback(hcan);
1776:Drivers/STM32F4xx_HAL_Driver/Src/stm32f4xx_hal_can.c **** #endif /* USE_HAL_CAN_REGISTER_CALLBACKS */
1777:Drivers/STM32F4xx_HAL_Driver/Src/stm32f4xx_hal_can.c ****         }
1778:Drivers/STM32F4xx_HAL_Driver/Src/stm32f4xx_hal_can.c ****       }
1779:Drivers/STM32F4xx_HAL_Driver/Src/stm32f4xx_hal_can.c ****     }
1780:Drivers/STM32F4xx_HAL_Driver/Src/stm32f4xx_hal_can.c **** 
1781:Drivers/STM32F4xx_HAL_Driver/Src/stm32f4xx_hal_can.c ****     /* Transmit Mailbox 1 management *****************************************/
1782:Drivers/STM32F4xx_HAL_Driver/Src/stm32f4xx_hal_can.c ****     if ((tsrflags & CAN_TSR_RQCP1) != 0U)
1783:Drivers/STM32F4xx_HAL_Driver/Src/stm32f4xx_hal_can.c ****     {
1784:Drivers/STM32F4xx_HAL_Driver/Src/stm32f4xx_hal_can.c ****       /* Clear the Transmission Complete flag (and TXOK1,ALST1,TERR1 bits) */
1785:Drivers/STM32F4xx_HAL_Driver/Src/stm32f4xx_hal_can.c ****       __HAL_CAN_CLEAR_FLAG(hcan, CAN_FLAG_RQCP1);
1786:Drivers/STM32F4xx_HAL_Driver/Src/stm32f4xx_hal_can.c **** 
1787:Drivers/STM32F4xx_HAL_Driver/Src/stm32f4xx_hal_can.c ****       if ((tsrflags & CAN_TSR_TXOK1) != 0U)
1788:Drivers/STM32F4xx_HAL_Driver/Src/stm32f4xx_hal_can.c ****       {
1789:Drivers/STM32F4xx_HAL_Driver/Src/stm32f4xx_hal_can.c ****         /* Transmission Mailbox 1 complete callback */
1790:Drivers/STM32F4xx_HAL_Driver/Src/stm32f4xx_hal_can.c **** #if USE_HAL_CAN_REGISTER_CALLBACKS == 1
1791:Drivers/STM32F4xx_HAL_Driver/Src/stm32f4xx_hal_can.c ****         /* Call registered callback*/
1792:Drivers/STM32F4xx_HAL_Driver/Src/stm32f4xx_hal_can.c ****         hcan->TxMailbox1CompleteCallback(hcan);
1793:Drivers/STM32F4xx_HAL_Driver/Src/stm32f4xx_hal_can.c **** #else
1794:Drivers/STM32F4xx_HAL_Driver/Src/stm32f4xx_hal_can.c ****         /* Call weak (surcharged) callback */
1795:Drivers/STM32F4xx_HAL_Driver/Src/stm32f4xx_hal_can.c ****         HAL_CAN_TxMailbox1CompleteCallback(hcan);
1796:Drivers/STM32F4xx_HAL_Driver/Src/stm32f4xx_hal_can.c **** #endif /* USE_HAL_CAN_REGISTER_CALLBACKS */
1797:Drivers/STM32F4xx_HAL_Driver/Src/stm32f4xx_hal_can.c ****       }
1798:Drivers/STM32F4xx_HAL_Driver/Src/stm32f4xx_hal_can.c ****       else
1799:Drivers/STM32F4xx_HAL_Driver/Src/stm32f4xx_hal_can.c ****       {
1800:Drivers/STM32F4xx_HAL_Driver/Src/stm32f4xx_hal_can.c ****         if ((tsrflags & CAN_TSR_ALST1) != 0U)
1801:Drivers/STM32F4xx_HAL_Driver/Src/stm32f4xx_hal_can.c ****         {
1802:Drivers/STM32F4xx_HAL_Driver/Src/stm32f4xx_hal_can.c ****           /* Update error code */
ARM GAS  /tmp/ccXdCPPU.s 			page 83


1803:Drivers/STM32F4xx_HAL_Driver/Src/stm32f4xx_hal_can.c ****           errorcode |= HAL_CAN_ERROR_TX_ALST1;
1804:Drivers/STM32F4xx_HAL_Driver/Src/stm32f4xx_hal_can.c ****         }
1805:Drivers/STM32F4xx_HAL_Driver/Src/stm32f4xx_hal_can.c ****         else if ((tsrflags & CAN_TSR_TERR1) != 0U)
1806:Drivers/STM32F4xx_HAL_Driver/Src/stm32f4xx_hal_can.c ****         {
1807:Drivers/STM32F4xx_HAL_Driver/Src/stm32f4xx_hal_can.c ****           /* Update error code */
1808:Drivers/STM32F4xx_HAL_Driver/Src/stm32f4xx_hal_can.c ****           errorcode |= HAL_CAN_ERROR_TX_TERR1;
1809:Drivers/STM32F4xx_HAL_Driver/Src/stm32f4xx_hal_can.c ****         }
1810:Drivers/STM32F4xx_HAL_Driver/Src/stm32f4xx_hal_can.c ****         else
1811:Drivers/STM32F4xx_HAL_Driver/Src/stm32f4xx_hal_can.c ****         {
1812:Drivers/STM32F4xx_HAL_Driver/Src/stm32f4xx_hal_can.c ****           /* Transmission Mailbox 1 abort callback */
1813:Drivers/STM32F4xx_HAL_Driver/Src/stm32f4xx_hal_can.c **** #if USE_HAL_CAN_REGISTER_CALLBACKS == 1
1814:Drivers/STM32F4xx_HAL_Driver/Src/stm32f4xx_hal_can.c ****           /* Call registered callback*/
1815:Drivers/STM32F4xx_HAL_Driver/Src/stm32f4xx_hal_can.c ****           hcan->TxMailbox1AbortCallback(hcan);
1816:Drivers/STM32F4xx_HAL_Driver/Src/stm32f4xx_hal_can.c **** #else
1817:Drivers/STM32F4xx_HAL_Driver/Src/stm32f4xx_hal_can.c ****           /* Call weak (surcharged) callback */
1818:Drivers/STM32F4xx_HAL_Driver/Src/stm32f4xx_hal_can.c ****           HAL_CAN_TxMailbox1AbortCallback(hcan);
1819:Drivers/STM32F4xx_HAL_Driver/Src/stm32f4xx_hal_can.c **** #endif /* USE_HAL_CAN_REGISTER_CALLBACKS */
1820:Drivers/STM32F4xx_HAL_Driver/Src/stm32f4xx_hal_can.c ****         }
1821:Drivers/STM32F4xx_HAL_Driver/Src/stm32f4xx_hal_can.c ****       }
1822:Drivers/STM32F4xx_HAL_Driver/Src/stm32f4xx_hal_can.c ****     }
1823:Drivers/STM32F4xx_HAL_Driver/Src/stm32f4xx_hal_can.c **** 
1824:Drivers/STM32F4xx_HAL_Driver/Src/stm32f4xx_hal_can.c ****     /* Transmit Mailbox 2 management *****************************************/
1825:Drivers/STM32F4xx_HAL_Driver/Src/stm32f4xx_hal_can.c ****     if ((tsrflags & CAN_TSR_RQCP2) != 0U)
1826:Drivers/STM32F4xx_HAL_Driver/Src/stm32f4xx_hal_can.c ****     {
1827:Drivers/STM32F4xx_HAL_Driver/Src/stm32f4xx_hal_can.c ****       /* Clear the Transmission Complete flag (and TXOK2,ALST2,TERR2 bits) */
1828:Drivers/STM32F4xx_HAL_Driver/Src/stm32f4xx_hal_can.c ****       __HAL_CAN_CLEAR_FLAG(hcan, CAN_FLAG_RQCP2);
1829:Drivers/STM32F4xx_HAL_Driver/Src/stm32f4xx_hal_can.c **** 
1830:Drivers/STM32F4xx_HAL_Driver/Src/stm32f4xx_hal_can.c ****       if ((tsrflags & CAN_TSR_TXOK2) != 0U)
1831:Drivers/STM32F4xx_HAL_Driver/Src/stm32f4xx_hal_can.c ****       {
1832:Drivers/STM32F4xx_HAL_Driver/Src/stm32f4xx_hal_can.c ****         /* Transmission Mailbox 2 complete callback */
1833:Drivers/STM32F4xx_HAL_Driver/Src/stm32f4xx_hal_can.c **** #if USE_HAL_CAN_REGISTER_CALLBACKS == 1
1834:Drivers/STM32F4xx_HAL_Driver/Src/stm32f4xx_hal_can.c ****         /* Call registered callback*/
1835:Drivers/STM32F4xx_HAL_Driver/Src/stm32f4xx_hal_can.c ****         hcan->TxMailbox2CompleteCallback(hcan);
1836:Drivers/STM32F4xx_HAL_Driver/Src/stm32f4xx_hal_can.c **** #else
1837:Drivers/STM32F4xx_HAL_Driver/Src/stm32f4xx_hal_can.c ****         /* Call weak (surcharged) callback */
1838:Drivers/STM32F4xx_HAL_Driver/Src/stm32f4xx_hal_can.c ****         HAL_CAN_TxMailbox2CompleteCallback(hcan);
1839:Drivers/STM32F4xx_HAL_Driver/Src/stm32f4xx_hal_can.c **** #endif /* USE_HAL_CAN_REGISTER_CALLBACKS */
1840:Drivers/STM32F4xx_HAL_Driver/Src/stm32f4xx_hal_can.c ****       }
1841:Drivers/STM32F4xx_HAL_Driver/Src/stm32f4xx_hal_can.c ****       else
1842:Drivers/STM32F4xx_HAL_Driver/Src/stm32f4xx_hal_can.c ****       {
1843:Drivers/STM32F4xx_HAL_Driver/Src/stm32f4xx_hal_can.c ****         if ((tsrflags & CAN_TSR_ALST2) != 0U)
1844:Drivers/STM32F4xx_HAL_Driver/Src/stm32f4xx_hal_can.c ****         {
1845:Drivers/STM32F4xx_HAL_Driver/Src/stm32f4xx_hal_can.c ****           /* Update error code */
1846:Drivers/STM32F4xx_HAL_Driver/Src/stm32f4xx_hal_can.c ****           errorcode |= HAL_CAN_ERROR_TX_ALST2;
1847:Drivers/STM32F4xx_HAL_Driver/Src/stm32f4xx_hal_can.c ****         }
1848:Drivers/STM32F4xx_HAL_Driver/Src/stm32f4xx_hal_can.c ****         else if ((tsrflags & CAN_TSR_TERR2) != 0U)
1849:Drivers/STM32F4xx_HAL_Driver/Src/stm32f4xx_hal_can.c ****         {
1850:Drivers/STM32F4xx_HAL_Driver/Src/stm32f4xx_hal_can.c ****           /* Update error code */
1851:Drivers/STM32F4xx_HAL_Driver/Src/stm32f4xx_hal_can.c ****           errorcode |= HAL_CAN_ERROR_TX_TERR2;
1852:Drivers/STM32F4xx_HAL_Driver/Src/stm32f4xx_hal_can.c ****         }
1853:Drivers/STM32F4xx_HAL_Driver/Src/stm32f4xx_hal_can.c ****         else
1854:Drivers/STM32F4xx_HAL_Driver/Src/stm32f4xx_hal_can.c ****         {
1855:Drivers/STM32F4xx_HAL_Driver/Src/stm32f4xx_hal_can.c ****           /* Transmission Mailbox 2 abort callback */
1856:Drivers/STM32F4xx_HAL_Driver/Src/stm32f4xx_hal_can.c **** #if USE_HAL_CAN_REGISTER_CALLBACKS == 1
1857:Drivers/STM32F4xx_HAL_Driver/Src/stm32f4xx_hal_can.c ****           /* Call registered callback*/
1858:Drivers/STM32F4xx_HAL_Driver/Src/stm32f4xx_hal_can.c ****           hcan->TxMailbox2AbortCallback(hcan);
1859:Drivers/STM32F4xx_HAL_Driver/Src/stm32f4xx_hal_can.c **** #else
ARM GAS  /tmp/ccXdCPPU.s 			page 84


1860:Drivers/STM32F4xx_HAL_Driver/Src/stm32f4xx_hal_can.c ****           /* Call weak (surcharged) callback */
1861:Drivers/STM32F4xx_HAL_Driver/Src/stm32f4xx_hal_can.c ****           HAL_CAN_TxMailbox2AbortCallback(hcan);
1862:Drivers/STM32F4xx_HAL_Driver/Src/stm32f4xx_hal_can.c **** #endif /* USE_HAL_CAN_REGISTER_CALLBACKS */
1863:Drivers/STM32F4xx_HAL_Driver/Src/stm32f4xx_hal_can.c ****         }
1864:Drivers/STM32F4xx_HAL_Driver/Src/stm32f4xx_hal_can.c ****       }
1865:Drivers/STM32F4xx_HAL_Driver/Src/stm32f4xx_hal_can.c ****     }
1866:Drivers/STM32F4xx_HAL_Driver/Src/stm32f4xx_hal_can.c ****   }
1867:Drivers/STM32F4xx_HAL_Driver/Src/stm32f4xx_hal_can.c **** 
1868:Drivers/STM32F4xx_HAL_Driver/Src/stm32f4xx_hal_can.c ****   /* Receive FIFO 0 overrun interrupt management *****************************/
1869:Drivers/STM32F4xx_HAL_Driver/Src/stm32f4xx_hal_can.c ****   if ((interrupts & CAN_IT_RX_FIFO0_OVERRUN) != 0U)
1870:Drivers/STM32F4xx_HAL_Driver/Src/stm32f4xx_hal_can.c ****   {
1871:Drivers/STM32F4xx_HAL_Driver/Src/stm32f4xx_hal_can.c ****     if ((rf0rflags & CAN_RF0R_FOVR0) != 0U)
1872:Drivers/STM32F4xx_HAL_Driver/Src/stm32f4xx_hal_can.c ****     {
1873:Drivers/STM32F4xx_HAL_Driver/Src/stm32f4xx_hal_can.c ****       /* Set CAN error code to Rx Fifo 0 overrun error */
1874:Drivers/STM32F4xx_HAL_Driver/Src/stm32f4xx_hal_can.c ****       errorcode |= HAL_CAN_ERROR_RX_FOV0;
1875:Drivers/STM32F4xx_HAL_Driver/Src/stm32f4xx_hal_can.c **** 
1876:Drivers/STM32F4xx_HAL_Driver/Src/stm32f4xx_hal_can.c ****       /* Clear FIFO0 Overrun Flag */
1877:Drivers/STM32F4xx_HAL_Driver/Src/stm32f4xx_hal_can.c ****       __HAL_CAN_CLEAR_FLAG(hcan, CAN_FLAG_FOV0);
1878:Drivers/STM32F4xx_HAL_Driver/Src/stm32f4xx_hal_can.c ****     }
1879:Drivers/STM32F4xx_HAL_Driver/Src/stm32f4xx_hal_can.c ****   }
1880:Drivers/STM32F4xx_HAL_Driver/Src/stm32f4xx_hal_can.c **** 
1881:Drivers/STM32F4xx_HAL_Driver/Src/stm32f4xx_hal_can.c ****   /* Receive FIFO 0 full interrupt management ********************************/
1882:Drivers/STM32F4xx_HAL_Driver/Src/stm32f4xx_hal_can.c ****   if ((interrupts & CAN_IT_RX_FIFO0_FULL) != 0U)
1883:Drivers/STM32F4xx_HAL_Driver/Src/stm32f4xx_hal_can.c ****   {
1884:Drivers/STM32F4xx_HAL_Driver/Src/stm32f4xx_hal_can.c ****     if ((rf0rflags & CAN_RF0R_FULL0) != 0U)
1885:Drivers/STM32F4xx_HAL_Driver/Src/stm32f4xx_hal_can.c ****     {
1886:Drivers/STM32F4xx_HAL_Driver/Src/stm32f4xx_hal_can.c ****       /* Clear FIFO 0 full Flag */
1887:Drivers/STM32F4xx_HAL_Driver/Src/stm32f4xx_hal_can.c ****       __HAL_CAN_CLEAR_FLAG(hcan, CAN_FLAG_FF0);
1888:Drivers/STM32F4xx_HAL_Driver/Src/stm32f4xx_hal_can.c **** 
1889:Drivers/STM32F4xx_HAL_Driver/Src/stm32f4xx_hal_can.c ****       /* Receive FIFO 0 full Callback */
1890:Drivers/STM32F4xx_HAL_Driver/Src/stm32f4xx_hal_can.c **** #if USE_HAL_CAN_REGISTER_CALLBACKS == 1
1891:Drivers/STM32F4xx_HAL_Driver/Src/stm32f4xx_hal_can.c ****       /* Call registered callback*/
1892:Drivers/STM32F4xx_HAL_Driver/Src/stm32f4xx_hal_can.c ****       hcan->RxFifo0FullCallback(hcan);
1893:Drivers/STM32F4xx_HAL_Driver/Src/stm32f4xx_hal_can.c **** #else
1894:Drivers/STM32F4xx_HAL_Driver/Src/stm32f4xx_hal_can.c ****       /* Call weak (surcharged) callback */
1895:Drivers/STM32F4xx_HAL_Driver/Src/stm32f4xx_hal_can.c ****       HAL_CAN_RxFifo0FullCallback(hcan);
1896:Drivers/STM32F4xx_HAL_Driver/Src/stm32f4xx_hal_can.c **** #endif /* USE_HAL_CAN_REGISTER_CALLBACKS */
1897:Drivers/STM32F4xx_HAL_Driver/Src/stm32f4xx_hal_can.c ****     }
1898:Drivers/STM32F4xx_HAL_Driver/Src/stm32f4xx_hal_can.c ****   }
1899:Drivers/STM32F4xx_HAL_Driver/Src/stm32f4xx_hal_can.c **** 
1900:Drivers/STM32F4xx_HAL_Driver/Src/stm32f4xx_hal_can.c ****   /* Receive FIFO 0 message pending interrupt management *********************/
1901:Drivers/STM32F4xx_HAL_Driver/Src/stm32f4xx_hal_can.c ****   if ((interrupts & CAN_IT_RX_FIFO0_MSG_PENDING) != 0U)
1902:Drivers/STM32F4xx_HAL_Driver/Src/stm32f4xx_hal_can.c ****   {
1903:Drivers/STM32F4xx_HAL_Driver/Src/stm32f4xx_hal_can.c ****     /* Check if message is still pending */
1904:Drivers/STM32F4xx_HAL_Driver/Src/stm32f4xx_hal_can.c ****     if ((hcan->Instance->RF0R & CAN_RF0R_FMP0) != 0U)
1905:Drivers/STM32F4xx_HAL_Driver/Src/stm32f4xx_hal_can.c ****     {
1906:Drivers/STM32F4xx_HAL_Driver/Src/stm32f4xx_hal_can.c ****       /* Receive FIFO 0 message pending Callback */
1907:Drivers/STM32F4xx_HAL_Driver/Src/stm32f4xx_hal_can.c **** #if USE_HAL_CAN_REGISTER_CALLBACKS == 1
1908:Drivers/STM32F4xx_HAL_Driver/Src/stm32f4xx_hal_can.c ****       /* Call registered callback*/
1909:Drivers/STM32F4xx_HAL_Driver/Src/stm32f4xx_hal_can.c ****       hcan->RxFifo0MsgPendingCallback(hcan);
1910:Drivers/STM32F4xx_HAL_Driver/Src/stm32f4xx_hal_can.c **** #else
1911:Drivers/STM32F4xx_HAL_Driver/Src/stm32f4xx_hal_can.c ****       /* Call weak (surcharged) callback */
1912:Drivers/STM32F4xx_HAL_Driver/Src/stm32f4xx_hal_can.c ****       HAL_CAN_RxFifo0MsgPendingCallback(hcan);
1913:Drivers/STM32F4xx_HAL_Driver/Src/stm32f4xx_hal_can.c **** #endif /* USE_HAL_CAN_REGISTER_CALLBACKS */
1914:Drivers/STM32F4xx_HAL_Driver/Src/stm32f4xx_hal_can.c ****     }
1915:Drivers/STM32F4xx_HAL_Driver/Src/stm32f4xx_hal_can.c ****   }
1916:Drivers/STM32F4xx_HAL_Driver/Src/stm32f4xx_hal_can.c **** 
ARM GAS  /tmp/ccXdCPPU.s 			page 85


1917:Drivers/STM32F4xx_HAL_Driver/Src/stm32f4xx_hal_can.c ****   /* Receive FIFO 1 overrun interrupt management *****************************/
1918:Drivers/STM32F4xx_HAL_Driver/Src/stm32f4xx_hal_can.c ****   if ((interrupts & CAN_IT_RX_FIFO1_OVERRUN) != 0U)
1919:Drivers/STM32F4xx_HAL_Driver/Src/stm32f4xx_hal_can.c ****   {
1920:Drivers/STM32F4xx_HAL_Driver/Src/stm32f4xx_hal_can.c ****     if ((rf1rflags & CAN_RF1R_FOVR1) != 0U)
1921:Drivers/STM32F4xx_HAL_Driver/Src/stm32f4xx_hal_can.c ****     {
1922:Drivers/STM32F4xx_HAL_Driver/Src/stm32f4xx_hal_can.c ****       /* Set CAN error code to Rx Fifo 1 overrun error */
1923:Drivers/STM32F4xx_HAL_Driver/Src/stm32f4xx_hal_can.c ****       errorcode |= HAL_CAN_ERROR_RX_FOV1;
1924:Drivers/STM32F4xx_HAL_Driver/Src/stm32f4xx_hal_can.c **** 
1925:Drivers/STM32F4xx_HAL_Driver/Src/stm32f4xx_hal_can.c ****       /* Clear FIFO1 Overrun Flag */
1926:Drivers/STM32F4xx_HAL_Driver/Src/stm32f4xx_hal_can.c ****       __HAL_CAN_CLEAR_FLAG(hcan, CAN_FLAG_FOV1);
1927:Drivers/STM32F4xx_HAL_Driver/Src/stm32f4xx_hal_can.c ****     }
1928:Drivers/STM32F4xx_HAL_Driver/Src/stm32f4xx_hal_can.c ****   }
1929:Drivers/STM32F4xx_HAL_Driver/Src/stm32f4xx_hal_can.c **** 
1930:Drivers/STM32F4xx_HAL_Driver/Src/stm32f4xx_hal_can.c ****   /* Receive FIFO 1 full interrupt management ********************************/
1931:Drivers/STM32F4xx_HAL_Driver/Src/stm32f4xx_hal_can.c ****   if ((interrupts & CAN_IT_RX_FIFO1_FULL) != 0U)
1932:Drivers/STM32F4xx_HAL_Driver/Src/stm32f4xx_hal_can.c ****   {
1933:Drivers/STM32F4xx_HAL_Driver/Src/stm32f4xx_hal_can.c ****     if ((rf1rflags & CAN_RF1R_FULL1) != 0U)
1934:Drivers/STM32F4xx_HAL_Driver/Src/stm32f4xx_hal_can.c ****     {
1935:Drivers/STM32F4xx_HAL_Driver/Src/stm32f4xx_hal_can.c ****       /* Clear FIFO 1 full Flag */
1936:Drivers/STM32F4xx_HAL_Driver/Src/stm32f4xx_hal_can.c ****       __HAL_CAN_CLEAR_FLAG(hcan, CAN_FLAG_FF1);
1937:Drivers/STM32F4xx_HAL_Driver/Src/stm32f4xx_hal_can.c **** 
1938:Drivers/STM32F4xx_HAL_Driver/Src/stm32f4xx_hal_can.c ****       /* Receive FIFO 1 full Callback */
1939:Drivers/STM32F4xx_HAL_Driver/Src/stm32f4xx_hal_can.c **** #if USE_HAL_CAN_REGISTER_CALLBACKS == 1
1940:Drivers/STM32F4xx_HAL_Driver/Src/stm32f4xx_hal_can.c ****       /* Call registered callback*/
1941:Drivers/STM32F4xx_HAL_Driver/Src/stm32f4xx_hal_can.c ****       hcan->RxFifo1FullCallback(hcan);
1942:Drivers/STM32F4xx_HAL_Driver/Src/stm32f4xx_hal_can.c **** #else
1943:Drivers/STM32F4xx_HAL_Driver/Src/stm32f4xx_hal_can.c ****       /* Call weak (surcharged) callback */
1944:Drivers/STM32F4xx_HAL_Driver/Src/stm32f4xx_hal_can.c ****       HAL_CAN_RxFifo1FullCallback(hcan);
1945:Drivers/STM32F4xx_HAL_Driver/Src/stm32f4xx_hal_can.c **** #endif /* USE_HAL_CAN_REGISTER_CALLBACKS */
1946:Drivers/STM32F4xx_HAL_Driver/Src/stm32f4xx_hal_can.c ****     }
1947:Drivers/STM32F4xx_HAL_Driver/Src/stm32f4xx_hal_can.c ****   }
1948:Drivers/STM32F4xx_HAL_Driver/Src/stm32f4xx_hal_can.c **** 
1949:Drivers/STM32F4xx_HAL_Driver/Src/stm32f4xx_hal_can.c ****   /* Receive FIFO 1 message pending interrupt management *********************/
1950:Drivers/STM32F4xx_HAL_Driver/Src/stm32f4xx_hal_can.c ****   if ((interrupts & CAN_IT_RX_FIFO1_MSG_PENDING) != 0U)
1951:Drivers/STM32F4xx_HAL_Driver/Src/stm32f4xx_hal_can.c ****   {
1952:Drivers/STM32F4xx_HAL_Driver/Src/stm32f4xx_hal_can.c ****     /* Check if message is still pending */
1953:Drivers/STM32F4xx_HAL_Driver/Src/stm32f4xx_hal_can.c ****     if ((hcan->Instance->RF1R & CAN_RF1R_FMP1) != 0U)
1954:Drivers/STM32F4xx_HAL_Driver/Src/stm32f4xx_hal_can.c ****     {
1955:Drivers/STM32F4xx_HAL_Driver/Src/stm32f4xx_hal_can.c ****       /* Receive FIFO 1 message pending Callback */
1956:Drivers/STM32F4xx_HAL_Driver/Src/stm32f4xx_hal_can.c **** #if USE_HAL_CAN_REGISTER_CALLBACKS == 1
1957:Drivers/STM32F4xx_HAL_Driver/Src/stm32f4xx_hal_can.c ****       /* Call registered callback*/
1958:Drivers/STM32F4xx_HAL_Driver/Src/stm32f4xx_hal_can.c ****       hcan->RxFifo1MsgPendingCallback(hcan);
1959:Drivers/STM32F4xx_HAL_Driver/Src/stm32f4xx_hal_can.c **** #else
1960:Drivers/STM32F4xx_HAL_Driver/Src/stm32f4xx_hal_can.c ****       /* Call weak (surcharged) callback */
1961:Drivers/STM32F4xx_HAL_Driver/Src/stm32f4xx_hal_can.c ****       HAL_CAN_RxFifo1MsgPendingCallback(hcan);
1962:Drivers/STM32F4xx_HAL_Driver/Src/stm32f4xx_hal_can.c **** #endif /* USE_HAL_CAN_REGISTER_CALLBACKS */
1963:Drivers/STM32F4xx_HAL_Driver/Src/stm32f4xx_hal_can.c ****     }
1964:Drivers/STM32F4xx_HAL_Driver/Src/stm32f4xx_hal_can.c ****   }
1965:Drivers/STM32F4xx_HAL_Driver/Src/stm32f4xx_hal_can.c **** 
1966:Drivers/STM32F4xx_HAL_Driver/Src/stm32f4xx_hal_can.c ****   /* Sleep interrupt management *********************************************/
1967:Drivers/STM32F4xx_HAL_Driver/Src/stm32f4xx_hal_can.c ****   if ((interrupts & CAN_IT_SLEEP_ACK) != 0U)
1968:Drivers/STM32F4xx_HAL_Driver/Src/stm32f4xx_hal_can.c ****   {
1969:Drivers/STM32F4xx_HAL_Driver/Src/stm32f4xx_hal_can.c ****     if ((msrflags & CAN_MSR_SLAKI) != 0U)
1970:Drivers/STM32F4xx_HAL_Driver/Src/stm32f4xx_hal_can.c ****     {
1971:Drivers/STM32F4xx_HAL_Driver/Src/stm32f4xx_hal_can.c ****       /* Clear Sleep interrupt Flag */
1972:Drivers/STM32F4xx_HAL_Driver/Src/stm32f4xx_hal_can.c ****       __HAL_CAN_CLEAR_FLAG(hcan, CAN_FLAG_SLAKI);
1973:Drivers/STM32F4xx_HAL_Driver/Src/stm32f4xx_hal_can.c **** 
ARM GAS  /tmp/ccXdCPPU.s 			page 86


1974:Drivers/STM32F4xx_HAL_Driver/Src/stm32f4xx_hal_can.c ****       /* Sleep Callback */
1975:Drivers/STM32F4xx_HAL_Driver/Src/stm32f4xx_hal_can.c **** #if USE_HAL_CAN_REGISTER_CALLBACKS == 1
1976:Drivers/STM32F4xx_HAL_Driver/Src/stm32f4xx_hal_can.c ****       /* Call registered callback*/
1977:Drivers/STM32F4xx_HAL_Driver/Src/stm32f4xx_hal_can.c ****       hcan->SleepCallback(hcan);
1978:Drivers/STM32F4xx_HAL_Driver/Src/stm32f4xx_hal_can.c **** #else
1979:Drivers/STM32F4xx_HAL_Driver/Src/stm32f4xx_hal_can.c ****       /* Call weak (surcharged) callback */
1980:Drivers/STM32F4xx_HAL_Driver/Src/stm32f4xx_hal_can.c ****       HAL_CAN_SleepCallback(hcan);
1981:Drivers/STM32F4xx_HAL_Driver/Src/stm32f4xx_hal_can.c **** #endif /* USE_HAL_CAN_REGISTER_CALLBACKS */
1982:Drivers/STM32F4xx_HAL_Driver/Src/stm32f4xx_hal_can.c ****     }
1983:Drivers/STM32F4xx_HAL_Driver/Src/stm32f4xx_hal_can.c ****   }
1984:Drivers/STM32F4xx_HAL_Driver/Src/stm32f4xx_hal_can.c **** 
1985:Drivers/STM32F4xx_HAL_Driver/Src/stm32f4xx_hal_can.c ****   /* WakeUp interrupt management *********************************************/
1986:Drivers/STM32F4xx_HAL_Driver/Src/stm32f4xx_hal_can.c ****   if ((interrupts & CAN_IT_WAKEUP) != 0U)
1987:Drivers/STM32F4xx_HAL_Driver/Src/stm32f4xx_hal_can.c ****   {
1988:Drivers/STM32F4xx_HAL_Driver/Src/stm32f4xx_hal_can.c ****     if ((msrflags & CAN_MSR_WKUI) != 0U)
1989:Drivers/STM32F4xx_HAL_Driver/Src/stm32f4xx_hal_can.c ****     {
1990:Drivers/STM32F4xx_HAL_Driver/Src/stm32f4xx_hal_can.c ****       /* Clear WakeUp Flag */
1991:Drivers/STM32F4xx_HAL_Driver/Src/stm32f4xx_hal_can.c ****       __HAL_CAN_CLEAR_FLAG(hcan, CAN_FLAG_WKU);
1992:Drivers/STM32F4xx_HAL_Driver/Src/stm32f4xx_hal_can.c **** 
1993:Drivers/STM32F4xx_HAL_Driver/Src/stm32f4xx_hal_can.c ****       /* WakeUp Callback */
1994:Drivers/STM32F4xx_HAL_Driver/Src/stm32f4xx_hal_can.c **** #if USE_HAL_CAN_REGISTER_CALLBACKS == 1
1995:Drivers/STM32F4xx_HAL_Driver/Src/stm32f4xx_hal_can.c ****       /* Call registered callback*/
1996:Drivers/STM32F4xx_HAL_Driver/Src/stm32f4xx_hal_can.c ****       hcan->WakeUpFromRxMsgCallback(hcan);
1997:Drivers/STM32F4xx_HAL_Driver/Src/stm32f4xx_hal_can.c **** #else
1998:Drivers/STM32F4xx_HAL_Driver/Src/stm32f4xx_hal_can.c ****       /* Call weak (surcharged) callback */
1999:Drivers/STM32F4xx_HAL_Driver/Src/stm32f4xx_hal_can.c ****       HAL_CAN_WakeUpFromRxMsgCallback(hcan);
2000:Drivers/STM32F4xx_HAL_Driver/Src/stm32f4xx_hal_can.c **** #endif /* USE_HAL_CAN_REGISTER_CALLBACKS */
2001:Drivers/STM32F4xx_HAL_Driver/Src/stm32f4xx_hal_can.c ****     }
2002:Drivers/STM32F4xx_HAL_Driver/Src/stm32f4xx_hal_can.c ****   }
2003:Drivers/STM32F4xx_HAL_Driver/Src/stm32f4xx_hal_can.c **** 
2004:Drivers/STM32F4xx_HAL_Driver/Src/stm32f4xx_hal_can.c ****   /* Error interrupts management *********************************************/
2005:Drivers/STM32F4xx_HAL_Driver/Src/stm32f4xx_hal_can.c ****   if ((interrupts & CAN_IT_ERROR) != 0U)
2006:Drivers/STM32F4xx_HAL_Driver/Src/stm32f4xx_hal_can.c ****   {
2007:Drivers/STM32F4xx_HAL_Driver/Src/stm32f4xx_hal_can.c ****     if ((msrflags & CAN_MSR_ERRI) != 0U)
2008:Drivers/STM32F4xx_HAL_Driver/Src/stm32f4xx_hal_can.c ****     {
2009:Drivers/STM32F4xx_HAL_Driver/Src/stm32f4xx_hal_can.c ****       /* Check Error Warning Flag */
2010:Drivers/STM32F4xx_HAL_Driver/Src/stm32f4xx_hal_can.c ****       if (((interrupts & CAN_IT_ERROR_WARNING) != 0U) &&
2011:Drivers/STM32F4xx_HAL_Driver/Src/stm32f4xx_hal_can.c ****           ((esrflags & CAN_ESR_EWGF) != 0U))
2012:Drivers/STM32F4xx_HAL_Driver/Src/stm32f4xx_hal_can.c ****       {
2013:Drivers/STM32F4xx_HAL_Driver/Src/stm32f4xx_hal_can.c ****         /* Set CAN error code to Error Warning */
2014:Drivers/STM32F4xx_HAL_Driver/Src/stm32f4xx_hal_can.c ****         errorcode |= HAL_CAN_ERROR_EWG;
2015:Drivers/STM32F4xx_HAL_Driver/Src/stm32f4xx_hal_can.c **** 
2016:Drivers/STM32F4xx_HAL_Driver/Src/stm32f4xx_hal_can.c ****         /* No need for clear of Error Warning Flag as read-only */
2017:Drivers/STM32F4xx_HAL_Driver/Src/stm32f4xx_hal_can.c ****       }
2018:Drivers/STM32F4xx_HAL_Driver/Src/stm32f4xx_hal_can.c **** 
2019:Drivers/STM32F4xx_HAL_Driver/Src/stm32f4xx_hal_can.c ****       /* Check Error Passive Flag */
2020:Drivers/STM32F4xx_HAL_Driver/Src/stm32f4xx_hal_can.c ****       if (((interrupts & CAN_IT_ERROR_PASSIVE) != 0U) &&
2021:Drivers/STM32F4xx_HAL_Driver/Src/stm32f4xx_hal_can.c ****           ((esrflags & CAN_ESR_EPVF) != 0U))
2022:Drivers/STM32F4xx_HAL_Driver/Src/stm32f4xx_hal_can.c ****       {
2023:Drivers/STM32F4xx_HAL_Driver/Src/stm32f4xx_hal_can.c ****         /* Set CAN error code to Error Passive */
2024:Drivers/STM32F4xx_HAL_Driver/Src/stm32f4xx_hal_can.c ****         errorcode |= HAL_CAN_ERROR_EPV;
2025:Drivers/STM32F4xx_HAL_Driver/Src/stm32f4xx_hal_can.c **** 
2026:Drivers/STM32F4xx_HAL_Driver/Src/stm32f4xx_hal_can.c ****         /* No need for clear of Error Passive Flag as read-only */
2027:Drivers/STM32F4xx_HAL_Driver/Src/stm32f4xx_hal_can.c ****       }
2028:Drivers/STM32F4xx_HAL_Driver/Src/stm32f4xx_hal_can.c **** 
2029:Drivers/STM32F4xx_HAL_Driver/Src/stm32f4xx_hal_can.c ****       /* Check Bus-off Flag */
2030:Drivers/STM32F4xx_HAL_Driver/Src/stm32f4xx_hal_can.c ****       if (((interrupts & CAN_IT_BUSOFF) != 0U) &&
ARM GAS  /tmp/ccXdCPPU.s 			page 87


2031:Drivers/STM32F4xx_HAL_Driver/Src/stm32f4xx_hal_can.c ****           ((esrflags & CAN_ESR_BOFF) != 0U))
2032:Drivers/STM32F4xx_HAL_Driver/Src/stm32f4xx_hal_can.c ****       {
2033:Drivers/STM32F4xx_HAL_Driver/Src/stm32f4xx_hal_can.c ****         /* Set CAN error code to Bus-Off */
2034:Drivers/STM32F4xx_HAL_Driver/Src/stm32f4xx_hal_can.c ****         errorcode |= HAL_CAN_ERROR_BOF;
2035:Drivers/STM32F4xx_HAL_Driver/Src/stm32f4xx_hal_can.c **** 
2036:Drivers/STM32F4xx_HAL_Driver/Src/stm32f4xx_hal_can.c ****         /* No need for clear of Error Bus-Off as read-only */
2037:Drivers/STM32F4xx_HAL_Driver/Src/stm32f4xx_hal_can.c ****       }
2038:Drivers/STM32F4xx_HAL_Driver/Src/stm32f4xx_hal_can.c **** 
2039:Drivers/STM32F4xx_HAL_Driver/Src/stm32f4xx_hal_can.c ****       /* Check Last Error Code Flag */
2040:Drivers/STM32F4xx_HAL_Driver/Src/stm32f4xx_hal_can.c ****       if (((interrupts & CAN_IT_LAST_ERROR_CODE) != 0U) &&
2041:Drivers/STM32F4xx_HAL_Driver/Src/stm32f4xx_hal_can.c ****           ((esrflags & CAN_ESR_LEC) != 0U))
2042:Drivers/STM32F4xx_HAL_Driver/Src/stm32f4xx_hal_can.c ****       {
2043:Drivers/STM32F4xx_HAL_Driver/Src/stm32f4xx_hal_can.c ****         switch (esrflags & CAN_ESR_LEC)
2044:Drivers/STM32F4xx_HAL_Driver/Src/stm32f4xx_hal_can.c ****         {
2045:Drivers/STM32F4xx_HAL_Driver/Src/stm32f4xx_hal_can.c ****           case (CAN_ESR_LEC_0):
2046:Drivers/STM32F4xx_HAL_Driver/Src/stm32f4xx_hal_can.c ****             /* Set CAN error code to Stuff error */
2047:Drivers/STM32F4xx_HAL_Driver/Src/stm32f4xx_hal_can.c ****             errorcode |= HAL_CAN_ERROR_STF;
2048:Drivers/STM32F4xx_HAL_Driver/Src/stm32f4xx_hal_can.c ****             break;
2049:Drivers/STM32F4xx_HAL_Driver/Src/stm32f4xx_hal_can.c ****           case (CAN_ESR_LEC_1):
2050:Drivers/STM32F4xx_HAL_Driver/Src/stm32f4xx_hal_can.c ****             /* Set CAN error code to Form error */
2051:Drivers/STM32F4xx_HAL_Driver/Src/stm32f4xx_hal_can.c ****             errorcode |= HAL_CAN_ERROR_FOR;
2052:Drivers/STM32F4xx_HAL_Driver/Src/stm32f4xx_hal_can.c ****             break;
2053:Drivers/STM32F4xx_HAL_Driver/Src/stm32f4xx_hal_can.c ****           case (CAN_ESR_LEC_1 | CAN_ESR_LEC_0):
2054:Drivers/STM32F4xx_HAL_Driver/Src/stm32f4xx_hal_can.c ****             /* Set CAN error code to Acknowledgement error */
2055:Drivers/STM32F4xx_HAL_Driver/Src/stm32f4xx_hal_can.c ****             errorcode |= HAL_CAN_ERROR_ACK;
2056:Drivers/STM32F4xx_HAL_Driver/Src/stm32f4xx_hal_can.c ****             break;
2057:Drivers/STM32F4xx_HAL_Driver/Src/stm32f4xx_hal_can.c ****           case (CAN_ESR_LEC_2):
2058:Drivers/STM32F4xx_HAL_Driver/Src/stm32f4xx_hal_can.c ****             /* Set CAN error code to Bit recessive error */
2059:Drivers/STM32F4xx_HAL_Driver/Src/stm32f4xx_hal_can.c ****             errorcode |= HAL_CAN_ERROR_BR;
2060:Drivers/STM32F4xx_HAL_Driver/Src/stm32f4xx_hal_can.c ****             break;
2061:Drivers/STM32F4xx_HAL_Driver/Src/stm32f4xx_hal_can.c ****           case (CAN_ESR_LEC_2 | CAN_ESR_LEC_0):
2062:Drivers/STM32F4xx_HAL_Driver/Src/stm32f4xx_hal_can.c ****             /* Set CAN error code to Bit Dominant error */
2063:Drivers/STM32F4xx_HAL_Driver/Src/stm32f4xx_hal_can.c ****             errorcode |= HAL_CAN_ERROR_BD;
2064:Drivers/STM32F4xx_HAL_Driver/Src/stm32f4xx_hal_can.c ****             break;
2065:Drivers/STM32F4xx_HAL_Driver/Src/stm32f4xx_hal_can.c ****           case (CAN_ESR_LEC_2 | CAN_ESR_LEC_1):
2066:Drivers/STM32F4xx_HAL_Driver/Src/stm32f4xx_hal_can.c ****             /* Set CAN error code to CRC error */
2067:Drivers/STM32F4xx_HAL_Driver/Src/stm32f4xx_hal_can.c ****             errorcode |= HAL_CAN_ERROR_CRC;
2068:Drivers/STM32F4xx_HAL_Driver/Src/stm32f4xx_hal_can.c ****             break;
2069:Drivers/STM32F4xx_HAL_Driver/Src/stm32f4xx_hal_can.c ****           default:
2070:Drivers/STM32F4xx_HAL_Driver/Src/stm32f4xx_hal_can.c ****             break;
2071:Drivers/STM32F4xx_HAL_Driver/Src/stm32f4xx_hal_can.c ****         }
2072:Drivers/STM32F4xx_HAL_Driver/Src/stm32f4xx_hal_can.c **** 
2073:Drivers/STM32F4xx_HAL_Driver/Src/stm32f4xx_hal_can.c ****         /* Clear Last error code Flag */
2074:Drivers/STM32F4xx_HAL_Driver/Src/stm32f4xx_hal_can.c ****         CLEAR_BIT(hcan->Instance->ESR, CAN_ESR_LEC);
2075:Drivers/STM32F4xx_HAL_Driver/Src/stm32f4xx_hal_can.c ****       }
2076:Drivers/STM32F4xx_HAL_Driver/Src/stm32f4xx_hal_can.c ****     }
2077:Drivers/STM32F4xx_HAL_Driver/Src/stm32f4xx_hal_can.c **** 
2078:Drivers/STM32F4xx_HAL_Driver/Src/stm32f4xx_hal_can.c ****     /* Clear ERRI Flag */
2079:Drivers/STM32F4xx_HAL_Driver/Src/stm32f4xx_hal_can.c ****     __HAL_CAN_CLEAR_FLAG(hcan, CAN_FLAG_ERRI);
2080:Drivers/STM32F4xx_HAL_Driver/Src/stm32f4xx_hal_can.c ****   }
2081:Drivers/STM32F4xx_HAL_Driver/Src/stm32f4xx_hal_can.c **** 
2082:Drivers/STM32F4xx_HAL_Driver/Src/stm32f4xx_hal_can.c ****   /* Call the Error call Back in case of Errors */
2083:Drivers/STM32F4xx_HAL_Driver/Src/stm32f4xx_hal_can.c ****   if (errorcode != HAL_CAN_ERROR_NONE)
2084:Drivers/STM32F4xx_HAL_Driver/Src/stm32f4xx_hal_can.c ****   {
2085:Drivers/STM32F4xx_HAL_Driver/Src/stm32f4xx_hal_can.c ****     /* Update error code in handle */
2086:Drivers/STM32F4xx_HAL_Driver/Src/stm32f4xx_hal_can.c ****     hcan->ErrorCode |= errorcode;
2087:Drivers/STM32F4xx_HAL_Driver/Src/stm32f4xx_hal_can.c **** 
ARM GAS  /tmp/ccXdCPPU.s 			page 88


2088:Drivers/STM32F4xx_HAL_Driver/Src/stm32f4xx_hal_can.c ****     /* Call Error callback function */
2089:Drivers/STM32F4xx_HAL_Driver/Src/stm32f4xx_hal_can.c **** #if USE_HAL_CAN_REGISTER_CALLBACKS == 1
2090:Drivers/STM32F4xx_HAL_Driver/Src/stm32f4xx_hal_can.c ****     /* Call registered callback*/
2091:Drivers/STM32F4xx_HAL_Driver/Src/stm32f4xx_hal_can.c ****     hcan->ErrorCallback(hcan);
2092:Drivers/STM32F4xx_HAL_Driver/Src/stm32f4xx_hal_can.c **** #else
2093:Drivers/STM32F4xx_HAL_Driver/Src/stm32f4xx_hal_can.c ****     /* Call weak (surcharged) callback */
2094:Drivers/STM32F4xx_HAL_Driver/Src/stm32f4xx_hal_can.c ****     HAL_CAN_ErrorCallback(hcan);
2095:Drivers/STM32F4xx_HAL_Driver/Src/stm32f4xx_hal_can.c **** #endif /* USE_HAL_CAN_REGISTER_CALLBACKS */
2096:Drivers/STM32F4xx_HAL_Driver/Src/stm32f4xx_hal_can.c ****   }
2097:Drivers/STM32F4xx_HAL_Driver/Src/stm32f4xx_hal_can.c **** }
2098:Drivers/STM32F4xx_HAL_Driver/Src/stm32f4xx_hal_can.c **** 
2099:Drivers/STM32F4xx_HAL_Driver/Src/stm32f4xx_hal_can.c **** /**
2100:Drivers/STM32F4xx_HAL_Driver/Src/stm32f4xx_hal_can.c ****   * @}
2101:Drivers/STM32F4xx_HAL_Driver/Src/stm32f4xx_hal_can.c ****   */
2102:Drivers/STM32F4xx_HAL_Driver/Src/stm32f4xx_hal_can.c **** 
2103:Drivers/STM32F4xx_HAL_Driver/Src/stm32f4xx_hal_can.c **** /** @defgroup CAN_Exported_Functions_Group5 Callback functions
2104:Drivers/STM32F4xx_HAL_Driver/Src/stm32f4xx_hal_can.c ****   * @brief   CAN Callback functions
2105:Drivers/STM32F4xx_HAL_Driver/Src/stm32f4xx_hal_can.c ****   *
2106:Drivers/STM32F4xx_HAL_Driver/Src/stm32f4xx_hal_can.c **** @verbatim
2107:Drivers/STM32F4xx_HAL_Driver/Src/stm32f4xx_hal_can.c ****   ==============================================================================
2108:Drivers/STM32F4xx_HAL_Driver/Src/stm32f4xx_hal_can.c ****                           ##### Callback functions #####
2109:Drivers/STM32F4xx_HAL_Driver/Src/stm32f4xx_hal_can.c ****   ==============================================================================
2110:Drivers/STM32F4xx_HAL_Driver/Src/stm32f4xx_hal_can.c ****     [..]
2111:Drivers/STM32F4xx_HAL_Driver/Src/stm32f4xx_hal_can.c ****     This subsection provides the following callback functions:
2112:Drivers/STM32F4xx_HAL_Driver/Src/stm32f4xx_hal_can.c ****       (+) HAL_CAN_TxMailbox0CompleteCallback
2113:Drivers/STM32F4xx_HAL_Driver/Src/stm32f4xx_hal_can.c ****       (+) HAL_CAN_TxMailbox1CompleteCallback
2114:Drivers/STM32F4xx_HAL_Driver/Src/stm32f4xx_hal_can.c ****       (+) HAL_CAN_TxMailbox2CompleteCallback
2115:Drivers/STM32F4xx_HAL_Driver/Src/stm32f4xx_hal_can.c ****       (+) HAL_CAN_TxMailbox0AbortCallback
2116:Drivers/STM32F4xx_HAL_Driver/Src/stm32f4xx_hal_can.c ****       (+) HAL_CAN_TxMailbox1AbortCallback
2117:Drivers/STM32F4xx_HAL_Driver/Src/stm32f4xx_hal_can.c ****       (+) HAL_CAN_TxMailbox2AbortCallback
2118:Drivers/STM32F4xx_HAL_Driver/Src/stm32f4xx_hal_can.c ****       (+) HAL_CAN_RxFifo0MsgPendingCallback
2119:Drivers/STM32F4xx_HAL_Driver/Src/stm32f4xx_hal_can.c ****       (+) HAL_CAN_RxFifo0FullCallback
2120:Drivers/STM32F4xx_HAL_Driver/Src/stm32f4xx_hal_can.c ****       (+) HAL_CAN_RxFifo1MsgPendingCallback
2121:Drivers/STM32F4xx_HAL_Driver/Src/stm32f4xx_hal_can.c ****       (+) HAL_CAN_RxFifo1FullCallback
2122:Drivers/STM32F4xx_HAL_Driver/Src/stm32f4xx_hal_can.c ****       (+) HAL_CAN_SleepCallback
2123:Drivers/STM32F4xx_HAL_Driver/Src/stm32f4xx_hal_can.c ****       (+) HAL_CAN_WakeUpFromRxMsgCallback
2124:Drivers/STM32F4xx_HAL_Driver/Src/stm32f4xx_hal_can.c ****       (+) HAL_CAN_ErrorCallback
2125:Drivers/STM32F4xx_HAL_Driver/Src/stm32f4xx_hal_can.c **** 
2126:Drivers/STM32F4xx_HAL_Driver/Src/stm32f4xx_hal_can.c **** @endverbatim
2127:Drivers/STM32F4xx_HAL_Driver/Src/stm32f4xx_hal_can.c ****   * @{
2128:Drivers/STM32F4xx_HAL_Driver/Src/stm32f4xx_hal_can.c ****   */
2129:Drivers/STM32F4xx_HAL_Driver/Src/stm32f4xx_hal_can.c **** 
2130:Drivers/STM32F4xx_HAL_Driver/Src/stm32f4xx_hal_can.c **** /**
2131:Drivers/STM32F4xx_HAL_Driver/Src/stm32f4xx_hal_can.c ****   * @brief  Transmission Mailbox 0 complete callback.
2132:Drivers/STM32F4xx_HAL_Driver/Src/stm32f4xx_hal_can.c ****   * @param  hcan pointer to a CAN_HandleTypeDef structure that contains
2133:Drivers/STM32F4xx_HAL_Driver/Src/stm32f4xx_hal_can.c ****   *         the configuration information for the specified CAN.
2134:Drivers/STM32F4xx_HAL_Driver/Src/stm32f4xx_hal_can.c ****   * @retval None
2135:Drivers/STM32F4xx_HAL_Driver/Src/stm32f4xx_hal_can.c ****   */
2136:Drivers/STM32F4xx_HAL_Driver/Src/stm32f4xx_hal_can.c **** __weak void HAL_CAN_TxMailbox0CompleteCallback(CAN_HandleTypeDef *hcan)
2137:Drivers/STM32F4xx_HAL_Driver/Src/stm32f4xx_hal_can.c **** {
 2157              		.loc 1 2137 1 is_stmt 1 view -0
 2158              		.cfi_startproc
 2159              		@ args = 0, pretend = 0, frame = 0
 2160              		@ frame_needed = 0, uses_anonymous_args = 0
 2161              		@ link register save eliminated.
2138:Drivers/STM32F4xx_HAL_Driver/Src/stm32f4xx_hal_can.c ****   /* Prevent unused argument(s) compilation warning */
2139:Drivers/STM32F4xx_HAL_Driver/Src/stm32f4xx_hal_can.c ****   UNUSED(hcan);
ARM GAS  /tmp/ccXdCPPU.s 			page 89


 2162              		.loc 1 2139 3 view .LVU710
2140:Drivers/STM32F4xx_HAL_Driver/Src/stm32f4xx_hal_can.c **** 
2141:Drivers/STM32F4xx_HAL_Driver/Src/stm32f4xx_hal_can.c ****   /* NOTE : This function Should not be modified, when the callback is needed,
2142:Drivers/STM32F4xx_HAL_Driver/Src/stm32f4xx_hal_can.c ****             the HAL_CAN_TxMailbox0CompleteCallback could be implemented in the
2143:Drivers/STM32F4xx_HAL_Driver/Src/stm32f4xx_hal_can.c ****             user file
2144:Drivers/STM32F4xx_HAL_Driver/Src/stm32f4xx_hal_can.c ****    */
2145:Drivers/STM32F4xx_HAL_Driver/Src/stm32f4xx_hal_can.c **** }
 2163              		.loc 1 2145 1 is_stmt 0 view .LVU711
 2164 0000 7047     		bx	lr
 2165              		.cfi_endproc
 2166              	.LFE154:
 2168              		.section	.text.HAL_CAN_TxMailbox1CompleteCallback,"ax",%progbits
 2169              		.align	1
 2170              		.weak	HAL_CAN_TxMailbox1CompleteCallback
 2171              		.syntax unified
 2172              		.thumb
 2173              		.thumb_func
 2174              		.fpu fpv4-sp-d16
 2176              	HAL_CAN_TxMailbox1CompleteCallback:
 2177              	.LVL163:
 2178              	.LFB155:
2146:Drivers/STM32F4xx_HAL_Driver/Src/stm32f4xx_hal_can.c **** 
2147:Drivers/STM32F4xx_HAL_Driver/Src/stm32f4xx_hal_can.c **** /**
2148:Drivers/STM32F4xx_HAL_Driver/Src/stm32f4xx_hal_can.c ****   * @brief  Transmission Mailbox 1 complete callback.
2149:Drivers/STM32F4xx_HAL_Driver/Src/stm32f4xx_hal_can.c ****   * @param  hcan pointer to a CAN_HandleTypeDef structure that contains
2150:Drivers/STM32F4xx_HAL_Driver/Src/stm32f4xx_hal_can.c ****   *         the configuration information for the specified CAN.
2151:Drivers/STM32F4xx_HAL_Driver/Src/stm32f4xx_hal_can.c ****   * @retval None
2152:Drivers/STM32F4xx_HAL_Driver/Src/stm32f4xx_hal_can.c ****   */
2153:Drivers/STM32F4xx_HAL_Driver/Src/stm32f4xx_hal_can.c **** __weak void HAL_CAN_TxMailbox1CompleteCallback(CAN_HandleTypeDef *hcan)
2154:Drivers/STM32F4xx_HAL_Driver/Src/stm32f4xx_hal_can.c **** {
 2179              		.loc 1 2154 1 is_stmt 1 view -0
 2180              		.cfi_startproc
 2181              		@ args = 0, pretend = 0, frame = 0
 2182              		@ frame_needed = 0, uses_anonymous_args = 0
 2183              		@ link register save eliminated.
2155:Drivers/STM32F4xx_HAL_Driver/Src/stm32f4xx_hal_can.c ****   /* Prevent unused argument(s) compilation warning */
2156:Drivers/STM32F4xx_HAL_Driver/Src/stm32f4xx_hal_can.c ****   UNUSED(hcan);
 2184              		.loc 1 2156 3 view .LVU713
2157:Drivers/STM32F4xx_HAL_Driver/Src/stm32f4xx_hal_can.c **** 
2158:Drivers/STM32F4xx_HAL_Driver/Src/stm32f4xx_hal_can.c ****   /* NOTE : This function Should not be modified, when the callback is needed,
2159:Drivers/STM32F4xx_HAL_Driver/Src/stm32f4xx_hal_can.c ****             the HAL_CAN_TxMailbox1CompleteCallback could be implemented in the
2160:Drivers/STM32F4xx_HAL_Driver/Src/stm32f4xx_hal_can.c ****             user file
2161:Drivers/STM32F4xx_HAL_Driver/Src/stm32f4xx_hal_can.c ****    */
2162:Drivers/STM32F4xx_HAL_Driver/Src/stm32f4xx_hal_can.c **** }
 2185              		.loc 1 2162 1 is_stmt 0 view .LVU714
 2186 0000 7047     		bx	lr
 2187              		.cfi_endproc
 2188              	.LFE155:
 2190              		.section	.text.HAL_CAN_TxMailbox2CompleteCallback,"ax",%progbits
 2191              		.align	1
 2192              		.weak	HAL_CAN_TxMailbox2CompleteCallback
 2193              		.syntax unified
 2194              		.thumb
 2195              		.thumb_func
 2196              		.fpu fpv4-sp-d16
 2198              	HAL_CAN_TxMailbox2CompleteCallback:
 2199              	.LVL164:
ARM GAS  /tmp/ccXdCPPU.s 			page 90


 2200              	.LFB156:
2163:Drivers/STM32F4xx_HAL_Driver/Src/stm32f4xx_hal_can.c **** 
2164:Drivers/STM32F4xx_HAL_Driver/Src/stm32f4xx_hal_can.c **** /**
2165:Drivers/STM32F4xx_HAL_Driver/Src/stm32f4xx_hal_can.c ****   * @brief  Transmission Mailbox 2 complete callback.
2166:Drivers/STM32F4xx_HAL_Driver/Src/stm32f4xx_hal_can.c ****   * @param  hcan pointer to a CAN_HandleTypeDef structure that contains
2167:Drivers/STM32F4xx_HAL_Driver/Src/stm32f4xx_hal_can.c ****   *         the configuration information for the specified CAN.
2168:Drivers/STM32F4xx_HAL_Driver/Src/stm32f4xx_hal_can.c ****   * @retval None
2169:Drivers/STM32F4xx_HAL_Driver/Src/stm32f4xx_hal_can.c ****   */
2170:Drivers/STM32F4xx_HAL_Driver/Src/stm32f4xx_hal_can.c **** __weak void HAL_CAN_TxMailbox2CompleteCallback(CAN_HandleTypeDef *hcan)
2171:Drivers/STM32F4xx_HAL_Driver/Src/stm32f4xx_hal_can.c **** {
 2201              		.loc 1 2171 1 is_stmt 1 view -0
 2202              		.cfi_startproc
 2203              		@ args = 0, pretend = 0, frame = 0
 2204              		@ frame_needed = 0, uses_anonymous_args = 0
 2205              		@ link register save eliminated.
2172:Drivers/STM32F4xx_HAL_Driver/Src/stm32f4xx_hal_can.c ****   /* Prevent unused argument(s) compilation warning */
2173:Drivers/STM32F4xx_HAL_Driver/Src/stm32f4xx_hal_can.c ****   UNUSED(hcan);
 2206              		.loc 1 2173 3 view .LVU716
2174:Drivers/STM32F4xx_HAL_Driver/Src/stm32f4xx_hal_can.c **** 
2175:Drivers/STM32F4xx_HAL_Driver/Src/stm32f4xx_hal_can.c ****   /* NOTE : This function Should not be modified, when the callback is needed,
2176:Drivers/STM32F4xx_HAL_Driver/Src/stm32f4xx_hal_can.c ****             the HAL_CAN_TxMailbox2CompleteCallback could be implemented in the
2177:Drivers/STM32F4xx_HAL_Driver/Src/stm32f4xx_hal_can.c ****             user file
2178:Drivers/STM32F4xx_HAL_Driver/Src/stm32f4xx_hal_can.c ****    */
2179:Drivers/STM32F4xx_HAL_Driver/Src/stm32f4xx_hal_can.c **** }
 2207              		.loc 1 2179 1 is_stmt 0 view .LVU717
 2208 0000 7047     		bx	lr
 2209              		.cfi_endproc
 2210              	.LFE156:
 2212              		.section	.text.HAL_CAN_TxMailbox0AbortCallback,"ax",%progbits
 2213              		.align	1
 2214              		.weak	HAL_CAN_TxMailbox0AbortCallback
 2215              		.syntax unified
 2216              		.thumb
 2217              		.thumb_func
 2218              		.fpu fpv4-sp-d16
 2220              	HAL_CAN_TxMailbox0AbortCallback:
 2221              	.LVL165:
 2222              	.LFB157:
2180:Drivers/STM32F4xx_HAL_Driver/Src/stm32f4xx_hal_can.c **** 
2181:Drivers/STM32F4xx_HAL_Driver/Src/stm32f4xx_hal_can.c **** /**
2182:Drivers/STM32F4xx_HAL_Driver/Src/stm32f4xx_hal_can.c ****   * @brief  Transmission Mailbox 0 Cancellation callback.
2183:Drivers/STM32F4xx_HAL_Driver/Src/stm32f4xx_hal_can.c ****   * @param  hcan pointer to an CAN_HandleTypeDef structure that contains
2184:Drivers/STM32F4xx_HAL_Driver/Src/stm32f4xx_hal_can.c ****   *         the configuration information for the specified CAN.
2185:Drivers/STM32F4xx_HAL_Driver/Src/stm32f4xx_hal_can.c ****   * @retval None
2186:Drivers/STM32F4xx_HAL_Driver/Src/stm32f4xx_hal_can.c ****   */
2187:Drivers/STM32F4xx_HAL_Driver/Src/stm32f4xx_hal_can.c **** __weak void HAL_CAN_TxMailbox0AbortCallback(CAN_HandleTypeDef *hcan)
2188:Drivers/STM32F4xx_HAL_Driver/Src/stm32f4xx_hal_can.c **** {
 2223              		.loc 1 2188 1 is_stmt 1 view -0
 2224              		.cfi_startproc
 2225              		@ args = 0, pretend = 0, frame = 0
 2226              		@ frame_needed = 0, uses_anonymous_args = 0
 2227              		@ link register save eliminated.
2189:Drivers/STM32F4xx_HAL_Driver/Src/stm32f4xx_hal_can.c ****   /* Prevent unused argument(s) compilation warning */
2190:Drivers/STM32F4xx_HAL_Driver/Src/stm32f4xx_hal_can.c ****   UNUSED(hcan);
 2228              		.loc 1 2190 3 view .LVU719
2191:Drivers/STM32F4xx_HAL_Driver/Src/stm32f4xx_hal_can.c **** 
2192:Drivers/STM32F4xx_HAL_Driver/Src/stm32f4xx_hal_can.c ****   /* NOTE : This function Should not be modified, when the callback is needed,
ARM GAS  /tmp/ccXdCPPU.s 			page 91


2193:Drivers/STM32F4xx_HAL_Driver/Src/stm32f4xx_hal_can.c ****             the HAL_CAN_TxMailbox0AbortCallback could be implemented in the
2194:Drivers/STM32F4xx_HAL_Driver/Src/stm32f4xx_hal_can.c ****             user file
2195:Drivers/STM32F4xx_HAL_Driver/Src/stm32f4xx_hal_can.c ****    */
2196:Drivers/STM32F4xx_HAL_Driver/Src/stm32f4xx_hal_can.c **** }
 2229              		.loc 1 2196 1 is_stmt 0 view .LVU720
 2230 0000 7047     		bx	lr
 2231              		.cfi_endproc
 2232              	.LFE157:
 2234              		.section	.text.HAL_CAN_TxMailbox1AbortCallback,"ax",%progbits
 2235              		.align	1
 2236              		.weak	HAL_CAN_TxMailbox1AbortCallback
 2237              		.syntax unified
 2238              		.thumb
 2239              		.thumb_func
 2240              		.fpu fpv4-sp-d16
 2242              	HAL_CAN_TxMailbox1AbortCallback:
 2243              	.LVL166:
 2244              	.LFB158:
2197:Drivers/STM32F4xx_HAL_Driver/Src/stm32f4xx_hal_can.c **** 
2198:Drivers/STM32F4xx_HAL_Driver/Src/stm32f4xx_hal_can.c **** /**
2199:Drivers/STM32F4xx_HAL_Driver/Src/stm32f4xx_hal_can.c ****   * @brief  Transmission Mailbox 1 Cancellation callback.
2200:Drivers/STM32F4xx_HAL_Driver/Src/stm32f4xx_hal_can.c ****   * @param  hcan pointer to an CAN_HandleTypeDef structure that contains
2201:Drivers/STM32F4xx_HAL_Driver/Src/stm32f4xx_hal_can.c ****   *         the configuration information for the specified CAN.
2202:Drivers/STM32F4xx_HAL_Driver/Src/stm32f4xx_hal_can.c ****   * @retval None
2203:Drivers/STM32F4xx_HAL_Driver/Src/stm32f4xx_hal_can.c ****   */
2204:Drivers/STM32F4xx_HAL_Driver/Src/stm32f4xx_hal_can.c **** __weak void HAL_CAN_TxMailbox1AbortCallback(CAN_HandleTypeDef *hcan)
2205:Drivers/STM32F4xx_HAL_Driver/Src/stm32f4xx_hal_can.c **** {
 2245              		.loc 1 2205 1 is_stmt 1 view -0
 2246              		.cfi_startproc
 2247              		@ args = 0, pretend = 0, frame = 0
 2248              		@ frame_needed = 0, uses_anonymous_args = 0
 2249              		@ link register save eliminated.
2206:Drivers/STM32F4xx_HAL_Driver/Src/stm32f4xx_hal_can.c ****   /* Prevent unused argument(s) compilation warning */
2207:Drivers/STM32F4xx_HAL_Driver/Src/stm32f4xx_hal_can.c ****   UNUSED(hcan);
 2250              		.loc 1 2207 3 view .LVU722
2208:Drivers/STM32F4xx_HAL_Driver/Src/stm32f4xx_hal_can.c **** 
2209:Drivers/STM32F4xx_HAL_Driver/Src/stm32f4xx_hal_can.c ****   /* NOTE : This function Should not be modified, when the callback is needed,
2210:Drivers/STM32F4xx_HAL_Driver/Src/stm32f4xx_hal_can.c ****             the HAL_CAN_TxMailbox1AbortCallback could be implemented in the
2211:Drivers/STM32F4xx_HAL_Driver/Src/stm32f4xx_hal_can.c ****             user file
2212:Drivers/STM32F4xx_HAL_Driver/Src/stm32f4xx_hal_can.c ****    */
2213:Drivers/STM32F4xx_HAL_Driver/Src/stm32f4xx_hal_can.c **** }
 2251              		.loc 1 2213 1 is_stmt 0 view .LVU723
 2252 0000 7047     		bx	lr
 2253              		.cfi_endproc
 2254              	.LFE158:
 2256              		.section	.text.HAL_CAN_TxMailbox2AbortCallback,"ax",%progbits
 2257              		.align	1
 2258              		.weak	HAL_CAN_TxMailbox2AbortCallback
 2259              		.syntax unified
 2260              		.thumb
 2261              		.thumb_func
 2262              		.fpu fpv4-sp-d16
 2264              	HAL_CAN_TxMailbox2AbortCallback:
 2265              	.LVL167:
 2266              	.LFB159:
2214:Drivers/STM32F4xx_HAL_Driver/Src/stm32f4xx_hal_can.c **** 
2215:Drivers/STM32F4xx_HAL_Driver/Src/stm32f4xx_hal_can.c **** /**
ARM GAS  /tmp/ccXdCPPU.s 			page 92


2216:Drivers/STM32F4xx_HAL_Driver/Src/stm32f4xx_hal_can.c ****   * @brief  Transmission Mailbox 2 Cancellation callback.
2217:Drivers/STM32F4xx_HAL_Driver/Src/stm32f4xx_hal_can.c ****   * @param  hcan pointer to an CAN_HandleTypeDef structure that contains
2218:Drivers/STM32F4xx_HAL_Driver/Src/stm32f4xx_hal_can.c ****   *         the configuration information for the specified CAN.
2219:Drivers/STM32F4xx_HAL_Driver/Src/stm32f4xx_hal_can.c ****   * @retval None
2220:Drivers/STM32F4xx_HAL_Driver/Src/stm32f4xx_hal_can.c ****   */
2221:Drivers/STM32F4xx_HAL_Driver/Src/stm32f4xx_hal_can.c **** __weak void HAL_CAN_TxMailbox2AbortCallback(CAN_HandleTypeDef *hcan)
2222:Drivers/STM32F4xx_HAL_Driver/Src/stm32f4xx_hal_can.c **** {
 2267              		.loc 1 2222 1 is_stmt 1 view -0
 2268              		.cfi_startproc
 2269              		@ args = 0, pretend = 0, frame = 0
 2270              		@ frame_needed = 0, uses_anonymous_args = 0
 2271              		@ link register save eliminated.
2223:Drivers/STM32F4xx_HAL_Driver/Src/stm32f4xx_hal_can.c ****   /* Prevent unused argument(s) compilation warning */
2224:Drivers/STM32F4xx_HAL_Driver/Src/stm32f4xx_hal_can.c ****   UNUSED(hcan);
 2272              		.loc 1 2224 3 view .LVU725
2225:Drivers/STM32F4xx_HAL_Driver/Src/stm32f4xx_hal_can.c **** 
2226:Drivers/STM32F4xx_HAL_Driver/Src/stm32f4xx_hal_can.c ****   /* NOTE : This function Should not be modified, when the callback is needed,
2227:Drivers/STM32F4xx_HAL_Driver/Src/stm32f4xx_hal_can.c ****             the HAL_CAN_TxMailbox2AbortCallback could be implemented in the
2228:Drivers/STM32F4xx_HAL_Driver/Src/stm32f4xx_hal_can.c ****             user file
2229:Drivers/STM32F4xx_HAL_Driver/Src/stm32f4xx_hal_can.c ****    */
2230:Drivers/STM32F4xx_HAL_Driver/Src/stm32f4xx_hal_can.c **** }
 2273              		.loc 1 2230 1 is_stmt 0 view .LVU726
 2274 0000 7047     		bx	lr
 2275              		.cfi_endproc
 2276              	.LFE159:
 2278              		.section	.text.HAL_CAN_RxFifo0MsgPendingCallback,"ax",%progbits
 2279              		.align	1
 2280              		.weak	HAL_CAN_RxFifo0MsgPendingCallback
 2281              		.syntax unified
 2282              		.thumb
 2283              		.thumb_func
 2284              		.fpu fpv4-sp-d16
 2286              	HAL_CAN_RxFifo0MsgPendingCallback:
 2287              	.LVL168:
 2288              	.LFB160:
2231:Drivers/STM32F4xx_HAL_Driver/Src/stm32f4xx_hal_can.c **** 
2232:Drivers/STM32F4xx_HAL_Driver/Src/stm32f4xx_hal_can.c **** /**
2233:Drivers/STM32F4xx_HAL_Driver/Src/stm32f4xx_hal_can.c ****   * @brief  Rx FIFO 0 message pending callback.
2234:Drivers/STM32F4xx_HAL_Driver/Src/stm32f4xx_hal_can.c ****   * @param  hcan pointer to a CAN_HandleTypeDef structure that contains
2235:Drivers/STM32F4xx_HAL_Driver/Src/stm32f4xx_hal_can.c ****   *         the configuration information for the specified CAN.
2236:Drivers/STM32F4xx_HAL_Driver/Src/stm32f4xx_hal_can.c ****   * @retval None
2237:Drivers/STM32F4xx_HAL_Driver/Src/stm32f4xx_hal_can.c ****   */
2238:Drivers/STM32F4xx_HAL_Driver/Src/stm32f4xx_hal_can.c **** __weak void HAL_CAN_RxFifo0MsgPendingCallback(CAN_HandleTypeDef *hcan)
2239:Drivers/STM32F4xx_HAL_Driver/Src/stm32f4xx_hal_can.c **** {
 2289              		.loc 1 2239 1 is_stmt 1 view -0
 2290              		.cfi_startproc
 2291              		@ args = 0, pretend = 0, frame = 0
 2292              		@ frame_needed = 0, uses_anonymous_args = 0
 2293              		@ link register save eliminated.
2240:Drivers/STM32F4xx_HAL_Driver/Src/stm32f4xx_hal_can.c ****   /* Prevent unused argument(s) compilation warning */
2241:Drivers/STM32F4xx_HAL_Driver/Src/stm32f4xx_hal_can.c ****   UNUSED(hcan);
 2294              		.loc 1 2241 3 view .LVU728
2242:Drivers/STM32F4xx_HAL_Driver/Src/stm32f4xx_hal_can.c **** 
2243:Drivers/STM32F4xx_HAL_Driver/Src/stm32f4xx_hal_can.c ****   /* NOTE : This function Should not be modified, when the callback is needed,
2244:Drivers/STM32F4xx_HAL_Driver/Src/stm32f4xx_hal_can.c ****             the HAL_CAN_RxFifo0MsgPendingCallback could be implemented in the
2245:Drivers/STM32F4xx_HAL_Driver/Src/stm32f4xx_hal_can.c ****             user file
2246:Drivers/STM32F4xx_HAL_Driver/Src/stm32f4xx_hal_can.c ****    */
ARM GAS  /tmp/ccXdCPPU.s 			page 93


2247:Drivers/STM32F4xx_HAL_Driver/Src/stm32f4xx_hal_can.c **** }
 2295              		.loc 1 2247 1 is_stmt 0 view .LVU729
 2296 0000 7047     		bx	lr
 2297              		.cfi_endproc
 2298              	.LFE160:
 2300              		.section	.text.HAL_CAN_RxFifo0FullCallback,"ax",%progbits
 2301              		.align	1
 2302              		.weak	HAL_CAN_RxFifo0FullCallback
 2303              		.syntax unified
 2304              		.thumb
 2305              		.thumb_func
 2306              		.fpu fpv4-sp-d16
 2308              	HAL_CAN_RxFifo0FullCallback:
 2309              	.LVL169:
 2310              	.LFB161:
2248:Drivers/STM32F4xx_HAL_Driver/Src/stm32f4xx_hal_can.c **** 
2249:Drivers/STM32F4xx_HAL_Driver/Src/stm32f4xx_hal_can.c **** /**
2250:Drivers/STM32F4xx_HAL_Driver/Src/stm32f4xx_hal_can.c ****   * @brief  Rx FIFO 0 full callback.
2251:Drivers/STM32F4xx_HAL_Driver/Src/stm32f4xx_hal_can.c ****   * @param  hcan pointer to a CAN_HandleTypeDef structure that contains
2252:Drivers/STM32F4xx_HAL_Driver/Src/stm32f4xx_hal_can.c ****   *         the configuration information for the specified CAN.
2253:Drivers/STM32F4xx_HAL_Driver/Src/stm32f4xx_hal_can.c ****   * @retval None
2254:Drivers/STM32F4xx_HAL_Driver/Src/stm32f4xx_hal_can.c ****   */
2255:Drivers/STM32F4xx_HAL_Driver/Src/stm32f4xx_hal_can.c **** __weak void HAL_CAN_RxFifo0FullCallback(CAN_HandleTypeDef *hcan)
2256:Drivers/STM32F4xx_HAL_Driver/Src/stm32f4xx_hal_can.c **** {
 2311              		.loc 1 2256 1 is_stmt 1 view -0
 2312              		.cfi_startproc
 2313              		@ args = 0, pretend = 0, frame = 0
 2314              		@ frame_needed = 0, uses_anonymous_args = 0
 2315              		@ link register save eliminated.
2257:Drivers/STM32F4xx_HAL_Driver/Src/stm32f4xx_hal_can.c ****   /* Prevent unused argument(s) compilation warning */
2258:Drivers/STM32F4xx_HAL_Driver/Src/stm32f4xx_hal_can.c ****   UNUSED(hcan);
 2316              		.loc 1 2258 3 view .LVU731
2259:Drivers/STM32F4xx_HAL_Driver/Src/stm32f4xx_hal_can.c **** 
2260:Drivers/STM32F4xx_HAL_Driver/Src/stm32f4xx_hal_can.c ****   /* NOTE : This function Should not be modified, when the callback is needed,
2261:Drivers/STM32F4xx_HAL_Driver/Src/stm32f4xx_hal_can.c ****             the HAL_CAN_RxFifo0FullCallback could be implemented in the user
2262:Drivers/STM32F4xx_HAL_Driver/Src/stm32f4xx_hal_can.c ****             file
2263:Drivers/STM32F4xx_HAL_Driver/Src/stm32f4xx_hal_can.c ****    */
2264:Drivers/STM32F4xx_HAL_Driver/Src/stm32f4xx_hal_can.c **** }
 2317              		.loc 1 2264 1 is_stmt 0 view .LVU732
 2318 0000 7047     		bx	lr
 2319              		.cfi_endproc
 2320              	.LFE161:
 2322              		.section	.text.HAL_CAN_RxFifo1MsgPendingCallback,"ax",%progbits
 2323              		.align	1
 2324              		.weak	HAL_CAN_RxFifo1MsgPendingCallback
 2325              		.syntax unified
 2326              		.thumb
 2327              		.thumb_func
 2328              		.fpu fpv4-sp-d16
 2330              	HAL_CAN_RxFifo1MsgPendingCallback:
 2331              	.LVL170:
 2332              	.LFB162:
2265:Drivers/STM32F4xx_HAL_Driver/Src/stm32f4xx_hal_can.c **** 
2266:Drivers/STM32F4xx_HAL_Driver/Src/stm32f4xx_hal_can.c **** /**
2267:Drivers/STM32F4xx_HAL_Driver/Src/stm32f4xx_hal_can.c ****   * @brief  Rx FIFO 1 message pending callback.
2268:Drivers/STM32F4xx_HAL_Driver/Src/stm32f4xx_hal_can.c ****   * @param  hcan pointer to a CAN_HandleTypeDef structure that contains
2269:Drivers/STM32F4xx_HAL_Driver/Src/stm32f4xx_hal_can.c ****   *         the configuration information for the specified CAN.
ARM GAS  /tmp/ccXdCPPU.s 			page 94


2270:Drivers/STM32F4xx_HAL_Driver/Src/stm32f4xx_hal_can.c ****   * @retval None
2271:Drivers/STM32F4xx_HAL_Driver/Src/stm32f4xx_hal_can.c ****   */
2272:Drivers/STM32F4xx_HAL_Driver/Src/stm32f4xx_hal_can.c **** __weak void HAL_CAN_RxFifo1MsgPendingCallback(CAN_HandleTypeDef *hcan)
2273:Drivers/STM32F4xx_HAL_Driver/Src/stm32f4xx_hal_can.c **** {
 2333              		.loc 1 2273 1 is_stmt 1 view -0
 2334              		.cfi_startproc
 2335              		@ args = 0, pretend = 0, frame = 0
 2336              		@ frame_needed = 0, uses_anonymous_args = 0
 2337              		@ link register save eliminated.
2274:Drivers/STM32F4xx_HAL_Driver/Src/stm32f4xx_hal_can.c ****   /* Prevent unused argument(s) compilation warning */
2275:Drivers/STM32F4xx_HAL_Driver/Src/stm32f4xx_hal_can.c ****   UNUSED(hcan);
 2338              		.loc 1 2275 3 view .LVU734
2276:Drivers/STM32F4xx_HAL_Driver/Src/stm32f4xx_hal_can.c **** 
2277:Drivers/STM32F4xx_HAL_Driver/Src/stm32f4xx_hal_can.c ****   /* NOTE : This function Should not be modified, when the callback is needed,
2278:Drivers/STM32F4xx_HAL_Driver/Src/stm32f4xx_hal_can.c ****             the HAL_CAN_RxFifo1MsgPendingCallback could be implemented in the
2279:Drivers/STM32F4xx_HAL_Driver/Src/stm32f4xx_hal_can.c ****             user file
2280:Drivers/STM32F4xx_HAL_Driver/Src/stm32f4xx_hal_can.c ****    */
2281:Drivers/STM32F4xx_HAL_Driver/Src/stm32f4xx_hal_can.c **** }
 2339              		.loc 1 2281 1 is_stmt 0 view .LVU735
 2340 0000 7047     		bx	lr
 2341              		.cfi_endproc
 2342              	.LFE162:
 2344              		.section	.text.HAL_CAN_RxFifo1FullCallback,"ax",%progbits
 2345              		.align	1
 2346              		.weak	HAL_CAN_RxFifo1FullCallback
 2347              		.syntax unified
 2348              		.thumb
 2349              		.thumb_func
 2350              		.fpu fpv4-sp-d16
 2352              	HAL_CAN_RxFifo1FullCallback:
 2353              	.LVL171:
 2354              	.LFB163:
2282:Drivers/STM32F4xx_HAL_Driver/Src/stm32f4xx_hal_can.c **** 
2283:Drivers/STM32F4xx_HAL_Driver/Src/stm32f4xx_hal_can.c **** /**
2284:Drivers/STM32F4xx_HAL_Driver/Src/stm32f4xx_hal_can.c ****   * @brief  Rx FIFO 1 full callback.
2285:Drivers/STM32F4xx_HAL_Driver/Src/stm32f4xx_hal_can.c ****   * @param  hcan pointer to a CAN_HandleTypeDef structure that contains
2286:Drivers/STM32F4xx_HAL_Driver/Src/stm32f4xx_hal_can.c ****   *         the configuration information for the specified CAN.
2287:Drivers/STM32F4xx_HAL_Driver/Src/stm32f4xx_hal_can.c ****   * @retval None
2288:Drivers/STM32F4xx_HAL_Driver/Src/stm32f4xx_hal_can.c ****   */
2289:Drivers/STM32F4xx_HAL_Driver/Src/stm32f4xx_hal_can.c **** __weak void HAL_CAN_RxFifo1FullCallback(CAN_HandleTypeDef *hcan)
2290:Drivers/STM32F4xx_HAL_Driver/Src/stm32f4xx_hal_can.c **** {
 2355              		.loc 1 2290 1 is_stmt 1 view -0
 2356              		.cfi_startproc
 2357              		@ args = 0, pretend = 0, frame = 0
 2358              		@ frame_needed = 0, uses_anonymous_args = 0
 2359              		@ link register save eliminated.
2291:Drivers/STM32F4xx_HAL_Driver/Src/stm32f4xx_hal_can.c ****   /* Prevent unused argument(s) compilation warning */
2292:Drivers/STM32F4xx_HAL_Driver/Src/stm32f4xx_hal_can.c ****   UNUSED(hcan);
 2360              		.loc 1 2292 3 view .LVU737
2293:Drivers/STM32F4xx_HAL_Driver/Src/stm32f4xx_hal_can.c **** 
2294:Drivers/STM32F4xx_HAL_Driver/Src/stm32f4xx_hal_can.c ****   /* NOTE : This function Should not be modified, when the callback is needed,
2295:Drivers/STM32F4xx_HAL_Driver/Src/stm32f4xx_hal_can.c ****             the HAL_CAN_RxFifo1FullCallback could be implemented in the user
2296:Drivers/STM32F4xx_HAL_Driver/Src/stm32f4xx_hal_can.c ****             file
2297:Drivers/STM32F4xx_HAL_Driver/Src/stm32f4xx_hal_can.c ****    */
2298:Drivers/STM32F4xx_HAL_Driver/Src/stm32f4xx_hal_can.c **** }
 2361              		.loc 1 2298 1 is_stmt 0 view .LVU738
 2362 0000 7047     		bx	lr
ARM GAS  /tmp/ccXdCPPU.s 			page 95


 2363              		.cfi_endproc
 2364              	.LFE163:
 2366              		.section	.text.HAL_CAN_SleepCallback,"ax",%progbits
 2367              		.align	1
 2368              		.weak	HAL_CAN_SleepCallback
 2369              		.syntax unified
 2370              		.thumb
 2371              		.thumb_func
 2372              		.fpu fpv4-sp-d16
 2374              	HAL_CAN_SleepCallback:
 2375              	.LVL172:
 2376              	.LFB164:
2299:Drivers/STM32F4xx_HAL_Driver/Src/stm32f4xx_hal_can.c **** 
2300:Drivers/STM32F4xx_HAL_Driver/Src/stm32f4xx_hal_can.c **** /**
2301:Drivers/STM32F4xx_HAL_Driver/Src/stm32f4xx_hal_can.c ****   * @brief  Sleep callback.
2302:Drivers/STM32F4xx_HAL_Driver/Src/stm32f4xx_hal_can.c ****   * @param  hcan pointer to a CAN_HandleTypeDef structure that contains
2303:Drivers/STM32F4xx_HAL_Driver/Src/stm32f4xx_hal_can.c ****   *         the configuration information for the specified CAN.
2304:Drivers/STM32F4xx_HAL_Driver/Src/stm32f4xx_hal_can.c ****   * @retval None
2305:Drivers/STM32F4xx_HAL_Driver/Src/stm32f4xx_hal_can.c ****   */
2306:Drivers/STM32F4xx_HAL_Driver/Src/stm32f4xx_hal_can.c **** __weak void HAL_CAN_SleepCallback(CAN_HandleTypeDef *hcan)
2307:Drivers/STM32F4xx_HAL_Driver/Src/stm32f4xx_hal_can.c **** {
 2377              		.loc 1 2307 1 is_stmt 1 view -0
 2378              		.cfi_startproc
 2379              		@ args = 0, pretend = 0, frame = 0
 2380              		@ frame_needed = 0, uses_anonymous_args = 0
 2381              		@ link register save eliminated.
2308:Drivers/STM32F4xx_HAL_Driver/Src/stm32f4xx_hal_can.c ****   /* Prevent unused argument(s) compilation warning */
2309:Drivers/STM32F4xx_HAL_Driver/Src/stm32f4xx_hal_can.c ****   UNUSED(hcan);
 2382              		.loc 1 2309 3 view .LVU740
2310:Drivers/STM32F4xx_HAL_Driver/Src/stm32f4xx_hal_can.c **** 
2311:Drivers/STM32F4xx_HAL_Driver/Src/stm32f4xx_hal_can.c ****   /* NOTE : This function Should not be modified, when the callback is needed,
2312:Drivers/STM32F4xx_HAL_Driver/Src/stm32f4xx_hal_can.c ****             the HAL_CAN_SleepCallback could be implemented in the user file
2313:Drivers/STM32F4xx_HAL_Driver/Src/stm32f4xx_hal_can.c ****    */
2314:Drivers/STM32F4xx_HAL_Driver/Src/stm32f4xx_hal_can.c **** }
 2383              		.loc 1 2314 1 is_stmt 0 view .LVU741
 2384 0000 7047     		bx	lr
 2385              		.cfi_endproc
 2386              	.LFE164:
 2388              		.section	.text.HAL_CAN_WakeUpFromRxMsgCallback,"ax",%progbits
 2389              		.align	1
 2390              		.weak	HAL_CAN_WakeUpFromRxMsgCallback
 2391              		.syntax unified
 2392              		.thumb
 2393              		.thumb_func
 2394              		.fpu fpv4-sp-d16
 2396              	HAL_CAN_WakeUpFromRxMsgCallback:
 2397              	.LVL173:
 2398              	.LFB165:
2315:Drivers/STM32F4xx_HAL_Driver/Src/stm32f4xx_hal_can.c **** 
2316:Drivers/STM32F4xx_HAL_Driver/Src/stm32f4xx_hal_can.c **** /**
2317:Drivers/STM32F4xx_HAL_Driver/Src/stm32f4xx_hal_can.c ****   * @brief  WakeUp from Rx message callback.
2318:Drivers/STM32F4xx_HAL_Driver/Src/stm32f4xx_hal_can.c ****   * @param  hcan pointer to a CAN_HandleTypeDef structure that contains
2319:Drivers/STM32F4xx_HAL_Driver/Src/stm32f4xx_hal_can.c ****   *         the configuration information for the specified CAN.
2320:Drivers/STM32F4xx_HAL_Driver/Src/stm32f4xx_hal_can.c ****   * @retval None
2321:Drivers/STM32F4xx_HAL_Driver/Src/stm32f4xx_hal_can.c ****   */
2322:Drivers/STM32F4xx_HAL_Driver/Src/stm32f4xx_hal_can.c **** __weak void HAL_CAN_WakeUpFromRxMsgCallback(CAN_HandleTypeDef *hcan)
2323:Drivers/STM32F4xx_HAL_Driver/Src/stm32f4xx_hal_can.c **** {
ARM GAS  /tmp/ccXdCPPU.s 			page 96


 2399              		.loc 1 2323 1 is_stmt 1 view -0
 2400              		.cfi_startproc
 2401              		@ args = 0, pretend = 0, frame = 0
 2402              		@ frame_needed = 0, uses_anonymous_args = 0
 2403              		@ link register save eliminated.
2324:Drivers/STM32F4xx_HAL_Driver/Src/stm32f4xx_hal_can.c ****   /* Prevent unused argument(s) compilation warning */
2325:Drivers/STM32F4xx_HAL_Driver/Src/stm32f4xx_hal_can.c ****   UNUSED(hcan);
 2404              		.loc 1 2325 3 view .LVU743
2326:Drivers/STM32F4xx_HAL_Driver/Src/stm32f4xx_hal_can.c **** 
2327:Drivers/STM32F4xx_HAL_Driver/Src/stm32f4xx_hal_can.c ****   /* NOTE : This function Should not be modified, when the callback is needed,
2328:Drivers/STM32F4xx_HAL_Driver/Src/stm32f4xx_hal_can.c ****             the HAL_CAN_WakeUpFromRxMsgCallback could be implemented in the
2329:Drivers/STM32F4xx_HAL_Driver/Src/stm32f4xx_hal_can.c ****             user file
2330:Drivers/STM32F4xx_HAL_Driver/Src/stm32f4xx_hal_can.c ****    */
2331:Drivers/STM32F4xx_HAL_Driver/Src/stm32f4xx_hal_can.c **** }
 2405              		.loc 1 2331 1 is_stmt 0 view .LVU744
 2406 0000 7047     		bx	lr
 2407              		.cfi_endproc
 2408              	.LFE165:
 2410              		.section	.text.HAL_CAN_ErrorCallback,"ax",%progbits
 2411              		.align	1
 2412              		.weak	HAL_CAN_ErrorCallback
 2413              		.syntax unified
 2414              		.thumb
 2415              		.thumb_func
 2416              		.fpu fpv4-sp-d16
 2418              	HAL_CAN_ErrorCallback:
 2419              	.LVL174:
 2420              	.LFB166:
2332:Drivers/STM32F4xx_HAL_Driver/Src/stm32f4xx_hal_can.c **** 
2333:Drivers/STM32F4xx_HAL_Driver/Src/stm32f4xx_hal_can.c **** /**
2334:Drivers/STM32F4xx_HAL_Driver/Src/stm32f4xx_hal_can.c ****   * @brief  Error CAN callback.
2335:Drivers/STM32F4xx_HAL_Driver/Src/stm32f4xx_hal_can.c ****   * @param  hcan pointer to a CAN_HandleTypeDef structure that contains
2336:Drivers/STM32F4xx_HAL_Driver/Src/stm32f4xx_hal_can.c ****   *         the configuration information for the specified CAN.
2337:Drivers/STM32F4xx_HAL_Driver/Src/stm32f4xx_hal_can.c ****   * @retval None
2338:Drivers/STM32F4xx_HAL_Driver/Src/stm32f4xx_hal_can.c ****   */
2339:Drivers/STM32F4xx_HAL_Driver/Src/stm32f4xx_hal_can.c **** __weak void HAL_CAN_ErrorCallback(CAN_HandleTypeDef *hcan)
2340:Drivers/STM32F4xx_HAL_Driver/Src/stm32f4xx_hal_can.c **** {
 2421              		.loc 1 2340 1 is_stmt 1 view -0
 2422              		.cfi_startproc
 2423              		@ args = 0, pretend = 0, frame = 0
 2424              		@ frame_needed = 0, uses_anonymous_args = 0
 2425              		@ link register save eliminated.
2341:Drivers/STM32F4xx_HAL_Driver/Src/stm32f4xx_hal_can.c ****   /* Prevent unused argument(s) compilation warning */
2342:Drivers/STM32F4xx_HAL_Driver/Src/stm32f4xx_hal_can.c ****   UNUSED(hcan);
 2426              		.loc 1 2342 3 view .LVU746
2343:Drivers/STM32F4xx_HAL_Driver/Src/stm32f4xx_hal_can.c **** 
2344:Drivers/STM32F4xx_HAL_Driver/Src/stm32f4xx_hal_can.c ****   /* NOTE : This function Should not be modified, when the callback is needed,
2345:Drivers/STM32F4xx_HAL_Driver/Src/stm32f4xx_hal_can.c ****             the HAL_CAN_ErrorCallback could be implemented in the user file
2346:Drivers/STM32F4xx_HAL_Driver/Src/stm32f4xx_hal_can.c ****    */
2347:Drivers/STM32F4xx_HAL_Driver/Src/stm32f4xx_hal_can.c **** }
 2427              		.loc 1 2347 1 is_stmt 0 view .LVU747
 2428 0000 7047     		bx	lr
 2429              		.cfi_endproc
 2430              	.LFE166:
 2432              		.section	.text.HAL_CAN_IRQHandler,"ax",%progbits
 2433              		.align	1
 2434              		.global	HAL_CAN_IRQHandler
ARM GAS  /tmp/ccXdCPPU.s 			page 97


 2435              		.syntax unified
 2436              		.thumb
 2437              		.thumb_func
 2438              		.fpu fpv4-sp-d16
 2440              	HAL_CAN_IRQHandler:
 2441              	.LVL175:
 2442              	.LFB153:
1726:Drivers/STM32F4xx_HAL_Driver/Src/stm32f4xx_hal_can.c ****   uint32_t errorcode = HAL_CAN_ERROR_NONE;
 2443              		.loc 1 1726 1 is_stmt 1 view -0
 2444              		.cfi_startproc
 2445              		@ args = 0, pretend = 0, frame = 0
 2446              		@ frame_needed = 0, uses_anonymous_args = 0
1726:Drivers/STM32F4xx_HAL_Driver/Src/stm32f4xx_hal_can.c ****   uint32_t errorcode = HAL_CAN_ERROR_NONE;
 2447              		.loc 1 1726 1 is_stmt 0 view .LVU749
 2448 0000 2DE9F84F 		push	{r3, r4, r5, r6, r7, r8, r9, r10, fp, lr}
 2449              	.LCFI15:
 2450              		.cfi_def_cfa_offset 40
 2451              		.cfi_offset 3, -40
 2452              		.cfi_offset 4, -36
 2453              		.cfi_offset 5, -32
 2454              		.cfi_offset 6, -28
 2455              		.cfi_offset 7, -24
 2456              		.cfi_offset 8, -20
 2457              		.cfi_offset 9, -16
 2458              		.cfi_offset 10, -12
 2459              		.cfi_offset 11, -8
 2460              		.cfi_offset 14, -4
 2461 0004 0546     		mov	r5, r0
1727:Drivers/STM32F4xx_HAL_Driver/Src/stm32f4xx_hal_can.c ****   uint32_t interrupts = READ_REG(hcan->Instance->IER);
 2462              		.loc 1 1727 3 is_stmt 1 view .LVU750
 2463              	.LVL176:
1728:Drivers/STM32F4xx_HAL_Driver/Src/stm32f4xx_hal_can.c ****   uint32_t msrflags = READ_REG(hcan->Instance->MSR);
 2464              		.loc 1 1728 3 view .LVU751
1728:Drivers/STM32F4xx_HAL_Driver/Src/stm32f4xx_hal_can.c ****   uint32_t msrflags = READ_REG(hcan->Instance->MSR);
 2465              		.loc 1 1728 25 is_stmt 0 view .LVU752
 2466 0006 0368     		ldr	r3, [r0]
1728:Drivers/STM32F4xx_HAL_Driver/Src/stm32f4xx_hal_can.c ****   uint32_t msrflags = READ_REG(hcan->Instance->MSR);
 2467              		.loc 1 1728 12 view .LVU753
 2468 0008 5C69     		ldr	r4, [r3, #20]
 2469              	.LVL177:
1729:Drivers/STM32F4xx_HAL_Driver/Src/stm32f4xx_hal_can.c ****   uint32_t tsrflags = READ_REG(hcan->Instance->TSR);
 2470              		.loc 1 1729 3 is_stmt 1 view .LVU754
1729:Drivers/STM32F4xx_HAL_Driver/Src/stm32f4xx_hal_can.c ****   uint32_t tsrflags = READ_REG(hcan->Instance->TSR);
 2471              		.loc 1 1729 12 is_stmt 0 view .LVU755
 2472 000a D3F80480 		ldr	r8, [r3, #4]
 2473              	.LVL178:
1730:Drivers/STM32F4xx_HAL_Driver/Src/stm32f4xx_hal_can.c ****   uint32_t rf0rflags = READ_REG(hcan->Instance->RF0R);
 2474              		.loc 1 1730 3 is_stmt 1 view .LVU756
1730:Drivers/STM32F4xx_HAL_Driver/Src/stm32f4xx_hal_can.c ****   uint32_t rf0rflags = READ_REG(hcan->Instance->RF0R);
 2475              		.loc 1 1730 12 is_stmt 0 view .LVU757
 2476 000e 9F68     		ldr	r7, [r3, #8]
 2477              	.LVL179:
1731:Drivers/STM32F4xx_HAL_Driver/Src/stm32f4xx_hal_can.c ****   uint32_t rf1rflags = READ_REG(hcan->Instance->RF1R);
 2478              		.loc 1 1731 3 is_stmt 1 view .LVU758
1731:Drivers/STM32F4xx_HAL_Driver/Src/stm32f4xx_hal_can.c ****   uint32_t rf1rflags = READ_REG(hcan->Instance->RF1R);
 2479              		.loc 1 1731 12 is_stmt 0 view .LVU759
 2480 0010 D3F80CB0 		ldr	fp, [r3, #12]
ARM GAS  /tmp/ccXdCPPU.s 			page 98


 2481              	.LVL180:
1732:Drivers/STM32F4xx_HAL_Driver/Src/stm32f4xx_hal_can.c ****   uint32_t esrflags = READ_REG(hcan->Instance->ESR);
 2482              		.loc 1 1732 3 is_stmt 1 view .LVU760
1732:Drivers/STM32F4xx_HAL_Driver/Src/stm32f4xx_hal_can.c ****   uint32_t esrflags = READ_REG(hcan->Instance->ESR);
 2483              		.loc 1 1732 12 is_stmt 0 view .LVU761
 2484 0014 D3F810A0 		ldr	r10, [r3, #16]
 2485              	.LVL181:
1733:Drivers/STM32F4xx_HAL_Driver/Src/stm32f4xx_hal_can.c **** 
 2486              		.loc 1 1733 3 is_stmt 1 view .LVU762
1733:Drivers/STM32F4xx_HAL_Driver/Src/stm32f4xx_hal_can.c **** 
 2487              		.loc 1 1733 12 is_stmt 0 view .LVU763
 2488 0018 D3F81890 		ldr	r9, [r3, #24]
 2489              	.LVL182:
1736:Drivers/STM32F4xx_HAL_Driver/Src/stm32f4xx_hal_can.c ****   {
 2490              		.loc 1 1736 3 is_stmt 1 view .LVU764
1736:Drivers/STM32F4xx_HAL_Driver/Src/stm32f4xx_hal_can.c ****   {
 2491              		.loc 1 1736 6 is_stmt 0 view .LVU765
 2492 001c 14F00106 		ands	r6, r4, #1
 2493 0020 3BD0     		beq	.L170
1739:Drivers/STM32F4xx_HAL_Driver/Src/stm32f4xx_hal_can.c ****     {
 2494              		.loc 1 1739 5 is_stmt 1 view .LVU766
1739:Drivers/STM32F4xx_HAL_Driver/Src/stm32f4xx_hal_can.c ****     {
 2495              		.loc 1 1739 8 is_stmt 0 view .LVU767
 2496 0022 17F00106 		ands	r6, r7, #1
 2497 0026 16D0     		beq	.L171
1742:Drivers/STM32F4xx_HAL_Driver/Src/stm32f4xx_hal_can.c **** 
 2498              		.loc 1 1742 7 is_stmt 1 view .LVU768
 2499 0028 0122     		movs	r2, #1
 2500 002a 9A60     		str	r2, [r3, #8]
1744:Drivers/STM32F4xx_HAL_Driver/Src/stm32f4xx_hal_can.c ****       {
 2501              		.loc 1 1744 7 view .LVU769
1744:Drivers/STM32F4xx_HAL_Driver/Src/stm32f4xx_hal_can.c ****       {
 2502              		.loc 1 1744 10 is_stmt 0 view .LVU770
 2503 002c 17F0020F 		tst	r7, #2
 2504 0030 08D1     		bne	.L205
1757:Drivers/STM32F4xx_HAL_Driver/Src/stm32f4xx_hal_can.c ****         {
 2505              		.loc 1 1757 9 is_stmt 1 view .LVU771
1757:Drivers/STM32F4xx_HAL_Driver/Src/stm32f4xx_hal_can.c ****         {
 2506              		.loc 1 1757 12 is_stmt 0 view .LVU772
 2507 0032 17F0040F 		tst	r7, #4
 2508 0036 0CD1     		bne	.L202
1762:Drivers/STM32F4xx_HAL_Driver/Src/stm32f4xx_hal_can.c ****         {
 2509              		.loc 1 1762 14 is_stmt 1 view .LVU773
1762:Drivers/STM32F4xx_HAL_Driver/Src/stm32f4xx_hal_can.c ****         {
 2510              		.loc 1 1762 17 is_stmt 0 view .LVU774
 2511 0038 17F00806 		ands	r6, r7, #8
 2512 003c 06D0     		beq	.L206
1765:Drivers/STM32F4xx_HAL_Driver/Src/stm32f4xx_hal_can.c ****         }
 2513              		.loc 1 1765 21 view .LVU775
 2514 003e 4FF48056 		mov	r6, #4096
 2515 0042 08E0     		b	.L171
 2516              	.L205:
1752:Drivers/STM32F4xx_HAL_Driver/Src/stm32f4xx_hal_can.c **** #endif /* USE_HAL_CAN_REGISTER_CALLBACKS */
 2517              		.loc 1 1752 9 is_stmt 1 view .LVU776
 2518 0044 FFF7FEFF 		bl	HAL_CAN_TxMailbox0CompleteCallback
 2519              	.LVL183:
1727:Drivers/STM32F4xx_HAL_Driver/Src/stm32f4xx_hal_can.c ****   uint32_t interrupts = READ_REG(hcan->Instance->IER);
ARM GAS  /tmp/ccXdCPPU.s 			page 99


 2520              		.loc 1 1727 12 is_stmt 0 view .LVU777
 2521 0048 0026     		movs	r6, #0
 2522 004a 04E0     		b	.L171
 2523              	.LVL184:
 2524              	.L206:
1775:Drivers/STM32F4xx_HAL_Driver/Src/stm32f4xx_hal_can.c **** #endif /* USE_HAL_CAN_REGISTER_CALLBACKS */
 2525              		.loc 1 1775 11 is_stmt 1 view .LVU778
 2526 004c FFF7FEFF 		bl	HAL_CAN_TxMailbox0AbortCallback
 2527              	.LVL185:
1775:Drivers/STM32F4xx_HAL_Driver/Src/stm32f4xx_hal_can.c **** #endif /* USE_HAL_CAN_REGISTER_CALLBACKS */
 2528              		.loc 1 1775 11 is_stmt 0 view .LVU779
 2529 0050 01E0     		b	.L171
 2530              	.LVL186:
 2531              	.L202:
1760:Drivers/STM32F4xx_HAL_Driver/Src/stm32f4xx_hal_can.c ****         }
 2532              		.loc 1 1760 21 view .LVU780
 2533 0052 4FF40066 		mov	r6, #2048
 2534              	.LVL187:
 2535              	.L171:
1782:Drivers/STM32F4xx_HAL_Driver/Src/stm32f4xx_hal_can.c ****     {
 2536              		.loc 1 1782 5 is_stmt 1 view .LVU781
1782:Drivers/STM32F4xx_HAL_Driver/Src/stm32f4xx_hal_can.c ****     {
 2537              		.loc 1 1782 8 is_stmt 0 view .LVU782
 2538 0056 17F4807F 		tst	r7, #256
 2539 005a 0DD0     		beq	.L173
1785:Drivers/STM32F4xx_HAL_Driver/Src/stm32f4xx_hal_can.c **** 
 2540              		.loc 1 1785 7 is_stmt 1 view .LVU783
 2541 005c 2B68     		ldr	r3, [r5]
 2542 005e 4FF48072 		mov	r2, #256
 2543 0062 9A60     		str	r2, [r3, #8]
1787:Drivers/STM32F4xx_HAL_Driver/Src/stm32f4xx_hal_can.c ****       {
 2544              		.loc 1 1787 7 view .LVU784
1787:Drivers/STM32F4xx_HAL_Driver/Src/stm32f4xx_hal_can.c ****       {
 2545              		.loc 1 1787 10 is_stmt 0 view .LVU785
 2546 0064 17F4007F 		tst	r7, #512
 2547 0068 40F08680 		bne	.L207
1800:Drivers/STM32F4xx_HAL_Driver/Src/stm32f4xx_hal_can.c ****         {
 2548              		.loc 1 1800 9 is_stmt 1 view .LVU786
1800:Drivers/STM32F4xx_HAL_Driver/Src/stm32f4xx_hal_can.c ****         {
 2549              		.loc 1 1800 12 is_stmt 0 view .LVU787
 2550 006c 17F4806F 		tst	r7, #1024
 2551 0070 00F08680 		beq	.L175
1803:Drivers/STM32F4xx_HAL_Driver/Src/stm32f4xx_hal_can.c ****         }
 2552              		.loc 1 1803 11 is_stmt 1 view .LVU788
1803:Drivers/STM32F4xx_HAL_Driver/Src/stm32f4xx_hal_can.c ****         }
 2553              		.loc 1 1803 21 is_stmt 0 view .LVU789
 2554 0074 46F40056 		orr	r6, r6, #8192
 2555              	.LVL188:
 2556              	.L173:
1825:Drivers/STM32F4xx_HAL_Driver/Src/stm32f4xx_hal_can.c ****     {
 2557              		.loc 1 1825 5 is_stmt 1 view .LVU790
1825:Drivers/STM32F4xx_HAL_Driver/Src/stm32f4xx_hal_can.c ****     {
 2558              		.loc 1 1825 8 is_stmt 0 view .LVU791
 2559 0078 17F4803F 		tst	r7, #65536
 2560 007c 0DD0     		beq	.L170
1828:Drivers/STM32F4xx_HAL_Driver/Src/stm32f4xx_hal_can.c **** 
 2561              		.loc 1 1828 7 is_stmt 1 view .LVU792
ARM GAS  /tmp/ccXdCPPU.s 			page 100


 2562 007e 2B68     		ldr	r3, [r5]
 2563 0080 4FF48032 		mov	r2, #65536
 2564 0084 9A60     		str	r2, [r3, #8]
1830:Drivers/STM32F4xx_HAL_Driver/Src/stm32f4xx_hal_can.c ****       {
 2565              		.loc 1 1830 7 view .LVU793
1830:Drivers/STM32F4xx_HAL_Driver/Src/stm32f4xx_hal_can.c ****       {
 2566              		.loc 1 1830 10 is_stmt 0 view .LVU794
 2567 0086 17F4003F 		tst	r7, #131072
 2568 008a 40F08380 		bne	.L208
1843:Drivers/STM32F4xx_HAL_Driver/Src/stm32f4xx_hal_can.c ****         {
 2569              		.loc 1 1843 9 is_stmt 1 view .LVU795
1843:Drivers/STM32F4xx_HAL_Driver/Src/stm32f4xx_hal_can.c ****         {
 2570              		.loc 1 1843 12 is_stmt 0 view .LVU796
 2571 008e 17F4802F 		tst	r7, #262144
 2572 0092 00F08380 		beq	.L178
1846:Drivers/STM32F4xx_HAL_Driver/Src/stm32f4xx_hal_can.c ****         }
 2573              		.loc 1 1846 11 is_stmt 1 view .LVU797
1846:Drivers/STM32F4xx_HAL_Driver/Src/stm32f4xx_hal_can.c ****         }
 2574              		.loc 1 1846 21 is_stmt 0 view .LVU798
 2575 0096 46F40046 		orr	r6, r6, #32768
 2576              	.LVL189:
 2577              	.L170:
1869:Drivers/STM32F4xx_HAL_Driver/Src/stm32f4xx_hal_can.c ****   {
 2578              		.loc 1 1869 3 is_stmt 1 view .LVU799
1869:Drivers/STM32F4xx_HAL_Driver/Src/stm32f4xx_hal_can.c ****   {
 2579              		.loc 1 1869 6 is_stmt 0 view .LVU800
 2580 009a 14F0080F 		tst	r4, #8
 2581 009e 07D0     		beq	.L180
1871:Drivers/STM32F4xx_HAL_Driver/Src/stm32f4xx_hal_can.c ****     {
 2582              		.loc 1 1871 5 is_stmt 1 view .LVU801
1871:Drivers/STM32F4xx_HAL_Driver/Src/stm32f4xx_hal_can.c ****     {
 2583              		.loc 1 1871 8 is_stmt 0 view .LVU802
 2584 00a0 1BF0100F 		tst	fp, #16
 2585 00a4 04D0     		beq	.L180
1874:Drivers/STM32F4xx_HAL_Driver/Src/stm32f4xx_hal_can.c **** 
 2586              		.loc 1 1874 7 is_stmt 1 view .LVU803
1874:Drivers/STM32F4xx_HAL_Driver/Src/stm32f4xx_hal_can.c **** 
 2587              		.loc 1 1874 17 is_stmt 0 view .LVU804
 2588 00a6 46F40076 		orr	r6, r6, #512
 2589              	.LVL190:
1877:Drivers/STM32F4xx_HAL_Driver/Src/stm32f4xx_hal_can.c ****     }
 2590              		.loc 1 1877 7 is_stmt 1 view .LVU805
 2591 00aa 2B68     		ldr	r3, [r5]
 2592 00ac 1022     		movs	r2, #16
 2593 00ae DA60     		str	r2, [r3, #12]
 2594              	.L180:
1882:Drivers/STM32F4xx_HAL_Driver/Src/stm32f4xx_hal_can.c ****   {
 2595              		.loc 1 1882 3 view .LVU806
1882:Drivers/STM32F4xx_HAL_Driver/Src/stm32f4xx_hal_can.c ****   {
 2596              		.loc 1 1882 6 is_stmt 0 view .LVU807
 2597 00b0 14F0040F 		tst	r4, #4
 2598 00b4 02D0     		beq	.L181
1884:Drivers/STM32F4xx_HAL_Driver/Src/stm32f4xx_hal_can.c ****     {
 2599              		.loc 1 1884 5 is_stmt 1 view .LVU808
1884:Drivers/STM32F4xx_HAL_Driver/Src/stm32f4xx_hal_can.c ****     {
 2600              		.loc 1 1884 8 is_stmt 0 view .LVU809
 2601 00b6 1BF0080F 		tst	fp, #8
ARM GAS  /tmp/ccXdCPPU.s 			page 101


 2602 00ba 79D1     		bne	.L209
 2603              	.L181:
1901:Drivers/STM32F4xx_HAL_Driver/Src/stm32f4xx_hal_can.c ****   {
 2604              		.loc 1 1901 3 is_stmt 1 view .LVU810
1901:Drivers/STM32F4xx_HAL_Driver/Src/stm32f4xx_hal_can.c ****   {
 2605              		.loc 1 1901 6 is_stmt 0 view .LVU811
 2606 00bc 14F0020F 		tst	r4, #2
 2607 00c0 04D0     		beq	.L182
1904:Drivers/STM32F4xx_HAL_Driver/Src/stm32f4xx_hal_can.c ****     {
 2608              		.loc 1 1904 5 is_stmt 1 view .LVU812
1904:Drivers/STM32F4xx_HAL_Driver/Src/stm32f4xx_hal_can.c ****     {
 2609              		.loc 1 1904 14 is_stmt 0 view .LVU813
 2610 00c2 2B68     		ldr	r3, [r5]
1904:Drivers/STM32F4xx_HAL_Driver/Src/stm32f4xx_hal_can.c ****     {
 2611              		.loc 1 1904 24 view .LVU814
 2612 00c4 DB68     		ldr	r3, [r3, #12]
1904:Drivers/STM32F4xx_HAL_Driver/Src/stm32f4xx_hal_can.c ****     {
 2613              		.loc 1 1904 8 view .LVU815
 2614 00c6 13F0030F 		tst	r3, #3
 2615 00ca 78D1     		bne	.L210
 2616              	.L182:
1918:Drivers/STM32F4xx_HAL_Driver/Src/stm32f4xx_hal_can.c ****   {
 2617              		.loc 1 1918 3 is_stmt 1 view .LVU816
1918:Drivers/STM32F4xx_HAL_Driver/Src/stm32f4xx_hal_can.c ****   {
 2618              		.loc 1 1918 6 is_stmt 0 view .LVU817
 2619 00cc 14F0400F 		tst	r4, #64
 2620 00d0 07D0     		beq	.L183
1920:Drivers/STM32F4xx_HAL_Driver/Src/stm32f4xx_hal_can.c ****     {
 2621              		.loc 1 1920 5 is_stmt 1 view .LVU818
1920:Drivers/STM32F4xx_HAL_Driver/Src/stm32f4xx_hal_can.c ****     {
 2622              		.loc 1 1920 8 is_stmt 0 view .LVU819
 2623 00d2 1AF0100F 		tst	r10, #16
 2624 00d6 04D0     		beq	.L183
1923:Drivers/STM32F4xx_HAL_Driver/Src/stm32f4xx_hal_can.c **** 
 2625              		.loc 1 1923 7 is_stmt 1 view .LVU820
1923:Drivers/STM32F4xx_HAL_Driver/Src/stm32f4xx_hal_can.c **** 
 2626              		.loc 1 1923 17 is_stmt 0 view .LVU821
 2627 00d8 46F48066 		orr	r6, r6, #1024
 2628              	.LVL191:
1926:Drivers/STM32F4xx_HAL_Driver/Src/stm32f4xx_hal_can.c ****     }
 2629              		.loc 1 1926 7 is_stmt 1 view .LVU822
 2630 00dc 2B68     		ldr	r3, [r5]
 2631 00de 1022     		movs	r2, #16
 2632 00e0 1A61     		str	r2, [r3, #16]
 2633              	.L183:
1931:Drivers/STM32F4xx_HAL_Driver/Src/stm32f4xx_hal_can.c ****   {
 2634              		.loc 1 1931 3 view .LVU823
1931:Drivers/STM32F4xx_HAL_Driver/Src/stm32f4xx_hal_can.c ****   {
 2635              		.loc 1 1931 6 is_stmt 0 view .LVU824
 2636 00e2 14F0200F 		tst	r4, #32
 2637 00e6 02D0     		beq	.L184
1933:Drivers/STM32F4xx_HAL_Driver/Src/stm32f4xx_hal_can.c ****     {
 2638              		.loc 1 1933 5 is_stmt 1 view .LVU825
1933:Drivers/STM32F4xx_HAL_Driver/Src/stm32f4xx_hal_can.c ****     {
 2639              		.loc 1 1933 8 is_stmt 0 view .LVU826
 2640 00e8 1AF0080F 		tst	r10, #8
 2641 00ec 6BD1     		bne	.L211
ARM GAS  /tmp/ccXdCPPU.s 			page 102


 2642              	.L184:
1950:Drivers/STM32F4xx_HAL_Driver/Src/stm32f4xx_hal_can.c ****   {
 2643              		.loc 1 1950 3 is_stmt 1 view .LVU827
1950:Drivers/STM32F4xx_HAL_Driver/Src/stm32f4xx_hal_can.c ****   {
 2644              		.loc 1 1950 6 is_stmt 0 view .LVU828
 2645 00ee 14F0100F 		tst	r4, #16
 2646 00f2 04D0     		beq	.L185
1953:Drivers/STM32F4xx_HAL_Driver/Src/stm32f4xx_hal_can.c ****     {
 2647              		.loc 1 1953 5 is_stmt 1 view .LVU829
1953:Drivers/STM32F4xx_HAL_Driver/Src/stm32f4xx_hal_can.c ****     {
 2648              		.loc 1 1953 14 is_stmt 0 view .LVU830
 2649 00f4 2B68     		ldr	r3, [r5]
1953:Drivers/STM32F4xx_HAL_Driver/Src/stm32f4xx_hal_can.c ****     {
 2650              		.loc 1 1953 24 view .LVU831
 2651 00f6 1B69     		ldr	r3, [r3, #16]
1953:Drivers/STM32F4xx_HAL_Driver/Src/stm32f4xx_hal_can.c ****     {
 2652              		.loc 1 1953 8 view .LVU832
 2653 00f8 13F0030F 		tst	r3, #3
 2654 00fc 6AD1     		bne	.L212
 2655              	.L185:
1967:Drivers/STM32F4xx_HAL_Driver/Src/stm32f4xx_hal_can.c ****   {
 2656              		.loc 1 1967 3 is_stmt 1 view .LVU833
1967:Drivers/STM32F4xx_HAL_Driver/Src/stm32f4xx_hal_can.c ****   {
 2657              		.loc 1 1967 6 is_stmt 0 view .LVU834
 2658 00fe 14F4003F 		tst	r4, #131072
 2659 0102 02D0     		beq	.L186
1969:Drivers/STM32F4xx_HAL_Driver/Src/stm32f4xx_hal_can.c ****     {
 2660              		.loc 1 1969 5 is_stmt 1 view .LVU835
1969:Drivers/STM32F4xx_HAL_Driver/Src/stm32f4xx_hal_can.c ****     {
 2661              		.loc 1 1969 8 is_stmt 0 view .LVU836
 2662 0104 18F0100F 		tst	r8, #16
 2663 0108 68D1     		bne	.L213
 2664              	.L186:
1986:Drivers/STM32F4xx_HAL_Driver/Src/stm32f4xx_hal_can.c ****   {
 2665              		.loc 1 1986 3 is_stmt 1 view .LVU837
1986:Drivers/STM32F4xx_HAL_Driver/Src/stm32f4xx_hal_can.c ****   {
 2666              		.loc 1 1986 6 is_stmt 0 view .LVU838
 2667 010a 14F4803F 		tst	r4, #65536
 2668 010e 02D0     		beq	.L187
1988:Drivers/STM32F4xx_HAL_Driver/Src/stm32f4xx_hal_can.c ****     {
 2669              		.loc 1 1988 5 is_stmt 1 view .LVU839
1988:Drivers/STM32F4xx_HAL_Driver/Src/stm32f4xx_hal_can.c ****     {
 2670              		.loc 1 1988 8 is_stmt 0 view .LVU840
 2671 0110 18F0080F 		tst	r8, #8
 2672 0114 69D1     		bne	.L214
 2673              	.L187:
2005:Drivers/STM32F4xx_HAL_Driver/Src/stm32f4xx_hal_can.c ****   {
 2674              		.loc 1 2005 3 is_stmt 1 view .LVU841
2005:Drivers/STM32F4xx_HAL_Driver/Src/stm32f4xx_hal_can.c ****   {
 2675              		.loc 1 2005 6 is_stmt 0 view .LVU842
 2676 0116 14F4004F 		tst	r4, #32768
 2677 011a 7AD0     		beq	.L188
2007:Drivers/STM32F4xx_HAL_Driver/Src/stm32f4xx_hal_can.c ****     {
 2678              		.loc 1 2007 5 is_stmt 1 view .LVU843
2007:Drivers/STM32F4xx_HAL_Driver/Src/stm32f4xx_hal_can.c ****     {
 2679              		.loc 1 2007 8 is_stmt 0 view .LVU844
 2680 011c 18F0040F 		tst	r8, #4
ARM GAS  /tmp/ccXdCPPU.s 			page 103


 2681 0120 74D0     		beq	.L189
2010:Drivers/STM32F4xx_HAL_Driver/Src/stm32f4xx_hal_can.c ****           ((esrflags & CAN_ESR_EWGF) != 0U))
 2682              		.loc 1 2010 7 is_stmt 1 view .LVU845
2010:Drivers/STM32F4xx_HAL_Driver/Src/stm32f4xx_hal_can.c ****           ((esrflags & CAN_ESR_EWGF) != 0U))
 2683              		.loc 1 2010 10 is_stmt 0 view .LVU846
 2684 0122 14F4807F 		tst	r4, #256
 2685 0126 04D0     		beq	.L190
2010:Drivers/STM32F4xx_HAL_Driver/Src/stm32f4xx_hal_can.c ****           ((esrflags & CAN_ESR_EWGF) != 0U))
 2686              		.loc 1 2010 55 discriminator 1 view .LVU847
 2687 0128 19F0010F 		tst	r9, #1
 2688 012c 01D0     		beq	.L190
2014:Drivers/STM32F4xx_HAL_Driver/Src/stm32f4xx_hal_can.c **** 
 2689              		.loc 1 2014 9 is_stmt 1 view .LVU848
2014:Drivers/STM32F4xx_HAL_Driver/Src/stm32f4xx_hal_can.c **** 
 2690              		.loc 1 2014 19 is_stmt 0 view .LVU849
 2691 012e 46F00106 		orr	r6, r6, #1
 2692              	.LVL192:
 2693              	.L190:
2020:Drivers/STM32F4xx_HAL_Driver/Src/stm32f4xx_hal_can.c ****           ((esrflags & CAN_ESR_EPVF) != 0U))
 2694              		.loc 1 2020 7 is_stmt 1 view .LVU850
2020:Drivers/STM32F4xx_HAL_Driver/Src/stm32f4xx_hal_can.c ****           ((esrflags & CAN_ESR_EPVF) != 0U))
 2695              		.loc 1 2020 10 is_stmt 0 view .LVU851
 2696 0132 14F4007F 		tst	r4, #512
 2697 0136 04D0     		beq	.L191
2020:Drivers/STM32F4xx_HAL_Driver/Src/stm32f4xx_hal_can.c ****           ((esrflags & CAN_ESR_EPVF) != 0U))
 2698              		.loc 1 2020 55 discriminator 1 view .LVU852
 2699 0138 19F0020F 		tst	r9, #2
 2700 013c 01D0     		beq	.L191
2024:Drivers/STM32F4xx_HAL_Driver/Src/stm32f4xx_hal_can.c **** 
 2701              		.loc 1 2024 9 is_stmt 1 view .LVU853
2024:Drivers/STM32F4xx_HAL_Driver/Src/stm32f4xx_hal_can.c **** 
 2702              		.loc 1 2024 19 is_stmt 0 view .LVU854
 2703 013e 46F00206 		orr	r6, r6, #2
 2704              	.LVL193:
 2705              	.L191:
2030:Drivers/STM32F4xx_HAL_Driver/Src/stm32f4xx_hal_can.c ****           ((esrflags & CAN_ESR_BOFF) != 0U))
 2706              		.loc 1 2030 7 is_stmt 1 view .LVU855
2030:Drivers/STM32F4xx_HAL_Driver/Src/stm32f4xx_hal_can.c ****           ((esrflags & CAN_ESR_BOFF) != 0U))
 2707              		.loc 1 2030 10 is_stmt 0 view .LVU856
 2708 0142 14F4806F 		tst	r4, #1024
 2709 0146 04D0     		beq	.L192
2030:Drivers/STM32F4xx_HAL_Driver/Src/stm32f4xx_hal_can.c ****           ((esrflags & CAN_ESR_BOFF) != 0U))
 2710              		.loc 1 2030 48 discriminator 1 view .LVU857
 2711 0148 19F0040F 		tst	r9, #4
 2712 014c 01D0     		beq	.L192
2034:Drivers/STM32F4xx_HAL_Driver/Src/stm32f4xx_hal_can.c **** 
 2713              		.loc 1 2034 9 is_stmt 1 view .LVU858
2034:Drivers/STM32F4xx_HAL_Driver/Src/stm32f4xx_hal_can.c **** 
 2714              		.loc 1 2034 19 is_stmt 0 view .LVU859
 2715 014e 46F00406 		orr	r6, r6, #4
 2716              	.LVL194:
 2717              	.L192:
2040:Drivers/STM32F4xx_HAL_Driver/Src/stm32f4xx_hal_can.c ****           ((esrflags & CAN_ESR_LEC) != 0U))
 2718              		.loc 1 2040 7 is_stmt 1 view .LVU860
2040:Drivers/STM32F4xx_HAL_Driver/Src/stm32f4xx_hal_can.c ****           ((esrflags & CAN_ESR_LEC) != 0U))
 2719              		.loc 1 2040 10 is_stmt 0 view .LVU861
 2720 0152 14F4006F 		tst	r4, #2048
ARM GAS  /tmp/ccXdCPPU.s 			page 104


 2721 0156 59D0     		beq	.L189
2040:Drivers/STM32F4xx_HAL_Driver/Src/stm32f4xx_hal_can.c ****           ((esrflags & CAN_ESR_LEC) != 0U))
 2722              		.loc 1 2040 57 discriminator 1 view .LVU862
 2723 0158 19F07009 		ands	r9, r9, #112
 2724              	.LVL195:
2040:Drivers/STM32F4xx_HAL_Driver/Src/stm32f4xx_hal_can.c ****           ((esrflags & CAN_ESR_LEC) != 0U))
 2725              		.loc 1 2040 57 discriminator 1 view .LVU863
 2726 015c 56D0     		beq	.L189
2043:Drivers/STM32F4xx_HAL_Driver/Src/stm32f4xx_hal_can.c ****         {
 2727              		.loc 1 2043 9 is_stmt 1 view .LVU864
 2728 015e B9F1400F 		cmp	r9, #64
 2729 0162 65D0     		beq	.L193
 2730 0164 58D8     		bhi	.L194
 2731 0166 B9F1200F 		cmp	r9, #32
 2732 016a 5ED0     		beq	.L195
 2733 016c B9F1300F 		cmp	r9, #48
 2734 0170 42D1     		bne	.L215
2055:Drivers/STM32F4xx_HAL_Driver/Src/stm32f4xx_hal_can.c ****             break;
 2735              		.loc 1 2055 13 view .LVU865
2055:Drivers/STM32F4xx_HAL_Driver/Src/stm32f4xx_hal_can.c ****             break;
 2736              		.loc 1 2055 23 is_stmt 0 view .LVU866
 2737 0172 46F02006 		orr	r6, r6, #32
 2738              	.LVL196:
2056:Drivers/STM32F4xx_HAL_Driver/Src/stm32f4xx_hal_can.c ****           case (CAN_ESR_LEC_2):
 2739              		.loc 1 2056 13 is_stmt 1 view .LVU867
 2740 0176 44E0     		b	.L198
 2741              	.LVL197:
 2742              	.L207:
1795:Drivers/STM32F4xx_HAL_Driver/Src/stm32f4xx_hal_can.c **** #endif /* USE_HAL_CAN_REGISTER_CALLBACKS */
 2743              		.loc 1 1795 9 view .LVU868
 2744 0178 2846     		mov	r0, r5
 2745 017a FFF7FEFF 		bl	HAL_CAN_TxMailbox1CompleteCallback
 2746              	.LVL198:
 2747 017e 7BE7     		b	.L173
 2748              	.L175:
1805:Drivers/STM32F4xx_HAL_Driver/Src/stm32f4xx_hal_can.c ****         {
 2749              		.loc 1 1805 14 view .LVU869
1805:Drivers/STM32F4xx_HAL_Driver/Src/stm32f4xx_hal_can.c ****         {
 2750              		.loc 1 1805 17 is_stmt 0 view .LVU870
 2751 0180 17F4006F 		tst	r7, #2048
 2752 0184 02D0     		beq	.L176
1808:Drivers/STM32F4xx_HAL_Driver/Src/stm32f4xx_hal_can.c ****         }
 2753              		.loc 1 1808 11 is_stmt 1 view .LVU871
1808:Drivers/STM32F4xx_HAL_Driver/Src/stm32f4xx_hal_can.c ****         }
 2754              		.loc 1 1808 21 is_stmt 0 view .LVU872
 2755 0186 46F48046 		orr	r6, r6, #16384
 2756              	.LVL199:
1808:Drivers/STM32F4xx_HAL_Driver/Src/stm32f4xx_hal_can.c ****         }
 2757              		.loc 1 1808 21 view .LVU873
 2758 018a 75E7     		b	.L173
 2759              	.L176:
1818:Drivers/STM32F4xx_HAL_Driver/Src/stm32f4xx_hal_can.c **** #endif /* USE_HAL_CAN_REGISTER_CALLBACKS */
 2760              		.loc 1 1818 11 is_stmt 1 view .LVU874
 2761 018c 2846     		mov	r0, r5
 2762 018e FFF7FEFF 		bl	HAL_CAN_TxMailbox1AbortCallback
 2763              	.LVL200:
 2764 0192 71E7     		b	.L173
ARM GAS  /tmp/ccXdCPPU.s 			page 105


 2765              	.L208:
1838:Drivers/STM32F4xx_HAL_Driver/Src/stm32f4xx_hal_can.c **** #endif /* USE_HAL_CAN_REGISTER_CALLBACKS */
 2766              		.loc 1 1838 9 view .LVU875
 2767 0194 2846     		mov	r0, r5
 2768 0196 FFF7FEFF 		bl	HAL_CAN_TxMailbox2CompleteCallback
 2769              	.LVL201:
 2770 019a 7EE7     		b	.L170
 2771              	.L178:
1848:Drivers/STM32F4xx_HAL_Driver/Src/stm32f4xx_hal_can.c ****         {
 2772              		.loc 1 1848 14 view .LVU876
1848:Drivers/STM32F4xx_HAL_Driver/Src/stm32f4xx_hal_can.c ****         {
 2773              		.loc 1 1848 17 is_stmt 0 view .LVU877
 2774 019c 17F4002F 		tst	r7, #524288
 2775 01a0 02D0     		beq	.L179
1851:Drivers/STM32F4xx_HAL_Driver/Src/stm32f4xx_hal_can.c ****         }
 2776              		.loc 1 1851 11 is_stmt 1 view .LVU878
1851:Drivers/STM32F4xx_HAL_Driver/Src/stm32f4xx_hal_can.c ****         }
 2777              		.loc 1 1851 21 is_stmt 0 view .LVU879
 2778 01a2 46F48036 		orr	r6, r6, #65536
 2779              	.LVL202:
1851:Drivers/STM32F4xx_HAL_Driver/Src/stm32f4xx_hal_can.c ****         }
 2780              		.loc 1 1851 21 view .LVU880
 2781 01a6 78E7     		b	.L170
 2782              	.L179:
1861:Drivers/STM32F4xx_HAL_Driver/Src/stm32f4xx_hal_can.c **** #endif /* USE_HAL_CAN_REGISTER_CALLBACKS */
 2783              		.loc 1 1861 11 is_stmt 1 view .LVU881
 2784 01a8 2846     		mov	r0, r5
 2785 01aa FFF7FEFF 		bl	HAL_CAN_TxMailbox2AbortCallback
 2786              	.LVL203:
 2787 01ae 74E7     		b	.L170
 2788              	.L209:
1887:Drivers/STM32F4xx_HAL_Driver/Src/stm32f4xx_hal_can.c **** 
 2789              		.loc 1 1887 7 view .LVU882
 2790 01b0 2B68     		ldr	r3, [r5]
 2791 01b2 0822     		movs	r2, #8
 2792 01b4 DA60     		str	r2, [r3, #12]
1895:Drivers/STM32F4xx_HAL_Driver/Src/stm32f4xx_hal_can.c **** #endif /* USE_HAL_CAN_REGISTER_CALLBACKS */
 2793              		.loc 1 1895 7 view .LVU883
 2794 01b6 2846     		mov	r0, r5
 2795 01b8 FFF7FEFF 		bl	HAL_CAN_RxFifo0FullCallback
 2796              	.LVL204:
 2797 01bc 7EE7     		b	.L181
 2798              	.L210:
1912:Drivers/STM32F4xx_HAL_Driver/Src/stm32f4xx_hal_can.c **** #endif /* USE_HAL_CAN_REGISTER_CALLBACKS */
 2799              		.loc 1 1912 7 view .LVU884
 2800 01be 2846     		mov	r0, r5
 2801 01c0 FFF7FEFF 		bl	HAL_CAN_RxFifo0MsgPendingCallback
 2802              	.LVL205:
 2803 01c4 82E7     		b	.L182
 2804              	.L211:
1936:Drivers/STM32F4xx_HAL_Driver/Src/stm32f4xx_hal_can.c **** 
 2805              		.loc 1 1936 7 view .LVU885
 2806 01c6 2B68     		ldr	r3, [r5]
 2807 01c8 0822     		movs	r2, #8
 2808 01ca 1A61     		str	r2, [r3, #16]
1944:Drivers/STM32F4xx_HAL_Driver/Src/stm32f4xx_hal_can.c **** #endif /* USE_HAL_CAN_REGISTER_CALLBACKS */
 2809              		.loc 1 1944 7 view .LVU886
ARM GAS  /tmp/ccXdCPPU.s 			page 106


 2810 01cc 2846     		mov	r0, r5
 2811 01ce FFF7FEFF 		bl	HAL_CAN_RxFifo1FullCallback
 2812              	.LVL206:
 2813 01d2 8CE7     		b	.L184
 2814              	.L212:
1961:Drivers/STM32F4xx_HAL_Driver/Src/stm32f4xx_hal_can.c **** #endif /* USE_HAL_CAN_REGISTER_CALLBACKS */
 2815              		.loc 1 1961 7 view .LVU887
 2816 01d4 2846     		mov	r0, r5
 2817 01d6 FFF7FEFF 		bl	HAL_CAN_RxFifo1MsgPendingCallback
 2818              	.LVL207:
 2819 01da 90E7     		b	.L185
 2820              	.L213:
1972:Drivers/STM32F4xx_HAL_Driver/Src/stm32f4xx_hal_can.c **** 
 2821              		.loc 1 1972 7 view .LVU888
 2822 01dc 2B68     		ldr	r3, [r5]
 2823 01de 1022     		movs	r2, #16
 2824 01e0 5A60     		str	r2, [r3, #4]
1980:Drivers/STM32F4xx_HAL_Driver/Src/stm32f4xx_hal_can.c **** #endif /* USE_HAL_CAN_REGISTER_CALLBACKS */
 2825              		.loc 1 1980 7 view .LVU889
 2826 01e2 2846     		mov	r0, r5
 2827 01e4 FFF7FEFF 		bl	HAL_CAN_SleepCallback
 2828              	.LVL208:
 2829 01e8 8FE7     		b	.L186
 2830              	.L214:
1991:Drivers/STM32F4xx_HAL_Driver/Src/stm32f4xx_hal_can.c **** 
 2831              		.loc 1 1991 7 view .LVU890
 2832 01ea 2B68     		ldr	r3, [r5]
 2833 01ec 0822     		movs	r2, #8
 2834 01ee 5A60     		str	r2, [r3, #4]
1999:Drivers/STM32F4xx_HAL_Driver/Src/stm32f4xx_hal_can.c **** #endif /* USE_HAL_CAN_REGISTER_CALLBACKS */
 2835              		.loc 1 1999 7 view .LVU891
 2836 01f0 2846     		mov	r0, r5
 2837 01f2 FFF7FEFF 		bl	HAL_CAN_WakeUpFromRxMsgCallback
 2838              	.LVL209:
 2839 01f6 8EE7     		b	.L187
 2840              	.LVL210:
 2841              	.L215:
2043:Drivers/STM32F4xx_HAL_Driver/Src/stm32f4xx_hal_can.c ****         {
 2842              		.loc 1 2043 9 is_stmt 0 view .LVU892
 2843 01f8 B9F1100F 		cmp	r9, #16
 2844 01fc 01D1     		bne	.L198
2047:Drivers/STM32F4xx_HAL_Driver/Src/stm32f4xx_hal_can.c ****             break;
 2845              		.loc 1 2047 13 is_stmt 1 view .LVU893
2047:Drivers/STM32F4xx_HAL_Driver/Src/stm32f4xx_hal_can.c ****             break;
 2846              		.loc 1 2047 23 is_stmt 0 view .LVU894
 2847 01fe 46F00806 		orr	r6, r6, #8
 2848              	.LVL211:
2048:Drivers/STM32F4xx_HAL_Driver/Src/stm32f4xx_hal_can.c ****           case (CAN_ESR_LEC_1):
 2849              		.loc 1 2048 13 is_stmt 1 view .LVU895
 2850              	.L198:
2074:Drivers/STM32F4xx_HAL_Driver/Src/stm32f4xx_hal_can.c ****       }
 2851              		.loc 1 2074 9 view .LVU896
 2852 0202 2A68     		ldr	r2, [r5]
 2853 0204 9369     		ldr	r3, [r2, #24]
 2854 0206 23F07003 		bic	r3, r3, #112
 2855 020a 9361     		str	r3, [r2, #24]
 2856              	.L189:
ARM GAS  /tmp/ccXdCPPU.s 			page 107


2079:Drivers/STM32F4xx_HAL_Driver/Src/stm32f4xx_hal_can.c ****   }
 2857              		.loc 1 2079 5 view .LVU897
 2858 020c 2B68     		ldr	r3, [r5]
 2859 020e 0422     		movs	r2, #4
 2860 0210 5A60     		str	r2, [r3, #4]
 2861              	.L188:
2083:Drivers/STM32F4xx_HAL_Driver/Src/stm32f4xx_hal_can.c ****   {
 2862              		.loc 1 2083 3 view .LVU898
2083:Drivers/STM32F4xx_HAL_Driver/Src/stm32f4xx_hal_can.c ****   {
 2863              		.loc 1 2083 6 is_stmt 0 view .LVU899
 2864 0212 9EB9     		cbnz	r6, .L216
 2865              	.LVL212:
 2866              	.L169:
2097:Drivers/STM32F4xx_HAL_Driver/Src/stm32f4xx_hal_can.c **** 
 2867              		.loc 1 2097 1 view .LVU900
 2868 0214 BDE8F88F 		pop	{r3, r4, r5, r6, r7, r8, r9, r10, fp, pc}
 2869              	.LVL213:
 2870              	.L194:
2043:Drivers/STM32F4xx_HAL_Driver/Src/stm32f4xx_hal_can.c ****         {
 2871              		.loc 1 2043 9 view .LVU901
 2872 0218 B9F1500F 		cmp	r9, #80
 2873 021c 0BD0     		beq	.L199
 2874 021e B9F1600F 		cmp	r9, #96
 2875 0222 EED1     		bne	.L198
2067:Drivers/STM32F4xx_HAL_Driver/Src/stm32f4xx_hal_can.c ****             break;
 2876              		.loc 1 2067 13 is_stmt 1 view .LVU902
2067:Drivers/STM32F4xx_HAL_Driver/Src/stm32f4xx_hal_can.c ****             break;
 2877              		.loc 1 2067 23 is_stmt 0 view .LVU903
 2878 0224 46F48076 		orr	r6, r6, #256
 2879              	.LVL214:
2068:Drivers/STM32F4xx_HAL_Driver/Src/stm32f4xx_hal_can.c ****           default:
 2880              		.loc 1 2068 13 is_stmt 1 view .LVU904
 2881 0228 EBE7     		b	.L198
 2882              	.L195:
2051:Drivers/STM32F4xx_HAL_Driver/Src/stm32f4xx_hal_can.c ****             break;
 2883              		.loc 1 2051 13 view .LVU905
2051:Drivers/STM32F4xx_HAL_Driver/Src/stm32f4xx_hal_can.c ****             break;
 2884              		.loc 1 2051 23 is_stmt 0 view .LVU906
 2885 022a 46F01006 		orr	r6, r6, #16
 2886              	.LVL215:
2052:Drivers/STM32F4xx_HAL_Driver/Src/stm32f4xx_hal_can.c ****           case (CAN_ESR_LEC_1 | CAN_ESR_LEC_0):
 2887              		.loc 1 2052 13 is_stmt 1 view .LVU907
 2888 022e E8E7     		b	.L198
 2889              	.L193:
2059:Drivers/STM32F4xx_HAL_Driver/Src/stm32f4xx_hal_can.c ****             break;
 2890              		.loc 1 2059 13 view .LVU908
2059:Drivers/STM32F4xx_HAL_Driver/Src/stm32f4xx_hal_can.c ****             break;
 2891              		.loc 1 2059 23 is_stmt 0 view .LVU909
 2892 0230 46F04006 		orr	r6, r6, #64
 2893              	.LVL216:
2060:Drivers/STM32F4xx_HAL_Driver/Src/stm32f4xx_hal_can.c ****           case (CAN_ESR_LEC_2 | CAN_ESR_LEC_0):
 2894              		.loc 1 2060 13 is_stmt 1 view .LVU910
 2895 0234 E5E7     		b	.L198
 2896              	.L199:
2063:Drivers/STM32F4xx_HAL_Driver/Src/stm32f4xx_hal_can.c ****             break;
 2897              		.loc 1 2063 13 view .LVU911
2063:Drivers/STM32F4xx_HAL_Driver/Src/stm32f4xx_hal_can.c ****             break;
ARM GAS  /tmp/ccXdCPPU.s 			page 108


 2898              		.loc 1 2063 23 is_stmt 0 view .LVU912
 2899 0236 46F08006 		orr	r6, r6, #128
 2900              	.LVL217:
2064:Drivers/STM32F4xx_HAL_Driver/Src/stm32f4xx_hal_can.c ****           case (CAN_ESR_LEC_2 | CAN_ESR_LEC_1):
 2901              		.loc 1 2064 13 is_stmt 1 view .LVU913
 2902 023a E2E7     		b	.L198
 2903              	.L216:
2086:Drivers/STM32F4xx_HAL_Driver/Src/stm32f4xx_hal_can.c **** 
 2904              		.loc 1 2086 5 view .LVU914
2086:Drivers/STM32F4xx_HAL_Driver/Src/stm32f4xx_hal_can.c **** 
 2905              		.loc 1 2086 21 is_stmt 0 view .LVU915
 2906 023c 6B6A     		ldr	r3, [r5, #36]
 2907 023e 1E43     		orrs	r6, r6, r3
 2908              	.LVL218:
2086:Drivers/STM32F4xx_HAL_Driver/Src/stm32f4xx_hal_can.c **** 
 2909              		.loc 1 2086 21 view .LVU916
 2910 0240 6E62     		str	r6, [r5, #36]
2094:Drivers/STM32F4xx_HAL_Driver/Src/stm32f4xx_hal_can.c **** #endif /* USE_HAL_CAN_REGISTER_CALLBACKS */
 2911              		.loc 1 2094 5 is_stmt 1 view .LVU917
 2912 0242 2846     		mov	r0, r5
 2913 0244 FFF7FEFF 		bl	HAL_CAN_ErrorCallback
 2914              	.LVL219:
2097:Drivers/STM32F4xx_HAL_Driver/Src/stm32f4xx_hal_can.c **** 
 2915              		.loc 1 2097 1 is_stmt 0 view .LVU918
 2916 0248 E4E7     		b	.L169
 2917              		.cfi_endproc
 2918              	.LFE153:
 2920              		.section	.text.HAL_CAN_GetState,"ax",%progbits
 2921              		.align	1
 2922              		.global	HAL_CAN_GetState
 2923              		.syntax unified
 2924              		.thumb
 2925              		.thumb_func
 2926              		.fpu fpv4-sp-d16
 2928              	HAL_CAN_GetState:
 2929              	.LVL220:
 2930              	.LFB167:
2348:Drivers/STM32F4xx_HAL_Driver/Src/stm32f4xx_hal_can.c **** 
2349:Drivers/STM32F4xx_HAL_Driver/Src/stm32f4xx_hal_can.c **** /**
2350:Drivers/STM32F4xx_HAL_Driver/Src/stm32f4xx_hal_can.c ****   * @}
2351:Drivers/STM32F4xx_HAL_Driver/Src/stm32f4xx_hal_can.c ****   */
2352:Drivers/STM32F4xx_HAL_Driver/Src/stm32f4xx_hal_can.c **** 
2353:Drivers/STM32F4xx_HAL_Driver/Src/stm32f4xx_hal_can.c **** /** @defgroup CAN_Exported_Functions_Group6 Peripheral State and Error functions
2354:Drivers/STM32F4xx_HAL_Driver/Src/stm32f4xx_hal_can.c ****   * @brief   CAN Peripheral State functions
2355:Drivers/STM32F4xx_HAL_Driver/Src/stm32f4xx_hal_can.c ****   *
2356:Drivers/STM32F4xx_HAL_Driver/Src/stm32f4xx_hal_can.c **** @verbatim
2357:Drivers/STM32F4xx_HAL_Driver/Src/stm32f4xx_hal_can.c ****   ==============================================================================
2358:Drivers/STM32F4xx_HAL_Driver/Src/stm32f4xx_hal_can.c ****             ##### Peripheral State and Error functions #####
2359:Drivers/STM32F4xx_HAL_Driver/Src/stm32f4xx_hal_can.c ****   ==============================================================================
2360:Drivers/STM32F4xx_HAL_Driver/Src/stm32f4xx_hal_can.c ****     [..]
2361:Drivers/STM32F4xx_HAL_Driver/Src/stm32f4xx_hal_can.c ****     This subsection provides functions allowing to :
2362:Drivers/STM32F4xx_HAL_Driver/Src/stm32f4xx_hal_can.c ****       (+) HAL_CAN_GetState()  : Return the CAN state.
2363:Drivers/STM32F4xx_HAL_Driver/Src/stm32f4xx_hal_can.c ****       (+) HAL_CAN_GetError()  : Return the CAN error codes if any.
2364:Drivers/STM32F4xx_HAL_Driver/Src/stm32f4xx_hal_can.c ****       (+) HAL_CAN_ResetError(): Reset the CAN error codes if any.
2365:Drivers/STM32F4xx_HAL_Driver/Src/stm32f4xx_hal_can.c **** 
2366:Drivers/STM32F4xx_HAL_Driver/Src/stm32f4xx_hal_can.c **** @endverbatim
2367:Drivers/STM32F4xx_HAL_Driver/Src/stm32f4xx_hal_can.c ****   * @{
ARM GAS  /tmp/ccXdCPPU.s 			page 109


2368:Drivers/STM32F4xx_HAL_Driver/Src/stm32f4xx_hal_can.c ****   */
2369:Drivers/STM32F4xx_HAL_Driver/Src/stm32f4xx_hal_can.c **** 
2370:Drivers/STM32F4xx_HAL_Driver/Src/stm32f4xx_hal_can.c **** /**
2371:Drivers/STM32F4xx_HAL_Driver/Src/stm32f4xx_hal_can.c ****   * @brief  Return the CAN state.
2372:Drivers/STM32F4xx_HAL_Driver/Src/stm32f4xx_hal_can.c ****   * @param  hcan pointer to a CAN_HandleTypeDef structure that contains
2373:Drivers/STM32F4xx_HAL_Driver/Src/stm32f4xx_hal_can.c ****   *         the configuration information for the specified CAN.
2374:Drivers/STM32F4xx_HAL_Driver/Src/stm32f4xx_hal_can.c ****   * @retval HAL state
2375:Drivers/STM32F4xx_HAL_Driver/Src/stm32f4xx_hal_can.c ****   */
2376:Drivers/STM32F4xx_HAL_Driver/Src/stm32f4xx_hal_can.c **** HAL_CAN_StateTypeDef HAL_CAN_GetState(const CAN_HandleTypeDef *hcan)
2377:Drivers/STM32F4xx_HAL_Driver/Src/stm32f4xx_hal_can.c **** {
 2931              		.loc 1 2377 1 is_stmt 1 view -0
 2932              		.cfi_startproc
 2933              		@ args = 0, pretend = 0, frame = 0
 2934              		@ frame_needed = 0, uses_anonymous_args = 0
 2935              		@ link register save eliminated.
 2936              		.loc 1 2377 1 is_stmt 0 view .LVU920
 2937 0000 0246     		mov	r2, r0
2378:Drivers/STM32F4xx_HAL_Driver/Src/stm32f4xx_hal_can.c ****   HAL_CAN_StateTypeDef state = hcan->State;
 2938              		.loc 1 2378 3 is_stmt 1 view .LVU921
 2939              		.loc 1 2378 24 is_stmt 0 view .LVU922
 2940 0002 90F82030 		ldrb	r3, [r0, #32]	@ zero_extendqisi2
 2941 0006 D8B2     		uxtb	r0, r3
 2942              	.LVL221:
2379:Drivers/STM32F4xx_HAL_Driver/Src/stm32f4xx_hal_can.c **** 
2380:Drivers/STM32F4xx_HAL_Driver/Src/stm32f4xx_hal_can.c ****   if ((state == HAL_CAN_STATE_READY) ||
 2943              		.loc 1 2380 3 is_stmt 1 view .LVU923
 2944              		.loc 1 2380 38 is_stmt 0 view .LVU924
 2945 0008 013B     		subs	r3, r3, #1
 2946 000a DBB2     		uxtb	r3, r3
 2947              		.loc 1 2380 6 view .LVU925
 2948 000c 012B     		cmp	r3, #1
 2949 000e 00D9     		bls	.L221
 2950              	.LVL222:
 2951              	.L218:
2381:Drivers/STM32F4xx_HAL_Driver/Src/stm32f4xx_hal_can.c ****       (state == HAL_CAN_STATE_LISTENING))
2382:Drivers/STM32F4xx_HAL_Driver/Src/stm32f4xx_hal_can.c ****   {
2383:Drivers/STM32F4xx_HAL_Driver/Src/stm32f4xx_hal_can.c ****     /* Check sleep mode acknowledge flag */
2384:Drivers/STM32F4xx_HAL_Driver/Src/stm32f4xx_hal_can.c ****     if ((hcan->Instance->MSR & CAN_MSR_SLAK) != 0U)
2385:Drivers/STM32F4xx_HAL_Driver/Src/stm32f4xx_hal_can.c ****     {
2386:Drivers/STM32F4xx_HAL_Driver/Src/stm32f4xx_hal_can.c ****       /* Sleep mode is active */
2387:Drivers/STM32F4xx_HAL_Driver/Src/stm32f4xx_hal_can.c ****       state = HAL_CAN_STATE_SLEEP_ACTIVE;
2388:Drivers/STM32F4xx_HAL_Driver/Src/stm32f4xx_hal_can.c ****     }
2389:Drivers/STM32F4xx_HAL_Driver/Src/stm32f4xx_hal_can.c ****     /* Check sleep mode request flag */
2390:Drivers/STM32F4xx_HAL_Driver/Src/stm32f4xx_hal_can.c ****     else if ((hcan->Instance->MCR & CAN_MCR_SLEEP) != 0U)
2391:Drivers/STM32F4xx_HAL_Driver/Src/stm32f4xx_hal_can.c ****     {
2392:Drivers/STM32F4xx_HAL_Driver/Src/stm32f4xx_hal_can.c ****       /* Sleep mode request is pending */
2393:Drivers/STM32F4xx_HAL_Driver/Src/stm32f4xx_hal_can.c ****       state = HAL_CAN_STATE_SLEEP_PENDING;
2394:Drivers/STM32F4xx_HAL_Driver/Src/stm32f4xx_hal_can.c ****     }
2395:Drivers/STM32F4xx_HAL_Driver/Src/stm32f4xx_hal_can.c ****     else
2396:Drivers/STM32F4xx_HAL_Driver/Src/stm32f4xx_hal_can.c ****     {
2397:Drivers/STM32F4xx_HAL_Driver/Src/stm32f4xx_hal_can.c ****       /* Neither sleep mode request nor sleep mode acknowledge */
2398:Drivers/STM32F4xx_HAL_Driver/Src/stm32f4xx_hal_can.c ****     }
 2952              		.loc 1 2398 5 is_stmt 1 view .LVU926
2399:Drivers/STM32F4xx_HAL_Driver/Src/stm32f4xx_hal_can.c ****   }
2400:Drivers/STM32F4xx_HAL_Driver/Src/stm32f4xx_hal_can.c **** 
2401:Drivers/STM32F4xx_HAL_Driver/Src/stm32f4xx_hal_can.c ****   /* Return CAN state */
2402:Drivers/STM32F4xx_HAL_Driver/Src/stm32f4xx_hal_can.c ****   return state;
ARM GAS  /tmp/ccXdCPPU.s 			page 110


 2953              		.loc 1 2402 3 view .LVU927
2403:Drivers/STM32F4xx_HAL_Driver/Src/stm32f4xx_hal_can.c **** }
 2954              		.loc 1 2403 1 is_stmt 0 view .LVU928
 2955 0010 7047     		bx	lr
 2956              	.LVL223:
 2957              	.L221:
2384:Drivers/STM32F4xx_HAL_Driver/Src/stm32f4xx_hal_can.c ****     {
 2958              		.loc 1 2384 5 is_stmt 1 view .LVU929
2384:Drivers/STM32F4xx_HAL_Driver/Src/stm32f4xx_hal_can.c ****     {
 2959              		.loc 1 2384 14 is_stmt 0 view .LVU930
 2960 0012 1368     		ldr	r3, [r2]
2384:Drivers/STM32F4xx_HAL_Driver/Src/stm32f4xx_hal_can.c ****     {
 2961              		.loc 1 2384 24 view .LVU931
 2962 0014 5A68     		ldr	r2, [r3, #4]
 2963              	.LVL224:
2384:Drivers/STM32F4xx_HAL_Driver/Src/stm32f4xx_hal_can.c ****     {
 2964              		.loc 1 2384 8 view .LVU932
 2965 0016 12F0020F 		tst	r2, #2
 2966 001a 05D1     		bne	.L219
2390:Drivers/STM32F4xx_HAL_Driver/Src/stm32f4xx_hal_can.c ****     {
 2967              		.loc 1 2390 10 is_stmt 1 view .LVU933
2390:Drivers/STM32F4xx_HAL_Driver/Src/stm32f4xx_hal_can.c ****     {
 2968              		.loc 1 2390 29 is_stmt 0 view .LVU934
 2969 001c 1B68     		ldr	r3, [r3]
2390:Drivers/STM32F4xx_HAL_Driver/Src/stm32f4xx_hal_can.c ****     {
 2970              		.loc 1 2390 13 view .LVU935
 2971 001e 13F0020F 		tst	r3, #2
 2972 0022 F5D0     		beq	.L218
2393:Drivers/STM32F4xx_HAL_Driver/Src/stm32f4xx_hal_can.c ****     }
 2973              		.loc 1 2393 13 view .LVU936
 2974 0024 0320     		movs	r0, #3
 2975              	.LVL225:
2393:Drivers/STM32F4xx_HAL_Driver/Src/stm32f4xx_hal_can.c ****     }
 2976              		.loc 1 2393 13 view .LVU937
 2977 0026 F3E7     		b	.L218
 2978              	.LVL226:
 2979              	.L219:
2387:Drivers/STM32F4xx_HAL_Driver/Src/stm32f4xx_hal_can.c ****     }
 2980              		.loc 1 2387 13 view .LVU938
 2981 0028 0420     		movs	r0, #4
 2982              	.LVL227:
2387:Drivers/STM32F4xx_HAL_Driver/Src/stm32f4xx_hal_can.c ****     }
 2983              		.loc 1 2387 13 view .LVU939
 2984 002a 7047     		bx	lr
 2985              		.cfi_endproc
 2986              	.LFE167:
 2988              		.section	.text.HAL_CAN_GetError,"ax",%progbits
 2989              		.align	1
 2990              		.global	HAL_CAN_GetError
 2991              		.syntax unified
 2992              		.thumb
 2993              		.thumb_func
 2994              		.fpu fpv4-sp-d16
 2996              	HAL_CAN_GetError:
 2997              	.LVL228:
 2998              	.LFB168:
2404:Drivers/STM32F4xx_HAL_Driver/Src/stm32f4xx_hal_can.c **** 
ARM GAS  /tmp/ccXdCPPU.s 			page 111


2405:Drivers/STM32F4xx_HAL_Driver/Src/stm32f4xx_hal_can.c **** /**
2406:Drivers/STM32F4xx_HAL_Driver/Src/stm32f4xx_hal_can.c ****   * @brief  Return the CAN error code.
2407:Drivers/STM32F4xx_HAL_Driver/Src/stm32f4xx_hal_can.c ****   * @param  hcan pointer to a CAN_HandleTypeDef structure that contains
2408:Drivers/STM32F4xx_HAL_Driver/Src/stm32f4xx_hal_can.c ****   *         the configuration information for the specified CAN.
2409:Drivers/STM32F4xx_HAL_Driver/Src/stm32f4xx_hal_can.c ****   * @retval CAN Error Code
2410:Drivers/STM32F4xx_HAL_Driver/Src/stm32f4xx_hal_can.c ****   */
2411:Drivers/STM32F4xx_HAL_Driver/Src/stm32f4xx_hal_can.c **** uint32_t HAL_CAN_GetError(const CAN_HandleTypeDef *hcan)
2412:Drivers/STM32F4xx_HAL_Driver/Src/stm32f4xx_hal_can.c **** {
 2999              		.loc 1 2412 1 is_stmt 1 view -0
 3000              		.cfi_startproc
 3001              		@ args = 0, pretend = 0, frame = 0
 3002              		@ frame_needed = 0, uses_anonymous_args = 0
 3003              		@ link register save eliminated.
2413:Drivers/STM32F4xx_HAL_Driver/Src/stm32f4xx_hal_can.c ****   /* Return CAN error code */
2414:Drivers/STM32F4xx_HAL_Driver/Src/stm32f4xx_hal_can.c ****   return hcan->ErrorCode;
 3004              		.loc 1 2414 3 view .LVU941
 3005              		.loc 1 2414 14 is_stmt 0 view .LVU942
 3006 0000 406A     		ldr	r0, [r0, #36]
 3007              	.LVL229:
2415:Drivers/STM32F4xx_HAL_Driver/Src/stm32f4xx_hal_can.c **** }
 3008              		.loc 1 2415 1 view .LVU943
 3009 0002 7047     		bx	lr
 3010              		.cfi_endproc
 3011              	.LFE168:
 3013              		.section	.text.HAL_CAN_ResetError,"ax",%progbits
 3014              		.align	1
 3015              		.global	HAL_CAN_ResetError
 3016              		.syntax unified
 3017              		.thumb
 3018              		.thumb_func
 3019              		.fpu fpv4-sp-d16
 3021              	HAL_CAN_ResetError:
 3022              	.LVL230:
 3023              	.LFB169:
2416:Drivers/STM32F4xx_HAL_Driver/Src/stm32f4xx_hal_can.c **** 
2417:Drivers/STM32F4xx_HAL_Driver/Src/stm32f4xx_hal_can.c **** /**
2418:Drivers/STM32F4xx_HAL_Driver/Src/stm32f4xx_hal_can.c ****   * @brief  Reset the CAN error code.
2419:Drivers/STM32F4xx_HAL_Driver/Src/stm32f4xx_hal_can.c ****   * @param  hcan pointer to a CAN_HandleTypeDef structure that contains
2420:Drivers/STM32F4xx_HAL_Driver/Src/stm32f4xx_hal_can.c ****   *         the configuration information for the specified CAN.
2421:Drivers/STM32F4xx_HAL_Driver/Src/stm32f4xx_hal_can.c ****   * @retval HAL status
2422:Drivers/STM32F4xx_HAL_Driver/Src/stm32f4xx_hal_can.c ****   */
2423:Drivers/STM32F4xx_HAL_Driver/Src/stm32f4xx_hal_can.c **** HAL_StatusTypeDef HAL_CAN_ResetError(CAN_HandleTypeDef *hcan)
2424:Drivers/STM32F4xx_HAL_Driver/Src/stm32f4xx_hal_can.c **** {
 3024              		.loc 1 2424 1 is_stmt 1 view -0
 3025              		.cfi_startproc
 3026              		@ args = 0, pretend = 0, frame = 0
 3027              		@ frame_needed = 0, uses_anonymous_args = 0
 3028              		@ link register save eliminated.
2425:Drivers/STM32F4xx_HAL_Driver/Src/stm32f4xx_hal_can.c ****   HAL_StatusTypeDef status = HAL_OK;
 3029              		.loc 1 2425 3 view .LVU945
2426:Drivers/STM32F4xx_HAL_Driver/Src/stm32f4xx_hal_can.c ****   HAL_CAN_StateTypeDef state = hcan->State;
 3030              		.loc 1 2426 3 view .LVU946
 3031              		.loc 1 2426 24 is_stmt 0 view .LVU947
 3032 0000 90F82030 		ldrb	r3, [r0, #32]	@ zero_extendqisi2
 3033              	.LVL231:
2427:Drivers/STM32F4xx_HAL_Driver/Src/stm32f4xx_hal_can.c **** 
2428:Drivers/STM32F4xx_HAL_Driver/Src/stm32f4xx_hal_can.c ****   if ((state == HAL_CAN_STATE_READY) ||
ARM GAS  /tmp/ccXdCPPU.s 			page 112


 3034              		.loc 1 2428 3 is_stmt 1 view .LVU948
 3035              		.loc 1 2428 38 is_stmt 0 view .LVU949
 3036 0004 013B     		subs	r3, r3, #1
 3037              	.LVL232:
 3038              		.loc 1 2428 38 view .LVU950
 3039 0006 DBB2     		uxtb	r3, r3
 3040              		.loc 1 2428 6 view .LVU951
 3041 0008 012B     		cmp	r3, #1
 3042 000a 05D9     		bls	.L226
2429:Drivers/STM32F4xx_HAL_Driver/Src/stm32f4xx_hal_can.c ****       (state == HAL_CAN_STATE_LISTENING))
2430:Drivers/STM32F4xx_HAL_Driver/Src/stm32f4xx_hal_can.c ****   {
2431:Drivers/STM32F4xx_HAL_Driver/Src/stm32f4xx_hal_can.c ****     /* Reset CAN error code */
2432:Drivers/STM32F4xx_HAL_Driver/Src/stm32f4xx_hal_can.c ****     hcan->ErrorCode = 0U;
2433:Drivers/STM32F4xx_HAL_Driver/Src/stm32f4xx_hal_can.c ****   }
2434:Drivers/STM32F4xx_HAL_Driver/Src/stm32f4xx_hal_can.c ****   else
2435:Drivers/STM32F4xx_HAL_Driver/Src/stm32f4xx_hal_can.c ****   {
2436:Drivers/STM32F4xx_HAL_Driver/Src/stm32f4xx_hal_can.c ****     /* Update error code */
2437:Drivers/STM32F4xx_HAL_Driver/Src/stm32f4xx_hal_can.c ****     hcan->ErrorCode |= HAL_CAN_ERROR_NOT_INITIALIZED;
 3043              		.loc 1 2437 5 is_stmt 1 view .LVU952
 3044              		.loc 1 2437 21 is_stmt 0 view .LVU953
 3045 000c 436A     		ldr	r3, [r0, #36]
 3046 000e 43F48023 		orr	r3, r3, #262144
 3047 0012 4362     		str	r3, [r0, #36]
2438:Drivers/STM32F4xx_HAL_Driver/Src/stm32f4xx_hal_can.c **** 
2439:Drivers/STM32F4xx_HAL_Driver/Src/stm32f4xx_hal_can.c ****     status = HAL_ERROR;
 3048              		.loc 1 2439 5 is_stmt 1 view .LVU954
 3049              	.LVL233:
 3050              		.loc 1 2439 12 is_stmt 0 view .LVU955
 3051 0014 0120     		movs	r0, #1
 3052              	.LVL234:
2440:Drivers/STM32F4xx_HAL_Driver/Src/stm32f4xx_hal_can.c ****   }
2441:Drivers/STM32F4xx_HAL_Driver/Src/stm32f4xx_hal_can.c **** 
2442:Drivers/STM32F4xx_HAL_Driver/Src/stm32f4xx_hal_can.c ****   /* Return the status */
2443:Drivers/STM32F4xx_HAL_Driver/Src/stm32f4xx_hal_can.c ****   return status;
 3053              		.loc 1 2443 3 is_stmt 1 view .LVU956
2444:Drivers/STM32F4xx_HAL_Driver/Src/stm32f4xx_hal_can.c **** }
 3054              		.loc 1 2444 1 is_stmt 0 view .LVU957
 3055 0016 7047     		bx	lr
 3056              	.LVL235:
 3057              	.L226:
2432:Drivers/STM32F4xx_HAL_Driver/Src/stm32f4xx_hal_can.c ****   }
 3058              		.loc 1 2432 5 is_stmt 1 view .LVU958
2432:Drivers/STM32F4xx_HAL_Driver/Src/stm32f4xx_hal_can.c ****   }
 3059              		.loc 1 2432 21 is_stmt 0 view .LVU959
 3060 0018 0023     		movs	r3, #0
 3061 001a 4362     		str	r3, [r0, #36]
2425:Drivers/STM32F4xx_HAL_Driver/Src/stm32f4xx_hal_can.c ****   HAL_CAN_StateTypeDef state = hcan->State;
 3062              		.loc 1 2425 21 view .LVU960
 3063 001c 1846     		mov	r0, r3
 3064              	.LVL236:
2425:Drivers/STM32F4xx_HAL_Driver/Src/stm32f4xx_hal_can.c ****   HAL_CAN_StateTypeDef state = hcan->State;
 3065              		.loc 1 2425 21 view .LVU961
 3066 001e 7047     		bx	lr
 3067              		.cfi_endproc
 3068              	.LFE169:
 3070              		.text
 3071              	.Letext0:
ARM GAS  /tmp/ccXdCPPU.s 			page 113


 3072              		.file 3 "/opt/gcc-arm-none-eabi-9-2020-q2-update/arm-none-eabi/include/machine/_default_types.h"
 3073              		.file 4 "/opt/gcc-arm-none-eabi-9-2020-q2-update/arm-none-eabi/include/sys/_stdint.h"
 3074              		.file 5 "Drivers/CMSIS/Include/core_cm4.h"
 3075              		.file 6 "Drivers/CMSIS/Device/ST/STM32F4xx/Include/system_stm32f4xx.h"
 3076              		.file 7 "Drivers/CMSIS/Device/ST/STM32F4xx/Include/stm32f407xx.h"
 3077              		.file 8 "Drivers/CMSIS/Device/ST/STM32F4xx/Include/stm32f4xx.h"
 3078              		.file 9 "Drivers/STM32F4xx_HAL_Driver/Inc/stm32f4xx_hal_def.h"
 3079              		.file 10 "Drivers/STM32F4xx_HAL_Driver/Inc/stm32f4xx_hal_can.h"
 3080              		.file 11 "Drivers/STM32F4xx_HAL_Driver/Inc/stm32f4xx_hal.h"
ARM GAS  /tmp/ccXdCPPU.s 			page 114


DEFINED SYMBOLS
                            *ABS*:0000000000000000 stm32f4xx_hal_can.c
     /tmp/ccXdCPPU.s:18     .text.HAL_CAN_MspInit:0000000000000000 $t
     /tmp/ccXdCPPU.s:26     .text.HAL_CAN_MspInit:0000000000000000 HAL_CAN_MspInit
     /tmp/ccXdCPPU.s:42     .text.HAL_CAN_Init:0000000000000000 $t
     /tmp/ccXdCPPU.s:49     .text.HAL_CAN_Init:0000000000000000 HAL_CAN_Init
     /tmp/ccXdCPPU.s:339    .text.HAL_CAN_MspDeInit:0000000000000000 $t
     /tmp/ccXdCPPU.s:346    .text.HAL_CAN_MspDeInit:0000000000000000 HAL_CAN_MspDeInit
     /tmp/ccXdCPPU.s:361    .text.HAL_CAN_ConfigFilter:0000000000000000 $t
     /tmp/ccXdCPPU.s:368    .text.HAL_CAN_ConfigFilter:0000000000000000 HAL_CAN_ConfigFilter
     /tmp/ccXdCPPU.s:607    .text.HAL_CAN_ConfigFilter:000000000000012c $d
     /tmp/ccXdCPPU.s:612    .text.HAL_CAN_Start:0000000000000000 $t
     /tmp/ccXdCPPU.s:619    .text.HAL_CAN_Start:0000000000000000 HAL_CAN_Start
     /tmp/ccXdCPPU.s:717    .text.HAL_CAN_Stop:0000000000000000 $t
     /tmp/ccXdCPPU.s:724    .text.HAL_CAN_Stop:0000000000000000 HAL_CAN_Stop
     /tmp/ccXdCPPU.s:823    .text.HAL_CAN_DeInit:0000000000000000 $t
     /tmp/ccXdCPPU.s:830    .text.HAL_CAN_DeInit:0000000000000000 HAL_CAN_DeInit
     /tmp/ccXdCPPU.s:886    .text.HAL_CAN_RequestSleep:0000000000000000 $t
     /tmp/ccXdCPPU.s:893    .text.HAL_CAN_RequestSleep:0000000000000000 HAL_CAN_RequestSleep
     /tmp/ccXdCPPU.s:942    .text.HAL_CAN_WakeUp:0000000000000000 $t
     /tmp/ccXdCPPU.s:949    .text.HAL_CAN_WakeUp:0000000000000000 HAL_CAN_WakeUp
     /tmp/ccXdCPPU.s:1044   .text.HAL_CAN_WakeUp:0000000000000054 $d
     /tmp/ccXdCPPU.s:1049   .text.HAL_CAN_IsSleepActive:0000000000000000 $t
     /tmp/ccXdCPPU.s:1056   .text.HAL_CAN_IsSleepActive:0000000000000000 HAL_CAN_IsSleepActive
     /tmp/ccXdCPPU.s:1106   .text.HAL_CAN_AddTxMessage:0000000000000000 $t
     /tmp/ccXdCPPU.s:1113   .text.HAL_CAN_AddTxMessage:0000000000000000 HAL_CAN_AddTxMessage
     /tmp/ccXdCPPU.s:1318   .text.HAL_CAN_AbortTxRequest:0000000000000000 $t
     /tmp/ccXdCPPU.s:1325   .text.HAL_CAN_AbortTxRequest:0000000000000000 HAL_CAN_AbortTxRequest
     /tmp/ccXdCPPU.s:1400   .text.HAL_CAN_GetTxMailboxesFreeLevel:0000000000000000 $t
     /tmp/ccXdCPPU.s:1407   .text.HAL_CAN_GetTxMailboxesFreeLevel:0000000000000000 HAL_CAN_GetTxMailboxesFreeLevel
     /tmp/ccXdCPPU.s:1478   .text.HAL_CAN_IsTxMessagePending:0000000000000000 $t
     /tmp/ccXdCPPU.s:1485   .text.HAL_CAN_IsTxMessagePending:0000000000000000 HAL_CAN_IsTxMessagePending
     /tmp/ccXdCPPU.s:1542   .text.HAL_CAN_GetTxTimestamp:0000000000000000 $t
     /tmp/ccXdCPPU.s:1549   .text.HAL_CAN_GetTxTimestamp:0000000000000000 HAL_CAN_GetTxTimestamp
     /tmp/ccXdCPPU.s:1647   .text.HAL_CAN_GetRxMessage:0000000000000000 $t
     /tmp/ccXdCPPU.s:1654   .text.HAL_CAN_GetRxMessage:0000000000000000 HAL_CAN_GetRxMessage
     /tmp/ccXdCPPU.s:1960   .text.HAL_CAN_GetRxFifoFillLevel:0000000000000000 $t
     /tmp/ccXdCPPU.s:1967   .text.HAL_CAN_GetRxFifoFillLevel:0000000000000000 HAL_CAN_GetRxFifoFillLevel
     /tmp/ccXdCPPU.s:2029   .text.HAL_CAN_ActivateNotification:0000000000000000 $t
     /tmp/ccXdCPPU.s:2036   .text.HAL_CAN_ActivateNotification:0000000000000000 HAL_CAN_ActivateNotification
     /tmp/ccXdCPPU.s:2088   .text.HAL_CAN_DeactivateNotification:0000000000000000 $t
     /tmp/ccXdCPPU.s:2095   .text.HAL_CAN_DeactivateNotification:0000000000000000 HAL_CAN_DeactivateNotification
     /tmp/ccXdCPPU.s:2147   .text.HAL_CAN_TxMailbox0CompleteCallback:0000000000000000 $t
     /tmp/ccXdCPPU.s:2154   .text.HAL_CAN_TxMailbox0CompleteCallback:0000000000000000 HAL_CAN_TxMailbox0CompleteCallback
     /tmp/ccXdCPPU.s:2169   .text.HAL_CAN_TxMailbox1CompleteCallback:0000000000000000 $t
     /tmp/ccXdCPPU.s:2176   .text.HAL_CAN_TxMailbox1CompleteCallback:0000000000000000 HAL_CAN_TxMailbox1CompleteCallback
     /tmp/ccXdCPPU.s:2191   .text.HAL_CAN_TxMailbox2CompleteCallback:0000000000000000 $t
     /tmp/ccXdCPPU.s:2198   .text.HAL_CAN_TxMailbox2CompleteCallback:0000000000000000 HAL_CAN_TxMailbox2CompleteCallback
     /tmp/ccXdCPPU.s:2213   .text.HAL_CAN_TxMailbox0AbortCallback:0000000000000000 $t
     /tmp/ccXdCPPU.s:2220   .text.HAL_CAN_TxMailbox0AbortCallback:0000000000000000 HAL_CAN_TxMailbox0AbortCallback
     /tmp/ccXdCPPU.s:2235   .text.HAL_CAN_TxMailbox1AbortCallback:0000000000000000 $t
     /tmp/ccXdCPPU.s:2242   .text.HAL_CAN_TxMailbox1AbortCallback:0000000000000000 HAL_CAN_TxMailbox1AbortCallback
     /tmp/ccXdCPPU.s:2257   .text.HAL_CAN_TxMailbox2AbortCallback:0000000000000000 $t
     /tmp/ccXdCPPU.s:2264   .text.HAL_CAN_TxMailbox2AbortCallback:0000000000000000 HAL_CAN_TxMailbox2AbortCallback
     /tmp/ccXdCPPU.s:2279   .text.HAL_CAN_RxFifo0MsgPendingCallback:0000000000000000 $t
     /tmp/ccXdCPPU.s:2286   .text.HAL_CAN_RxFifo0MsgPendingCallback:0000000000000000 HAL_CAN_RxFifo0MsgPendingCallback
     /tmp/ccXdCPPU.s:2301   .text.HAL_CAN_RxFifo0FullCallback:0000000000000000 $t
ARM GAS  /tmp/ccXdCPPU.s 			page 115


     /tmp/ccXdCPPU.s:2308   .text.HAL_CAN_RxFifo0FullCallback:0000000000000000 HAL_CAN_RxFifo0FullCallback
     /tmp/ccXdCPPU.s:2323   .text.HAL_CAN_RxFifo1MsgPendingCallback:0000000000000000 $t
     /tmp/ccXdCPPU.s:2330   .text.HAL_CAN_RxFifo1MsgPendingCallback:0000000000000000 HAL_CAN_RxFifo1MsgPendingCallback
     /tmp/ccXdCPPU.s:2345   .text.HAL_CAN_RxFifo1FullCallback:0000000000000000 $t
     /tmp/ccXdCPPU.s:2352   .text.HAL_CAN_RxFifo1FullCallback:0000000000000000 HAL_CAN_RxFifo1FullCallback
     /tmp/ccXdCPPU.s:2367   .text.HAL_CAN_SleepCallback:0000000000000000 $t
     /tmp/ccXdCPPU.s:2374   .text.HAL_CAN_SleepCallback:0000000000000000 HAL_CAN_SleepCallback
     /tmp/ccXdCPPU.s:2389   .text.HAL_CAN_WakeUpFromRxMsgCallback:0000000000000000 $t
     /tmp/ccXdCPPU.s:2396   .text.HAL_CAN_WakeUpFromRxMsgCallback:0000000000000000 HAL_CAN_WakeUpFromRxMsgCallback
     /tmp/ccXdCPPU.s:2411   .text.HAL_CAN_ErrorCallback:0000000000000000 $t
     /tmp/ccXdCPPU.s:2418   .text.HAL_CAN_ErrorCallback:0000000000000000 HAL_CAN_ErrorCallback
     /tmp/ccXdCPPU.s:2433   .text.HAL_CAN_IRQHandler:0000000000000000 $t
     /tmp/ccXdCPPU.s:2440   .text.HAL_CAN_IRQHandler:0000000000000000 HAL_CAN_IRQHandler
     /tmp/ccXdCPPU.s:2921   .text.HAL_CAN_GetState:0000000000000000 $t
     /tmp/ccXdCPPU.s:2928   .text.HAL_CAN_GetState:0000000000000000 HAL_CAN_GetState
     /tmp/ccXdCPPU.s:2989   .text.HAL_CAN_GetError:0000000000000000 $t
     /tmp/ccXdCPPU.s:2996   .text.HAL_CAN_GetError:0000000000000000 HAL_CAN_GetError
     /tmp/ccXdCPPU.s:3014   .text.HAL_CAN_ResetError:0000000000000000 $t
     /tmp/ccXdCPPU.s:3021   .text.HAL_CAN_ResetError:0000000000000000 HAL_CAN_ResetError

UNDEFINED SYMBOLS
HAL_GetTick
