ARM GAS  /tmp/cczycJk4.s 			page 1


   1              		.cpu cortex-m4
   2              		.eabi_attribute 27, 1
   3              		.eabi_attribute 28, 1
   4              		.eabi_attribute 20, 1
   5              		.eabi_attribute 21, 1
   6              		.eabi_attribute 23, 3
   7              		.eabi_attribute 24, 1
   8              		.eabi_attribute 25, 1
   9              		.eabi_attribute 26, 1
  10              		.eabi_attribute 30, 1
  11              		.eabi_attribute 34, 1
  12              		.eabi_attribute 18, 4
  13              		.file	"stm32f4xx_hal_tim_ex.c"
  14              		.text
  15              	.Ltext0:
  16              		.cfi_sections	.debug_frame
  17              		.section	.text.TIM_CCxNChannelCmd,"ax",%progbits
  18              		.align	1
  19              		.syntax unified
  20              		.thumb
  21              		.thumb_func
  22              		.fpu fpv4-sp-d16
  24              	TIM_CCxNChannelCmd:
  25              	.LFB171:
  26              		.file 1 "Drivers/STM32F4xx_HAL_Driver/Src/stm32f4xx_hal_tim_ex.c"
   1:Drivers/STM32F4xx_HAL_Driver/Src/stm32f4xx_hal_tim_ex.c **** /**
   2:Drivers/STM32F4xx_HAL_Driver/Src/stm32f4xx_hal_tim_ex.c ****   ******************************************************************************
   3:Drivers/STM32F4xx_HAL_Driver/Src/stm32f4xx_hal_tim_ex.c ****   * @file    stm32f4xx_hal_tim_ex.c
   4:Drivers/STM32F4xx_HAL_Driver/Src/stm32f4xx_hal_tim_ex.c ****   * @author  MCD Application Team
   5:Drivers/STM32F4xx_HAL_Driver/Src/stm32f4xx_hal_tim_ex.c ****   * @brief   TIM HAL module driver.
   6:Drivers/STM32F4xx_HAL_Driver/Src/stm32f4xx_hal_tim_ex.c ****   *          This file provides firmware functions to manage the following
   7:Drivers/STM32F4xx_HAL_Driver/Src/stm32f4xx_hal_tim_ex.c ****   *          functionalities of the Timer Extended peripheral:
   8:Drivers/STM32F4xx_HAL_Driver/Src/stm32f4xx_hal_tim_ex.c ****   *           + Time Hall Sensor Interface Initialization
   9:Drivers/STM32F4xx_HAL_Driver/Src/stm32f4xx_hal_tim_ex.c ****   *           + Time Hall Sensor Interface Start
  10:Drivers/STM32F4xx_HAL_Driver/Src/stm32f4xx_hal_tim_ex.c ****   *           + Time Complementary signal break and dead time configuration
  11:Drivers/STM32F4xx_HAL_Driver/Src/stm32f4xx_hal_tim_ex.c ****   *           + Time Master and Slave synchronization configuration
  12:Drivers/STM32F4xx_HAL_Driver/Src/stm32f4xx_hal_tim_ex.c ****   *           + Timer remapping capabilities configuration
  13:Drivers/STM32F4xx_HAL_Driver/Src/stm32f4xx_hal_tim_ex.c ****   ******************************************************************************
  14:Drivers/STM32F4xx_HAL_Driver/Src/stm32f4xx_hal_tim_ex.c ****   * @attention
  15:Drivers/STM32F4xx_HAL_Driver/Src/stm32f4xx_hal_tim_ex.c ****   *
  16:Drivers/STM32F4xx_HAL_Driver/Src/stm32f4xx_hal_tim_ex.c ****   * Copyright (c) 2016 STMicroelectronics.
  17:Drivers/STM32F4xx_HAL_Driver/Src/stm32f4xx_hal_tim_ex.c ****   * All rights reserved.
  18:Drivers/STM32F4xx_HAL_Driver/Src/stm32f4xx_hal_tim_ex.c ****   *
  19:Drivers/STM32F4xx_HAL_Driver/Src/stm32f4xx_hal_tim_ex.c ****   * This software is licensed under terms that can be found in the LICENSE file
  20:Drivers/STM32F4xx_HAL_Driver/Src/stm32f4xx_hal_tim_ex.c ****   * in the root directory of this software component.
  21:Drivers/STM32F4xx_HAL_Driver/Src/stm32f4xx_hal_tim_ex.c ****   * If no LICENSE file comes with this software, it is provided AS-IS.
  22:Drivers/STM32F4xx_HAL_Driver/Src/stm32f4xx_hal_tim_ex.c ****   *
  23:Drivers/STM32F4xx_HAL_Driver/Src/stm32f4xx_hal_tim_ex.c ****   ******************************************************************************
  24:Drivers/STM32F4xx_HAL_Driver/Src/stm32f4xx_hal_tim_ex.c ****   @verbatim
  25:Drivers/STM32F4xx_HAL_Driver/Src/stm32f4xx_hal_tim_ex.c ****   ==============================================================================
  26:Drivers/STM32F4xx_HAL_Driver/Src/stm32f4xx_hal_tim_ex.c ****                       ##### TIMER Extended features #####
  27:Drivers/STM32F4xx_HAL_Driver/Src/stm32f4xx_hal_tim_ex.c ****   ==============================================================================
  28:Drivers/STM32F4xx_HAL_Driver/Src/stm32f4xx_hal_tim_ex.c ****   [..]
  29:Drivers/STM32F4xx_HAL_Driver/Src/stm32f4xx_hal_tim_ex.c ****     The Timer Extended features include:
  30:Drivers/STM32F4xx_HAL_Driver/Src/stm32f4xx_hal_tim_ex.c ****     (#) Complementary outputs with programmable dead-time for :
  31:Drivers/STM32F4xx_HAL_Driver/Src/stm32f4xx_hal_tim_ex.c ****         (++) Output Compare
  32:Drivers/STM32F4xx_HAL_Driver/Src/stm32f4xx_hal_tim_ex.c ****         (++) PWM generation (Edge and Center-aligned Mode)
ARM GAS  /tmp/cczycJk4.s 			page 2


  33:Drivers/STM32F4xx_HAL_Driver/Src/stm32f4xx_hal_tim_ex.c ****         (++) One-pulse mode output
  34:Drivers/STM32F4xx_HAL_Driver/Src/stm32f4xx_hal_tim_ex.c ****     (#) Synchronization circuit to control the timer with external signals and to
  35:Drivers/STM32F4xx_HAL_Driver/Src/stm32f4xx_hal_tim_ex.c ****         interconnect several timers together.
  36:Drivers/STM32F4xx_HAL_Driver/Src/stm32f4xx_hal_tim_ex.c ****     (#) Break input to put the timer output signals in reset state or in a known state.
  37:Drivers/STM32F4xx_HAL_Driver/Src/stm32f4xx_hal_tim_ex.c ****     (#) Supports incremental (quadrature) encoder and hall-sensor circuitry for
  38:Drivers/STM32F4xx_HAL_Driver/Src/stm32f4xx_hal_tim_ex.c ****         positioning purposes
  39:Drivers/STM32F4xx_HAL_Driver/Src/stm32f4xx_hal_tim_ex.c **** 
  40:Drivers/STM32F4xx_HAL_Driver/Src/stm32f4xx_hal_tim_ex.c ****             ##### How to use this driver #####
  41:Drivers/STM32F4xx_HAL_Driver/Src/stm32f4xx_hal_tim_ex.c ****   ==============================================================================
  42:Drivers/STM32F4xx_HAL_Driver/Src/stm32f4xx_hal_tim_ex.c ****     [..]
  43:Drivers/STM32F4xx_HAL_Driver/Src/stm32f4xx_hal_tim_ex.c ****      (#) Initialize the TIM low level resources by implementing the following functions
  44:Drivers/STM32F4xx_HAL_Driver/Src/stm32f4xx_hal_tim_ex.c ****          depending on the selected feature:
  45:Drivers/STM32F4xx_HAL_Driver/Src/stm32f4xx_hal_tim_ex.c ****            (++) Hall Sensor output : HAL_TIMEx_HallSensor_MspInit()
  46:Drivers/STM32F4xx_HAL_Driver/Src/stm32f4xx_hal_tim_ex.c **** 
  47:Drivers/STM32F4xx_HAL_Driver/Src/stm32f4xx_hal_tim_ex.c ****      (#) Initialize the TIM low level resources :
  48:Drivers/STM32F4xx_HAL_Driver/Src/stm32f4xx_hal_tim_ex.c ****         (##) Enable the TIM interface clock using __HAL_RCC_TIMx_CLK_ENABLE();
  49:Drivers/STM32F4xx_HAL_Driver/Src/stm32f4xx_hal_tim_ex.c ****         (##) TIM pins configuration
  50:Drivers/STM32F4xx_HAL_Driver/Src/stm32f4xx_hal_tim_ex.c ****             (+++) Enable the clock for the TIM GPIOs using the following function:
  51:Drivers/STM32F4xx_HAL_Driver/Src/stm32f4xx_hal_tim_ex.c ****               __HAL_RCC_GPIOx_CLK_ENABLE();
  52:Drivers/STM32F4xx_HAL_Driver/Src/stm32f4xx_hal_tim_ex.c ****             (+++) Configure these TIM pins in Alternate function mode using HAL_GPIO_Init();
  53:Drivers/STM32F4xx_HAL_Driver/Src/stm32f4xx_hal_tim_ex.c **** 
  54:Drivers/STM32F4xx_HAL_Driver/Src/stm32f4xx_hal_tim_ex.c ****      (#) The external Clock can be configured, if needed (the default clock is the
  55:Drivers/STM32F4xx_HAL_Driver/Src/stm32f4xx_hal_tim_ex.c ****          internal clock from the APBx), using the following function:
  56:Drivers/STM32F4xx_HAL_Driver/Src/stm32f4xx_hal_tim_ex.c ****          HAL_TIM_ConfigClockSource, the clock configuration should be done before
  57:Drivers/STM32F4xx_HAL_Driver/Src/stm32f4xx_hal_tim_ex.c ****          any start function.
  58:Drivers/STM32F4xx_HAL_Driver/Src/stm32f4xx_hal_tim_ex.c **** 
  59:Drivers/STM32F4xx_HAL_Driver/Src/stm32f4xx_hal_tim_ex.c ****      (#) Configure the TIM in the desired functioning mode using one of the
  60:Drivers/STM32F4xx_HAL_Driver/Src/stm32f4xx_hal_tim_ex.c ****          initialization function of this driver:
  61:Drivers/STM32F4xx_HAL_Driver/Src/stm32f4xx_hal_tim_ex.c ****           (++) HAL_TIMEx_HallSensor_Init() and HAL_TIMEx_ConfigCommutEvent(): to use the
  62:Drivers/STM32F4xx_HAL_Driver/Src/stm32f4xx_hal_tim_ex.c ****                Timer Hall Sensor Interface and the commutation event with the corresponding
  63:Drivers/STM32F4xx_HAL_Driver/Src/stm32f4xx_hal_tim_ex.c ****                Interrupt and DMA request if needed (Note that One Timer is used to interface
  64:Drivers/STM32F4xx_HAL_Driver/Src/stm32f4xx_hal_tim_ex.c ****                with the Hall sensor Interface and another Timer should be used to use
  65:Drivers/STM32F4xx_HAL_Driver/Src/stm32f4xx_hal_tim_ex.c ****                the commutation event).
  66:Drivers/STM32F4xx_HAL_Driver/Src/stm32f4xx_hal_tim_ex.c **** 
  67:Drivers/STM32F4xx_HAL_Driver/Src/stm32f4xx_hal_tim_ex.c ****      (#) Activate the TIM peripheral using one of the start functions:
  68:Drivers/STM32F4xx_HAL_Driver/Src/stm32f4xx_hal_tim_ex.c ****            (++) Complementary Output Compare : HAL_TIMEx_OCN_Start(), HAL_TIMEx_OCN_Start_DMA(),
  69:Drivers/STM32F4xx_HAL_Driver/Src/stm32f4xx_hal_tim_ex.c ****                 HAL_TIMEx_OCN_Start_IT()
  70:Drivers/STM32F4xx_HAL_Driver/Src/stm32f4xx_hal_tim_ex.c ****            (++) Complementary PWM generation : HAL_TIMEx_PWMN_Start(), HAL_TIMEx_PWMN_Start_DMA(),
  71:Drivers/STM32F4xx_HAL_Driver/Src/stm32f4xx_hal_tim_ex.c ****                 HAL_TIMEx_PWMN_Start_IT()
  72:Drivers/STM32F4xx_HAL_Driver/Src/stm32f4xx_hal_tim_ex.c ****            (++) Complementary One-pulse mode output : HAL_TIMEx_OnePulseN_Start(), HAL_TIMEx_OnePul
  73:Drivers/STM32F4xx_HAL_Driver/Src/stm32f4xx_hal_tim_ex.c ****            (++) Hall Sensor output : HAL_TIMEx_HallSensor_Start(), HAL_TIMEx_HallSensor_Start_DMA()
  74:Drivers/STM32F4xx_HAL_Driver/Src/stm32f4xx_hal_tim_ex.c ****                 HAL_TIMEx_HallSensor_Start_IT().
  75:Drivers/STM32F4xx_HAL_Driver/Src/stm32f4xx_hal_tim_ex.c **** 
  76:Drivers/STM32F4xx_HAL_Driver/Src/stm32f4xx_hal_tim_ex.c ****   @endverbatim
  77:Drivers/STM32F4xx_HAL_Driver/Src/stm32f4xx_hal_tim_ex.c ****   ******************************************************************************
  78:Drivers/STM32F4xx_HAL_Driver/Src/stm32f4xx_hal_tim_ex.c ****   */
  79:Drivers/STM32F4xx_HAL_Driver/Src/stm32f4xx_hal_tim_ex.c **** 
  80:Drivers/STM32F4xx_HAL_Driver/Src/stm32f4xx_hal_tim_ex.c **** /* Includes ------------------------------------------------------------------*/
  81:Drivers/STM32F4xx_HAL_Driver/Src/stm32f4xx_hal_tim_ex.c **** #include "stm32f4xx_hal.h"
  82:Drivers/STM32F4xx_HAL_Driver/Src/stm32f4xx_hal_tim_ex.c **** 
  83:Drivers/STM32F4xx_HAL_Driver/Src/stm32f4xx_hal_tim_ex.c **** /** @addtogroup STM32F4xx_HAL_Driver
  84:Drivers/STM32F4xx_HAL_Driver/Src/stm32f4xx_hal_tim_ex.c ****   * @{
  85:Drivers/STM32F4xx_HAL_Driver/Src/stm32f4xx_hal_tim_ex.c ****   */
  86:Drivers/STM32F4xx_HAL_Driver/Src/stm32f4xx_hal_tim_ex.c **** 
  87:Drivers/STM32F4xx_HAL_Driver/Src/stm32f4xx_hal_tim_ex.c **** /** @defgroup TIMEx TIMEx
  88:Drivers/STM32F4xx_HAL_Driver/Src/stm32f4xx_hal_tim_ex.c ****   * @brief TIM Extended HAL module driver
  89:Drivers/STM32F4xx_HAL_Driver/Src/stm32f4xx_hal_tim_ex.c ****   * @{
ARM GAS  /tmp/cczycJk4.s 			page 3


  90:Drivers/STM32F4xx_HAL_Driver/Src/stm32f4xx_hal_tim_ex.c ****   */
  91:Drivers/STM32F4xx_HAL_Driver/Src/stm32f4xx_hal_tim_ex.c **** 
  92:Drivers/STM32F4xx_HAL_Driver/Src/stm32f4xx_hal_tim_ex.c **** #ifdef HAL_TIM_MODULE_ENABLED
  93:Drivers/STM32F4xx_HAL_Driver/Src/stm32f4xx_hal_tim_ex.c **** 
  94:Drivers/STM32F4xx_HAL_Driver/Src/stm32f4xx_hal_tim_ex.c **** /* Private typedef -----------------------------------------------------------*/
  95:Drivers/STM32F4xx_HAL_Driver/Src/stm32f4xx_hal_tim_ex.c **** /* Private define ------------------------------------------------------------*/
  96:Drivers/STM32F4xx_HAL_Driver/Src/stm32f4xx_hal_tim_ex.c **** /* Private macros ------------------------------------------------------------*/
  97:Drivers/STM32F4xx_HAL_Driver/Src/stm32f4xx_hal_tim_ex.c **** /* Private variables ---------------------------------------------------------*/
  98:Drivers/STM32F4xx_HAL_Driver/Src/stm32f4xx_hal_tim_ex.c **** /* Private function prototypes -----------------------------------------------*/
  99:Drivers/STM32F4xx_HAL_Driver/Src/stm32f4xx_hal_tim_ex.c **** static void TIM_DMADelayPulseNCplt(DMA_HandleTypeDef *hdma);
 100:Drivers/STM32F4xx_HAL_Driver/Src/stm32f4xx_hal_tim_ex.c **** static void TIM_DMAErrorCCxN(DMA_HandleTypeDef *hdma);
 101:Drivers/STM32F4xx_HAL_Driver/Src/stm32f4xx_hal_tim_ex.c **** static void TIM_CCxNChannelCmd(TIM_TypeDef *TIMx, uint32_t Channel, uint32_t ChannelNState);
 102:Drivers/STM32F4xx_HAL_Driver/Src/stm32f4xx_hal_tim_ex.c **** 
 103:Drivers/STM32F4xx_HAL_Driver/Src/stm32f4xx_hal_tim_ex.c **** /* Exported functions --------------------------------------------------------*/
 104:Drivers/STM32F4xx_HAL_Driver/Src/stm32f4xx_hal_tim_ex.c **** /** @defgroup TIMEx_Exported_Functions TIM Extended Exported Functions
 105:Drivers/STM32F4xx_HAL_Driver/Src/stm32f4xx_hal_tim_ex.c ****   * @{
 106:Drivers/STM32F4xx_HAL_Driver/Src/stm32f4xx_hal_tim_ex.c ****   */
 107:Drivers/STM32F4xx_HAL_Driver/Src/stm32f4xx_hal_tim_ex.c **** 
 108:Drivers/STM32F4xx_HAL_Driver/Src/stm32f4xx_hal_tim_ex.c **** /** @defgroup TIMEx_Exported_Functions_Group1 Extended Timer Hall Sensor functions
 109:Drivers/STM32F4xx_HAL_Driver/Src/stm32f4xx_hal_tim_ex.c ****   * @brief    Timer Hall Sensor functions
 110:Drivers/STM32F4xx_HAL_Driver/Src/stm32f4xx_hal_tim_ex.c ****   *
 111:Drivers/STM32F4xx_HAL_Driver/Src/stm32f4xx_hal_tim_ex.c **** @verbatim
 112:Drivers/STM32F4xx_HAL_Driver/Src/stm32f4xx_hal_tim_ex.c ****   ==============================================================================
 113:Drivers/STM32F4xx_HAL_Driver/Src/stm32f4xx_hal_tim_ex.c ****                       ##### Timer Hall Sensor functions #####
 114:Drivers/STM32F4xx_HAL_Driver/Src/stm32f4xx_hal_tim_ex.c ****   ==============================================================================
 115:Drivers/STM32F4xx_HAL_Driver/Src/stm32f4xx_hal_tim_ex.c ****   [..]
 116:Drivers/STM32F4xx_HAL_Driver/Src/stm32f4xx_hal_tim_ex.c ****     This section provides functions allowing to:
 117:Drivers/STM32F4xx_HAL_Driver/Src/stm32f4xx_hal_tim_ex.c ****     (+) Initialize and configure TIM HAL Sensor.
 118:Drivers/STM32F4xx_HAL_Driver/Src/stm32f4xx_hal_tim_ex.c ****     (+) De-initialize TIM HAL Sensor.
 119:Drivers/STM32F4xx_HAL_Driver/Src/stm32f4xx_hal_tim_ex.c ****     (+) Start the Hall Sensor Interface.
 120:Drivers/STM32F4xx_HAL_Driver/Src/stm32f4xx_hal_tim_ex.c ****     (+) Stop the Hall Sensor Interface.
 121:Drivers/STM32F4xx_HAL_Driver/Src/stm32f4xx_hal_tim_ex.c ****     (+) Start the Hall Sensor Interface and enable interrupts.
 122:Drivers/STM32F4xx_HAL_Driver/Src/stm32f4xx_hal_tim_ex.c ****     (+) Stop the Hall Sensor Interface and disable interrupts.
 123:Drivers/STM32F4xx_HAL_Driver/Src/stm32f4xx_hal_tim_ex.c ****     (+) Start the Hall Sensor Interface and enable DMA transfers.
 124:Drivers/STM32F4xx_HAL_Driver/Src/stm32f4xx_hal_tim_ex.c ****     (+) Stop the Hall Sensor Interface and disable DMA transfers.
 125:Drivers/STM32F4xx_HAL_Driver/Src/stm32f4xx_hal_tim_ex.c **** 
 126:Drivers/STM32F4xx_HAL_Driver/Src/stm32f4xx_hal_tim_ex.c **** @endverbatim
 127:Drivers/STM32F4xx_HAL_Driver/Src/stm32f4xx_hal_tim_ex.c ****   * @{
 128:Drivers/STM32F4xx_HAL_Driver/Src/stm32f4xx_hal_tim_ex.c ****   */
 129:Drivers/STM32F4xx_HAL_Driver/Src/stm32f4xx_hal_tim_ex.c **** /**
 130:Drivers/STM32F4xx_HAL_Driver/Src/stm32f4xx_hal_tim_ex.c ****   * @brief  Initializes the TIM Hall Sensor Interface and initialize the associated handle.
 131:Drivers/STM32F4xx_HAL_Driver/Src/stm32f4xx_hal_tim_ex.c ****   * @note   When the timer instance is initialized in Hall Sensor Interface mode,
 132:Drivers/STM32F4xx_HAL_Driver/Src/stm32f4xx_hal_tim_ex.c ****   *         timer channels 1 and channel 2 are reserved and cannot be used for
 133:Drivers/STM32F4xx_HAL_Driver/Src/stm32f4xx_hal_tim_ex.c ****   *         other purpose.
 134:Drivers/STM32F4xx_HAL_Driver/Src/stm32f4xx_hal_tim_ex.c ****   * @param  htim TIM Hall Sensor Interface handle
 135:Drivers/STM32F4xx_HAL_Driver/Src/stm32f4xx_hal_tim_ex.c ****   * @param  sConfig TIM Hall Sensor configuration structure
 136:Drivers/STM32F4xx_HAL_Driver/Src/stm32f4xx_hal_tim_ex.c ****   * @retval HAL status
 137:Drivers/STM32F4xx_HAL_Driver/Src/stm32f4xx_hal_tim_ex.c ****   */
 138:Drivers/STM32F4xx_HAL_Driver/Src/stm32f4xx_hal_tim_ex.c **** HAL_StatusTypeDef HAL_TIMEx_HallSensor_Init(TIM_HandleTypeDef *htim, TIM_HallSensor_InitTypeDef *sC
 139:Drivers/STM32F4xx_HAL_Driver/Src/stm32f4xx_hal_tim_ex.c **** {
 140:Drivers/STM32F4xx_HAL_Driver/Src/stm32f4xx_hal_tim_ex.c ****   TIM_OC_InitTypeDef OC_Config;
 141:Drivers/STM32F4xx_HAL_Driver/Src/stm32f4xx_hal_tim_ex.c **** 
 142:Drivers/STM32F4xx_HAL_Driver/Src/stm32f4xx_hal_tim_ex.c ****   /* Check the TIM handle allocation */
 143:Drivers/STM32F4xx_HAL_Driver/Src/stm32f4xx_hal_tim_ex.c ****   if (htim == NULL)
 144:Drivers/STM32F4xx_HAL_Driver/Src/stm32f4xx_hal_tim_ex.c ****   {
 145:Drivers/STM32F4xx_HAL_Driver/Src/stm32f4xx_hal_tim_ex.c ****     return HAL_ERROR;
 146:Drivers/STM32F4xx_HAL_Driver/Src/stm32f4xx_hal_tim_ex.c ****   }
ARM GAS  /tmp/cczycJk4.s 			page 4


 147:Drivers/STM32F4xx_HAL_Driver/Src/stm32f4xx_hal_tim_ex.c **** 
 148:Drivers/STM32F4xx_HAL_Driver/Src/stm32f4xx_hal_tim_ex.c ****   /* Check the parameters */
 149:Drivers/STM32F4xx_HAL_Driver/Src/stm32f4xx_hal_tim_ex.c ****   assert_param(IS_TIM_HALL_SENSOR_INTERFACE_INSTANCE(htim->Instance));
 150:Drivers/STM32F4xx_HAL_Driver/Src/stm32f4xx_hal_tim_ex.c ****   assert_param(IS_TIM_COUNTER_MODE(htim->Init.CounterMode));
 151:Drivers/STM32F4xx_HAL_Driver/Src/stm32f4xx_hal_tim_ex.c ****   assert_param(IS_TIM_CLOCKDIVISION_DIV(htim->Init.ClockDivision));
 152:Drivers/STM32F4xx_HAL_Driver/Src/stm32f4xx_hal_tim_ex.c ****   assert_param(IS_TIM_AUTORELOAD_PRELOAD(htim->Init.AutoReloadPreload));
 153:Drivers/STM32F4xx_HAL_Driver/Src/stm32f4xx_hal_tim_ex.c ****   assert_param(IS_TIM_IC_POLARITY(sConfig->IC1Polarity));
 154:Drivers/STM32F4xx_HAL_Driver/Src/stm32f4xx_hal_tim_ex.c ****   assert_param(IS_TIM_IC_PRESCALER(sConfig->IC1Prescaler));
 155:Drivers/STM32F4xx_HAL_Driver/Src/stm32f4xx_hal_tim_ex.c ****   assert_param(IS_TIM_IC_FILTER(sConfig->IC1Filter));
 156:Drivers/STM32F4xx_HAL_Driver/Src/stm32f4xx_hal_tim_ex.c **** 
 157:Drivers/STM32F4xx_HAL_Driver/Src/stm32f4xx_hal_tim_ex.c ****   if (htim->State == HAL_TIM_STATE_RESET)
 158:Drivers/STM32F4xx_HAL_Driver/Src/stm32f4xx_hal_tim_ex.c ****   {
 159:Drivers/STM32F4xx_HAL_Driver/Src/stm32f4xx_hal_tim_ex.c ****     /* Allocate lock resource and initialize it */
 160:Drivers/STM32F4xx_HAL_Driver/Src/stm32f4xx_hal_tim_ex.c ****     htim->Lock = HAL_UNLOCKED;
 161:Drivers/STM32F4xx_HAL_Driver/Src/stm32f4xx_hal_tim_ex.c **** 
 162:Drivers/STM32F4xx_HAL_Driver/Src/stm32f4xx_hal_tim_ex.c **** #if (USE_HAL_TIM_REGISTER_CALLBACKS == 1)
 163:Drivers/STM32F4xx_HAL_Driver/Src/stm32f4xx_hal_tim_ex.c ****     /* Reset interrupt callbacks to legacy week callbacks */
 164:Drivers/STM32F4xx_HAL_Driver/Src/stm32f4xx_hal_tim_ex.c ****     TIM_ResetCallback(htim);
 165:Drivers/STM32F4xx_HAL_Driver/Src/stm32f4xx_hal_tim_ex.c **** 
 166:Drivers/STM32F4xx_HAL_Driver/Src/stm32f4xx_hal_tim_ex.c ****     if (htim->HallSensor_MspInitCallback == NULL)
 167:Drivers/STM32F4xx_HAL_Driver/Src/stm32f4xx_hal_tim_ex.c ****     {
 168:Drivers/STM32F4xx_HAL_Driver/Src/stm32f4xx_hal_tim_ex.c ****       htim->HallSensor_MspInitCallback = HAL_TIMEx_HallSensor_MspInit;
 169:Drivers/STM32F4xx_HAL_Driver/Src/stm32f4xx_hal_tim_ex.c ****     }
 170:Drivers/STM32F4xx_HAL_Driver/Src/stm32f4xx_hal_tim_ex.c ****     /* Init the low level hardware : GPIO, CLOCK, NVIC */
 171:Drivers/STM32F4xx_HAL_Driver/Src/stm32f4xx_hal_tim_ex.c ****     htim->HallSensor_MspInitCallback(htim);
 172:Drivers/STM32F4xx_HAL_Driver/Src/stm32f4xx_hal_tim_ex.c **** #else
 173:Drivers/STM32F4xx_HAL_Driver/Src/stm32f4xx_hal_tim_ex.c ****     /* Init the low level hardware : GPIO, CLOCK, NVIC and DMA */
 174:Drivers/STM32F4xx_HAL_Driver/Src/stm32f4xx_hal_tim_ex.c ****     HAL_TIMEx_HallSensor_MspInit(htim);
 175:Drivers/STM32F4xx_HAL_Driver/Src/stm32f4xx_hal_tim_ex.c **** #endif /* USE_HAL_TIM_REGISTER_CALLBACKS */
 176:Drivers/STM32F4xx_HAL_Driver/Src/stm32f4xx_hal_tim_ex.c ****   }
 177:Drivers/STM32F4xx_HAL_Driver/Src/stm32f4xx_hal_tim_ex.c **** 
 178:Drivers/STM32F4xx_HAL_Driver/Src/stm32f4xx_hal_tim_ex.c ****   /* Set the TIM state */
 179:Drivers/STM32F4xx_HAL_Driver/Src/stm32f4xx_hal_tim_ex.c ****   htim->State = HAL_TIM_STATE_BUSY;
 180:Drivers/STM32F4xx_HAL_Driver/Src/stm32f4xx_hal_tim_ex.c **** 
 181:Drivers/STM32F4xx_HAL_Driver/Src/stm32f4xx_hal_tim_ex.c ****   /* Configure the Time base in the Encoder Mode */
 182:Drivers/STM32F4xx_HAL_Driver/Src/stm32f4xx_hal_tim_ex.c ****   TIM_Base_SetConfig(htim->Instance, &htim->Init);
 183:Drivers/STM32F4xx_HAL_Driver/Src/stm32f4xx_hal_tim_ex.c **** 
 184:Drivers/STM32F4xx_HAL_Driver/Src/stm32f4xx_hal_tim_ex.c ****   /* Configure the Channel 1 as Input Channel to interface with the three Outputs of the  Hall sens
 185:Drivers/STM32F4xx_HAL_Driver/Src/stm32f4xx_hal_tim_ex.c ****   TIM_TI1_SetConfig(htim->Instance, sConfig->IC1Polarity, TIM_ICSELECTION_TRC, sConfig->IC1Filter);
 186:Drivers/STM32F4xx_HAL_Driver/Src/stm32f4xx_hal_tim_ex.c **** 
 187:Drivers/STM32F4xx_HAL_Driver/Src/stm32f4xx_hal_tim_ex.c ****   /* Reset the IC1PSC Bits */
 188:Drivers/STM32F4xx_HAL_Driver/Src/stm32f4xx_hal_tim_ex.c ****   htim->Instance->CCMR1 &= ~TIM_CCMR1_IC1PSC;
 189:Drivers/STM32F4xx_HAL_Driver/Src/stm32f4xx_hal_tim_ex.c ****   /* Set the IC1PSC value */
 190:Drivers/STM32F4xx_HAL_Driver/Src/stm32f4xx_hal_tim_ex.c ****   htim->Instance->CCMR1 |= sConfig->IC1Prescaler;
 191:Drivers/STM32F4xx_HAL_Driver/Src/stm32f4xx_hal_tim_ex.c **** 
 192:Drivers/STM32F4xx_HAL_Driver/Src/stm32f4xx_hal_tim_ex.c ****   /* Enable the Hall sensor interface (XOR function of the three inputs) */
 193:Drivers/STM32F4xx_HAL_Driver/Src/stm32f4xx_hal_tim_ex.c ****   htim->Instance->CR2 |= TIM_CR2_TI1S;
 194:Drivers/STM32F4xx_HAL_Driver/Src/stm32f4xx_hal_tim_ex.c **** 
 195:Drivers/STM32F4xx_HAL_Driver/Src/stm32f4xx_hal_tim_ex.c ****   /* Select the TIM_TS_TI1F_ED signal as Input trigger for the TIM */
 196:Drivers/STM32F4xx_HAL_Driver/Src/stm32f4xx_hal_tim_ex.c ****   htim->Instance->SMCR &= ~TIM_SMCR_TS;
 197:Drivers/STM32F4xx_HAL_Driver/Src/stm32f4xx_hal_tim_ex.c ****   htim->Instance->SMCR |= TIM_TS_TI1F_ED;
 198:Drivers/STM32F4xx_HAL_Driver/Src/stm32f4xx_hal_tim_ex.c **** 
 199:Drivers/STM32F4xx_HAL_Driver/Src/stm32f4xx_hal_tim_ex.c ****   /* Use the TIM_TS_TI1F_ED signal to reset the TIM counter each edge detection */
 200:Drivers/STM32F4xx_HAL_Driver/Src/stm32f4xx_hal_tim_ex.c ****   htim->Instance->SMCR &= ~TIM_SMCR_SMS;
 201:Drivers/STM32F4xx_HAL_Driver/Src/stm32f4xx_hal_tim_ex.c ****   htim->Instance->SMCR |= TIM_SLAVEMODE_RESET;
 202:Drivers/STM32F4xx_HAL_Driver/Src/stm32f4xx_hal_tim_ex.c **** 
 203:Drivers/STM32F4xx_HAL_Driver/Src/stm32f4xx_hal_tim_ex.c ****   /* Program channel 2 in PWM 2 mode with the desired Commutation_Delay*/
ARM GAS  /tmp/cczycJk4.s 			page 5


 204:Drivers/STM32F4xx_HAL_Driver/Src/stm32f4xx_hal_tim_ex.c ****   OC_Config.OCFastMode = TIM_OCFAST_DISABLE;
 205:Drivers/STM32F4xx_HAL_Driver/Src/stm32f4xx_hal_tim_ex.c ****   OC_Config.OCIdleState = TIM_OCIDLESTATE_RESET;
 206:Drivers/STM32F4xx_HAL_Driver/Src/stm32f4xx_hal_tim_ex.c ****   OC_Config.OCMode = TIM_OCMODE_PWM2;
 207:Drivers/STM32F4xx_HAL_Driver/Src/stm32f4xx_hal_tim_ex.c ****   OC_Config.OCNIdleState = TIM_OCNIDLESTATE_RESET;
 208:Drivers/STM32F4xx_HAL_Driver/Src/stm32f4xx_hal_tim_ex.c ****   OC_Config.OCNPolarity = TIM_OCNPOLARITY_HIGH;
 209:Drivers/STM32F4xx_HAL_Driver/Src/stm32f4xx_hal_tim_ex.c ****   OC_Config.OCPolarity = TIM_OCPOLARITY_HIGH;
 210:Drivers/STM32F4xx_HAL_Driver/Src/stm32f4xx_hal_tim_ex.c ****   OC_Config.Pulse = sConfig->Commutation_Delay;
 211:Drivers/STM32F4xx_HAL_Driver/Src/stm32f4xx_hal_tim_ex.c **** 
 212:Drivers/STM32F4xx_HAL_Driver/Src/stm32f4xx_hal_tim_ex.c ****   TIM_OC2_SetConfig(htim->Instance, &OC_Config);
 213:Drivers/STM32F4xx_HAL_Driver/Src/stm32f4xx_hal_tim_ex.c **** 
 214:Drivers/STM32F4xx_HAL_Driver/Src/stm32f4xx_hal_tim_ex.c ****   /* Select OC2REF as trigger output on TRGO: write the MMS bits in the TIMx_CR2
 215:Drivers/STM32F4xx_HAL_Driver/Src/stm32f4xx_hal_tim_ex.c ****     register to 101 */
 216:Drivers/STM32F4xx_HAL_Driver/Src/stm32f4xx_hal_tim_ex.c ****   htim->Instance->CR2 &= ~TIM_CR2_MMS;
 217:Drivers/STM32F4xx_HAL_Driver/Src/stm32f4xx_hal_tim_ex.c ****   htim->Instance->CR2 |= TIM_TRGO_OC2REF;
 218:Drivers/STM32F4xx_HAL_Driver/Src/stm32f4xx_hal_tim_ex.c **** 
 219:Drivers/STM32F4xx_HAL_Driver/Src/stm32f4xx_hal_tim_ex.c ****   /* Initialize the DMA burst operation state */
 220:Drivers/STM32F4xx_HAL_Driver/Src/stm32f4xx_hal_tim_ex.c ****   htim->DMABurstState = HAL_DMA_BURST_STATE_READY;
 221:Drivers/STM32F4xx_HAL_Driver/Src/stm32f4xx_hal_tim_ex.c **** 
 222:Drivers/STM32F4xx_HAL_Driver/Src/stm32f4xx_hal_tim_ex.c ****   /* Initialize the TIM channels state */
 223:Drivers/STM32F4xx_HAL_Driver/Src/stm32f4xx_hal_tim_ex.c ****   TIM_CHANNEL_STATE_SET(htim, TIM_CHANNEL_1, HAL_TIM_CHANNEL_STATE_READY);
 224:Drivers/STM32F4xx_HAL_Driver/Src/stm32f4xx_hal_tim_ex.c ****   TIM_CHANNEL_STATE_SET(htim, TIM_CHANNEL_2, HAL_TIM_CHANNEL_STATE_READY);
 225:Drivers/STM32F4xx_HAL_Driver/Src/stm32f4xx_hal_tim_ex.c ****   TIM_CHANNEL_N_STATE_SET(htim, TIM_CHANNEL_1, HAL_TIM_CHANNEL_STATE_READY);
 226:Drivers/STM32F4xx_HAL_Driver/Src/stm32f4xx_hal_tim_ex.c ****   TIM_CHANNEL_N_STATE_SET(htim, TIM_CHANNEL_2, HAL_TIM_CHANNEL_STATE_READY);
 227:Drivers/STM32F4xx_HAL_Driver/Src/stm32f4xx_hal_tim_ex.c **** 
 228:Drivers/STM32F4xx_HAL_Driver/Src/stm32f4xx_hal_tim_ex.c ****   /* Initialize the TIM state*/
 229:Drivers/STM32F4xx_HAL_Driver/Src/stm32f4xx_hal_tim_ex.c ****   htim->State = HAL_TIM_STATE_READY;
 230:Drivers/STM32F4xx_HAL_Driver/Src/stm32f4xx_hal_tim_ex.c **** 
 231:Drivers/STM32F4xx_HAL_Driver/Src/stm32f4xx_hal_tim_ex.c ****   return HAL_OK;
 232:Drivers/STM32F4xx_HAL_Driver/Src/stm32f4xx_hal_tim_ex.c **** }
 233:Drivers/STM32F4xx_HAL_Driver/Src/stm32f4xx_hal_tim_ex.c **** 
 234:Drivers/STM32F4xx_HAL_Driver/Src/stm32f4xx_hal_tim_ex.c **** /**
 235:Drivers/STM32F4xx_HAL_Driver/Src/stm32f4xx_hal_tim_ex.c ****   * @brief  DeInitializes the TIM Hall Sensor interface
 236:Drivers/STM32F4xx_HAL_Driver/Src/stm32f4xx_hal_tim_ex.c ****   * @param  htim TIM Hall Sensor Interface handle
 237:Drivers/STM32F4xx_HAL_Driver/Src/stm32f4xx_hal_tim_ex.c ****   * @retval HAL status
 238:Drivers/STM32F4xx_HAL_Driver/Src/stm32f4xx_hal_tim_ex.c ****   */
 239:Drivers/STM32F4xx_HAL_Driver/Src/stm32f4xx_hal_tim_ex.c **** HAL_StatusTypeDef HAL_TIMEx_HallSensor_DeInit(TIM_HandleTypeDef *htim)
 240:Drivers/STM32F4xx_HAL_Driver/Src/stm32f4xx_hal_tim_ex.c **** {
 241:Drivers/STM32F4xx_HAL_Driver/Src/stm32f4xx_hal_tim_ex.c ****   /* Check the parameters */
 242:Drivers/STM32F4xx_HAL_Driver/Src/stm32f4xx_hal_tim_ex.c ****   assert_param(IS_TIM_INSTANCE(htim->Instance));
 243:Drivers/STM32F4xx_HAL_Driver/Src/stm32f4xx_hal_tim_ex.c **** 
 244:Drivers/STM32F4xx_HAL_Driver/Src/stm32f4xx_hal_tim_ex.c ****   htim->State = HAL_TIM_STATE_BUSY;
 245:Drivers/STM32F4xx_HAL_Driver/Src/stm32f4xx_hal_tim_ex.c **** 
 246:Drivers/STM32F4xx_HAL_Driver/Src/stm32f4xx_hal_tim_ex.c ****   /* Disable the TIM Peripheral Clock */
 247:Drivers/STM32F4xx_HAL_Driver/Src/stm32f4xx_hal_tim_ex.c ****   __HAL_TIM_DISABLE(htim);
 248:Drivers/STM32F4xx_HAL_Driver/Src/stm32f4xx_hal_tim_ex.c **** 
 249:Drivers/STM32F4xx_HAL_Driver/Src/stm32f4xx_hal_tim_ex.c **** #if (USE_HAL_TIM_REGISTER_CALLBACKS == 1)
 250:Drivers/STM32F4xx_HAL_Driver/Src/stm32f4xx_hal_tim_ex.c ****   if (htim->HallSensor_MspDeInitCallback == NULL)
 251:Drivers/STM32F4xx_HAL_Driver/Src/stm32f4xx_hal_tim_ex.c ****   {
 252:Drivers/STM32F4xx_HAL_Driver/Src/stm32f4xx_hal_tim_ex.c ****     htim->HallSensor_MspDeInitCallback = HAL_TIMEx_HallSensor_MspDeInit;
 253:Drivers/STM32F4xx_HAL_Driver/Src/stm32f4xx_hal_tim_ex.c ****   }
 254:Drivers/STM32F4xx_HAL_Driver/Src/stm32f4xx_hal_tim_ex.c ****   /* DeInit the low level hardware */
 255:Drivers/STM32F4xx_HAL_Driver/Src/stm32f4xx_hal_tim_ex.c ****   htim->HallSensor_MspDeInitCallback(htim);
 256:Drivers/STM32F4xx_HAL_Driver/Src/stm32f4xx_hal_tim_ex.c **** #else
 257:Drivers/STM32F4xx_HAL_Driver/Src/stm32f4xx_hal_tim_ex.c ****   /* DeInit the low level hardware: GPIO, CLOCK, NVIC */
 258:Drivers/STM32F4xx_HAL_Driver/Src/stm32f4xx_hal_tim_ex.c ****   HAL_TIMEx_HallSensor_MspDeInit(htim);
 259:Drivers/STM32F4xx_HAL_Driver/Src/stm32f4xx_hal_tim_ex.c **** #endif /* USE_HAL_TIM_REGISTER_CALLBACKS */
 260:Drivers/STM32F4xx_HAL_Driver/Src/stm32f4xx_hal_tim_ex.c **** 
ARM GAS  /tmp/cczycJk4.s 			page 6


 261:Drivers/STM32F4xx_HAL_Driver/Src/stm32f4xx_hal_tim_ex.c ****   /* Change the DMA burst operation state */
 262:Drivers/STM32F4xx_HAL_Driver/Src/stm32f4xx_hal_tim_ex.c ****   htim->DMABurstState = HAL_DMA_BURST_STATE_RESET;
 263:Drivers/STM32F4xx_HAL_Driver/Src/stm32f4xx_hal_tim_ex.c **** 
 264:Drivers/STM32F4xx_HAL_Driver/Src/stm32f4xx_hal_tim_ex.c ****   /* Change the TIM channels state */
 265:Drivers/STM32F4xx_HAL_Driver/Src/stm32f4xx_hal_tim_ex.c ****   TIM_CHANNEL_STATE_SET(htim, TIM_CHANNEL_1, HAL_TIM_CHANNEL_STATE_RESET);
 266:Drivers/STM32F4xx_HAL_Driver/Src/stm32f4xx_hal_tim_ex.c ****   TIM_CHANNEL_STATE_SET(htim, TIM_CHANNEL_2, HAL_TIM_CHANNEL_STATE_RESET);
 267:Drivers/STM32F4xx_HAL_Driver/Src/stm32f4xx_hal_tim_ex.c ****   TIM_CHANNEL_N_STATE_SET(htim, TIM_CHANNEL_1, HAL_TIM_CHANNEL_STATE_RESET);
 268:Drivers/STM32F4xx_HAL_Driver/Src/stm32f4xx_hal_tim_ex.c ****   TIM_CHANNEL_N_STATE_SET(htim, TIM_CHANNEL_2, HAL_TIM_CHANNEL_STATE_RESET);
 269:Drivers/STM32F4xx_HAL_Driver/Src/stm32f4xx_hal_tim_ex.c **** 
 270:Drivers/STM32F4xx_HAL_Driver/Src/stm32f4xx_hal_tim_ex.c ****   /* Change TIM state */
 271:Drivers/STM32F4xx_HAL_Driver/Src/stm32f4xx_hal_tim_ex.c ****   htim->State = HAL_TIM_STATE_RESET;
 272:Drivers/STM32F4xx_HAL_Driver/Src/stm32f4xx_hal_tim_ex.c **** 
 273:Drivers/STM32F4xx_HAL_Driver/Src/stm32f4xx_hal_tim_ex.c ****   /* Release Lock */
 274:Drivers/STM32F4xx_HAL_Driver/Src/stm32f4xx_hal_tim_ex.c ****   __HAL_UNLOCK(htim);
 275:Drivers/STM32F4xx_HAL_Driver/Src/stm32f4xx_hal_tim_ex.c **** 
 276:Drivers/STM32F4xx_HAL_Driver/Src/stm32f4xx_hal_tim_ex.c ****   return HAL_OK;
 277:Drivers/STM32F4xx_HAL_Driver/Src/stm32f4xx_hal_tim_ex.c **** }
 278:Drivers/STM32F4xx_HAL_Driver/Src/stm32f4xx_hal_tim_ex.c **** 
 279:Drivers/STM32F4xx_HAL_Driver/Src/stm32f4xx_hal_tim_ex.c **** /**
 280:Drivers/STM32F4xx_HAL_Driver/Src/stm32f4xx_hal_tim_ex.c ****   * @brief  Initializes the TIM Hall Sensor MSP.
 281:Drivers/STM32F4xx_HAL_Driver/Src/stm32f4xx_hal_tim_ex.c ****   * @param  htim TIM Hall Sensor Interface handle
 282:Drivers/STM32F4xx_HAL_Driver/Src/stm32f4xx_hal_tim_ex.c ****   * @retval None
 283:Drivers/STM32F4xx_HAL_Driver/Src/stm32f4xx_hal_tim_ex.c ****   */
 284:Drivers/STM32F4xx_HAL_Driver/Src/stm32f4xx_hal_tim_ex.c **** __weak void HAL_TIMEx_HallSensor_MspInit(TIM_HandleTypeDef *htim)
 285:Drivers/STM32F4xx_HAL_Driver/Src/stm32f4xx_hal_tim_ex.c **** {
 286:Drivers/STM32F4xx_HAL_Driver/Src/stm32f4xx_hal_tim_ex.c ****   /* Prevent unused argument(s) compilation warning */
 287:Drivers/STM32F4xx_HAL_Driver/Src/stm32f4xx_hal_tim_ex.c ****   UNUSED(htim);
 288:Drivers/STM32F4xx_HAL_Driver/Src/stm32f4xx_hal_tim_ex.c **** 
 289:Drivers/STM32F4xx_HAL_Driver/Src/stm32f4xx_hal_tim_ex.c ****   /* NOTE : This function should not be modified, when the callback is needed,
 290:Drivers/STM32F4xx_HAL_Driver/Src/stm32f4xx_hal_tim_ex.c ****             the HAL_TIMEx_HallSensor_MspInit could be implemented in the user file
 291:Drivers/STM32F4xx_HAL_Driver/Src/stm32f4xx_hal_tim_ex.c ****    */
 292:Drivers/STM32F4xx_HAL_Driver/Src/stm32f4xx_hal_tim_ex.c **** }
 293:Drivers/STM32F4xx_HAL_Driver/Src/stm32f4xx_hal_tim_ex.c **** 
 294:Drivers/STM32F4xx_HAL_Driver/Src/stm32f4xx_hal_tim_ex.c **** /**
 295:Drivers/STM32F4xx_HAL_Driver/Src/stm32f4xx_hal_tim_ex.c ****   * @brief  DeInitializes TIM Hall Sensor MSP.
 296:Drivers/STM32F4xx_HAL_Driver/Src/stm32f4xx_hal_tim_ex.c ****   * @param  htim TIM Hall Sensor Interface handle
 297:Drivers/STM32F4xx_HAL_Driver/Src/stm32f4xx_hal_tim_ex.c ****   * @retval None
 298:Drivers/STM32F4xx_HAL_Driver/Src/stm32f4xx_hal_tim_ex.c ****   */
 299:Drivers/STM32F4xx_HAL_Driver/Src/stm32f4xx_hal_tim_ex.c **** __weak void HAL_TIMEx_HallSensor_MspDeInit(TIM_HandleTypeDef *htim)
 300:Drivers/STM32F4xx_HAL_Driver/Src/stm32f4xx_hal_tim_ex.c **** {
 301:Drivers/STM32F4xx_HAL_Driver/Src/stm32f4xx_hal_tim_ex.c ****   /* Prevent unused argument(s) compilation warning */
 302:Drivers/STM32F4xx_HAL_Driver/Src/stm32f4xx_hal_tim_ex.c ****   UNUSED(htim);
 303:Drivers/STM32F4xx_HAL_Driver/Src/stm32f4xx_hal_tim_ex.c **** 
 304:Drivers/STM32F4xx_HAL_Driver/Src/stm32f4xx_hal_tim_ex.c ****   /* NOTE : This function should not be modified, when the callback is needed,
 305:Drivers/STM32F4xx_HAL_Driver/Src/stm32f4xx_hal_tim_ex.c ****             the HAL_TIMEx_HallSensor_MspDeInit could be implemented in the user file
 306:Drivers/STM32F4xx_HAL_Driver/Src/stm32f4xx_hal_tim_ex.c ****    */
 307:Drivers/STM32F4xx_HAL_Driver/Src/stm32f4xx_hal_tim_ex.c **** }
 308:Drivers/STM32F4xx_HAL_Driver/Src/stm32f4xx_hal_tim_ex.c **** 
 309:Drivers/STM32F4xx_HAL_Driver/Src/stm32f4xx_hal_tim_ex.c **** /**
 310:Drivers/STM32F4xx_HAL_Driver/Src/stm32f4xx_hal_tim_ex.c ****   * @brief  Starts the TIM Hall Sensor Interface.
 311:Drivers/STM32F4xx_HAL_Driver/Src/stm32f4xx_hal_tim_ex.c ****   * @param  htim TIM Hall Sensor Interface handle
 312:Drivers/STM32F4xx_HAL_Driver/Src/stm32f4xx_hal_tim_ex.c ****   * @retval HAL status
 313:Drivers/STM32F4xx_HAL_Driver/Src/stm32f4xx_hal_tim_ex.c ****   */
 314:Drivers/STM32F4xx_HAL_Driver/Src/stm32f4xx_hal_tim_ex.c **** HAL_StatusTypeDef HAL_TIMEx_HallSensor_Start(TIM_HandleTypeDef *htim)
 315:Drivers/STM32F4xx_HAL_Driver/Src/stm32f4xx_hal_tim_ex.c **** {
 316:Drivers/STM32F4xx_HAL_Driver/Src/stm32f4xx_hal_tim_ex.c ****   uint32_t tmpsmcr;
 317:Drivers/STM32F4xx_HAL_Driver/Src/stm32f4xx_hal_tim_ex.c ****   HAL_TIM_ChannelStateTypeDef channel_1_state = TIM_CHANNEL_STATE_GET(htim, TIM_CHANNEL_1);
ARM GAS  /tmp/cczycJk4.s 			page 7


 318:Drivers/STM32F4xx_HAL_Driver/Src/stm32f4xx_hal_tim_ex.c ****   HAL_TIM_ChannelStateTypeDef channel_2_state = TIM_CHANNEL_STATE_GET(htim, TIM_CHANNEL_2);
 319:Drivers/STM32F4xx_HAL_Driver/Src/stm32f4xx_hal_tim_ex.c ****   HAL_TIM_ChannelStateTypeDef complementary_channel_1_state = TIM_CHANNEL_N_STATE_GET(htim, TIM_CHA
 320:Drivers/STM32F4xx_HAL_Driver/Src/stm32f4xx_hal_tim_ex.c ****   HAL_TIM_ChannelStateTypeDef complementary_channel_2_state = TIM_CHANNEL_N_STATE_GET(htim, TIM_CHA
 321:Drivers/STM32F4xx_HAL_Driver/Src/stm32f4xx_hal_tim_ex.c **** 
 322:Drivers/STM32F4xx_HAL_Driver/Src/stm32f4xx_hal_tim_ex.c ****   /* Check the parameters */
 323:Drivers/STM32F4xx_HAL_Driver/Src/stm32f4xx_hal_tim_ex.c ****   assert_param(IS_TIM_HALL_SENSOR_INTERFACE_INSTANCE(htim->Instance));
 324:Drivers/STM32F4xx_HAL_Driver/Src/stm32f4xx_hal_tim_ex.c **** 
 325:Drivers/STM32F4xx_HAL_Driver/Src/stm32f4xx_hal_tim_ex.c ****   /* Check the TIM channels state */
 326:Drivers/STM32F4xx_HAL_Driver/Src/stm32f4xx_hal_tim_ex.c ****   if ((channel_1_state != HAL_TIM_CHANNEL_STATE_READY)
 327:Drivers/STM32F4xx_HAL_Driver/Src/stm32f4xx_hal_tim_ex.c ****       || (channel_2_state != HAL_TIM_CHANNEL_STATE_READY)
 328:Drivers/STM32F4xx_HAL_Driver/Src/stm32f4xx_hal_tim_ex.c ****       || (complementary_channel_1_state != HAL_TIM_CHANNEL_STATE_READY)
 329:Drivers/STM32F4xx_HAL_Driver/Src/stm32f4xx_hal_tim_ex.c ****       || (complementary_channel_2_state != HAL_TIM_CHANNEL_STATE_READY))
 330:Drivers/STM32F4xx_HAL_Driver/Src/stm32f4xx_hal_tim_ex.c ****   {
 331:Drivers/STM32F4xx_HAL_Driver/Src/stm32f4xx_hal_tim_ex.c ****     return HAL_ERROR;
 332:Drivers/STM32F4xx_HAL_Driver/Src/stm32f4xx_hal_tim_ex.c ****   }
 333:Drivers/STM32F4xx_HAL_Driver/Src/stm32f4xx_hal_tim_ex.c **** 
 334:Drivers/STM32F4xx_HAL_Driver/Src/stm32f4xx_hal_tim_ex.c ****   /* Set the TIM channels state */
 335:Drivers/STM32F4xx_HAL_Driver/Src/stm32f4xx_hal_tim_ex.c ****   TIM_CHANNEL_STATE_SET(htim, TIM_CHANNEL_1, HAL_TIM_CHANNEL_STATE_BUSY);
 336:Drivers/STM32F4xx_HAL_Driver/Src/stm32f4xx_hal_tim_ex.c ****   TIM_CHANNEL_STATE_SET(htim, TIM_CHANNEL_2, HAL_TIM_CHANNEL_STATE_BUSY);
 337:Drivers/STM32F4xx_HAL_Driver/Src/stm32f4xx_hal_tim_ex.c ****   TIM_CHANNEL_N_STATE_SET(htim, TIM_CHANNEL_1, HAL_TIM_CHANNEL_STATE_BUSY);
 338:Drivers/STM32F4xx_HAL_Driver/Src/stm32f4xx_hal_tim_ex.c ****   TIM_CHANNEL_N_STATE_SET(htim, TIM_CHANNEL_2, HAL_TIM_CHANNEL_STATE_BUSY);
 339:Drivers/STM32F4xx_HAL_Driver/Src/stm32f4xx_hal_tim_ex.c **** 
 340:Drivers/STM32F4xx_HAL_Driver/Src/stm32f4xx_hal_tim_ex.c ****   /* Enable the Input Capture channel 1
 341:Drivers/STM32F4xx_HAL_Driver/Src/stm32f4xx_hal_tim_ex.c ****   (in the Hall Sensor Interface the three possible channels that can be used are TIM_CHANNEL_1,
 342:Drivers/STM32F4xx_HAL_Driver/Src/stm32f4xx_hal_tim_ex.c ****   TIM_CHANNEL_2 and TIM_CHANNEL_3) */
 343:Drivers/STM32F4xx_HAL_Driver/Src/stm32f4xx_hal_tim_ex.c ****   TIM_CCxChannelCmd(htim->Instance, TIM_CHANNEL_1, TIM_CCx_ENABLE);
 344:Drivers/STM32F4xx_HAL_Driver/Src/stm32f4xx_hal_tim_ex.c **** 
 345:Drivers/STM32F4xx_HAL_Driver/Src/stm32f4xx_hal_tim_ex.c ****   /* Enable the Peripheral, except in trigger mode where enable is automatically done with trigger 
 346:Drivers/STM32F4xx_HAL_Driver/Src/stm32f4xx_hal_tim_ex.c ****   if (IS_TIM_SLAVE_INSTANCE(htim->Instance))
 347:Drivers/STM32F4xx_HAL_Driver/Src/stm32f4xx_hal_tim_ex.c ****   {
 348:Drivers/STM32F4xx_HAL_Driver/Src/stm32f4xx_hal_tim_ex.c ****     tmpsmcr = htim->Instance->SMCR & TIM_SMCR_SMS;
 349:Drivers/STM32F4xx_HAL_Driver/Src/stm32f4xx_hal_tim_ex.c ****     if (!IS_TIM_SLAVEMODE_TRIGGER_ENABLED(tmpsmcr))
 350:Drivers/STM32F4xx_HAL_Driver/Src/stm32f4xx_hal_tim_ex.c ****     {
 351:Drivers/STM32F4xx_HAL_Driver/Src/stm32f4xx_hal_tim_ex.c ****       __HAL_TIM_ENABLE(htim);
 352:Drivers/STM32F4xx_HAL_Driver/Src/stm32f4xx_hal_tim_ex.c ****     }
 353:Drivers/STM32F4xx_HAL_Driver/Src/stm32f4xx_hal_tim_ex.c ****   }
 354:Drivers/STM32F4xx_HAL_Driver/Src/stm32f4xx_hal_tim_ex.c ****   else
 355:Drivers/STM32F4xx_HAL_Driver/Src/stm32f4xx_hal_tim_ex.c ****   {
 356:Drivers/STM32F4xx_HAL_Driver/Src/stm32f4xx_hal_tim_ex.c ****     __HAL_TIM_ENABLE(htim);
 357:Drivers/STM32F4xx_HAL_Driver/Src/stm32f4xx_hal_tim_ex.c ****   }
 358:Drivers/STM32F4xx_HAL_Driver/Src/stm32f4xx_hal_tim_ex.c **** 
 359:Drivers/STM32F4xx_HAL_Driver/Src/stm32f4xx_hal_tim_ex.c ****   /* Return function status */
 360:Drivers/STM32F4xx_HAL_Driver/Src/stm32f4xx_hal_tim_ex.c ****   return HAL_OK;
 361:Drivers/STM32F4xx_HAL_Driver/Src/stm32f4xx_hal_tim_ex.c **** }
 362:Drivers/STM32F4xx_HAL_Driver/Src/stm32f4xx_hal_tim_ex.c **** 
 363:Drivers/STM32F4xx_HAL_Driver/Src/stm32f4xx_hal_tim_ex.c **** /**
 364:Drivers/STM32F4xx_HAL_Driver/Src/stm32f4xx_hal_tim_ex.c ****   * @brief  Stops the TIM Hall sensor Interface.
 365:Drivers/STM32F4xx_HAL_Driver/Src/stm32f4xx_hal_tim_ex.c ****   * @param  htim TIM Hall Sensor Interface handle
 366:Drivers/STM32F4xx_HAL_Driver/Src/stm32f4xx_hal_tim_ex.c ****   * @retval HAL status
 367:Drivers/STM32F4xx_HAL_Driver/Src/stm32f4xx_hal_tim_ex.c ****   */
 368:Drivers/STM32F4xx_HAL_Driver/Src/stm32f4xx_hal_tim_ex.c **** HAL_StatusTypeDef HAL_TIMEx_HallSensor_Stop(TIM_HandleTypeDef *htim)
 369:Drivers/STM32F4xx_HAL_Driver/Src/stm32f4xx_hal_tim_ex.c **** {
 370:Drivers/STM32F4xx_HAL_Driver/Src/stm32f4xx_hal_tim_ex.c ****   /* Check the parameters */
 371:Drivers/STM32F4xx_HAL_Driver/Src/stm32f4xx_hal_tim_ex.c ****   assert_param(IS_TIM_HALL_SENSOR_INTERFACE_INSTANCE(htim->Instance));
 372:Drivers/STM32F4xx_HAL_Driver/Src/stm32f4xx_hal_tim_ex.c **** 
 373:Drivers/STM32F4xx_HAL_Driver/Src/stm32f4xx_hal_tim_ex.c ****   /* Disable the Input Capture channels 1, 2 and 3
 374:Drivers/STM32F4xx_HAL_Driver/Src/stm32f4xx_hal_tim_ex.c ****   (in the Hall Sensor Interface the three possible channels that can be used are TIM_CHANNEL_1,
ARM GAS  /tmp/cczycJk4.s 			page 8


 375:Drivers/STM32F4xx_HAL_Driver/Src/stm32f4xx_hal_tim_ex.c ****   TIM_CHANNEL_2 and TIM_CHANNEL_3) */
 376:Drivers/STM32F4xx_HAL_Driver/Src/stm32f4xx_hal_tim_ex.c ****   TIM_CCxChannelCmd(htim->Instance, TIM_CHANNEL_1, TIM_CCx_DISABLE);
 377:Drivers/STM32F4xx_HAL_Driver/Src/stm32f4xx_hal_tim_ex.c **** 
 378:Drivers/STM32F4xx_HAL_Driver/Src/stm32f4xx_hal_tim_ex.c ****   /* Disable the Peripheral */
 379:Drivers/STM32F4xx_HAL_Driver/Src/stm32f4xx_hal_tim_ex.c ****   __HAL_TIM_DISABLE(htim);
 380:Drivers/STM32F4xx_HAL_Driver/Src/stm32f4xx_hal_tim_ex.c **** 
 381:Drivers/STM32F4xx_HAL_Driver/Src/stm32f4xx_hal_tim_ex.c ****   /* Set the TIM channels state */
 382:Drivers/STM32F4xx_HAL_Driver/Src/stm32f4xx_hal_tim_ex.c ****   TIM_CHANNEL_STATE_SET(htim, TIM_CHANNEL_1, HAL_TIM_CHANNEL_STATE_READY);
 383:Drivers/STM32F4xx_HAL_Driver/Src/stm32f4xx_hal_tim_ex.c ****   TIM_CHANNEL_STATE_SET(htim, TIM_CHANNEL_2, HAL_TIM_CHANNEL_STATE_READY);
 384:Drivers/STM32F4xx_HAL_Driver/Src/stm32f4xx_hal_tim_ex.c ****   TIM_CHANNEL_N_STATE_SET(htim, TIM_CHANNEL_1, HAL_TIM_CHANNEL_STATE_READY);
 385:Drivers/STM32F4xx_HAL_Driver/Src/stm32f4xx_hal_tim_ex.c ****   TIM_CHANNEL_N_STATE_SET(htim, TIM_CHANNEL_2, HAL_TIM_CHANNEL_STATE_READY);
 386:Drivers/STM32F4xx_HAL_Driver/Src/stm32f4xx_hal_tim_ex.c **** 
 387:Drivers/STM32F4xx_HAL_Driver/Src/stm32f4xx_hal_tim_ex.c ****   /* Return function status */
 388:Drivers/STM32F4xx_HAL_Driver/Src/stm32f4xx_hal_tim_ex.c ****   return HAL_OK;
 389:Drivers/STM32F4xx_HAL_Driver/Src/stm32f4xx_hal_tim_ex.c **** }
 390:Drivers/STM32F4xx_HAL_Driver/Src/stm32f4xx_hal_tim_ex.c **** 
 391:Drivers/STM32F4xx_HAL_Driver/Src/stm32f4xx_hal_tim_ex.c **** /**
 392:Drivers/STM32F4xx_HAL_Driver/Src/stm32f4xx_hal_tim_ex.c ****   * @brief  Starts the TIM Hall Sensor Interface in interrupt mode.
 393:Drivers/STM32F4xx_HAL_Driver/Src/stm32f4xx_hal_tim_ex.c ****   * @param  htim TIM Hall Sensor Interface handle
 394:Drivers/STM32F4xx_HAL_Driver/Src/stm32f4xx_hal_tim_ex.c ****   * @retval HAL status
 395:Drivers/STM32F4xx_HAL_Driver/Src/stm32f4xx_hal_tim_ex.c ****   */
 396:Drivers/STM32F4xx_HAL_Driver/Src/stm32f4xx_hal_tim_ex.c **** HAL_StatusTypeDef HAL_TIMEx_HallSensor_Start_IT(TIM_HandleTypeDef *htim)
 397:Drivers/STM32F4xx_HAL_Driver/Src/stm32f4xx_hal_tim_ex.c **** {
 398:Drivers/STM32F4xx_HAL_Driver/Src/stm32f4xx_hal_tim_ex.c ****   uint32_t tmpsmcr;
 399:Drivers/STM32F4xx_HAL_Driver/Src/stm32f4xx_hal_tim_ex.c ****   HAL_TIM_ChannelStateTypeDef channel_1_state = TIM_CHANNEL_STATE_GET(htim, TIM_CHANNEL_1);
 400:Drivers/STM32F4xx_HAL_Driver/Src/stm32f4xx_hal_tim_ex.c ****   HAL_TIM_ChannelStateTypeDef channel_2_state = TIM_CHANNEL_STATE_GET(htim, TIM_CHANNEL_2);
 401:Drivers/STM32F4xx_HAL_Driver/Src/stm32f4xx_hal_tim_ex.c ****   HAL_TIM_ChannelStateTypeDef complementary_channel_1_state = TIM_CHANNEL_N_STATE_GET(htim, TIM_CHA
 402:Drivers/STM32F4xx_HAL_Driver/Src/stm32f4xx_hal_tim_ex.c ****   HAL_TIM_ChannelStateTypeDef complementary_channel_2_state = TIM_CHANNEL_N_STATE_GET(htim, TIM_CHA
 403:Drivers/STM32F4xx_HAL_Driver/Src/stm32f4xx_hal_tim_ex.c **** 
 404:Drivers/STM32F4xx_HAL_Driver/Src/stm32f4xx_hal_tim_ex.c ****   /* Check the parameters */
 405:Drivers/STM32F4xx_HAL_Driver/Src/stm32f4xx_hal_tim_ex.c ****   assert_param(IS_TIM_HALL_SENSOR_INTERFACE_INSTANCE(htim->Instance));
 406:Drivers/STM32F4xx_HAL_Driver/Src/stm32f4xx_hal_tim_ex.c **** 
 407:Drivers/STM32F4xx_HAL_Driver/Src/stm32f4xx_hal_tim_ex.c ****   /* Check the TIM channels state */
 408:Drivers/STM32F4xx_HAL_Driver/Src/stm32f4xx_hal_tim_ex.c ****   if ((channel_1_state != HAL_TIM_CHANNEL_STATE_READY)
 409:Drivers/STM32F4xx_HAL_Driver/Src/stm32f4xx_hal_tim_ex.c ****       || (channel_2_state != HAL_TIM_CHANNEL_STATE_READY)
 410:Drivers/STM32F4xx_HAL_Driver/Src/stm32f4xx_hal_tim_ex.c ****       || (complementary_channel_1_state != HAL_TIM_CHANNEL_STATE_READY)
 411:Drivers/STM32F4xx_HAL_Driver/Src/stm32f4xx_hal_tim_ex.c ****       || (complementary_channel_2_state != HAL_TIM_CHANNEL_STATE_READY))
 412:Drivers/STM32F4xx_HAL_Driver/Src/stm32f4xx_hal_tim_ex.c ****   {
 413:Drivers/STM32F4xx_HAL_Driver/Src/stm32f4xx_hal_tim_ex.c ****     return HAL_ERROR;
 414:Drivers/STM32F4xx_HAL_Driver/Src/stm32f4xx_hal_tim_ex.c ****   }
 415:Drivers/STM32F4xx_HAL_Driver/Src/stm32f4xx_hal_tim_ex.c **** 
 416:Drivers/STM32F4xx_HAL_Driver/Src/stm32f4xx_hal_tim_ex.c ****   /* Set the TIM channels state */
 417:Drivers/STM32F4xx_HAL_Driver/Src/stm32f4xx_hal_tim_ex.c ****   TIM_CHANNEL_STATE_SET(htim, TIM_CHANNEL_1, HAL_TIM_CHANNEL_STATE_BUSY);
 418:Drivers/STM32F4xx_HAL_Driver/Src/stm32f4xx_hal_tim_ex.c ****   TIM_CHANNEL_STATE_SET(htim, TIM_CHANNEL_2, HAL_TIM_CHANNEL_STATE_BUSY);
 419:Drivers/STM32F4xx_HAL_Driver/Src/stm32f4xx_hal_tim_ex.c ****   TIM_CHANNEL_N_STATE_SET(htim, TIM_CHANNEL_1, HAL_TIM_CHANNEL_STATE_BUSY);
 420:Drivers/STM32F4xx_HAL_Driver/Src/stm32f4xx_hal_tim_ex.c ****   TIM_CHANNEL_N_STATE_SET(htim, TIM_CHANNEL_2, HAL_TIM_CHANNEL_STATE_BUSY);
 421:Drivers/STM32F4xx_HAL_Driver/Src/stm32f4xx_hal_tim_ex.c **** 
 422:Drivers/STM32F4xx_HAL_Driver/Src/stm32f4xx_hal_tim_ex.c ****   /* Enable the capture compare Interrupts 1 event */
 423:Drivers/STM32F4xx_HAL_Driver/Src/stm32f4xx_hal_tim_ex.c ****   __HAL_TIM_ENABLE_IT(htim, TIM_IT_CC1);
 424:Drivers/STM32F4xx_HAL_Driver/Src/stm32f4xx_hal_tim_ex.c **** 
 425:Drivers/STM32F4xx_HAL_Driver/Src/stm32f4xx_hal_tim_ex.c ****   /* Enable the Input Capture channel 1
 426:Drivers/STM32F4xx_HAL_Driver/Src/stm32f4xx_hal_tim_ex.c ****   (in the Hall Sensor Interface the three possible channels that can be used are TIM_CHANNEL_1,
 427:Drivers/STM32F4xx_HAL_Driver/Src/stm32f4xx_hal_tim_ex.c ****   TIM_CHANNEL_2 and TIM_CHANNEL_3) */
 428:Drivers/STM32F4xx_HAL_Driver/Src/stm32f4xx_hal_tim_ex.c ****   TIM_CCxChannelCmd(htim->Instance, TIM_CHANNEL_1, TIM_CCx_ENABLE);
 429:Drivers/STM32F4xx_HAL_Driver/Src/stm32f4xx_hal_tim_ex.c **** 
 430:Drivers/STM32F4xx_HAL_Driver/Src/stm32f4xx_hal_tim_ex.c ****   /* Enable the Peripheral, except in trigger mode where enable is automatically done with trigger 
 431:Drivers/STM32F4xx_HAL_Driver/Src/stm32f4xx_hal_tim_ex.c ****   if (IS_TIM_SLAVE_INSTANCE(htim->Instance))
ARM GAS  /tmp/cczycJk4.s 			page 9


 432:Drivers/STM32F4xx_HAL_Driver/Src/stm32f4xx_hal_tim_ex.c ****   {
 433:Drivers/STM32F4xx_HAL_Driver/Src/stm32f4xx_hal_tim_ex.c ****     tmpsmcr = htim->Instance->SMCR & TIM_SMCR_SMS;
 434:Drivers/STM32F4xx_HAL_Driver/Src/stm32f4xx_hal_tim_ex.c ****     if (!IS_TIM_SLAVEMODE_TRIGGER_ENABLED(tmpsmcr))
 435:Drivers/STM32F4xx_HAL_Driver/Src/stm32f4xx_hal_tim_ex.c ****     {
 436:Drivers/STM32F4xx_HAL_Driver/Src/stm32f4xx_hal_tim_ex.c ****       __HAL_TIM_ENABLE(htim);
 437:Drivers/STM32F4xx_HAL_Driver/Src/stm32f4xx_hal_tim_ex.c ****     }
 438:Drivers/STM32F4xx_HAL_Driver/Src/stm32f4xx_hal_tim_ex.c ****   }
 439:Drivers/STM32F4xx_HAL_Driver/Src/stm32f4xx_hal_tim_ex.c ****   else
 440:Drivers/STM32F4xx_HAL_Driver/Src/stm32f4xx_hal_tim_ex.c ****   {
 441:Drivers/STM32F4xx_HAL_Driver/Src/stm32f4xx_hal_tim_ex.c ****     __HAL_TIM_ENABLE(htim);
 442:Drivers/STM32F4xx_HAL_Driver/Src/stm32f4xx_hal_tim_ex.c ****   }
 443:Drivers/STM32F4xx_HAL_Driver/Src/stm32f4xx_hal_tim_ex.c **** 
 444:Drivers/STM32F4xx_HAL_Driver/Src/stm32f4xx_hal_tim_ex.c ****   /* Return function status */
 445:Drivers/STM32F4xx_HAL_Driver/Src/stm32f4xx_hal_tim_ex.c ****   return HAL_OK;
 446:Drivers/STM32F4xx_HAL_Driver/Src/stm32f4xx_hal_tim_ex.c **** }
 447:Drivers/STM32F4xx_HAL_Driver/Src/stm32f4xx_hal_tim_ex.c **** 
 448:Drivers/STM32F4xx_HAL_Driver/Src/stm32f4xx_hal_tim_ex.c **** /**
 449:Drivers/STM32F4xx_HAL_Driver/Src/stm32f4xx_hal_tim_ex.c ****   * @brief  Stops the TIM Hall Sensor Interface in interrupt mode.
 450:Drivers/STM32F4xx_HAL_Driver/Src/stm32f4xx_hal_tim_ex.c ****   * @param  htim TIM Hall Sensor Interface handle
 451:Drivers/STM32F4xx_HAL_Driver/Src/stm32f4xx_hal_tim_ex.c ****   * @retval HAL status
 452:Drivers/STM32F4xx_HAL_Driver/Src/stm32f4xx_hal_tim_ex.c ****   */
 453:Drivers/STM32F4xx_HAL_Driver/Src/stm32f4xx_hal_tim_ex.c **** HAL_StatusTypeDef HAL_TIMEx_HallSensor_Stop_IT(TIM_HandleTypeDef *htim)
 454:Drivers/STM32F4xx_HAL_Driver/Src/stm32f4xx_hal_tim_ex.c **** {
 455:Drivers/STM32F4xx_HAL_Driver/Src/stm32f4xx_hal_tim_ex.c ****   /* Check the parameters */
 456:Drivers/STM32F4xx_HAL_Driver/Src/stm32f4xx_hal_tim_ex.c ****   assert_param(IS_TIM_HALL_SENSOR_INTERFACE_INSTANCE(htim->Instance));
 457:Drivers/STM32F4xx_HAL_Driver/Src/stm32f4xx_hal_tim_ex.c **** 
 458:Drivers/STM32F4xx_HAL_Driver/Src/stm32f4xx_hal_tim_ex.c ****   /* Disable the Input Capture channel 1
 459:Drivers/STM32F4xx_HAL_Driver/Src/stm32f4xx_hal_tim_ex.c ****   (in the Hall Sensor Interface the three possible channels that can be used are TIM_CHANNEL_1,
 460:Drivers/STM32F4xx_HAL_Driver/Src/stm32f4xx_hal_tim_ex.c ****   TIM_CHANNEL_2 and TIM_CHANNEL_3) */
 461:Drivers/STM32F4xx_HAL_Driver/Src/stm32f4xx_hal_tim_ex.c ****   TIM_CCxChannelCmd(htim->Instance, TIM_CHANNEL_1, TIM_CCx_DISABLE);
 462:Drivers/STM32F4xx_HAL_Driver/Src/stm32f4xx_hal_tim_ex.c **** 
 463:Drivers/STM32F4xx_HAL_Driver/Src/stm32f4xx_hal_tim_ex.c ****   /* Disable the capture compare Interrupts event */
 464:Drivers/STM32F4xx_HAL_Driver/Src/stm32f4xx_hal_tim_ex.c ****   __HAL_TIM_DISABLE_IT(htim, TIM_IT_CC1);
 465:Drivers/STM32F4xx_HAL_Driver/Src/stm32f4xx_hal_tim_ex.c **** 
 466:Drivers/STM32F4xx_HAL_Driver/Src/stm32f4xx_hal_tim_ex.c ****   /* Disable the Peripheral */
 467:Drivers/STM32F4xx_HAL_Driver/Src/stm32f4xx_hal_tim_ex.c ****   __HAL_TIM_DISABLE(htim);
 468:Drivers/STM32F4xx_HAL_Driver/Src/stm32f4xx_hal_tim_ex.c **** 
 469:Drivers/STM32F4xx_HAL_Driver/Src/stm32f4xx_hal_tim_ex.c ****   /* Set the TIM channels state */
 470:Drivers/STM32F4xx_HAL_Driver/Src/stm32f4xx_hal_tim_ex.c ****   TIM_CHANNEL_STATE_SET(htim, TIM_CHANNEL_1, HAL_TIM_CHANNEL_STATE_READY);
 471:Drivers/STM32F4xx_HAL_Driver/Src/stm32f4xx_hal_tim_ex.c ****   TIM_CHANNEL_STATE_SET(htim, TIM_CHANNEL_2, HAL_TIM_CHANNEL_STATE_READY);
 472:Drivers/STM32F4xx_HAL_Driver/Src/stm32f4xx_hal_tim_ex.c ****   TIM_CHANNEL_N_STATE_SET(htim, TIM_CHANNEL_1, HAL_TIM_CHANNEL_STATE_READY);
 473:Drivers/STM32F4xx_HAL_Driver/Src/stm32f4xx_hal_tim_ex.c ****   TIM_CHANNEL_N_STATE_SET(htim, TIM_CHANNEL_2, HAL_TIM_CHANNEL_STATE_READY);
 474:Drivers/STM32F4xx_HAL_Driver/Src/stm32f4xx_hal_tim_ex.c **** 
 475:Drivers/STM32F4xx_HAL_Driver/Src/stm32f4xx_hal_tim_ex.c ****   /* Return function status */
 476:Drivers/STM32F4xx_HAL_Driver/Src/stm32f4xx_hal_tim_ex.c ****   return HAL_OK;
 477:Drivers/STM32F4xx_HAL_Driver/Src/stm32f4xx_hal_tim_ex.c **** }
 478:Drivers/STM32F4xx_HAL_Driver/Src/stm32f4xx_hal_tim_ex.c **** 
 479:Drivers/STM32F4xx_HAL_Driver/Src/stm32f4xx_hal_tim_ex.c **** /**
 480:Drivers/STM32F4xx_HAL_Driver/Src/stm32f4xx_hal_tim_ex.c ****   * @brief  Starts the TIM Hall Sensor Interface in DMA mode.
 481:Drivers/STM32F4xx_HAL_Driver/Src/stm32f4xx_hal_tim_ex.c ****   * @param  htim TIM Hall Sensor Interface handle
 482:Drivers/STM32F4xx_HAL_Driver/Src/stm32f4xx_hal_tim_ex.c ****   * @param  pData The destination Buffer address.
 483:Drivers/STM32F4xx_HAL_Driver/Src/stm32f4xx_hal_tim_ex.c ****   * @param  Length The length of data to be transferred from TIM peripheral to memory.
 484:Drivers/STM32F4xx_HAL_Driver/Src/stm32f4xx_hal_tim_ex.c ****   * @retval HAL status
 485:Drivers/STM32F4xx_HAL_Driver/Src/stm32f4xx_hal_tim_ex.c ****   */
 486:Drivers/STM32F4xx_HAL_Driver/Src/stm32f4xx_hal_tim_ex.c **** HAL_StatusTypeDef HAL_TIMEx_HallSensor_Start_DMA(TIM_HandleTypeDef *htim, uint32_t *pData, uint16_t
 487:Drivers/STM32F4xx_HAL_Driver/Src/stm32f4xx_hal_tim_ex.c **** {
 488:Drivers/STM32F4xx_HAL_Driver/Src/stm32f4xx_hal_tim_ex.c ****   uint32_t tmpsmcr;
ARM GAS  /tmp/cczycJk4.s 			page 10


 489:Drivers/STM32F4xx_HAL_Driver/Src/stm32f4xx_hal_tim_ex.c ****   HAL_TIM_ChannelStateTypeDef channel_1_state = TIM_CHANNEL_STATE_GET(htim, TIM_CHANNEL_1);
 490:Drivers/STM32F4xx_HAL_Driver/Src/stm32f4xx_hal_tim_ex.c ****   HAL_TIM_ChannelStateTypeDef complementary_channel_1_state = TIM_CHANNEL_N_STATE_GET(htim, TIM_CHA
 491:Drivers/STM32F4xx_HAL_Driver/Src/stm32f4xx_hal_tim_ex.c **** 
 492:Drivers/STM32F4xx_HAL_Driver/Src/stm32f4xx_hal_tim_ex.c ****   /* Check the parameters */
 493:Drivers/STM32F4xx_HAL_Driver/Src/stm32f4xx_hal_tim_ex.c ****   assert_param(IS_TIM_HALL_SENSOR_INTERFACE_INSTANCE(htim->Instance));
 494:Drivers/STM32F4xx_HAL_Driver/Src/stm32f4xx_hal_tim_ex.c **** 
 495:Drivers/STM32F4xx_HAL_Driver/Src/stm32f4xx_hal_tim_ex.c ****   /* Set the TIM channel state */
 496:Drivers/STM32F4xx_HAL_Driver/Src/stm32f4xx_hal_tim_ex.c ****   if ((channel_1_state == HAL_TIM_CHANNEL_STATE_BUSY)
 497:Drivers/STM32F4xx_HAL_Driver/Src/stm32f4xx_hal_tim_ex.c ****       || (complementary_channel_1_state == HAL_TIM_CHANNEL_STATE_BUSY))
 498:Drivers/STM32F4xx_HAL_Driver/Src/stm32f4xx_hal_tim_ex.c ****   {
 499:Drivers/STM32F4xx_HAL_Driver/Src/stm32f4xx_hal_tim_ex.c ****     return HAL_BUSY;
 500:Drivers/STM32F4xx_HAL_Driver/Src/stm32f4xx_hal_tim_ex.c ****   }
 501:Drivers/STM32F4xx_HAL_Driver/Src/stm32f4xx_hal_tim_ex.c ****   else if ((channel_1_state == HAL_TIM_CHANNEL_STATE_READY)
 502:Drivers/STM32F4xx_HAL_Driver/Src/stm32f4xx_hal_tim_ex.c ****            && (complementary_channel_1_state == HAL_TIM_CHANNEL_STATE_READY))
 503:Drivers/STM32F4xx_HAL_Driver/Src/stm32f4xx_hal_tim_ex.c ****   {
 504:Drivers/STM32F4xx_HAL_Driver/Src/stm32f4xx_hal_tim_ex.c ****     if ((pData == NULL) && (Length > 0U))
 505:Drivers/STM32F4xx_HAL_Driver/Src/stm32f4xx_hal_tim_ex.c ****     {
 506:Drivers/STM32F4xx_HAL_Driver/Src/stm32f4xx_hal_tim_ex.c ****       return HAL_ERROR;
 507:Drivers/STM32F4xx_HAL_Driver/Src/stm32f4xx_hal_tim_ex.c ****     }
 508:Drivers/STM32F4xx_HAL_Driver/Src/stm32f4xx_hal_tim_ex.c ****     else
 509:Drivers/STM32F4xx_HAL_Driver/Src/stm32f4xx_hal_tim_ex.c ****     {
 510:Drivers/STM32F4xx_HAL_Driver/Src/stm32f4xx_hal_tim_ex.c ****       TIM_CHANNEL_STATE_SET(htim, TIM_CHANNEL_1, HAL_TIM_CHANNEL_STATE_BUSY);
 511:Drivers/STM32F4xx_HAL_Driver/Src/stm32f4xx_hal_tim_ex.c ****       TIM_CHANNEL_N_STATE_SET(htim, TIM_CHANNEL_1, HAL_TIM_CHANNEL_STATE_BUSY);
 512:Drivers/STM32F4xx_HAL_Driver/Src/stm32f4xx_hal_tim_ex.c ****     }
 513:Drivers/STM32F4xx_HAL_Driver/Src/stm32f4xx_hal_tim_ex.c ****   }
 514:Drivers/STM32F4xx_HAL_Driver/Src/stm32f4xx_hal_tim_ex.c ****   else
 515:Drivers/STM32F4xx_HAL_Driver/Src/stm32f4xx_hal_tim_ex.c ****   {
 516:Drivers/STM32F4xx_HAL_Driver/Src/stm32f4xx_hal_tim_ex.c ****     return HAL_ERROR;
 517:Drivers/STM32F4xx_HAL_Driver/Src/stm32f4xx_hal_tim_ex.c ****   }
 518:Drivers/STM32F4xx_HAL_Driver/Src/stm32f4xx_hal_tim_ex.c **** 
 519:Drivers/STM32F4xx_HAL_Driver/Src/stm32f4xx_hal_tim_ex.c ****   /* Enable the Input Capture channel 1
 520:Drivers/STM32F4xx_HAL_Driver/Src/stm32f4xx_hal_tim_ex.c ****   (in the Hall Sensor Interface the three possible channels that can be used are TIM_CHANNEL_1,
 521:Drivers/STM32F4xx_HAL_Driver/Src/stm32f4xx_hal_tim_ex.c ****   TIM_CHANNEL_2 and TIM_CHANNEL_3) */
 522:Drivers/STM32F4xx_HAL_Driver/Src/stm32f4xx_hal_tim_ex.c ****   TIM_CCxChannelCmd(htim->Instance, TIM_CHANNEL_1, TIM_CCx_ENABLE);
 523:Drivers/STM32F4xx_HAL_Driver/Src/stm32f4xx_hal_tim_ex.c **** 
 524:Drivers/STM32F4xx_HAL_Driver/Src/stm32f4xx_hal_tim_ex.c ****   /* Set the DMA Input Capture 1 Callbacks */
 525:Drivers/STM32F4xx_HAL_Driver/Src/stm32f4xx_hal_tim_ex.c ****   htim->hdma[TIM_DMA_ID_CC1]->XferCpltCallback = TIM_DMACaptureCplt;
 526:Drivers/STM32F4xx_HAL_Driver/Src/stm32f4xx_hal_tim_ex.c ****   htim->hdma[TIM_DMA_ID_CC1]->XferHalfCpltCallback = TIM_DMACaptureHalfCplt;
 527:Drivers/STM32F4xx_HAL_Driver/Src/stm32f4xx_hal_tim_ex.c ****   /* Set the DMA error callback */
 528:Drivers/STM32F4xx_HAL_Driver/Src/stm32f4xx_hal_tim_ex.c ****   htim->hdma[TIM_DMA_ID_CC1]->XferErrorCallback = TIM_DMAError ;
 529:Drivers/STM32F4xx_HAL_Driver/Src/stm32f4xx_hal_tim_ex.c **** 
 530:Drivers/STM32F4xx_HAL_Driver/Src/stm32f4xx_hal_tim_ex.c ****   /* Enable the DMA stream for Capture 1*/
 531:Drivers/STM32F4xx_HAL_Driver/Src/stm32f4xx_hal_tim_ex.c ****   if (HAL_DMA_Start_IT(htim->hdma[TIM_DMA_ID_CC1], (uint32_t)&htim->Instance->CCR1, (uint32_t)pData
 532:Drivers/STM32F4xx_HAL_Driver/Src/stm32f4xx_hal_tim_ex.c ****   {
 533:Drivers/STM32F4xx_HAL_Driver/Src/stm32f4xx_hal_tim_ex.c ****     /* Return error status */
 534:Drivers/STM32F4xx_HAL_Driver/Src/stm32f4xx_hal_tim_ex.c ****     return HAL_ERROR;
 535:Drivers/STM32F4xx_HAL_Driver/Src/stm32f4xx_hal_tim_ex.c ****   }
 536:Drivers/STM32F4xx_HAL_Driver/Src/stm32f4xx_hal_tim_ex.c ****   /* Enable the capture compare 1 Interrupt */
 537:Drivers/STM32F4xx_HAL_Driver/Src/stm32f4xx_hal_tim_ex.c ****   __HAL_TIM_ENABLE_DMA(htim, TIM_DMA_CC1);
 538:Drivers/STM32F4xx_HAL_Driver/Src/stm32f4xx_hal_tim_ex.c **** 
 539:Drivers/STM32F4xx_HAL_Driver/Src/stm32f4xx_hal_tim_ex.c ****   /* Enable the Peripheral, except in trigger mode where enable is automatically done with trigger 
 540:Drivers/STM32F4xx_HAL_Driver/Src/stm32f4xx_hal_tim_ex.c ****   if (IS_TIM_SLAVE_INSTANCE(htim->Instance))
 541:Drivers/STM32F4xx_HAL_Driver/Src/stm32f4xx_hal_tim_ex.c ****   {
 542:Drivers/STM32F4xx_HAL_Driver/Src/stm32f4xx_hal_tim_ex.c ****     tmpsmcr = htim->Instance->SMCR & TIM_SMCR_SMS;
 543:Drivers/STM32F4xx_HAL_Driver/Src/stm32f4xx_hal_tim_ex.c ****     if (!IS_TIM_SLAVEMODE_TRIGGER_ENABLED(tmpsmcr))
 544:Drivers/STM32F4xx_HAL_Driver/Src/stm32f4xx_hal_tim_ex.c ****     {
 545:Drivers/STM32F4xx_HAL_Driver/Src/stm32f4xx_hal_tim_ex.c ****       __HAL_TIM_ENABLE(htim);
ARM GAS  /tmp/cczycJk4.s 			page 11


 546:Drivers/STM32F4xx_HAL_Driver/Src/stm32f4xx_hal_tim_ex.c ****     }
 547:Drivers/STM32F4xx_HAL_Driver/Src/stm32f4xx_hal_tim_ex.c ****   }
 548:Drivers/STM32F4xx_HAL_Driver/Src/stm32f4xx_hal_tim_ex.c ****   else
 549:Drivers/STM32F4xx_HAL_Driver/Src/stm32f4xx_hal_tim_ex.c ****   {
 550:Drivers/STM32F4xx_HAL_Driver/Src/stm32f4xx_hal_tim_ex.c ****     __HAL_TIM_ENABLE(htim);
 551:Drivers/STM32F4xx_HAL_Driver/Src/stm32f4xx_hal_tim_ex.c ****   }
 552:Drivers/STM32F4xx_HAL_Driver/Src/stm32f4xx_hal_tim_ex.c **** 
 553:Drivers/STM32F4xx_HAL_Driver/Src/stm32f4xx_hal_tim_ex.c ****   /* Return function status */
 554:Drivers/STM32F4xx_HAL_Driver/Src/stm32f4xx_hal_tim_ex.c ****   return HAL_OK;
 555:Drivers/STM32F4xx_HAL_Driver/Src/stm32f4xx_hal_tim_ex.c **** }
 556:Drivers/STM32F4xx_HAL_Driver/Src/stm32f4xx_hal_tim_ex.c **** 
 557:Drivers/STM32F4xx_HAL_Driver/Src/stm32f4xx_hal_tim_ex.c **** /**
 558:Drivers/STM32F4xx_HAL_Driver/Src/stm32f4xx_hal_tim_ex.c ****   * @brief  Stops the TIM Hall Sensor Interface in DMA mode.
 559:Drivers/STM32F4xx_HAL_Driver/Src/stm32f4xx_hal_tim_ex.c ****   * @param  htim TIM Hall Sensor Interface handle
 560:Drivers/STM32F4xx_HAL_Driver/Src/stm32f4xx_hal_tim_ex.c ****   * @retval HAL status
 561:Drivers/STM32F4xx_HAL_Driver/Src/stm32f4xx_hal_tim_ex.c ****   */
 562:Drivers/STM32F4xx_HAL_Driver/Src/stm32f4xx_hal_tim_ex.c **** HAL_StatusTypeDef HAL_TIMEx_HallSensor_Stop_DMA(TIM_HandleTypeDef *htim)
 563:Drivers/STM32F4xx_HAL_Driver/Src/stm32f4xx_hal_tim_ex.c **** {
 564:Drivers/STM32F4xx_HAL_Driver/Src/stm32f4xx_hal_tim_ex.c ****   /* Check the parameters */
 565:Drivers/STM32F4xx_HAL_Driver/Src/stm32f4xx_hal_tim_ex.c ****   assert_param(IS_TIM_HALL_SENSOR_INTERFACE_INSTANCE(htim->Instance));
 566:Drivers/STM32F4xx_HAL_Driver/Src/stm32f4xx_hal_tim_ex.c **** 
 567:Drivers/STM32F4xx_HAL_Driver/Src/stm32f4xx_hal_tim_ex.c ****   /* Disable the Input Capture channel 1
 568:Drivers/STM32F4xx_HAL_Driver/Src/stm32f4xx_hal_tim_ex.c ****   (in the Hall Sensor Interface the three possible channels that can be used are TIM_CHANNEL_1,
 569:Drivers/STM32F4xx_HAL_Driver/Src/stm32f4xx_hal_tim_ex.c ****   TIM_CHANNEL_2 and TIM_CHANNEL_3) */
 570:Drivers/STM32F4xx_HAL_Driver/Src/stm32f4xx_hal_tim_ex.c ****   TIM_CCxChannelCmd(htim->Instance, TIM_CHANNEL_1, TIM_CCx_DISABLE);
 571:Drivers/STM32F4xx_HAL_Driver/Src/stm32f4xx_hal_tim_ex.c **** 
 572:Drivers/STM32F4xx_HAL_Driver/Src/stm32f4xx_hal_tim_ex.c **** 
 573:Drivers/STM32F4xx_HAL_Driver/Src/stm32f4xx_hal_tim_ex.c ****   /* Disable the capture compare Interrupts 1 event */
 574:Drivers/STM32F4xx_HAL_Driver/Src/stm32f4xx_hal_tim_ex.c ****   __HAL_TIM_DISABLE_DMA(htim, TIM_DMA_CC1);
 575:Drivers/STM32F4xx_HAL_Driver/Src/stm32f4xx_hal_tim_ex.c **** 
 576:Drivers/STM32F4xx_HAL_Driver/Src/stm32f4xx_hal_tim_ex.c ****   (void)HAL_DMA_Abort_IT(htim->hdma[TIM_DMA_ID_CC1]);
 577:Drivers/STM32F4xx_HAL_Driver/Src/stm32f4xx_hal_tim_ex.c **** 
 578:Drivers/STM32F4xx_HAL_Driver/Src/stm32f4xx_hal_tim_ex.c ****   /* Disable the Peripheral */
 579:Drivers/STM32F4xx_HAL_Driver/Src/stm32f4xx_hal_tim_ex.c ****   __HAL_TIM_DISABLE(htim);
 580:Drivers/STM32F4xx_HAL_Driver/Src/stm32f4xx_hal_tim_ex.c **** 
 581:Drivers/STM32F4xx_HAL_Driver/Src/stm32f4xx_hal_tim_ex.c ****   /* Set the TIM channel state */
 582:Drivers/STM32F4xx_HAL_Driver/Src/stm32f4xx_hal_tim_ex.c ****   TIM_CHANNEL_STATE_SET(htim, TIM_CHANNEL_1, HAL_TIM_CHANNEL_STATE_READY);
 583:Drivers/STM32F4xx_HAL_Driver/Src/stm32f4xx_hal_tim_ex.c ****   TIM_CHANNEL_N_STATE_SET(htim, TIM_CHANNEL_1, HAL_TIM_CHANNEL_STATE_READY);
 584:Drivers/STM32F4xx_HAL_Driver/Src/stm32f4xx_hal_tim_ex.c **** 
 585:Drivers/STM32F4xx_HAL_Driver/Src/stm32f4xx_hal_tim_ex.c ****   /* Return function status */
 586:Drivers/STM32F4xx_HAL_Driver/Src/stm32f4xx_hal_tim_ex.c ****   return HAL_OK;
 587:Drivers/STM32F4xx_HAL_Driver/Src/stm32f4xx_hal_tim_ex.c **** }
 588:Drivers/STM32F4xx_HAL_Driver/Src/stm32f4xx_hal_tim_ex.c **** 
 589:Drivers/STM32F4xx_HAL_Driver/Src/stm32f4xx_hal_tim_ex.c **** /**
 590:Drivers/STM32F4xx_HAL_Driver/Src/stm32f4xx_hal_tim_ex.c ****   * @}
 591:Drivers/STM32F4xx_HAL_Driver/Src/stm32f4xx_hal_tim_ex.c ****   */
 592:Drivers/STM32F4xx_HAL_Driver/Src/stm32f4xx_hal_tim_ex.c **** 
 593:Drivers/STM32F4xx_HAL_Driver/Src/stm32f4xx_hal_tim_ex.c **** /** @defgroup TIMEx_Exported_Functions_Group2 Extended Timer Complementary Output Compare functions
 594:Drivers/STM32F4xx_HAL_Driver/Src/stm32f4xx_hal_tim_ex.c ****   *  @brief   Timer Complementary Output Compare functions
 595:Drivers/STM32F4xx_HAL_Driver/Src/stm32f4xx_hal_tim_ex.c ****   *
 596:Drivers/STM32F4xx_HAL_Driver/Src/stm32f4xx_hal_tim_ex.c **** @verbatim
 597:Drivers/STM32F4xx_HAL_Driver/Src/stm32f4xx_hal_tim_ex.c ****   ==============================================================================
 598:Drivers/STM32F4xx_HAL_Driver/Src/stm32f4xx_hal_tim_ex.c ****               ##### Timer Complementary Output Compare functions #####
 599:Drivers/STM32F4xx_HAL_Driver/Src/stm32f4xx_hal_tim_ex.c ****   ==============================================================================
 600:Drivers/STM32F4xx_HAL_Driver/Src/stm32f4xx_hal_tim_ex.c ****   [..]
 601:Drivers/STM32F4xx_HAL_Driver/Src/stm32f4xx_hal_tim_ex.c ****     This section provides functions allowing to:
 602:Drivers/STM32F4xx_HAL_Driver/Src/stm32f4xx_hal_tim_ex.c ****     (+) Start the Complementary Output Compare/PWM.
ARM GAS  /tmp/cczycJk4.s 			page 12


 603:Drivers/STM32F4xx_HAL_Driver/Src/stm32f4xx_hal_tim_ex.c ****     (+) Stop the Complementary Output Compare/PWM.
 604:Drivers/STM32F4xx_HAL_Driver/Src/stm32f4xx_hal_tim_ex.c ****     (+) Start the Complementary Output Compare/PWM and enable interrupts.
 605:Drivers/STM32F4xx_HAL_Driver/Src/stm32f4xx_hal_tim_ex.c ****     (+) Stop the Complementary Output Compare/PWM and disable interrupts.
 606:Drivers/STM32F4xx_HAL_Driver/Src/stm32f4xx_hal_tim_ex.c ****     (+) Start the Complementary Output Compare/PWM and enable DMA transfers.
 607:Drivers/STM32F4xx_HAL_Driver/Src/stm32f4xx_hal_tim_ex.c ****     (+) Stop the Complementary Output Compare/PWM and disable DMA transfers.
 608:Drivers/STM32F4xx_HAL_Driver/Src/stm32f4xx_hal_tim_ex.c **** 
 609:Drivers/STM32F4xx_HAL_Driver/Src/stm32f4xx_hal_tim_ex.c **** @endverbatim
 610:Drivers/STM32F4xx_HAL_Driver/Src/stm32f4xx_hal_tim_ex.c ****   * @{
 611:Drivers/STM32F4xx_HAL_Driver/Src/stm32f4xx_hal_tim_ex.c ****   */
 612:Drivers/STM32F4xx_HAL_Driver/Src/stm32f4xx_hal_tim_ex.c **** 
 613:Drivers/STM32F4xx_HAL_Driver/Src/stm32f4xx_hal_tim_ex.c **** /**
 614:Drivers/STM32F4xx_HAL_Driver/Src/stm32f4xx_hal_tim_ex.c ****   * @brief  Starts the TIM Output Compare signal generation on the complementary
 615:Drivers/STM32F4xx_HAL_Driver/Src/stm32f4xx_hal_tim_ex.c ****   *         output.
 616:Drivers/STM32F4xx_HAL_Driver/Src/stm32f4xx_hal_tim_ex.c ****   * @param  htim TIM Output Compare handle
 617:Drivers/STM32F4xx_HAL_Driver/Src/stm32f4xx_hal_tim_ex.c ****   * @param  Channel TIM Channel to be enabled
 618:Drivers/STM32F4xx_HAL_Driver/Src/stm32f4xx_hal_tim_ex.c ****   *          This parameter can be one of the following values:
 619:Drivers/STM32F4xx_HAL_Driver/Src/stm32f4xx_hal_tim_ex.c ****   *            @arg TIM_CHANNEL_1: TIM Channel 1 selected
 620:Drivers/STM32F4xx_HAL_Driver/Src/stm32f4xx_hal_tim_ex.c ****   *            @arg TIM_CHANNEL_2: TIM Channel 2 selected
 621:Drivers/STM32F4xx_HAL_Driver/Src/stm32f4xx_hal_tim_ex.c ****   *            @arg TIM_CHANNEL_3: TIM Channel 3 selected
 622:Drivers/STM32F4xx_HAL_Driver/Src/stm32f4xx_hal_tim_ex.c ****   * @retval HAL status
 623:Drivers/STM32F4xx_HAL_Driver/Src/stm32f4xx_hal_tim_ex.c ****   */
 624:Drivers/STM32F4xx_HAL_Driver/Src/stm32f4xx_hal_tim_ex.c **** HAL_StatusTypeDef HAL_TIMEx_OCN_Start(TIM_HandleTypeDef *htim, uint32_t Channel)
 625:Drivers/STM32F4xx_HAL_Driver/Src/stm32f4xx_hal_tim_ex.c **** {
 626:Drivers/STM32F4xx_HAL_Driver/Src/stm32f4xx_hal_tim_ex.c ****   uint32_t tmpsmcr;
 627:Drivers/STM32F4xx_HAL_Driver/Src/stm32f4xx_hal_tim_ex.c **** 
 628:Drivers/STM32F4xx_HAL_Driver/Src/stm32f4xx_hal_tim_ex.c ****   /* Check the parameters */
 629:Drivers/STM32F4xx_HAL_Driver/Src/stm32f4xx_hal_tim_ex.c ****   assert_param(IS_TIM_CCXN_INSTANCE(htim->Instance, Channel));
 630:Drivers/STM32F4xx_HAL_Driver/Src/stm32f4xx_hal_tim_ex.c **** 
 631:Drivers/STM32F4xx_HAL_Driver/Src/stm32f4xx_hal_tim_ex.c ****   /* Check the TIM complementary channel state */
 632:Drivers/STM32F4xx_HAL_Driver/Src/stm32f4xx_hal_tim_ex.c ****   if (TIM_CHANNEL_N_STATE_GET(htim, Channel) != HAL_TIM_CHANNEL_STATE_READY)
 633:Drivers/STM32F4xx_HAL_Driver/Src/stm32f4xx_hal_tim_ex.c ****   {
 634:Drivers/STM32F4xx_HAL_Driver/Src/stm32f4xx_hal_tim_ex.c ****     return HAL_ERROR;
 635:Drivers/STM32F4xx_HAL_Driver/Src/stm32f4xx_hal_tim_ex.c ****   }
 636:Drivers/STM32F4xx_HAL_Driver/Src/stm32f4xx_hal_tim_ex.c **** 
 637:Drivers/STM32F4xx_HAL_Driver/Src/stm32f4xx_hal_tim_ex.c ****   /* Set the TIM complementary channel state */
 638:Drivers/STM32F4xx_HAL_Driver/Src/stm32f4xx_hal_tim_ex.c ****   TIM_CHANNEL_N_STATE_SET(htim, Channel, HAL_TIM_CHANNEL_STATE_BUSY);
 639:Drivers/STM32F4xx_HAL_Driver/Src/stm32f4xx_hal_tim_ex.c **** 
 640:Drivers/STM32F4xx_HAL_Driver/Src/stm32f4xx_hal_tim_ex.c ****   /* Enable the Capture compare channel N */
 641:Drivers/STM32F4xx_HAL_Driver/Src/stm32f4xx_hal_tim_ex.c ****   TIM_CCxNChannelCmd(htim->Instance, Channel, TIM_CCxN_ENABLE);
 642:Drivers/STM32F4xx_HAL_Driver/Src/stm32f4xx_hal_tim_ex.c **** 
 643:Drivers/STM32F4xx_HAL_Driver/Src/stm32f4xx_hal_tim_ex.c ****   /* Enable the Main Output */
 644:Drivers/STM32F4xx_HAL_Driver/Src/stm32f4xx_hal_tim_ex.c ****   __HAL_TIM_MOE_ENABLE(htim);
 645:Drivers/STM32F4xx_HAL_Driver/Src/stm32f4xx_hal_tim_ex.c **** 
 646:Drivers/STM32F4xx_HAL_Driver/Src/stm32f4xx_hal_tim_ex.c ****   /* Enable the Peripheral, except in trigger mode where enable is automatically done with trigger 
 647:Drivers/STM32F4xx_HAL_Driver/Src/stm32f4xx_hal_tim_ex.c ****   if (IS_TIM_SLAVE_INSTANCE(htim->Instance))
 648:Drivers/STM32F4xx_HAL_Driver/Src/stm32f4xx_hal_tim_ex.c ****   {
 649:Drivers/STM32F4xx_HAL_Driver/Src/stm32f4xx_hal_tim_ex.c ****     tmpsmcr = htim->Instance->SMCR & TIM_SMCR_SMS;
 650:Drivers/STM32F4xx_HAL_Driver/Src/stm32f4xx_hal_tim_ex.c ****     if (!IS_TIM_SLAVEMODE_TRIGGER_ENABLED(tmpsmcr))
 651:Drivers/STM32F4xx_HAL_Driver/Src/stm32f4xx_hal_tim_ex.c ****     {
 652:Drivers/STM32F4xx_HAL_Driver/Src/stm32f4xx_hal_tim_ex.c ****       __HAL_TIM_ENABLE(htim);
 653:Drivers/STM32F4xx_HAL_Driver/Src/stm32f4xx_hal_tim_ex.c ****     }
 654:Drivers/STM32F4xx_HAL_Driver/Src/stm32f4xx_hal_tim_ex.c ****   }
 655:Drivers/STM32F4xx_HAL_Driver/Src/stm32f4xx_hal_tim_ex.c ****   else
 656:Drivers/STM32F4xx_HAL_Driver/Src/stm32f4xx_hal_tim_ex.c ****   {
 657:Drivers/STM32F4xx_HAL_Driver/Src/stm32f4xx_hal_tim_ex.c ****     __HAL_TIM_ENABLE(htim);
 658:Drivers/STM32F4xx_HAL_Driver/Src/stm32f4xx_hal_tim_ex.c ****   }
 659:Drivers/STM32F4xx_HAL_Driver/Src/stm32f4xx_hal_tim_ex.c **** 
ARM GAS  /tmp/cczycJk4.s 			page 13


 660:Drivers/STM32F4xx_HAL_Driver/Src/stm32f4xx_hal_tim_ex.c ****   /* Return function status */
 661:Drivers/STM32F4xx_HAL_Driver/Src/stm32f4xx_hal_tim_ex.c ****   return HAL_OK;
 662:Drivers/STM32F4xx_HAL_Driver/Src/stm32f4xx_hal_tim_ex.c **** }
 663:Drivers/STM32F4xx_HAL_Driver/Src/stm32f4xx_hal_tim_ex.c **** 
 664:Drivers/STM32F4xx_HAL_Driver/Src/stm32f4xx_hal_tim_ex.c **** /**
 665:Drivers/STM32F4xx_HAL_Driver/Src/stm32f4xx_hal_tim_ex.c ****   * @brief  Stops the TIM Output Compare signal generation on the complementary
 666:Drivers/STM32F4xx_HAL_Driver/Src/stm32f4xx_hal_tim_ex.c ****   *         output.
 667:Drivers/STM32F4xx_HAL_Driver/Src/stm32f4xx_hal_tim_ex.c ****   * @param  htim TIM handle
 668:Drivers/STM32F4xx_HAL_Driver/Src/stm32f4xx_hal_tim_ex.c ****   * @param  Channel TIM Channel to be disabled
 669:Drivers/STM32F4xx_HAL_Driver/Src/stm32f4xx_hal_tim_ex.c ****   *          This parameter can be one of the following values:
 670:Drivers/STM32F4xx_HAL_Driver/Src/stm32f4xx_hal_tim_ex.c ****   *            @arg TIM_CHANNEL_1: TIM Channel 1 selected
 671:Drivers/STM32F4xx_HAL_Driver/Src/stm32f4xx_hal_tim_ex.c ****   *            @arg TIM_CHANNEL_2: TIM Channel 2 selected
 672:Drivers/STM32F4xx_HAL_Driver/Src/stm32f4xx_hal_tim_ex.c ****   *            @arg TIM_CHANNEL_3: TIM Channel 3 selected
 673:Drivers/STM32F4xx_HAL_Driver/Src/stm32f4xx_hal_tim_ex.c ****   * @retval HAL status
 674:Drivers/STM32F4xx_HAL_Driver/Src/stm32f4xx_hal_tim_ex.c ****   */
 675:Drivers/STM32F4xx_HAL_Driver/Src/stm32f4xx_hal_tim_ex.c **** HAL_StatusTypeDef HAL_TIMEx_OCN_Stop(TIM_HandleTypeDef *htim, uint32_t Channel)
 676:Drivers/STM32F4xx_HAL_Driver/Src/stm32f4xx_hal_tim_ex.c **** {
 677:Drivers/STM32F4xx_HAL_Driver/Src/stm32f4xx_hal_tim_ex.c ****   /* Check the parameters */
 678:Drivers/STM32F4xx_HAL_Driver/Src/stm32f4xx_hal_tim_ex.c ****   assert_param(IS_TIM_CCXN_INSTANCE(htim->Instance, Channel));
 679:Drivers/STM32F4xx_HAL_Driver/Src/stm32f4xx_hal_tim_ex.c **** 
 680:Drivers/STM32F4xx_HAL_Driver/Src/stm32f4xx_hal_tim_ex.c ****   /* Disable the Capture compare channel N */
 681:Drivers/STM32F4xx_HAL_Driver/Src/stm32f4xx_hal_tim_ex.c ****   TIM_CCxNChannelCmd(htim->Instance, Channel, TIM_CCxN_DISABLE);
 682:Drivers/STM32F4xx_HAL_Driver/Src/stm32f4xx_hal_tim_ex.c **** 
 683:Drivers/STM32F4xx_HAL_Driver/Src/stm32f4xx_hal_tim_ex.c ****   /* Disable the Main Output */
 684:Drivers/STM32F4xx_HAL_Driver/Src/stm32f4xx_hal_tim_ex.c ****   __HAL_TIM_MOE_DISABLE(htim);
 685:Drivers/STM32F4xx_HAL_Driver/Src/stm32f4xx_hal_tim_ex.c **** 
 686:Drivers/STM32F4xx_HAL_Driver/Src/stm32f4xx_hal_tim_ex.c ****   /* Disable the Peripheral */
 687:Drivers/STM32F4xx_HAL_Driver/Src/stm32f4xx_hal_tim_ex.c ****   __HAL_TIM_DISABLE(htim);
 688:Drivers/STM32F4xx_HAL_Driver/Src/stm32f4xx_hal_tim_ex.c **** 
 689:Drivers/STM32F4xx_HAL_Driver/Src/stm32f4xx_hal_tim_ex.c ****   /* Set the TIM complementary channel state */
 690:Drivers/STM32F4xx_HAL_Driver/Src/stm32f4xx_hal_tim_ex.c ****   TIM_CHANNEL_N_STATE_SET(htim, Channel, HAL_TIM_CHANNEL_STATE_READY);
 691:Drivers/STM32F4xx_HAL_Driver/Src/stm32f4xx_hal_tim_ex.c **** 
 692:Drivers/STM32F4xx_HAL_Driver/Src/stm32f4xx_hal_tim_ex.c ****   /* Return function status */
 693:Drivers/STM32F4xx_HAL_Driver/Src/stm32f4xx_hal_tim_ex.c ****   return HAL_OK;
 694:Drivers/STM32F4xx_HAL_Driver/Src/stm32f4xx_hal_tim_ex.c **** }
 695:Drivers/STM32F4xx_HAL_Driver/Src/stm32f4xx_hal_tim_ex.c **** 
 696:Drivers/STM32F4xx_HAL_Driver/Src/stm32f4xx_hal_tim_ex.c **** /**
 697:Drivers/STM32F4xx_HAL_Driver/Src/stm32f4xx_hal_tim_ex.c ****   * @brief  Starts the TIM Output Compare signal generation in interrupt mode
 698:Drivers/STM32F4xx_HAL_Driver/Src/stm32f4xx_hal_tim_ex.c ****   *         on the complementary output.
 699:Drivers/STM32F4xx_HAL_Driver/Src/stm32f4xx_hal_tim_ex.c ****   * @param  htim TIM OC handle
 700:Drivers/STM32F4xx_HAL_Driver/Src/stm32f4xx_hal_tim_ex.c ****   * @param  Channel TIM Channel to be enabled
 701:Drivers/STM32F4xx_HAL_Driver/Src/stm32f4xx_hal_tim_ex.c ****   *          This parameter can be one of the following values:
 702:Drivers/STM32F4xx_HAL_Driver/Src/stm32f4xx_hal_tim_ex.c ****   *            @arg TIM_CHANNEL_1: TIM Channel 1 selected
 703:Drivers/STM32F4xx_HAL_Driver/Src/stm32f4xx_hal_tim_ex.c ****   *            @arg TIM_CHANNEL_2: TIM Channel 2 selected
 704:Drivers/STM32F4xx_HAL_Driver/Src/stm32f4xx_hal_tim_ex.c ****   *            @arg TIM_CHANNEL_3: TIM Channel 3 selected
 705:Drivers/STM32F4xx_HAL_Driver/Src/stm32f4xx_hal_tim_ex.c ****   * @retval HAL status
 706:Drivers/STM32F4xx_HAL_Driver/Src/stm32f4xx_hal_tim_ex.c ****   */
 707:Drivers/STM32F4xx_HAL_Driver/Src/stm32f4xx_hal_tim_ex.c **** HAL_StatusTypeDef HAL_TIMEx_OCN_Start_IT(TIM_HandleTypeDef *htim, uint32_t Channel)
 708:Drivers/STM32F4xx_HAL_Driver/Src/stm32f4xx_hal_tim_ex.c **** {
 709:Drivers/STM32F4xx_HAL_Driver/Src/stm32f4xx_hal_tim_ex.c ****   HAL_StatusTypeDef status = HAL_OK;
 710:Drivers/STM32F4xx_HAL_Driver/Src/stm32f4xx_hal_tim_ex.c ****   uint32_t tmpsmcr;
 711:Drivers/STM32F4xx_HAL_Driver/Src/stm32f4xx_hal_tim_ex.c **** 
 712:Drivers/STM32F4xx_HAL_Driver/Src/stm32f4xx_hal_tim_ex.c ****   /* Check the parameters */
 713:Drivers/STM32F4xx_HAL_Driver/Src/stm32f4xx_hal_tim_ex.c ****   assert_param(IS_TIM_CCXN_INSTANCE(htim->Instance, Channel));
 714:Drivers/STM32F4xx_HAL_Driver/Src/stm32f4xx_hal_tim_ex.c **** 
 715:Drivers/STM32F4xx_HAL_Driver/Src/stm32f4xx_hal_tim_ex.c ****   /* Check the TIM complementary channel state */
 716:Drivers/STM32F4xx_HAL_Driver/Src/stm32f4xx_hal_tim_ex.c ****   if (TIM_CHANNEL_N_STATE_GET(htim, Channel) != HAL_TIM_CHANNEL_STATE_READY)
ARM GAS  /tmp/cczycJk4.s 			page 14


 717:Drivers/STM32F4xx_HAL_Driver/Src/stm32f4xx_hal_tim_ex.c ****   {
 718:Drivers/STM32F4xx_HAL_Driver/Src/stm32f4xx_hal_tim_ex.c ****     return HAL_ERROR;
 719:Drivers/STM32F4xx_HAL_Driver/Src/stm32f4xx_hal_tim_ex.c ****   }
 720:Drivers/STM32F4xx_HAL_Driver/Src/stm32f4xx_hal_tim_ex.c **** 
 721:Drivers/STM32F4xx_HAL_Driver/Src/stm32f4xx_hal_tim_ex.c ****   /* Set the TIM complementary channel state */
 722:Drivers/STM32F4xx_HAL_Driver/Src/stm32f4xx_hal_tim_ex.c ****   TIM_CHANNEL_N_STATE_SET(htim, Channel, HAL_TIM_CHANNEL_STATE_BUSY);
 723:Drivers/STM32F4xx_HAL_Driver/Src/stm32f4xx_hal_tim_ex.c **** 
 724:Drivers/STM32F4xx_HAL_Driver/Src/stm32f4xx_hal_tim_ex.c ****   switch (Channel)
 725:Drivers/STM32F4xx_HAL_Driver/Src/stm32f4xx_hal_tim_ex.c ****   {
 726:Drivers/STM32F4xx_HAL_Driver/Src/stm32f4xx_hal_tim_ex.c ****     case TIM_CHANNEL_1:
 727:Drivers/STM32F4xx_HAL_Driver/Src/stm32f4xx_hal_tim_ex.c ****     {
 728:Drivers/STM32F4xx_HAL_Driver/Src/stm32f4xx_hal_tim_ex.c ****       /* Enable the TIM Output Compare interrupt */
 729:Drivers/STM32F4xx_HAL_Driver/Src/stm32f4xx_hal_tim_ex.c ****       __HAL_TIM_ENABLE_IT(htim, TIM_IT_CC1);
 730:Drivers/STM32F4xx_HAL_Driver/Src/stm32f4xx_hal_tim_ex.c ****       break;
 731:Drivers/STM32F4xx_HAL_Driver/Src/stm32f4xx_hal_tim_ex.c ****     }
 732:Drivers/STM32F4xx_HAL_Driver/Src/stm32f4xx_hal_tim_ex.c **** 
 733:Drivers/STM32F4xx_HAL_Driver/Src/stm32f4xx_hal_tim_ex.c ****     case TIM_CHANNEL_2:
 734:Drivers/STM32F4xx_HAL_Driver/Src/stm32f4xx_hal_tim_ex.c ****     {
 735:Drivers/STM32F4xx_HAL_Driver/Src/stm32f4xx_hal_tim_ex.c ****       /* Enable the TIM Output Compare interrupt */
 736:Drivers/STM32F4xx_HAL_Driver/Src/stm32f4xx_hal_tim_ex.c ****       __HAL_TIM_ENABLE_IT(htim, TIM_IT_CC2);
 737:Drivers/STM32F4xx_HAL_Driver/Src/stm32f4xx_hal_tim_ex.c ****       break;
 738:Drivers/STM32F4xx_HAL_Driver/Src/stm32f4xx_hal_tim_ex.c ****     }
 739:Drivers/STM32F4xx_HAL_Driver/Src/stm32f4xx_hal_tim_ex.c **** 
 740:Drivers/STM32F4xx_HAL_Driver/Src/stm32f4xx_hal_tim_ex.c ****     case TIM_CHANNEL_3:
 741:Drivers/STM32F4xx_HAL_Driver/Src/stm32f4xx_hal_tim_ex.c ****     {
 742:Drivers/STM32F4xx_HAL_Driver/Src/stm32f4xx_hal_tim_ex.c ****       /* Enable the TIM Output Compare interrupt */
 743:Drivers/STM32F4xx_HAL_Driver/Src/stm32f4xx_hal_tim_ex.c ****       __HAL_TIM_ENABLE_IT(htim, TIM_IT_CC3);
 744:Drivers/STM32F4xx_HAL_Driver/Src/stm32f4xx_hal_tim_ex.c ****       break;
 745:Drivers/STM32F4xx_HAL_Driver/Src/stm32f4xx_hal_tim_ex.c ****     }
 746:Drivers/STM32F4xx_HAL_Driver/Src/stm32f4xx_hal_tim_ex.c **** 
 747:Drivers/STM32F4xx_HAL_Driver/Src/stm32f4xx_hal_tim_ex.c **** 
 748:Drivers/STM32F4xx_HAL_Driver/Src/stm32f4xx_hal_tim_ex.c ****     default:
 749:Drivers/STM32F4xx_HAL_Driver/Src/stm32f4xx_hal_tim_ex.c ****       status = HAL_ERROR;
 750:Drivers/STM32F4xx_HAL_Driver/Src/stm32f4xx_hal_tim_ex.c ****       break;
 751:Drivers/STM32F4xx_HAL_Driver/Src/stm32f4xx_hal_tim_ex.c ****   }
 752:Drivers/STM32F4xx_HAL_Driver/Src/stm32f4xx_hal_tim_ex.c **** 
 753:Drivers/STM32F4xx_HAL_Driver/Src/stm32f4xx_hal_tim_ex.c ****   if (status == HAL_OK)
 754:Drivers/STM32F4xx_HAL_Driver/Src/stm32f4xx_hal_tim_ex.c ****   {
 755:Drivers/STM32F4xx_HAL_Driver/Src/stm32f4xx_hal_tim_ex.c ****     /* Enable the TIM Break interrupt */
 756:Drivers/STM32F4xx_HAL_Driver/Src/stm32f4xx_hal_tim_ex.c ****     __HAL_TIM_ENABLE_IT(htim, TIM_IT_BREAK);
 757:Drivers/STM32F4xx_HAL_Driver/Src/stm32f4xx_hal_tim_ex.c **** 
 758:Drivers/STM32F4xx_HAL_Driver/Src/stm32f4xx_hal_tim_ex.c ****     /* Enable the Capture compare channel N */
 759:Drivers/STM32F4xx_HAL_Driver/Src/stm32f4xx_hal_tim_ex.c ****     TIM_CCxNChannelCmd(htim->Instance, Channel, TIM_CCxN_ENABLE);
 760:Drivers/STM32F4xx_HAL_Driver/Src/stm32f4xx_hal_tim_ex.c **** 
 761:Drivers/STM32F4xx_HAL_Driver/Src/stm32f4xx_hal_tim_ex.c ****     /* Enable the Main Output */
 762:Drivers/STM32F4xx_HAL_Driver/Src/stm32f4xx_hal_tim_ex.c ****     __HAL_TIM_MOE_ENABLE(htim);
 763:Drivers/STM32F4xx_HAL_Driver/Src/stm32f4xx_hal_tim_ex.c **** 
 764:Drivers/STM32F4xx_HAL_Driver/Src/stm32f4xx_hal_tim_ex.c ****     /* Enable the Peripheral, except in trigger mode where enable is automatically done with trigge
 765:Drivers/STM32F4xx_HAL_Driver/Src/stm32f4xx_hal_tim_ex.c ****     if (IS_TIM_SLAVE_INSTANCE(htim->Instance))
 766:Drivers/STM32F4xx_HAL_Driver/Src/stm32f4xx_hal_tim_ex.c ****     {
 767:Drivers/STM32F4xx_HAL_Driver/Src/stm32f4xx_hal_tim_ex.c ****       tmpsmcr = htim->Instance->SMCR & TIM_SMCR_SMS;
 768:Drivers/STM32F4xx_HAL_Driver/Src/stm32f4xx_hal_tim_ex.c ****       if (!IS_TIM_SLAVEMODE_TRIGGER_ENABLED(tmpsmcr))
 769:Drivers/STM32F4xx_HAL_Driver/Src/stm32f4xx_hal_tim_ex.c ****       {
 770:Drivers/STM32F4xx_HAL_Driver/Src/stm32f4xx_hal_tim_ex.c ****         __HAL_TIM_ENABLE(htim);
 771:Drivers/STM32F4xx_HAL_Driver/Src/stm32f4xx_hal_tim_ex.c ****       }
 772:Drivers/STM32F4xx_HAL_Driver/Src/stm32f4xx_hal_tim_ex.c ****     }
 773:Drivers/STM32F4xx_HAL_Driver/Src/stm32f4xx_hal_tim_ex.c ****     else
ARM GAS  /tmp/cczycJk4.s 			page 15


 774:Drivers/STM32F4xx_HAL_Driver/Src/stm32f4xx_hal_tim_ex.c ****     {
 775:Drivers/STM32F4xx_HAL_Driver/Src/stm32f4xx_hal_tim_ex.c ****       __HAL_TIM_ENABLE(htim);
 776:Drivers/STM32F4xx_HAL_Driver/Src/stm32f4xx_hal_tim_ex.c ****     }
 777:Drivers/STM32F4xx_HAL_Driver/Src/stm32f4xx_hal_tim_ex.c ****   }
 778:Drivers/STM32F4xx_HAL_Driver/Src/stm32f4xx_hal_tim_ex.c **** 
 779:Drivers/STM32F4xx_HAL_Driver/Src/stm32f4xx_hal_tim_ex.c ****   /* Return function status */
 780:Drivers/STM32F4xx_HAL_Driver/Src/stm32f4xx_hal_tim_ex.c ****   return status;
 781:Drivers/STM32F4xx_HAL_Driver/Src/stm32f4xx_hal_tim_ex.c **** }
 782:Drivers/STM32F4xx_HAL_Driver/Src/stm32f4xx_hal_tim_ex.c **** 
 783:Drivers/STM32F4xx_HAL_Driver/Src/stm32f4xx_hal_tim_ex.c **** /**
 784:Drivers/STM32F4xx_HAL_Driver/Src/stm32f4xx_hal_tim_ex.c ****   * @brief  Stops the TIM Output Compare signal generation in interrupt mode
 785:Drivers/STM32F4xx_HAL_Driver/Src/stm32f4xx_hal_tim_ex.c ****   *         on the complementary output.
 786:Drivers/STM32F4xx_HAL_Driver/Src/stm32f4xx_hal_tim_ex.c ****   * @param  htim TIM Output Compare handle
 787:Drivers/STM32F4xx_HAL_Driver/Src/stm32f4xx_hal_tim_ex.c ****   * @param  Channel TIM Channel to be disabled
 788:Drivers/STM32F4xx_HAL_Driver/Src/stm32f4xx_hal_tim_ex.c ****   *          This parameter can be one of the following values:
 789:Drivers/STM32F4xx_HAL_Driver/Src/stm32f4xx_hal_tim_ex.c ****   *            @arg TIM_CHANNEL_1: TIM Channel 1 selected
 790:Drivers/STM32F4xx_HAL_Driver/Src/stm32f4xx_hal_tim_ex.c ****   *            @arg TIM_CHANNEL_2: TIM Channel 2 selected
 791:Drivers/STM32F4xx_HAL_Driver/Src/stm32f4xx_hal_tim_ex.c ****   *            @arg TIM_CHANNEL_3: TIM Channel 3 selected
 792:Drivers/STM32F4xx_HAL_Driver/Src/stm32f4xx_hal_tim_ex.c ****   * @retval HAL status
 793:Drivers/STM32F4xx_HAL_Driver/Src/stm32f4xx_hal_tim_ex.c ****   */
 794:Drivers/STM32F4xx_HAL_Driver/Src/stm32f4xx_hal_tim_ex.c **** HAL_StatusTypeDef HAL_TIMEx_OCN_Stop_IT(TIM_HandleTypeDef *htim, uint32_t Channel)
 795:Drivers/STM32F4xx_HAL_Driver/Src/stm32f4xx_hal_tim_ex.c **** {
 796:Drivers/STM32F4xx_HAL_Driver/Src/stm32f4xx_hal_tim_ex.c ****   HAL_StatusTypeDef status = HAL_OK;
 797:Drivers/STM32F4xx_HAL_Driver/Src/stm32f4xx_hal_tim_ex.c ****   uint32_t tmpccer;
 798:Drivers/STM32F4xx_HAL_Driver/Src/stm32f4xx_hal_tim_ex.c **** 
 799:Drivers/STM32F4xx_HAL_Driver/Src/stm32f4xx_hal_tim_ex.c ****   /* Check the parameters */
 800:Drivers/STM32F4xx_HAL_Driver/Src/stm32f4xx_hal_tim_ex.c ****   assert_param(IS_TIM_CCXN_INSTANCE(htim->Instance, Channel));
 801:Drivers/STM32F4xx_HAL_Driver/Src/stm32f4xx_hal_tim_ex.c **** 
 802:Drivers/STM32F4xx_HAL_Driver/Src/stm32f4xx_hal_tim_ex.c ****   switch (Channel)
 803:Drivers/STM32F4xx_HAL_Driver/Src/stm32f4xx_hal_tim_ex.c ****   {
 804:Drivers/STM32F4xx_HAL_Driver/Src/stm32f4xx_hal_tim_ex.c ****     case TIM_CHANNEL_1:
 805:Drivers/STM32F4xx_HAL_Driver/Src/stm32f4xx_hal_tim_ex.c ****     {
 806:Drivers/STM32F4xx_HAL_Driver/Src/stm32f4xx_hal_tim_ex.c ****       /* Disable the TIM Output Compare interrupt */
 807:Drivers/STM32F4xx_HAL_Driver/Src/stm32f4xx_hal_tim_ex.c ****       __HAL_TIM_DISABLE_IT(htim, TIM_IT_CC1);
 808:Drivers/STM32F4xx_HAL_Driver/Src/stm32f4xx_hal_tim_ex.c ****       break;
 809:Drivers/STM32F4xx_HAL_Driver/Src/stm32f4xx_hal_tim_ex.c ****     }
 810:Drivers/STM32F4xx_HAL_Driver/Src/stm32f4xx_hal_tim_ex.c **** 
 811:Drivers/STM32F4xx_HAL_Driver/Src/stm32f4xx_hal_tim_ex.c ****     case TIM_CHANNEL_2:
 812:Drivers/STM32F4xx_HAL_Driver/Src/stm32f4xx_hal_tim_ex.c ****     {
 813:Drivers/STM32F4xx_HAL_Driver/Src/stm32f4xx_hal_tim_ex.c ****       /* Disable the TIM Output Compare interrupt */
 814:Drivers/STM32F4xx_HAL_Driver/Src/stm32f4xx_hal_tim_ex.c ****       __HAL_TIM_DISABLE_IT(htim, TIM_IT_CC2);
 815:Drivers/STM32F4xx_HAL_Driver/Src/stm32f4xx_hal_tim_ex.c ****       break;
 816:Drivers/STM32F4xx_HAL_Driver/Src/stm32f4xx_hal_tim_ex.c ****     }
 817:Drivers/STM32F4xx_HAL_Driver/Src/stm32f4xx_hal_tim_ex.c **** 
 818:Drivers/STM32F4xx_HAL_Driver/Src/stm32f4xx_hal_tim_ex.c ****     case TIM_CHANNEL_3:
 819:Drivers/STM32F4xx_HAL_Driver/Src/stm32f4xx_hal_tim_ex.c ****     {
 820:Drivers/STM32F4xx_HAL_Driver/Src/stm32f4xx_hal_tim_ex.c ****       /* Disable the TIM Output Compare interrupt */
 821:Drivers/STM32F4xx_HAL_Driver/Src/stm32f4xx_hal_tim_ex.c ****       __HAL_TIM_DISABLE_IT(htim, TIM_IT_CC3);
 822:Drivers/STM32F4xx_HAL_Driver/Src/stm32f4xx_hal_tim_ex.c ****       break;
 823:Drivers/STM32F4xx_HAL_Driver/Src/stm32f4xx_hal_tim_ex.c ****     }
 824:Drivers/STM32F4xx_HAL_Driver/Src/stm32f4xx_hal_tim_ex.c **** 
 825:Drivers/STM32F4xx_HAL_Driver/Src/stm32f4xx_hal_tim_ex.c ****     default:
 826:Drivers/STM32F4xx_HAL_Driver/Src/stm32f4xx_hal_tim_ex.c ****       status = HAL_ERROR;
 827:Drivers/STM32F4xx_HAL_Driver/Src/stm32f4xx_hal_tim_ex.c ****       break;
 828:Drivers/STM32F4xx_HAL_Driver/Src/stm32f4xx_hal_tim_ex.c ****   }
 829:Drivers/STM32F4xx_HAL_Driver/Src/stm32f4xx_hal_tim_ex.c **** 
 830:Drivers/STM32F4xx_HAL_Driver/Src/stm32f4xx_hal_tim_ex.c ****   if (status == HAL_OK)
ARM GAS  /tmp/cczycJk4.s 			page 16


 831:Drivers/STM32F4xx_HAL_Driver/Src/stm32f4xx_hal_tim_ex.c ****   {
 832:Drivers/STM32F4xx_HAL_Driver/Src/stm32f4xx_hal_tim_ex.c ****     /* Disable the Capture compare channel N */
 833:Drivers/STM32F4xx_HAL_Driver/Src/stm32f4xx_hal_tim_ex.c ****     TIM_CCxNChannelCmd(htim->Instance, Channel, TIM_CCxN_DISABLE);
 834:Drivers/STM32F4xx_HAL_Driver/Src/stm32f4xx_hal_tim_ex.c **** 
 835:Drivers/STM32F4xx_HAL_Driver/Src/stm32f4xx_hal_tim_ex.c ****     /* Disable the TIM Break interrupt (only if no more channel is active) */
 836:Drivers/STM32F4xx_HAL_Driver/Src/stm32f4xx_hal_tim_ex.c ****     tmpccer = htim->Instance->CCER;
 837:Drivers/STM32F4xx_HAL_Driver/Src/stm32f4xx_hal_tim_ex.c ****     if ((tmpccer & (TIM_CCER_CC1NE | TIM_CCER_CC2NE | TIM_CCER_CC3NE)) == (uint32_t)RESET)
 838:Drivers/STM32F4xx_HAL_Driver/Src/stm32f4xx_hal_tim_ex.c ****     {
 839:Drivers/STM32F4xx_HAL_Driver/Src/stm32f4xx_hal_tim_ex.c ****       __HAL_TIM_DISABLE_IT(htim, TIM_IT_BREAK);
 840:Drivers/STM32F4xx_HAL_Driver/Src/stm32f4xx_hal_tim_ex.c ****     }
 841:Drivers/STM32F4xx_HAL_Driver/Src/stm32f4xx_hal_tim_ex.c **** 
 842:Drivers/STM32F4xx_HAL_Driver/Src/stm32f4xx_hal_tim_ex.c ****     /* Disable the Main Output */
 843:Drivers/STM32F4xx_HAL_Driver/Src/stm32f4xx_hal_tim_ex.c ****     __HAL_TIM_MOE_DISABLE(htim);
 844:Drivers/STM32F4xx_HAL_Driver/Src/stm32f4xx_hal_tim_ex.c **** 
 845:Drivers/STM32F4xx_HAL_Driver/Src/stm32f4xx_hal_tim_ex.c ****     /* Disable the Peripheral */
 846:Drivers/STM32F4xx_HAL_Driver/Src/stm32f4xx_hal_tim_ex.c ****     __HAL_TIM_DISABLE(htim);
 847:Drivers/STM32F4xx_HAL_Driver/Src/stm32f4xx_hal_tim_ex.c **** 
 848:Drivers/STM32F4xx_HAL_Driver/Src/stm32f4xx_hal_tim_ex.c ****     /* Set the TIM complementary channel state */
 849:Drivers/STM32F4xx_HAL_Driver/Src/stm32f4xx_hal_tim_ex.c ****     TIM_CHANNEL_N_STATE_SET(htim, Channel, HAL_TIM_CHANNEL_STATE_READY);
 850:Drivers/STM32F4xx_HAL_Driver/Src/stm32f4xx_hal_tim_ex.c ****   }
 851:Drivers/STM32F4xx_HAL_Driver/Src/stm32f4xx_hal_tim_ex.c **** 
 852:Drivers/STM32F4xx_HAL_Driver/Src/stm32f4xx_hal_tim_ex.c ****   /* Return function status */
 853:Drivers/STM32F4xx_HAL_Driver/Src/stm32f4xx_hal_tim_ex.c ****   return status;
 854:Drivers/STM32F4xx_HAL_Driver/Src/stm32f4xx_hal_tim_ex.c **** }
 855:Drivers/STM32F4xx_HAL_Driver/Src/stm32f4xx_hal_tim_ex.c **** 
 856:Drivers/STM32F4xx_HAL_Driver/Src/stm32f4xx_hal_tim_ex.c **** /**
 857:Drivers/STM32F4xx_HAL_Driver/Src/stm32f4xx_hal_tim_ex.c ****   * @brief  Starts the TIM Output Compare signal generation in DMA mode
 858:Drivers/STM32F4xx_HAL_Driver/Src/stm32f4xx_hal_tim_ex.c ****   *         on the complementary output.
 859:Drivers/STM32F4xx_HAL_Driver/Src/stm32f4xx_hal_tim_ex.c ****   * @param  htim TIM Output Compare handle
 860:Drivers/STM32F4xx_HAL_Driver/Src/stm32f4xx_hal_tim_ex.c ****   * @param  Channel TIM Channel to be enabled
 861:Drivers/STM32F4xx_HAL_Driver/Src/stm32f4xx_hal_tim_ex.c ****   *          This parameter can be one of the following values:
 862:Drivers/STM32F4xx_HAL_Driver/Src/stm32f4xx_hal_tim_ex.c ****   *            @arg TIM_CHANNEL_1: TIM Channel 1 selected
 863:Drivers/STM32F4xx_HAL_Driver/Src/stm32f4xx_hal_tim_ex.c ****   *            @arg TIM_CHANNEL_2: TIM Channel 2 selected
 864:Drivers/STM32F4xx_HAL_Driver/Src/stm32f4xx_hal_tim_ex.c ****   *            @arg TIM_CHANNEL_3: TIM Channel 3 selected
 865:Drivers/STM32F4xx_HAL_Driver/Src/stm32f4xx_hal_tim_ex.c ****   * @param  pData The source Buffer address.
 866:Drivers/STM32F4xx_HAL_Driver/Src/stm32f4xx_hal_tim_ex.c ****   * @param  Length The length of data to be transferred from memory to TIM peripheral
 867:Drivers/STM32F4xx_HAL_Driver/Src/stm32f4xx_hal_tim_ex.c ****   * @retval HAL status
 868:Drivers/STM32F4xx_HAL_Driver/Src/stm32f4xx_hal_tim_ex.c ****   */
 869:Drivers/STM32F4xx_HAL_Driver/Src/stm32f4xx_hal_tim_ex.c **** HAL_StatusTypeDef HAL_TIMEx_OCN_Start_DMA(TIM_HandleTypeDef *htim, uint32_t Channel, uint32_t *pDat
 870:Drivers/STM32F4xx_HAL_Driver/Src/stm32f4xx_hal_tim_ex.c **** {
 871:Drivers/STM32F4xx_HAL_Driver/Src/stm32f4xx_hal_tim_ex.c ****   HAL_StatusTypeDef status = HAL_OK;
 872:Drivers/STM32F4xx_HAL_Driver/Src/stm32f4xx_hal_tim_ex.c ****   uint32_t tmpsmcr;
 873:Drivers/STM32F4xx_HAL_Driver/Src/stm32f4xx_hal_tim_ex.c **** 
 874:Drivers/STM32F4xx_HAL_Driver/Src/stm32f4xx_hal_tim_ex.c ****   /* Check the parameters */
 875:Drivers/STM32F4xx_HAL_Driver/Src/stm32f4xx_hal_tim_ex.c ****   assert_param(IS_TIM_CCXN_INSTANCE(htim->Instance, Channel));
 876:Drivers/STM32F4xx_HAL_Driver/Src/stm32f4xx_hal_tim_ex.c **** 
 877:Drivers/STM32F4xx_HAL_Driver/Src/stm32f4xx_hal_tim_ex.c ****   /* Set the TIM complementary channel state */
 878:Drivers/STM32F4xx_HAL_Driver/Src/stm32f4xx_hal_tim_ex.c ****   if (TIM_CHANNEL_N_STATE_GET(htim, Channel) == HAL_TIM_CHANNEL_STATE_BUSY)
 879:Drivers/STM32F4xx_HAL_Driver/Src/stm32f4xx_hal_tim_ex.c ****   {
 880:Drivers/STM32F4xx_HAL_Driver/Src/stm32f4xx_hal_tim_ex.c ****     return HAL_BUSY;
 881:Drivers/STM32F4xx_HAL_Driver/Src/stm32f4xx_hal_tim_ex.c ****   }
 882:Drivers/STM32F4xx_HAL_Driver/Src/stm32f4xx_hal_tim_ex.c ****   else if (TIM_CHANNEL_N_STATE_GET(htim, Channel) == HAL_TIM_CHANNEL_STATE_READY)
 883:Drivers/STM32F4xx_HAL_Driver/Src/stm32f4xx_hal_tim_ex.c ****   {
 884:Drivers/STM32F4xx_HAL_Driver/Src/stm32f4xx_hal_tim_ex.c ****     if ((pData == NULL) && (Length > 0U))
 885:Drivers/STM32F4xx_HAL_Driver/Src/stm32f4xx_hal_tim_ex.c ****     {
 886:Drivers/STM32F4xx_HAL_Driver/Src/stm32f4xx_hal_tim_ex.c ****       return HAL_ERROR;
 887:Drivers/STM32F4xx_HAL_Driver/Src/stm32f4xx_hal_tim_ex.c ****     }
ARM GAS  /tmp/cczycJk4.s 			page 17


 888:Drivers/STM32F4xx_HAL_Driver/Src/stm32f4xx_hal_tim_ex.c ****     else
 889:Drivers/STM32F4xx_HAL_Driver/Src/stm32f4xx_hal_tim_ex.c ****     {
 890:Drivers/STM32F4xx_HAL_Driver/Src/stm32f4xx_hal_tim_ex.c ****       TIM_CHANNEL_N_STATE_SET(htim, Channel, HAL_TIM_CHANNEL_STATE_BUSY);
 891:Drivers/STM32F4xx_HAL_Driver/Src/stm32f4xx_hal_tim_ex.c ****     }
 892:Drivers/STM32F4xx_HAL_Driver/Src/stm32f4xx_hal_tim_ex.c ****   }
 893:Drivers/STM32F4xx_HAL_Driver/Src/stm32f4xx_hal_tim_ex.c ****   else
 894:Drivers/STM32F4xx_HAL_Driver/Src/stm32f4xx_hal_tim_ex.c ****   {
 895:Drivers/STM32F4xx_HAL_Driver/Src/stm32f4xx_hal_tim_ex.c ****     return HAL_ERROR;
 896:Drivers/STM32F4xx_HAL_Driver/Src/stm32f4xx_hal_tim_ex.c ****   }
 897:Drivers/STM32F4xx_HAL_Driver/Src/stm32f4xx_hal_tim_ex.c **** 
 898:Drivers/STM32F4xx_HAL_Driver/Src/stm32f4xx_hal_tim_ex.c ****   switch (Channel)
 899:Drivers/STM32F4xx_HAL_Driver/Src/stm32f4xx_hal_tim_ex.c ****   {
 900:Drivers/STM32F4xx_HAL_Driver/Src/stm32f4xx_hal_tim_ex.c ****     case TIM_CHANNEL_1:
 901:Drivers/STM32F4xx_HAL_Driver/Src/stm32f4xx_hal_tim_ex.c ****     {
 902:Drivers/STM32F4xx_HAL_Driver/Src/stm32f4xx_hal_tim_ex.c ****       /* Set the DMA compare callbacks */
 903:Drivers/STM32F4xx_HAL_Driver/Src/stm32f4xx_hal_tim_ex.c ****       htim->hdma[TIM_DMA_ID_CC1]->XferCpltCallback = TIM_DMADelayPulseNCplt;
 904:Drivers/STM32F4xx_HAL_Driver/Src/stm32f4xx_hal_tim_ex.c ****       htim->hdma[TIM_DMA_ID_CC1]->XferHalfCpltCallback = TIM_DMADelayPulseHalfCplt;
 905:Drivers/STM32F4xx_HAL_Driver/Src/stm32f4xx_hal_tim_ex.c **** 
 906:Drivers/STM32F4xx_HAL_Driver/Src/stm32f4xx_hal_tim_ex.c ****       /* Set the DMA error callback */
 907:Drivers/STM32F4xx_HAL_Driver/Src/stm32f4xx_hal_tim_ex.c ****       htim->hdma[TIM_DMA_ID_CC1]->XferErrorCallback = TIM_DMAErrorCCxN ;
 908:Drivers/STM32F4xx_HAL_Driver/Src/stm32f4xx_hal_tim_ex.c **** 
 909:Drivers/STM32F4xx_HAL_Driver/Src/stm32f4xx_hal_tim_ex.c ****       /* Enable the DMA stream */
 910:Drivers/STM32F4xx_HAL_Driver/Src/stm32f4xx_hal_tim_ex.c ****       if (HAL_DMA_Start_IT(htim->hdma[TIM_DMA_ID_CC1], (uint32_t)pData, (uint32_t)&htim->Instance->
 911:Drivers/STM32F4xx_HAL_Driver/Src/stm32f4xx_hal_tim_ex.c ****                            Length) != HAL_OK)
 912:Drivers/STM32F4xx_HAL_Driver/Src/stm32f4xx_hal_tim_ex.c ****       {
 913:Drivers/STM32F4xx_HAL_Driver/Src/stm32f4xx_hal_tim_ex.c ****         /* Return error status */
 914:Drivers/STM32F4xx_HAL_Driver/Src/stm32f4xx_hal_tim_ex.c ****         return HAL_ERROR;
 915:Drivers/STM32F4xx_HAL_Driver/Src/stm32f4xx_hal_tim_ex.c ****       }
 916:Drivers/STM32F4xx_HAL_Driver/Src/stm32f4xx_hal_tim_ex.c ****       /* Enable the TIM Output Compare DMA request */
 917:Drivers/STM32F4xx_HAL_Driver/Src/stm32f4xx_hal_tim_ex.c ****       __HAL_TIM_ENABLE_DMA(htim, TIM_DMA_CC1);
 918:Drivers/STM32F4xx_HAL_Driver/Src/stm32f4xx_hal_tim_ex.c ****       break;
 919:Drivers/STM32F4xx_HAL_Driver/Src/stm32f4xx_hal_tim_ex.c ****     }
 920:Drivers/STM32F4xx_HAL_Driver/Src/stm32f4xx_hal_tim_ex.c **** 
 921:Drivers/STM32F4xx_HAL_Driver/Src/stm32f4xx_hal_tim_ex.c ****     case TIM_CHANNEL_2:
 922:Drivers/STM32F4xx_HAL_Driver/Src/stm32f4xx_hal_tim_ex.c ****     {
 923:Drivers/STM32F4xx_HAL_Driver/Src/stm32f4xx_hal_tim_ex.c ****       /* Set the DMA compare callbacks */
 924:Drivers/STM32F4xx_HAL_Driver/Src/stm32f4xx_hal_tim_ex.c ****       htim->hdma[TIM_DMA_ID_CC2]->XferCpltCallback = TIM_DMADelayPulseNCplt;
 925:Drivers/STM32F4xx_HAL_Driver/Src/stm32f4xx_hal_tim_ex.c ****       htim->hdma[TIM_DMA_ID_CC2]->XferHalfCpltCallback = TIM_DMADelayPulseHalfCplt;
 926:Drivers/STM32F4xx_HAL_Driver/Src/stm32f4xx_hal_tim_ex.c **** 
 927:Drivers/STM32F4xx_HAL_Driver/Src/stm32f4xx_hal_tim_ex.c ****       /* Set the DMA error callback */
 928:Drivers/STM32F4xx_HAL_Driver/Src/stm32f4xx_hal_tim_ex.c ****       htim->hdma[TIM_DMA_ID_CC2]->XferErrorCallback = TIM_DMAErrorCCxN ;
 929:Drivers/STM32F4xx_HAL_Driver/Src/stm32f4xx_hal_tim_ex.c **** 
 930:Drivers/STM32F4xx_HAL_Driver/Src/stm32f4xx_hal_tim_ex.c ****       /* Enable the DMA stream */
 931:Drivers/STM32F4xx_HAL_Driver/Src/stm32f4xx_hal_tim_ex.c ****       if (HAL_DMA_Start_IT(htim->hdma[TIM_DMA_ID_CC2], (uint32_t)pData, (uint32_t)&htim->Instance->
 932:Drivers/STM32F4xx_HAL_Driver/Src/stm32f4xx_hal_tim_ex.c ****                            Length) != HAL_OK)
 933:Drivers/STM32F4xx_HAL_Driver/Src/stm32f4xx_hal_tim_ex.c ****       {
 934:Drivers/STM32F4xx_HAL_Driver/Src/stm32f4xx_hal_tim_ex.c ****         /* Return error status */
 935:Drivers/STM32F4xx_HAL_Driver/Src/stm32f4xx_hal_tim_ex.c ****         return HAL_ERROR;
 936:Drivers/STM32F4xx_HAL_Driver/Src/stm32f4xx_hal_tim_ex.c ****       }
 937:Drivers/STM32F4xx_HAL_Driver/Src/stm32f4xx_hal_tim_ex.c ****       /* Enable the TIM Output Compare DMA request */
 938:Drivers/STM32F4xx_HAL_Driver/Src/stm32f4xx_hal_tim_ex.c ****       __HAL_TIM_ENABLE_DMA(htim, TIM_DMA_CC2);
 939:Drivers/STM32F4xx_HAL_Driver/Src/stm32f4xx_hal_tim_ex.c ****       break;
 940:Drivers/STM32F4xx_HAL_Driver/Src/stm32f4xx_hal_tim_ex.c ****     }
 941:Drivers/STM32F4xx_HAL_Driver/Src/stm32f4xx_hal_tim_ex.c **** 
 942:Drivers/STM32F4xx_HAL_Driver/Src/stm32f4xx_hal_tim_ex.c ****     case TIM_CHANNEL_3:
 943:Drivers/STM32F4xx_HAL_Driver/Src/stm32f4xx_hal_tim_ex.c ****     {
 944:Drivers/STM32F4xx_HAL_Driver/Src/stm32f4xx_hal_tim_ex.c ****       /* Set the DMA compare callbacks */
ARM GAS  /tmp/cczycJk4.s 			page 18


 945:Drivers/STM32F4xx_HAL_Driver/Src/stm32f4xx_hal_tim_ex.c ****       htim->hdma[TIM_DMA_ID_CC3]->XferCpltCallback = TIM_DMADelayPulseNCplt;
 946:Drivers/STM32F4xx_HAL_Driver/Src/stm32f4xx_hal_tim_ex.c ****       htim->hdma[TIM_DMA_ID_CC3]->XferHalfCpltCallback = TIM_DMADelayPulseHalfCplt;
 947:Drivers/STM32F4xx_HAL_Driver/Src/stm32f4xx_hal_tim_ex.c **** 
 948:Drivers/STM32F4xx_HAL_Driver/Src/stm32f4xx_hal_tim_ex.c ****       /* Set the DMA error callback */
 949:Drivers/STM32F4xx_HAL_Driver/Src/stm32f4xx_hal_tim_ex.c ****       htim->hdma[TIM_DMA_ID_CC3]->XferErrorCallback = TIM_DMAErrorCCxN ;
 950:Drivers/STM32F4xx_HAL_Driver/Src/stm32f4xx_hal_tim_ex.c **** 
 951:Drivers/STM32F4xx_HAL_Driver/Src/stm32f4xx_hal_tim_ex.c ****       /* Enable the DMA stream */
 952:Drivers/STM32F4xx_HAL_Driver/Src/stm32f4xx_hal_tim_ex.c ****       if (HAL_DMA_Start_IT(htim->hdma[TIM_DMA_ID_CC3], (uint32_t)pData, (uint32_t)&htim->Instance->
 953:Drivers/STM32F4xx_HAL_Driver/Src/stm32f4xx_hal_tim_ex.c ****                            Length) != HAL_OK)
 954:Drivers/STM32F4xx_HAL_Driver/Src/stm32f4xx_hal_tim_ex.c ****       {
 955:Drivers/STM32F4xx_HAL_Driver/Src/stm32f4xx_hal_tim_ex.c ****         /* Return error status */
 956:Drivers/STM32F4xx_HAL_Driver/Src/stm32f4xx_hal_tim_ex.c ****         return HAL_ERROR;
 957:Drivers/STM32F4xx_HAL_Driver/Src/stm32f4xx_hal_tim_ex.c ****       }
 958:Drivers/STM32F4xx_HAL_Driver/Src/stm32f4xx_hal_tim_ex.c ****       /* Enable the TIM Output Compare DMA request */
 959:Drivers/STM32F4xx_HAL_Driver/Src/stm32f4xx_hal_tim_ex.c ****       __HAL_TIM_ENABLE_DMA(htim, TIM_DMA_CC3);
 960:Drivers/STM32F4xx_HAL_Driver/Src/stm32f4xx_hal_tim_ex.c ****       break;
 961:Drivers/STM32F4xx_HAL_Driver/Src/stm32f4xx_hal_tim_ex.c ****     }
 962:Drivers/STM32F4xx_HAL_Driver/Src/stm32f4xx_hal_tim_ex.c **** 
 963:Drivers/STM32F4xx_HAL_Driver/Src/stm32f4xx_hal_tim_ex.c ****     default:
 964:Drivers/STM32F4xx_HAL_Driver/Src/stm32f4xx_hal_tim_ex.c ****       status = HAL_ERROR;
 965:Drivers/STM32F4xx_HAL_Driver/Src/stm32f4xx_hal_tim_ex.c ****       break;
 966:Drivers/STM32F4xx_HAL_Driver/Src/stm32f4xx_hal_tim_ex.c ****   }
 967:Drivers/STM32F4xx_HAL_Driver/Src/stm32f4xx_hal_tim_ex.c **** 
 968:Drivers/STM32F4xx_HAL_Driver/Src/stm32f4xx_hal_tim_ex.c ****   if (status == HAL_OK)
 969:Drivers/STM32F4xx_HAL_Driver/Src/stm32f4xx_hal_tim_ex.c ****   {
 970:Drivers/STM32F4xx_HAL_Driver/Src/stm32f4xx_hal_tim_ex.c ****     /* Enable the Capture compare channel N */
 971:Drivers/STM32F4xx_HAL_Driver/Src/stm32f4xx_hal_tim_ex.c ****     TIM_CCxNChannelCmd(htim->Instance, Channel, TIM_CCxN_ENABLE);
 972:Drivers/STM32F4xx_HAL_Driver/Src/stm32f4xx_hal_tim_ex.c **** 
 973:Drivers/STM32F4xx_HAL_Driver/Src/stm32f4xx_hal_tim_ex.c ****     /* Enable the Main Output */
 974:Drivers/STM32F4xx_HAL_Driver/Src/stm32f4xx_hal_tim_ex.c ****     __HAL_TIM_MOE_ENABLE(htim);
 975:Drivers/STM32F4xx_HAL_Driver/Src/stm32f4xx_hal_tim_ex.c **** 
 976:Drivers/STM32F4xx_HAL_Driver/Src/stm32f4xx_hal_tim_ex.c ****     /* Enable the Peripheral, except in trigger mode where enable is automatically done with trigge
 977:Drivers/STM32F4xx_HAL_Driver/Src/stm32f4xx_hal_tim_ex.c ****     if (IS_TIM_SLAVE_INSTANCE(htim->Instance))
 978:Drivers/STM32F4xx_HAL_Driver/Src/stm32f4xx_hal_tim_ex.c ****     {
 979:Drivers/STM32F4xx_HAL_Driver/Src/stm32f4xx_hal_tim_ex.c ****       tmpsmcr = htim->Instance->SMCR & TIM_SMCR_SMS;
 980:Drivers/STM32F4xx_HAL_Driver/Src/stm32f4xx_hal_tim_ex.c ****       if (!IS_TIM_SLAVEMODE_TRIGGER_ENABLED(tmpsmcr))
 981:Drivers/STM32F4xx_HAL_Driver/Src/stm32f4xx_hal_tim_ex.c ****       {
 982:Drivers/STM32F4xx_HAL_Driver/Src/stm32f4xx_hal_tim_ex.c ****         __HAL_TIM_ENABLE(htim);
 983:Drivers/STM32F4xx_HAL_Driver/Src/stm32f4xx_hal_tim_ex.c ****       }
 984:Drivers/STM32F4xx_HAL_Driver/Src/stm32f4xx_hal_tim_ex.c ****     }
 985:Drivers/STM32F4xx_HAL_Driver/Src/stm32f4xx_hal_tim_ex.c ****     else
 986:Drivers/STM32F4xx_HAL_Driver/Src/stm32f4xx_hal_tim_ex.c ****     {
 987:Drivers/STM32F4xx_HAL_Driver/Src/stm32f4xx_hal_tim_ex.c ****       __HAL_TIM_ENABLE(htim);
 988:Drivers/STM32F4xx_HAL_Driver/Src/stm32f4xx_hal_tim_ex.c ****     }
 989:Drivers/STM32F4xx_HAL_Driver/Src/stm32f4xx_hal_tim_ex.c ****   }
 990:Drivers/STM32F4xx_HAL_Driver/Src/stm32f4xx_hal_tim_ex.c **** 
 991:Drivers/STM32F4xx_HAL_Driver/Src/stm32f4xx_hal_tim_ex.c ****   /* Return function status */
 992:Drivers/STM32F4xx_HAL_Driver/Src/stm32f4xx_hal_tim_ex.c ****   return status;
 993:Drivers/STM32F4xx_HAL_Driver/Src/stm32f4xx_hal_tim_ex.c **** }
 994:Drivers/STM32F4xx_HAL_Driver/Src/stm32f4xx_hal_tim_ex.c **** 
 995:Drivers/STM32F4xx_HAL_Driver/Src/stm32f4xx_hal_tim_ex.c **** /**
 996:Drivers/STM32F4xx_HAL_Driver/Src/stm32f4xx_hal_tim_ex.c ****   * @brief  Stops the TIM Output Compare signal generation in DMA mode
 997:Drivers/STM32F4xx_HAL_Driver/Src/stm32f4xx_hal_tim_ex.c ****   *         on the complementary output.
 998:Drivers/STM32F4xx_HAL_Driver/Src/stm32f4xx_hal_tim_ex.c ****   * @param  htim TIM Output Compare handle
 999:Drivers/STM32F4xx_HAL_Driver/Src/stm32f4xx_hal_tim_ex.c ****   * @param  Channel TIM Channel to be disabled
1000:Drivers/STM32F4xx_HAL_Driver/Src/stm32f4xx_hal_tim_ex.c ****   *          This parameter can be one of the following values:
1001:Drivers/STM32F4xx_HAL_Driver/Src/stm32f4xx_hal_tim_ex.c ****   *            @arg TIM_CHANNEL_1: TIM Channel 1 selected
ARM GAS  /tmp/cczycJk4.s 			page 19


1002:Drivers/STM32F4xx_HAL_Driver/Src/stm32f4xx_hal_tim_ex.c ****   *            @arg TIM_CHANNEL_2: TIM Channel 2 selected
1003:Drivers/STM32F4xx_HAL_Driver/Src/stm32f4xx_hal_tim_ex.c ****   *            @arg TIM_CHANNEL_3: TIM Channel 3 selected
1004:Drivers/STM32F4xx_HAL_Driver/Src/stm32f4xx_hal_tim_ex.c ****   * @retval HAL status
1005:Drivers/STM32F4xx_HAL_Driver/Src/stm32f4xx_hal_tim_ex.c ****   */
1006:Drivers/STM32F4xx_HAL_Driver/Src/stm32f4xx_hal_tim_ex.c **** HAL_StatusTypeDef HAL_TIMEx_OCN_Stop_DMA(TIM_HandleTypeDef *htim, uint32_t Channel)
1007:Drivers/STM32F4xx_HAL_Driver/Src/stm32f4xx_hal_tim_ex.c **** {
1008:Drivers/STM32F4xx_HAL_Driver/Src/stm32f4xx_hal_tim_ex.c ****   HAL_StatusTypeDef status = HAL_OK;
1009:Drivers/STM32F4xx_HAL_Driver/Src/stm32f4xx_hal_tim_ex.c **** 
1010:Drivers/STM32F4xx_HAL_Driver/Src/stm32f4xx_hal_tim_ex.c ****   /* Check the parameters */
1011:Drivers/STM32F4xx_HAL_Driver/Src/stm32f4xx_hal_tim_ex.c ****   assert_param(IS_TIM_CCXN_INSTANCE(htim->Instance, Channel));
1012:Drivers/STM32F4xx_HAL_Driver/Src/stm32f4xx_hal_tim_ex.c **** 
1013:Drivers/STM32F4xx_HAL_Driver/Src/stm32f4xx_hal_tim_ex.c ****   switch (Channel)
1014:Drivers/STM32F4xx_HAL_Driver/Src/stm32f4xx_hal_tim_ex.c ****   {
1015:Drivers/STM32F4xx_HAL_Driver/Src/stm32f4xx_hal_tim_ex.c ****     case TIM_CHANNEL_1:
1016:Drivers/STM32F4xx_HAL_Driver/Src/stm32f4xx_hal_tim_ex.c ****     {
1017:Drivers/STM32F4xx_HAL_Driver/Src/stm32f4xx_hal_tim_ex.c ****       /* Disable the TIM Output Compare DMA request */
1018:Drivers/STM32F4xx_HAL_Driver/Src/stm32f4xx_hal_tim_ex.c ****       __HAL_TIM_DISABLE_DMA(htim, TIM_DMA_CC1);
1019:Drivers/STM32F4xx_HAL_Driver/Src/stm32f4xx_hal_tim_ex.c ****       (void)HAL_DMA_Abort_IT(htim->hdma[TIM_DMA_ID_CC1]);
1020:Drivers/STM32F4xx_HAL_Driver/Src/stm32f4xx_hal_tim_ex.c ****       break;
1021:Drivers/STM32F4xx_HAL_Driver/Src/stm32f4xx_hal_tim_ex.c ****     }
1022:Drivers/STM32F4xx_HAL_Driver/Src/stm32f4xx_hal_tim_ex.c **** 
1023:Drivers/STM32F4xx_HAL_Driver/Src/stm32f4xx_hal_tim_ex.c ****     case TIM_CHANNEL_2:
1024:Drivers/STM32F4xx_HAL_Driver/Src/stm32f4xx_hal_tim_ex.c ****     {
1025:Drivers/STM32F4xx_HAL_Driver/Src/stm32f4xx_hal_tim_ex.c ****       /* Disable the TIM Output Compare DMA request */
1026:Drivers/STM32F4xx_HAL_Driver/Src/stm32f4xx_hal_tim_ex.c ****       __HAL_TIM_DISABLE_DMA(htim, TIM_DMA_CC2);
1027:Drivers/STM32F4xx_HAL_Driver/Src/stm32f4xx_hal_tim_ex.c ****       (void)HAL_DMA_Abort_IT(htim->hdma[TIM_DMA_ID_CC2]);
1028:Drivers/STM32F4xx_HAL_Driver/Src/stm32f4xx_hal_tim_ex.c ****       break;
1029:Drivers/STM32F4xx_HAL_Driver/Src/stm32f4xx_hal_tim_ex.c ****     }
1030:Drivers/STM32F4xx_HAL_Driver/Src/stm32f4xx_hal_tim_ex.c **** 
1031:Drivers/STM32F4xx_HAL_Driver/Src/stm32f4xx_hal_tim_ex.c ****     case TIM_CHANNEL_3:
1032:Drivers/STM32F4xx_HAL_Driver/Src/stm32f4xx_hal_tim_ex.c ****     {
1033:Drivers/STM32F4xx_HAL_Driver/Src/stm32f4xx_hal_tim_ex.c ****       /* Disable the TIM Output Compare DMA request */
1034:Drivers/STM32F4xx_HAL_Driver/Src/stm32f4xx_hal_tim_ex.c ****       __HAL_TIM_DISABLE_DMA(htim, TIM_DMA_CC3);
1035:Drivers/STM32F4xx_HAL_Driver/Src/stm32f4xx_hal_tim_ex.c ****       (void)HAL_DMA_Abort_IT(htim->hdma[TIM_DMA_ID_CC3]);
1036:Drivers/STM32F4xx_HAL_Driver/Src/stm32f4xx_hal_tim_ex.c ****       break;
1037:Drivers/STM32F4xx_HAL_Driver/Src/stm32f4xx_hal_tim_ex.c ****     }
1038:Drivers/STM32F4xx_HAL_Driver/Src/stm32f4xx_hal_tim_ex.c **** 
1039:Drivers/STM32F4xx_HAL_Driver/Src/stm32f4xx_hal_tim_ex.c ****     default:
1040:Drivers/STM32F4xx_HAL_Driver/Src/stm32f4xx_hal_tim_ex.c ****       status = HAL_ERROR;
1041:Drivers/STM32F4xx_HAL_Driver/Src/stm32f4xx_hal_tim_ex.c ****       break;
1042:Drivers/STM32F4xx_HAL_Driver/Src/stm32f4xx_hal_tim_ex.c ****   }
1043:Drivers/STM32F4xx_HAL_Driver/Src/stm32f4xx_hal_tim_ex.c **** 
1044:Drivers/STM32F4xx_HAL_Driver/Src/stm32f4xx_hal_tim_ex.c ****   if (status == HAL_OK)
1045:Drivers/STM32F4xx_HAL_Driver/Src/stm32f4xx_hal_tim_ex.c ****   {
1046:Drivers/STM32F4xx_HAL_Driver/Src/stm32f4xx_hal_tim_ex.c ****     /* Disable the Capture compare channel N */
1047:Drivers/STM32F4xx_HAL_Driver/Src/stm32f4xx_hal_tim_ex.c ****     TIM_CCxNChannelCmd(htim->Instance, Channel, TIM_CCxN_DISABLE);
1048:Drivers/STM32F4xx_HAL_Driver/Src/stm32f4xx_hal_tim_ex.c **** 
1049:Drivers/STM32F4xx_HAL_Driver/Src/stm32f4xx_hal_tim_ex.c ****     /* Disable the Main Output */
1050:Drivers/STM32F4xx_HAL_Driver/Src/stm32f4xx_hal_tim_ex.c ****     __HAL_TIM_MOE_DISABLE(htim);
1051:Drivers/STM32F4xx_HAL_Driver/Src/stm32f4xx_hal_tim_ex.c **** 
1052:Drivers/STM32F4xx_HAL_Driver/Src/stm32f4xx_hal_tim_ex.c ****     /* Disable the Peripheral */
1053:Drivers/STM32F4xx_HAL_Driver/Src/stm32f4xx_hal_tim_ex.c ****     __HAL_TIM_DISABLE(htim);
1054:Drivers/STM32F4xx_HAL_Driver/Src/stm32f4xx_hal_tim_ex.c **** 
1055:Drivers/STM32F4xx_HAL_Driver/Src/stm32f4xx_hal_tim_ex.c ****     /* Set the TIM complementary channel state */
1056:Drivers/STM32F4xx_HAL_Driver/Src/stm32f4xx_hal_tim_ex.c ****     TIM_CHANNEL_N_STATE_SET(htim, Channel, HAL_TIM_CHANNEL_STATE_READY);
1057:Drivers/STM32F4xx_HAL_Driver/Src/stm32f4xx_hal_tim_ex.c ****   }
1058:Drivers/STM32F4xx_HAL_Driver/Src/stm32f4xx_hal_tim_ex.c **** 
ARM GAS  /tmp/cczycJk4.s 			page 20


1059:Drivers/STM32F4xx_HAL_Driver/Src/stm32f4xx_hal_tim_ex.c ****   /* Return function status */
1060:Drivers/STM32F4xx_HAL_Driver/Src/stm32f4xx_hal_tim_ex.c ****   return status;
1061:Drivers/STM32F4xx_HAL_Driver/Src/stm32f4xx_hal_tim_ex.c **** }
1062:Drivers/STM32F4xx_HAL_Driver/Src/stm32f4xx_hal_tim_ex.c **** 
1063:Drivers/STM32F4xx_HAL_Driver/Src/stm32f4xx_hal_tim_ex.c **** /**
1064:Drivers/STM32F4xx_HAL_Driver/Src/stm32f4xx_hal_tim_ex.c ****   * @}
1065:Drivers/STM32F4xx_HAL_Driver/Src/stm32f4xx_hal_tim_ex.c ****   */
1066:Drivers/STM32F4xx_HAL_Driver/Src/stm32f4xx_hal_tim_ex.c **** 
1067:Drivers/STM32F4xx_HAL_Driver/Src/stm32f4xx_hal_tim_ex.c **** /** @defgroup TIMEx_Exported_Functions_Group3 Extended Timer Complementary PWM functions
1068:Drivers/STM32F4xx_HAL_Driver/Src/stm32f4xx_hal_tim_ex.c ****   * @brief    Timer Complementary PWM functions
1069:Drivers/STM32F4xx_HAL_Driver/Src/stm32f4xx_hal_tim_ex.c ****   *
1070:Drivers/STM32F4xx_HAL_Driver/Src/stm32f4xx_hal_tim_ex.c **** @verbatim
1071:Drivers/STM32F4xx_HAL_Driver/Src/stm32f4xx_hal_tim_ex.c ****   ==============================================================================
1072:Drivers/STM32F4xx_HAL_Driver/Src/stm32f4xx_hal_tim_ex.c ****                  ##### Timer Complementary PWM functions #####
1073:Drivers/STM32F4xx_HAL_Driver/Src/stm32f4xx_hal_tim_ex.c ****   ==============================================================================
1074:Drivers/STM32F4xx_HAL_Driver/Src/stm32f4xx_hal_tim_ex.c ****   [..]
1075:Drivers/STM32F4xx_HAL_Driver/Src/stm32f4xx_hal_tim_ex.c ****     This section provides functions allowing to:
1076:Drivers/STM32F4xx_HAL_Driver/Src/stm32f4xx_hal_tim_ex.c ****     (+) Start the Complementary PWM.
1077:Drivers/STM32F4xx_HAL_Driver/Src/stm32f4xx_hal_tim_ex.c ****     (+) Stop the Complementary PWM.
1078:Drivers/STM32F4xx_HAL_Driver/Src/stm32f4xx_hal_tim_ex.c ****     (+) Start the Complementary PWM and enable interrupts.
1079:Drivers/STM32F4xx_HAL_Driver/Src/stm32f4xx_hal_tim_ex.c ****     (+) Stop the Complementary PWM and disable interrupts.
1080:Drivers/STM32F4xx_HAL_Driver/Src/stm32f4xx_hal_tim_ex.c ****     (+) Start the Complementary PWM and enable DMA transfers.
1081:Drivers/STM32F4xx_HAL_Driver/Src/stm32f4xx_hal_tim_ex.c ****     (+) Stop the Complementary PWM and disable DMA transfers.
1082:Drivers/STM32F4xx_HAL_Driver/Src/stm32f4xx_hal_tim_ex.c ****     (+) Start the Complementary Input Capture measurement.
1083:Drivers/STM32F4xx_HAL_Driver/Src/stm32f4xx_hal_tim_ex.c ****     (+) Stop the Complementary Input Capture.
1084:Drivers/STM32F4xx_HAL_Driver/Src/stm32f4xx_hal_tim_ex.c ****     (+) Start the Complementary Input Capture and enable interrupts.
1085:Drivers/STM32F4xx_HAL_Driver/Src/stm32f4xx_hal_tim_ex.c ****     (+) Stop the Complementary Input Capture and disable interrupts.
1086:Drivers/STM32F4xx_HAL_Driver/Src/stm32f4xx_hal_tim_ex.c ****     (+) Start the Complementary Input Capture and enable DMA transfers.
1087:Drivers/STM32F4xx_HAL_Driver/Src/stm32f4xx_hal_tim_ex.c ****     (+) Stop the Complementary Input Capture and disable DMA transfers.
1088:Drivers/STM32F4xx_HAL_Driver/Src/stm32f4xx_hal_tim_ex.c ****     (+) Start the Complementary One Pulse generation.
1089:Drivers/STM32F4xx_HAL_Driver/Src/stm32f4xx_hal_tim_ex.c ****     (+) Stop the Complementary One Pulse.
1090:Drivers/STM32F4xx_HAL_Driver/Src/stm32f4xx_hal_tim_ex.c ****     (+) Start the Complementary One Pulse and enable interrupts.
1091:Drivers/STM32F4xx_HAL_Driver/Src/stm32f4xx_hal_tim_ex.c ****     (+) Stop the Complementary One Pulse and disable interrupts.
1092:Drivers/STM32F4xx_HAL_Driver/Src/stm32f4xx_hal_tim_ex.c **** 
1093:Drivers/STM32F4xx_HAL_Driver/Src/stm32f4xx_hal_tim_ex.c **** @endverbatim
1094:Drivers/STM32F4xx_HAL_Driver/Src/stm32f4xx_hal_tim_ex.c ****   * @{
1095:Drivers/STM32F4xx_HAL_Driver/Src/stm32f4xx_hal_tim_ex.c ****   */
1096:Drivers/STM32F4xx_HAL_Driver/Src/stm32f4xx_hal_tim_ex.c **** 
1097:Drivers/STM32F4xx_HAL_Driver/Src/stm32f4xx_hal_tim_ex.c **** /**
1098:Drivers/STM32F4xx_HAL_Driver/Src/stm32f4xx_hal_tim_ex.c ****   * @brief  Starts the PWM signal generation on the complementary output.
1099:Drivers/STM32F4xx_HAL_Driver/Src/stm32f4xx_hal_tim_ex.c ****   * @param  htim TIM handle
1100:Drivers/STM32F4xx_HAL_Driver/Src/stm32f4xx_hal_tim_ex.c ****   * @param  Channel TIM Channel to be enabled
1101:Drivers/STM32F4xx_HAL_Driver/Src/stm32f4xx_hal_tim_ex.c ****   *          This parameter can be one of the following values:
1102:Drivers/STM32F4xx_HAL_Driver/Src/stm32f4xx_hal_tim_ex.c ****   *            @arg TIM_CHANNEL_1: TIM Channel 1 selected
1103:Drivers/STM32F4xx_HAL_Driver/Src/stm32f4xx_hal_tim_ex.c ****   *            @arg TIM_CHANNEL_2: TIM Channel 2 selected
1104:Drivers/STM32F4xx_HAL_Driver/Src/stm32f4xx_hal_tim_ex.c ****   *            @arg TIM_CHANNEL_3: TIM Channel 3 selected
1105:Drivers/STM32F4xx_HAL_Driver/Src/stm32f4xx_hal_tim_ex.c ****   * @retval HAL status
1106:Drivers/STM32F4xx_HAL_Driver/Src/stm32f4xx_hal_tim_ex.c ****   */
1107:Drivers/STM32F4xx_HAL_Driver/Src/stm32f4xx_hal_tim_ex.c **** HAL_StatusTypeDef HAL_TIMEx_PWMN_Start(TIM_HandleTypeDef *htim, uint32_t Channel)
1108:Drivers/STM32F4xx_HAL_Driver/Src/stm32f4xx_hal_tim_ex.c **** {
1109:Drivers/STM32F4xx_HAL_Driver/Src/stm32f4xx_hal_tim_ex.c ****   uint32_t tmpsmcr;
1110:Drivers/STM32F4xx_HAL_Driver/Src/stm32f4xx_hal_tim_ex.c **** 
1111:Drivers/STM32F4xx_HAL_Driver/Src/stm32f4xx_hal_tim_ex.c ****   /* Check the parameters */
1112:Drivers/STM32F4xx_HAL_Driver/Src/stm32f4xx_hal_tim_ex.c ****   assert_param(IS_TIM_CCXN_INSTANCE(htim->Instance, Channel));
1113:Drivers/STM32F4xx_HAL_Driver/Src/stm32f4xx_hal_tim_ex.c **** 
1114:Drivers/STM32F4xx_HAL_Driver/Src/stm32f4xx_hal_tim_ex.c ****   /* Check the TIM complementary channel state */
1115:Drivers/STM32F4xx_HAL_Driver/Src/stm32f4xx_hal_tim_ex.c ****   if (TIM_CHANNEL_N_STATE_GET(htim, Channel) != HAL_TIM_CHANNEL_STATE_READY)
ARM GAS  /tmp/cczycJk4.s 			page 21


1116:Drivers/STM32F4xx_HAL_Driver/Src/stm32f4xx_hal_tim_ex.c ****   {
1117:Drivers/STM32F4xx_HAL_Driver/Src/stm32f4xx_hal_tim_ex.c ****     return HAL_ERROR;
1118:Drivers/STM32F4xx_HAL_Driver/Src/stm32f4xx_hal_tim_ex.c ****   }
1119:Drivers/STM32F4xx_HAL_Driver/Src/stm32f4xx_hal_tim_ex.c **** 
1120:Drivers/STM32F4xx_HAL_Driver/Src/stm32f4xx_hal_tim_ex.c ****   /* Set the TIM complementary channel state */
1121:Drivers/STM32F4xx_HAL_Driver/Src/stm32f4xx_hal_tim_ex.c ****   TIM_CHANNEL_N_STATE_SET(htim, Channel, HAL_TIM_CHANNEL_STATE_BUSY);
1122:Drivers/STM32F4xx_HAL_Driver/Src/stm32f4xx_hal_tim_ex.c **** 
1123:Drivers/STM32F4xx_HAL_Driver/Src/stm32f4xx_hal_tim_ex.c ****   /* Enable the complementary PWM output  */
1124:Drivers/STM32F4xx_HAL_Driver/Src/stm32f4xx_hal_tim_ex.c ****   TIM_CCxNChannelCmd(htim->Instance, Channel, TIM_CCxN_ENABLE);
1125:Drivers/STM32F4xx_HAL_Driver/Src/stm32f4xx_hal_tim_ex.c **** 
1126:Drivers/STM32F4xx_HAL_Driver/Src/stm32f4xx_hal_tim_ex.c ****   /* Enable the Main Output */
1127:Drivers/STM32F4xx_HAL_Driver/Src/stm32f4xx_hal_tim_ex.c ****   __HAL_TIM_MOE_ENABLE(htim);
1128:Drivers/STM32F4xx_HAL_Driver/Src/stm32f4xx_hal_tim_ex.c **** 
1129:Drivers/STM32F4xx_HAL_Driver/Src/stm32f4xx_hal_tim_ex.c ****   /* Enable the Peripheral, except in trigger mode where enable is automatically done with trigger 
1130:Drivers/STM32F4xx_HAL_Driver/Src/stm32f4xx_hal_tim_ex.c ****   if (IS_TIM_SLAVE_INSTANCE(htim->Instance))
1131:Drivers/STM32F4xx_HAL_Driver/Src/stm32f4xx_hal_tim_ex.c ****   {
1132:Drivers/STM32F4xx_HAL_Driver/Src/stm32f4xx_hal_tim_ex.c ****     tmpsmcr = htim->Instance->SMCR & TIM_SMCR_SMS;
1133:Drivers/STM32F4xx_HAL_Driver/Src/stm32f4xx_hal_tim_ex.c ****     if (!IS_TIM_SLAVEMODE_TRIGGER_ENABLED(tmpsmcr))
1134:Drivers/STM32F4xx_HAL_Driver/Src/stm32f4xx_hal_tim_ex.c ****     {
1135:Drivers/STM32F4xx_HAL_Driver/Src/stm32f4xx_hal_tim_ex.c ****       __HAL_TIM_ENABLE(htim);
1136:Drivers/STM32F4xx_HAL_Driver/Src/stm32f4xx_hal_tim_ex.c ****     }
1137:Drivers/STM32F4xx_HAL_Driver/Src/stm32f4xx_hal_tim_ex.c ****   }
1138:Drivers/STM32F4xx_HAL_Driver/Src/stm32f4xx_hal_tim_ex.c ****   else
1139:Drivers/STM32F4xx_HAL_Driver/Src/stm32f4xx_hal_tim_ex.c ****   {
1140:Drivers/STM32F4xx_HAL_Driver/Src/stm32f4xx_hal_tim_ex.c ****     __HAL_TIM_ENABLE(htim);
1141:Drivers/STM32F4xx_HAL_Driver/Src/stm32f4xx_hal_tim_ex.c ****   }
1142:Drivers/STM32F4xx_HAL_Driver/Src/stm32f4xx_hal_tim_ex.c **** 
1143:Drivers/STM32F4xx_HAL_Driver/Src/stm32f4xx_hal_tim_ex.c ****   /* Return function status */
1144:Drivers/STM32F4xx_HAL_Driver/Src/stm32f4xx_hal_tim_ex.c ****   return HAL_OK;
1145:Drivers/STM32F4xx_HAL_Driver/Src/stm32f4xx_hal_tim_ex.c **** }
1146:Drivers/STM32F4xx_HAL_Driver/Src/stm32f4xx_hal_tim_ex.c **** 
1147:Drivers/STM32F4xx_HAL_Driver/Src/stm32f4xx_hal_tim_ex.c **** /**
1148:Drivers/STM32F4xx_HAL_Driver/Src/stm32f4xx_hal_tim_ex.c ****   * @brief  Stops the PWM signal generation on the complementary output.
1149:Drivers/STM32F4xx_HAL_Driver/Src/stm32f4xx_hal_tim_ex.c ****   * @param  htim TIM handle
1150:Drivers/STM32F4xx_HAL_Driver/Src/stm32f4xx_hal_tim_ex.c ****   * @param  Channel TIM Channel to be disabled
1151:Drivers/STM32F4xx_HAL_Driver/Src/stm32f4xx_hal_tim_ex.c ****   *          This parameter can be one of the following values:
1152:Drivers/STM32F4xx_HAL_Driver/Src/stm32f4xx_hal_tim_ex.c ****   *            @arg TIM_CHANNEL_1: TIM Channel 1 selected
1153:Drivers/STM32F4xx_HAL_Driver/Src/stm32f4xx_hal_tim_ex.c ****   *            @arg TIM_CHANNEL_2: TIM Channel 2 selected
1154:Drivers/STM32F4xx_HAL_Driver/Src/stm32f4xx_hal_tim_ex.c ****   *            @arg TIM_CHANNEL_3: TIM Channel 3 selected
1155:Drivers/STM32F4xx_HAL_Driver/Src/stm32f4xx_hal_tim_ex.c ****   * @retval HAL status
1156:Drivers/STM32F4xx_HAL_Driver/Src/stm32f4xx_hal_tim_ex.c ****   */
1157:Drivers/STM32F4xx_HAL_Driver/Src/stm32f4xx_hal_tim_ex.c **** HAL_StatusTypeDef HAL_TIMEx_PWMN_Stop(TIM_HandleTypeDef *htim, uint32_t Channel)
1158:Drivers/STM32F4xx_HAL_Driver/Src/stm32f4xx_hal_tim_ex.c **** {
1159:Drivers/STM32F4xx_HAL_Driver/Src/stm32f4xx_hal_tim_ex.c ****   /* Check the parameters */
1160:Drivers/STM32F4xx_HAL_Driver/Src/stm32f4xx_hal_tim_ex.c ****   assert_param(IS_TIM_CCXN_INSTANCE(htim->Instance, Channel));
1161:Drivers/STM32F4xx_HAL_Driver/Src/stm32f4xx_hal_tim_ex.c **** 
1162:Drivers/STM32F4xx_HAL_Driver/Src/stm32f4xx_hal_tim_ex.c ****   /* Disable the complementary PWM output  */
1163:Drivers/STM32F4xx_HAL_Driver/Src/stm32f4xx_hal_tim_ex.c ****   TIM_CCxNChannelCmd(htim->Instance, Channel, TIM_CCxN_DISABLE);
1164:Drivers/STM32F4xx_HAL_Driver/Src/stm32f4xx_hal_tim_ex.c **** 
1165:Drivers/STM32F4xx_HAL_Driver/Src/stm32f4xx_hal_tim_ex.c ****   /* Disable the Main Output */
1166:Drivers/STM32F4xx_HAL_Driver/Src/stm32f4xx_hal_tim_ex.c ****   __HAL_TIM_MOE_DISABLE(htim);
1167:Drivers/STM32F4xx_HAL_Driver/Src/stm32f4xx_hal_tim_ex.c **** 
1168:Drivers/STM32F4xx_HAL_Driver/Src/stm32f4xx_hal_tim_ex.c ****   /* Disable the Peripheral */
1169:Drivers/STM32F4xx_HAL_Driver/Src/stm32f4xx_hal_tim_ex.c ****   __HAL_TIM_DISABLE(htim);
1170:Drivers/STM32F4xx_HAL_Driver/Src/stm32f4xx_hal_tim_ex.c **** 
1171:Drivers/STM32F4xx_HAL_Driver/Src/stm32f4xx_hal_tim_ex.c ****   /* Set the TIM complementary channel state */
1172:Drivers/STM32F4xx_HAL_Driver/Src/stm32f4xx_hal_tim_ex.c ****   TIM_CHANNEL_N_STATE_SET(htim, Channel, HAL_TIM_CHANNEL_STATE_READY);
ARM GAS  /tmp/cczycJk4.s 			page 22


1173:Drivers/STM32F4xx_HAL_Driver/Src/stm32f4xx_hal_tim_ex.c **** 
1174:Drivers/STM32F4xx_HAL_Driver/Src/stm32f4xx_hal_tim_ex.c ****   /* Return function status */
1175:Drivers/STM32F4xx_HAL_Driver/Src/stm32f4xx_hal_tim_ex.c ****   return HAL_OK;
1176:Drivers/STM32F4xx_HAL_Driver/Src/stm32f4xx_hal_tim_ex.c **** }
1177:Drivers/STM32F4xx_HAL_Driver/Src/stm32f4xx_hal_tim_ex.c **** 
1178:Drivers/STM32F4xx_HAL_Driver/Src/stm32f4xx_hal_tim_ex.c **** /**
1179:Drivers/STM32F4xx_HAL_Driver/Src/stm32f4xx_hal_tim_ex.c ****   * @brief  Starts the PWM signal generation in interrupt mode on the
1180:Drivers/STM32F4xx_HAL_Driver/Src/stm32f4xx_hal_tim_ex.c ****   *         complementary output.
1181:Drivers/STM32F4xx_HAL_Driver/Src/stm32f4xx_hal_tim_ex.c ****   * @param  htim TIM handle
1182:Drivers/STM32F4xx_HAL_Driver/Src/stm32f4xx_hal_tim_ex.c ****   * @param  Channel TIM Channel to be disabled
1183:Drivers/STM32F4xx_HAL_Driver/Src/stm32f4xx_hal_tim_ex.c ****   *          This parameter can be one of the following values:
1184:Drivers/STM32F4xx_HAL_Driver/Src/stm32f4xx_hal_tim_ex.c ****   *            @arg TIM_CHANNEL_1: TIM Channel 1 selected
1185:Drivers/STM32F4xx_HAL_Driver/Src/stm32f4xx_hal_tim_ex.c ****   *            @arg TIM_CHANNEL_2: TIM Channel 2 selected
1186:Drivers/STM32F4xx_HAL_Driver/Src/stm32f4xx_hal_tim_ex.c ****   *            @arg TIM_CHANNEL_3: TIM Channel 3 selected
1187:Drivers/STM32F4xx_HAL_Driver/Src/stm32f4xx_hal_tim_ex.c ****   * @retval HAL status
1188:Drivers/STM32F4xx_HAL_Driver/Src/stm32f4xx_hal_tim_ex.c ****   */
1189:Drivers/STM32F4xx_HAL_Driver/Src/stm32f4xx_hal_tim_ex.c **** HAL_StatusTypeDef HAL_TIMEx_PWMN_Start_IT(TIM_HandleTypeDef *htim, uint32_t Channel)
1190:Drivers/STM32F4xx_HAL_Driver/Src/stm32f4xx_hal_tim_ex.c **** {
1191:Drivers/STM32F4xx_HAL_Driver/Src/stm32f4xx_hal_tim_ex.c ****   HAL_StatusTypeDef status = HAL_OK;
1192:Drivers/STM32F4xx_HAL_Driver/Src/stm32f4xx_hal_tim_ex.c ****   uint32_t tmpsmcr;
1193:Drivers/STM32F4xx_HAL_Driver/Src/stm32f4xx_hal_tim_ex.c **** 
1194:Drivers/STM32F4xx_HAL_Driver/Src/stm32f4xx_hal_tim_ex.c ****   /* Check the parameters */
1195:Drivers/STM32F4xx_HAL_Driver/Src/stm32f4xx_hal_tim_ex.c ****   assert_param(IS_TIM_CCXN_INSTANCE(htim->Instance, Channel));
1196:Drivers/STM32F4xx_HAL_Driver/Src/stm32f4xx_hal_tim_ex.c **** 
1197:Drivers/STM32F4xx_HAL_Driver/Src/stm32f4xx_hal_tim_ex.c ****   /* Check the TIM complementary channel state */
1198:Drivers/STM32F4xx_HAL_Driver/Src/stm32f4xx_hal_tim_ex.c ****   if (TIM_CHANNEL_N_STATE_GET(htim, Channel) != HAL_TIM_CHANNEL_STATE_READY)
1199:Drivers/STM32F4xx_HAL_Driver/Src/stm32f4xx_hal_tim_ex.c ****   {
1200:Drivers/STM32F4xx_HAL_Driver/Src/stm32f4xx_hal_tim_ex.c ****     return HAL_ERROR;
1201:Drivers/STM32F4xx_HAL_Driver/Src/stm32f4xx_hal_tim_ex.c ****   }
1202:Drivers/STM32F4xx_HAL_Driver/Src/stm32f4xx_hal_tim_ex.c **** 
1203:Drivers/STM32F4xx_HAL_Driver/Src/stm32f4xx_hal_tim_ex.c ****   /* Set the TIM complementary channel state */
1204:Drivers/STM32F4xx_HAL_Driver/Src/stm32f4xx_hal_tim_ex.c ****   TIM_CHANNEL_N_STATE_SET(htim, Channel, HAL_TIM_CHANNEL_STATE_BUSY);
1205:Drivers/STM32F4xx_HAL_Driver/Src/stm32f4xx_hal_tim_ex.c **** 
1206:Drivers/STM32F4xx_HAL_Driver/Src/stm32f4xx_hal_tim_ex.c ****   switch (Channel)
1207:Drivers/STM32F4xx_HAL_Driver/Src/stm32f4xx_hal_tim_ex.c ****   {
1208:Drivers/STM32F4xx_HAL_Driver/Src/stm32f4xx_hal_tim_ex.c ****     case TIM_CHANNEL_1:
1209:Drivers/STM32F4xx_HAL_Driver/Src/stm32f4xx_hal_tim_ex.c ****     {
1210:Drivers/STM32F4xx_HAL_Driver/Src/stm32f4xx_hal_tim_ex.c ****       /* Enable the TIM Capture/Compare 1 interrupt */
1211:Drivers/STM32F4xx_HAL_Driver/Src/stm32f4xx_hal_tim_ex.c ****       __HAL_TIM_ENABLE_IT(htim, TIM_IT_CC1);
1212:Drivers/STM32F4xx_HAL_Driver/Src/stm32f4xx_hal_tim_ex.c ****       break;
1213:Drivers/STM32F4xx_HAL_Driver/Src/stm32f4xx_hal_tim_ex.c ****     }
1214:Drivers/STM32F4xx_HAL_Driver/Src/stm32f4xx_hal_tim_ex.c **** 
1215:Drivers/STM32F4xx_HAL_Driver/Src/stm32f4xx_hal_tim_ex.c ****     case TIM_CHANNEL_2:
1216:Drivers/STM32F4xx_HAL_Driver/Src/stm32f4xx_hal_tim_ex.c ****     {
1217:Drivers/STM32F4xx_HAL_Driver/Src/stm32f4xx_hal_tim_ex.c ****       /* Enable the TIM Capture/Compare 2 interrupt */
1218:Drivers/STM32F4xx_HAL_Driver/Src/stm32f4xx_hal_tim_ex.c ****       __HAL_TIM_ENABLE_IT(htim, TIM_IT_CC2);
1219:Drivers/STM32F4xx_HAL_Driver/Src/stm32f4xx_hal_tim_ex.c ****       break;
1220:Drivers/STM32F4xx_HAL_Driver/Src/stm32f4xx_hal_tim_ex.c ****     }
1221:Drivers/STM32F4xx_HAL_Driver/Src/stm32f4xx_hal_tim_ex.c **** 
1222:Drivers/STM32F4xx_HAL_Driver/Src/stm32f4xx_hal_tim_ex.c ****     case TIM_CHANNEL_3:
1223:Drivers/STM32F4xx_HAL_Driver/Src/stm32f4xx_hal_tim_ex.c ****     {
1224:Drivers/STM32F4xx_HAL_Driver/Src/stm32f4xx_hal_tim_ex.c ****       /* Enable the TIM Capture/Compare 3 interrupt */
1225:Drivers/STM32F4xx_HAL_Driver/Src/stm32f4xx_hal_tim_ex.c ****       __HAL_TIM_ENABLE_IT(htim, TIM_IT_CC3);
1226:Drivers/STM32F4xx_HAL_Driver/Src/stm32f4xx_hal_tim_ex.c ****       break;
1227:Drivers/STM32F4xx_HAL_Driver/Src/stm32f4xx_hal_tim_ex.c ****     }
1228:Drivers/STM32F4xx_HAL_Driver/Src/stm32f4xx_hal_tim_ex.c **** 
1229:Drivers/STM32F4xx_HAL_Driver/Src/stm32f4xx_hal_tim_ex.c ****     default:
ARM GAS  /tmp/cczycJk4.s 			page 23


1230:Drivers/STM32F4xx_HAL_Driver/Src/stm32f4xx_hal_tim_ex.c ****       status = HAL_ERROR;
1231:Drivers/STM32F4xx_HAL_Driver/Src/stm32f4xx_hal_tim_ex.c ****       break;
1232:Drivers/STM32F4xx_HAL_Driver/Src/stm32f4xx_hal_tim_ex.c ****   }
1233:Drivers/STM32F4xx_HAL_Driver/Src/stm32f4xx_hal_tim_ex.c **** 
1234:Drivers/STM32F4xx_HAL_Driver/Src/stm32f4xx_hal_tim_ex.c ****   if (status == HAL_OK)
1235:Drivers/STM32F4xx_HAL_Driver/Src/stm32f4xx_hal_tim_ex.c ****   {
1236:Drivers/STM32F4xx_HAL_Driver/Src/stm32f4xx_hal_tim_ex.c ****     /* Enable the TIM Break interrupt */
1237:Drivers/STM32F4xx_HAL_Driver/Src/stm32f4xx_hal_tim_ex.c ****     __HAL_TIM_ENABLE_IT(htim, TIM_IT_BREAK);
1238:Drivers/STM32F4xx_HAL_Driver/Src/stm32f4xx_hal_tim_ex.c **** 
1239:Drivers/STM32F4xx_HAL_Driver/Src/stm32f4xx_hal_tim_ex.c ****     /* Enable the complementary PWM output  */
1240:Drivers/STM32F4xx_HAL_Driver/Src/stm32f4xx_hal_tim_ex.c ****     TIM_CCxNChannelCmd(htim->Instance, Channel, TIM_CCxN_ENABLE);
1241:Drivers/STM32F4xx_HAL_Driver/Src/stm32f4xx_hal_tim_ex.c **** 
1242:Drivers/STM32F4xx_HAL_Driver/Src/stm32f4xx_hal_tim_ex.c ****     /* Enable the Main Output */
1243:Drivers/STM32F4xx_HAL_Driver/Src/stm32f4xx_hal_tim_ex.c ****     __HAL_TIM_MOE_ENABLE(htim);
1244:Drivers/STM32F4xx_HAL_Driver/Src/stm32f4xx_hal_tim_ex.c **** 
1245:Drivers/STM32F4xx_HAL_Driver/Src/stm32f4xx_hal_tim_ex.c ****     /* Enable the Peripheral, except in trigger mode where enable is automatically done with trigge
1246:Drivers/STM32F4xx_HAL_Driver/Src/stm32f4xx_hal_tim_ex.c ****     if (IS_TIM_SLAVE_INSTANCE(htim->Instance))
1247:Drivers/STM32F4xx_HAL_Driver/Src/stm32f4xx_hal_tim_ex.c ****     {
1248:Drivers/STM32F4xx_HAL_Driver/Src/stm32f4xx_hal_tim_ex.c ****       tmpsmcr = htim->Instance->SMCR & TIM_SMCR_SMS;
1249:Drivers/STM32F4xx_HAL_Driver/Src/stm32f4xx_hal_tim_ex.c ****       if (!IS_TIM_SLAVEMODE_TRIGGER_ENABLED(tmpsmcr))
1250:Drivers/STM32F4xx_HAL_Driver/Src/stm32f4xx_hal_tim_ex.c ****       {
1251:Drivers/STM32F4xx_HAL_Driver/Src/stm32f4xx_hal_tim_ex.c ****         __HAL_TIM_ENABLE(htim);
1252:Drivers/STM32F4xx_HAL_Driver/Src/stm32f4xx_hal_tim_ex.c ****       }
1253:Drivers/STM32F4xx_HAL_Driver/Src/stm32f4xx_hal_tim_ex.c ****     }
1254:Drivers/STM32F4xx_HAL_Driver/Src/stm32f4xx_hal_tim_ex.c ****     else
1255:Drivers/STM32F4xx_HAL_Driver/Src/stm32f4xx_hal_tim_ex.c ****     {
1256:Drivers/STM32F4xx_HAL_Driver/Src/stm32f4xx_hal_tim_ex.c ****       __HAL_TIM_ENABLE(htim);
1257:Drivers/STM32F4xx_HAL_Driver/Src/stm32f4xx_hal_tim_ex.c ****     }
1258:Drivers/STM32F4xx_HAL_Driver/Src/stm32f4xx_hal_tim_ex.c ****   }
1259:Drivers/STM32F4xx_HAL_Driver/Src/stm32f4xx_hal_tim_ex.c **** 
1260:Drivers/STM32F4xx_HAL_Driver/Src/stm32f4xx_hal_tim_ex.c ****   /* Return function status */
1261:Drivers/STM32F4xx_HAL_Driver/Src/stm32f4xx_hal_tim_ex.c ****   return status;
1262:Drivers/STM32F4xx_HAL_Driver/Src/stm32f4xx_hal_tim_ex.c **** }
1263:Drivers/STM32F4xx_HAL_Driver/Src/stm32f4xx_hal_tim_ex.c **** 
1264:Drivers/STM32F4xx_HAL_Driver/Src/stm32f4xx_hal_tim_ex.c **** /**
1265:Drivers/STM32F4xx_HAL_Driver/Src/stm32f4xx_hal_tim_ex.c ****   * @brief  Stops the PWM signal generation in interrupt mode on the
1266:Drivers/STM32F4xx_HAL_Driver/Src/stm32f4xx_hal_tim_ex.c ****   *         complementary output.
1267:Drivers/STM32F4xx_HAL_Driver/Src/stm32f4xx_hal_tim_ex.c ****   * @param  htim TIM handle
1268:Drivers/STM32F4xx_HAL_Driver/Src/stm32f4xx_hal_tim_ex.c ****   * @param  Channel TIM Channel to be disabled
1269:Drivers/STM32F4xx_HAL_Driver/Src/stm32f4xx_hal_tim_ex.c ****   *          This parameter can be one of the following values:
1270:Drivers/STM32F4xx_HAL_Driver/Src/stm32f4xx_hal_tim_ex.c ****   *            @arg TIM_CHANNEL_1: TIM Channel 1 selected
1271:Drivers/STM32F4xx_HAL_Driver/Src/stm32f4xx_hal_tim_ex.c ****   *            @arg TIM_CHANNEL_2: TIM Channel 2 selected
1272:Drivers/STM32F4xx_HAL_Driver/Src/stm32f4xx_hal_tim_ex.c ****   *            @arg TIM_CHANNEL_3: TIM Channel 3 selected
1273:Drivers/STM32F4xx_HAL_Driver/Src/stm32f4xx_hal_tim_ex.c ****   * @retval HAL status
1274:Drivers/STM32F4xx_HAL_Driver/Src/stm32f4xx_hal_tim_ex.c ****   */
1275:Drivers/STM32F4xx_HAL_Driver/Src/stm32f4xx_hal_tim_ex.c **** HAL_StatusTypeDef HAL_TIMEx_PWMN_Stop_IT(TIM_HandleTypeDef *htim, uint32_t Channel)
1276:Drivers/STM32F4xx_HAL_Driver/Src/stm32f4xx_hal_tim_ex.c **** {
1277:Drivers/STM32F4xx_HAL_Driver/Src/stm32f4xx_hal_tim_ex.c ****   HAL_StatusTypeDef status = HAL_OK;
1278:Drivers/STM32F4xx_HAL_Driver/Src/stm32f4xx_hal_tim_ex.c ****   uint32_t tmpccer;
1279:Drivers/STM32F4xx_HAL_Driver/Src/stm32f4xx_hal_tim_ex.c **** 
1280:Drivers/STM32F4xx_HAL_Driver/Src/stm32f4xx_hal_tim_ex.c ****   /* Check the parameters */
1281:Drivers/STM32F4xx_HAL_Driver/Src/stm32f4xx_hal_tim_ex.c ****   assert_param(IS_TIM_CCXN_INSTANCE(htim->Instance, Channel));
1282:Drivers/STM32F4xx_HAL_Driver/Src/stm32f4xx_hal_tim_ex.c **** 
1283:Drivers/STM32F4xx_HAL_Driver/Src/stm32f4xx_hal_tim_ex.c ****   switch (Channel)
1284:Drivers/STM32F4xx_HAL_Driver/Src/stm32f4xx_hal_tim_ex.c ****   {
1285:Drivers/STM32F4xx_HAL_Driver/Src/stm32f4xx_hal_tim_ex.c ****     case TIM_CHANNEL_1:
1286:Drivers/STM32F4xx_HAL_Driver/Src/stm32f4xx_hal_tim_ex.c ****     {
ARM GAS  /tmp/cczycJk4.s 			page 24


1287:Drivers/STM32F4xx_HAL_Driver/Src/stm32f4xx_hal_tim_ex.c ****       /* Disable the TIM Capture/Compare 1 interrupt */
1288:Drivers/STM32F4xx_HAL_Driver/Src/stm32f4xx_hal_tim_ex.c ****       __HAL_TIM_DISABLE_IT(htim, TIM_IT_CC1);
1289:Drivers/STM32F4xx_HAL_Driver/Src/stm32f4xx_hal_tim_ex.c ****       break;
1290:Drivers/STM32F4xx_HAL_Driver/Src/stm32f4xx_hal_tim_ex.c ****     }
1291:Drivers/STM32F4xx_HAL_Driver/Src/stm32f4xx_hal_tim_ex.c **** 
1292:Drivers/STM32F4xx_HAL_Driver/Src/stm32f4xx_hal_tim_ex.c ****     case TIM_CHANNEL_2:
1293:Drivers/STM32F4xx_HAL_Driver/Src/stm32f4xx_hal_tim_ex.c ****     {
1294:Drivers/STM32F4xx_HAL_Driver/Src/stm32f4xx_hal_tim_ex.c ****       /* Disable the TIM Capture/Compare 2 interrupt */
1295:Drivers/STM32F4xx_HAL_Driver/Src/stm32f4xx_hal_tim_ex.c ****       __HAL_TIM_DISABLE_IT(htim, TIM_IT_CC2);
1296:Drivers/STM32F4xx_HAL_Driver/Src/stm32f4xx_hal_tim_ex.c ****       break;
1297:Drivers/STM32F4xx_HAL_Driver/Src/stm32f4xx_hal_tim_ex.c ****     }
1298:Drivers/STM32F4xx_HAL_Driver/Src/stm32f4xx_hal_tim_ex.c **** 
1299:Drivers/STM32F4xx_HAL_Driver/Src/stm32f4xx_hal_tim_ex.c ****     case TIM_CHANNEL_3:
1300:Drivers/STM32F4xx_HAL_Driver/Src/stm32f4xx_hal_tim_ex.c ****     {
1301:Drivers/STM32F4xx_HAL_Driver/Src/stm32f4xx_hal_tim_ex.c ****       /* Disable the TIM Capture/Compare 3 interrupt */
1302:Drivers/STM32F4xx_HAL_Driver/Src/stm32f4xx_hal_tim_ex.c ****       __HAL_TIM_DISABLE_IT(htim, TIM_IT_CC3);
1303:Drivers/STM32F4xx_HAL_Driver/Src/stm32f4xx_hal_tim_ex.c ****       break;
1304:Drivers/STM32F4xx_HAL_Driver/Src/stm32f4xx_hal_tim_ex.c ****     }
1305:Drivers/STM32F4xx_HAL_Driver/Src/stm32f4xx_hal_tim_ex.c **** 
1306:Drivers/STM32F4xx_HAL_Driver/Src/stm32f4xx_hal_tim_ex.c ****     default:
1307:Drivers/STM32F4xx_HAL_Driver/Src/stm32f4xx_hal_tim_ex.c ****       status = HAL_ERROR;
1308:Drivers/STM32F4xx_HAL_Driver/Src/stm32f4xx_hal_tim_ex.c ****       break;
1309:Drivers/STM32F4xx_HAL_Driver/Src/stm32f4xx_hal_tim_ex.c ****   }
1310:Drivers/STM32F4xx_HAL_Driver/Src/stm32f4xx_hal_tim_ex.c **** 
1311:Drivers/STM32F4xx_HAL_Driver/Src/stm32f4xx_hal_tim_ex.c ****   if (status == HAL_OK)
1312:Drivers/STM32F4xx_HAL_Driver/Src/stm32f4xx_hal_tim_ex.c ****   {
1313:Drivers/STM32F4xx_HAL_Driver/Src/stm32f4xx_hal_tim_ex.c ****     /* Disable the complementary PWM output  */
1314:Drivers/STM32F4xx_HAL_Driver/Src/stm32f4xx_hal_tim_ex.c ****     TIM_CCxNChannelCmd(htim->Instance, Channel, TIM_CCxN_DISABLE);
1315:Drivers/STM32F4xx_HAL_Driver/Src/stm32f4xx_hal_tim_ex.c **** 
1316:Drivers/STM32F4xx_HAL_Driver/Src/stm32f4xx_hal_tim_ex.c ****     /* Disable the TIM Break interrupt (only if no more channel is active) */
1317:Drivers/STM32F4xx_HAL_Driver/Src/stm32f4xx_hal_tim_ex.c ****     tmpccer = htim->Instance->CCER;
1318:Drivers/STM32F4xx_HAL_Driver/Src/stm32f4xx_hal_tim_ex.c ****     if ((tmpccer & (TIM_CCER_CC1NE | TIM_CCER_CC2NE | TIM_CCER_CC3NE)) == (uint32_t)RESET)
1319:Drivers/STM32F4xx_HAL_Driver/Src/stm32f4xx_hal_tim_ex.c ****     {
1320:Drivers/STM32F4xx_HAL_Driver/Src/stm32f4xx_hal_tim_ex.c ****       __HAL_TIM_DISABLE_IT(htim, TIM_IT_BREAK);
1321:Drivers/STM32F4xx_HAL_Driver/Src/stm32f4xx_hal_tim_ex.c ****     }
1322:Drivers/STM32F4xx_HAL_Driver/Src/stm32f4xx_hal_tim_ex.c **** 
1323:Drivers/STM32F4xx_HAL_Driver/Src/stm32f4xx_hal_tim_ex.c ****     /* Disable the Main Output */
1324:Drivers/STM32F4xx_HAL_Driver/Src/stm32f4xx_hal_tim_ex.c ****     __HAL_TIM_MOE_DISABLE(htim);
1325:Drivers/STM32F4xx_HAL_Driver/Src/stm32f4xx_hal_tim_ex.c **** 
1326:Drivers/STM32F4xx_HAL_Driver/Src/stm32f4xx_hal_tim_ex.c ****     /* Disable the Peripheral */
1327:Drivers/STM32F4xx_HAL_Driver/Src/stm32f4xx_hal_tim_ex.c ****     __HAL_TIM_DISABLE(htim);
1328:Drivers/STM32F4xx_HAL_Driver/Src/stm32f4xx_hal_tim_ex.c **** 
1329:Drivers/STM32F4xx_HAL_Driver/Src/stm32f4xx_hal_tim_ex.c ****     /* Set the TIM complementary channel state */
1330:Drivers/STM32F4xx_HAL_Driver/Src/stm32f4xx_hal_tim_ex.c ****     TIM_CHANNEL_N_STATE_SET(htim, Channel, HAL_TIM_CHANNEL_STATE_READY);
1331:Drivers/STM32F4xx_HAL_Driver/Src/stm32f4xx_hal_tim_ex.c ****   }
1332:Drivers/STM32F4xx_HAL_Driver/Src/stm32f4xx_hal_tim_ex.c **** 
1333:Drivers/STM32F4xx_HAL_Driver/Src/stm32f4xx_hal_tim_ex.c ****   /* Return function status */
1334:Drivers/STM32F4xx_HAL_Driver/Src/stm32f4xx_hal_tim_ex.c ****   return status;
1335:Drivers/STM32F4xx_HAL_Driver/Src/stm32f4xx_hal_tim_ex.c **** }
1336:Drivers/STM32F4xx_HAL_Driver/Src/stm32f4xx_hal_tim_ex.c **** 
1337:Drivers/STM32F4xx_HAL_Driver/Src/stm32f4xx_hal_tim_ex.c **** /**
1338:Drivers/STM32F4xx_HAL_Driver/Src/stm32f4xx_hal_tim_ex.c ****   * @brief  Starts the TIM PWM signal generation in DMA mode on the
1339:Drivers/STM32F4xx_HAL_Driver/Src/stm32f4xx_hal_tim_ex.c ****   *         complementary output
1340:Drivers/STM32F4xx_HAL_Driver/Src/stm32f4xx_hal_tim_ex.c ****   * @param  htim TIM handle
1341:Drivers/STM32F4xx_HAL_Driver/Src/stm32f4xx_hal_tim_ex.c ****   * @param  Channel TIM Channel to be enabled
1342:Drivers/STM32F4xx_HAL_Driver/Src/stm32f4xx_hal_tim_ex.c ****   *          This parameter can be one of the following values:
1343:Drivers/STM32F4xx_HAL_Driver/Src/stm32f4xx_hal_tim_ex.c ****   *            @arg TIM_CHANNEL_1: TIM Channel 1 selected
ARM GAS  /tmp/cczycJk4.s 			page 25


1344:Drivers/STM32F4xx_HAL_Driver/Src/stm32f4xx_hal_tim_ex.c ****   *            @arg TIM_CHANNEL_2: TIM Channel 2 selected
1345:Drivers/STM32F4xx_HAL_Driver/Src/stm32f4xx_hal_tim_ex.c ****   *            @arg TIM_CHANNEL_3: TIM Channel 3 selected
1346:Drivers/STM32F4xx_HAL_Driver/Src/stm32f4xx_hal_tim_ex.c ****   * @param  pData The source Buffer address.
1347:Drivers/STM32F4xx_HAL_Driver/Src/stm32f4xx_hal_tim_ex.c ****   * @param  Length The length of data to be transferred from memory to TIM peripheral
1348:Drivers/STM32F4xx_HAL_Driver/Src/stm32f4xx_hal_tim_ex.c ****   * @retval HAL status
1349:Drivers/STM32F4xx_HAL_Driver/Src/stm32f4xx_hal_tim_ex.c ****   */
1350:Drivers/STM32F4xx_HAL_Driver/Src/stm32f4xx_hal_tim_ex.c **** HAL_StatusTypeDef HAL_TIMEx_PWMN_Start_DMA(TIM_HandleTypeDef *htim, uint32_t Channel, uint32_t *pDa
1351:Drivers/STM32F4xx_HAL_Driver/Src/stm32f4xx_hal_tim_ex.c **** {
1352:Drivers/STM32F4xx_HAL_Driver/Src/stm32f4xx_hal_tim_ex.c ****   HAL_StatusTypeDef status = HAL_OK;
1353:Drivers/STM32F4xx_HAL_Driver/Src/stm32f4xx_hal_tim_ex.c ****   uint32_t tmpsmcr;
1354:Drivers/STM32F4xx_HAL_Driver/Src/stm32f4xx_hal_tim_ex.c **** 
1355:Drivers/STM32F4xx_HAL_Driver/Src/stm32f4xx_hal_tim_ex.c ****   /* Check the parameters */
1356:Drivers/STM32F4xx_HAL_Driver/Src/stm32f4xx_hal_tim_ex.c ****   assert_param(IS_TIM_CCXN_INSTANCE(htim->Instance, Channel));
1357:Drivers/STM32F4xx_HAL_Driver/Src/stm32f4xx_hal_tim_ex.c **** 
1358:Drivers/STM32F4xx_HAL_Driver/Src/stm32f4xx_hal_tim_ex.c ****   /* Set the TIM complementary channel state */
1359:Drivers/STM32F4xx_HAL_Driver/Src/stm32f4xx_hal_tim_ex.c ****   if (TIM_CHANNEL_N_STATE_GET(htim, Channel) == HAL_TIM_CHANNEL_STATE_BUSY)
1360:Drivers/STM32F4xx_HAL_Driver/Src/stm32f4xx_hal_tim_ex.c ****   {
1361:Drivers/STM32F4xx_HAL_Driver/Src/stm32f4xx_hal_tim_ex.c ****     return HAL_BUSY;
1362:Drivers/STM32F4xx_HAL_Driver/Src/stm32f4xx_hal_tim_ex.c ****   }
1363:Drivers/STM32F4xx_HAL_Driver/Src/stm32f4xx_hal_tim_ex.c ****   else if (TIM_CHANNEL_N_STATE_GET(htim, Channel) == HAL_TIM_CHANNEL_STATE_READY)
1364:Drivers/STM32F4xx_HAL_Driver/Src/stm32f4xx_hal_tim_ex.c ****   {
1365:Drivers/STM32F4xx_HAL_Driver/Src/stm32f4xx_hal_tim_ex.c ****     if ((pData == NULL) && (Length > 0U))
1366:Drivers/STM32F4xx_HAL_Driver/Src/stm32f4xx_hal_tim_ex.c ****     {
1367:Drivers/STM32F4xx_HAL_Driver/Src/stm32f4xx_hal_tim_ex.c ****       return HAL_ERROR;
1368:Drivers/STM32F4xx_HAL_Driver/Src/stm32f4xx_hal_tim_ex.c ****     }
1369:Drivers/STM32F4xx_HAL_Driver/Src/stm32f4xx_hal_tim_ex.c ****     else
1370:Drivers/STM32F4xx_HAL_Driver/Src/stm32f4xx_hal_tim_ex.c ****     {
1371:Drivers/STM32F4xx_HAL_Driver/Src/stm32f4xx_hal_tim_ex.c ****       TIM_CHANNEL_N_STATE_SET(htim, Channel, HAL_TIM_CHANNEL_STATE_BUSY);
1372:Drivers/STM32F4xx_HAL_Driver/Src/stm32f4xx_hal_tim_ex.c ****     }
1373:Drivers/STM32F4xx_HAL_Driver/Src/stm32f4xx_hal_tim_ex.c ****   }
1374:Drivers/STM32F4xx_HAL_Driver/Src/stm32f4xx_hal_tim_ex.c ****   else
1375:Drivers/STM32F4xx_HAL_Driver/Src/stm32f4xx_hal_tim_ex.c ****   {
1376:Drivers/STM32F4xx_HAL_Driver/Src/stm32f4xx_hal_tim_ex.c ****     return HAL_ERROR;
1377:Drivers/STM32F4xx_HAL_Driver/Src/stm32f4xx_hal_tim_ex.c ****   }
1378:Drivers/STM32F4xx_HAL_Driver/Src/stm32f4xx_hal_tim_ex.c **** 
1379:Drivers/STM32F4xx_HAL_Driver/Src/stm32f4xx_hal_tim_ex.c ****   switch (Channel)
1380:Drivers/STM32F4xx_HAL_Driver/Src/stm32f4xx_hal_tim_ex.c ****   {
1381:Drivers/STM32F4xx_HAL_Driver/Src/stm32f4xx_hal_tim_ex.c ****     case TIM_CHANNEL_1:
1382:Drivers/STM32F4xx_HAL_Driver/Src/stm32f4xx_hal_tim_ex.c ****     {
1383:Drivers/STM32F4xx_HAL_Driver/Src/stm32f4xx_hal_tim_ex.c ****       /* Set the DMA compare callbacks */
1384:Drivers/STM32F4xx_HAL_Driver/Src/stm32f4xx_hal_tim_ex.c ****       htim->hdma[TIM_DMA_ID_CC1]->XferCpltCallback = TIM_DMADelayPulseNCplt;
1385:Drivers/STM32F4xx_HAL_Driver/Src/stm32f4xx_hal_tim_ex.c ****       htim->hdma[TIM_DMA_ID_CC1]->XferHalfCpltCallback = TIM_DMADelayPulseHalfCplt;
1386:Drivers/STM32F4xx_HAL_Driver/Src/stm32f4xx_hal_tim_ex.c **** 
1387:Drivers/STM32F4xx_HAL_Driver/Src/stm32f4xx_hal_tim_ex.c ****       /* Set the DMA error callback */
1388:Drivers/STM32F4xx_HAL_Driver/Src/stm32f4xx_hal_tim_ex.c ****       htim->hdma[TIM_DMA_ID_CC1]->XferErrorCallback = TIM_DMAErrorCCxN ;
1389:Drivers/STM32F4xx_HAL_Driver/Src/stm32f4xx_hal_tim_ex.c **** 
1390:Drivers/STM32F4xx_HAL_Driver/Src/stm32f4xx_hal_tim_ex.c ****       /* Enable the DMA stream */
1391:Drivers/STM32F4xx_HAL_Driver/Src/stm32f4xx_hal_tim_ex.c ****       if (HAL_DMA_Start_IT(htim->hdma[TIM_DMA_ID_CC1], (uint32_t)pData, (uint32_t)&htim->Instance->
1392:Drivers/STM32F4xx_HAL_Driver/Src/stm32f4xx_hal_tim_ex.c ****                            Length) != HAL_OK)
1393:Drivers/STM32F4xx_HAL_Driver/Src/stm32f4xx_hal_tim_ex.c ****       {
1394:Drivers/STM32F4xx_HAL_Driver/Src/stm32f4xx_hal_tim_ex.c ****         /* Return error status */
1395:Drivers/STM32F4xx_HAL_Driver/Src/stm32f4xx_hal_tim_ex.c ****         return HAL_ERROR;
1396:Drivers/STM32F4xx_HAL_Driver/Src/stm32f4xx_hal_tim_ex.c ****       }
1397:Drivers/STM32F4xx_HAL_Driver/Src/stm32f4xx_hal_tim_ex.c ****       /* Enable the TIM Capture/Compare 1 DMA request */
1398:Drivers/STM32F4xx_HAL_Driver/Src/stm32f4xx_hal_tim_ex.c ****       __HAL_TIM_ENABLE_DMA(htim, TIM_DMA_CC1);
1399:Drivers/STM32F4xx_HAL_Driver/Src/stm32f4xx_hal_tim_ex.c ****       break;
1400:Drivers/STM32F4xx_HAL_Driver/Src/stm32f4xx_hal_tim_ex.c ****     }
ARM GAS  /tmp/cczycJk4.s 			page 26


1401:Drivers/STM32F4xx_HAL_Driver/Src/stm32f4xx_hal_tim_ex.c **** 
1402:Drivers/STM32F4xx_HAL_Driver/Src/stm32f4xx_hal_tim_ex.c ****     case TIM_CHANNEL_2:
1403:Drivers/STM32F4xx_HAL_Driver/Src/stm32f4xx_hal_tim_ex.c ****     {
1404:Drivers/STM32F4xx_HAL_Driver/Src/stm32f4xx_hal_tim_ex.c ****       /* Set the DMA compare callbacks */
1405:Drivers/STM32F4xx_HAL_Driver/Src/stm32f4xx_hal_tim_ex.c ****       htim->hdma[TIM_DMA_ID_CC2]->XferCpltCallback = TIM_DMADelayPulseNCplt;
1406:Drivers/STM32F4xx_HAL_Driver/Src/stm32f4xx_hal_tim_ex.c ****       htim->hdma[TIM_DMA_ID_CC2]->XferHalfCpltCallback = TIM_DMADelayPulseHalfCplt;
1407:Drivers/STM32F4xx_HAL_Driver/Src/stm32f4xx_hal_tim_ex.c **** 
1408:Drivers/STM32F4xx_HAL_Driver/Src/stm32f4xx_hal_tim_ex.c ****       /* Set the DMA error callback */
1409:Drivers/STM32F4xx_HAL_Driver/Src/stm32f4xx_hal_tim_ex.c ****       htim->hdma[TIM_DMA_ID_CC2]->XferErrorCallback = TIM_DMAErrorCCxN ;
1410:Drivers/STM32F4xx_HAL_Driver/Src/stm32f4xx_hal_tim_ex.c **** 
1411:Drivers/STM32F4xx_HAL_Driver/Src/stm32f4xx_hal_tim_ex.c ****       /* Enable the DMA stream */
1412:Drivers/STM32F4xx_HAL_Driver/Src/stm32f4xx_hal_tim_ex.c ****       if (HAL_DMA_Start_IT(htim->hdma[TIM_DMA_ID_CC2], (uint32_t)pData, (uint32_t)&htim->Instance->
1413:Drivers/STM32F4xx_HAL_Driver/Src/stm32f4xx_hal_tim_ex.c ****                            Length) != HAL_OK)
1414:Drivers/STM32F4xx_HAL_Driver/Src/stm32f4xx_hal_tim_ex.c ****       {
1415:Drivers/STM32F4xx_HAL_Driver/Src/stm32f4xx_hal_tim_ex.c ****         /* Return error status */
1416:Drivers/STM32F4xx_HAL_Driver/Src/stm32f4xx_hal_tim_ex.c ****         return HAL_ERROR;
1417:Drivers/STM32F4xx_HAL_Driver/Src/stm32f4xx_hal_tim_ex.c ****       }
1418:Drivers/STM32F4xx_HAL_Driver/Src/stm32f4xx_hal_tim_ex.c ****       /* Enable the TIM Capture/Compare 2 DMA request */
1419:Drivers/STM32F4xx_HAL_Driver/Src/stm32f4xx_hal_tim_ex.c ****       __HAL_TIM_ENABLE_DMA(htim, TIM_DMA_CC2);
1420:Drivers/STM32F4xx_HAL_Driver/Src/stm32f4xx_hal_tim_ex.c ****       break;
1421:Drivers/STM32F4xx_HAL_Driver/Src/stm32f4xx_hal_tim_ex.c ****     }
1422:Drivers/STM32F4xx_HAL_Driver/Src/stm32f4xx_hal_tim_ex.c **** 
1423:Drivers/STM32F4xx_HAL_Driver/Src/stm32f4xx_hal_tim_ex.c ****     case TIM_CHANNEL_3:
1424:Drivers/STM32F4xx_HAL_Driver/Src/stm32f4xx_hal_tim_ex.c ****     {
1425:Drivers/STM32F4xx_HAL_Driver/Src/stm32f4xx_hal_tim_ex.c ****       /* Set the DMA compare callbacks */
1426:Drivers/STM32F4xx_HAL_Driver/Src/stm32f4xx_hal_tim_ex.c ****       htim->hdma[TIM_DMA_ID_CC3]->XferCpltCallback = TIM_DMADelayPulseNCplt;
1427:Drivers/STM32F4xx_HAL_Driver/Src/stm32f4xx_hal_tim_ex.c ****       htim->hdma[TIM_DMA_ID_CC3]->XferHalfCpltCallback = TIM_DMADelayPulseHalfCplt;
1428:Drivers/STM32F4xx_HAL_Driver/Src/stm32f4xx_hal_tim_ex.c **** 
1429:Drivers/STM32F4xx_HAL_Driver/Src/stm32f4xx_hal_tim_ex.c ****       /* Set the DMA error callback */
1430:Drivers/STM32F4xx_HAL_Driver/Src/stm32f4xx_hal_tim_ex.c ****       htim->hdma[TIM_DMA_ID_CC3]->XferErrorCallback = TIM_DMAErrorCCxN ;
1431:Drivers/STM32F4xx_HAL_Driver/Src/stm32f4xx_hal_tim_ex.c **** 
1432:Drivers/STM32F4xx_HAL_Driver/Src/stm32f4xx_hal_tim_ex.c ****       /* Enable the DMA stream */
1433:Drivers/STM32F4xx_HAL_Driver/Src/stm32f4xx_hal_tim_ex.c ****       if (HAL_DMA_Start_IT(htim->hdma[TIM_DMA_ID_CC3], (uint32_t)pData, (uint32_t)&htim->Instance->
1434:Drivers/STM32F4xx_HAL_Driver/Src/stm32f4xx_hal_tim_ex.c ****                            Length) != HAL_OK)
1435:Drivers/STM32F4xx_HAL_Driver/Src/stm32f4xx_hal_tim_ex.c ****       {
1436:Drivers/STM32F4xx_HAL_Driver/Src/stm32f4xx_hal_tim_ex.c ****         /* Return error status */
1437:Drivers/STM32F4xx_HAL_Driver/Src/stm32f4xx_hal_tim_ex.c ****         return HAL_ERROR;
1438:Drivers/STM32F4xx_HAL_Driver/Src/stm32f4xx_hal_tim_ex.c ****       }
1439:Drivers/STM32F4xx_HAL_Driver/Src/stm32f4xx_hal_tim_ex.c ****       /* Enable the TIM Capture/Compare 3 DMA request */
1440:Drivers/STM32F4xx_HAL_Driver/Src/stm32f4xx_hal_tim_ex.c ****       __HAL_TIM_ENABLE_DMA(htim, TIM_DMA_CC3);
1441:Drivers/STM32F4xx_HAL_Driver/Src/stm32f4xx_hal_tim_ex.c ****       break;
1442:Drivers/STM32F4xx_HAL_Driver/Src/stm32f4xx_hal_tim_ex.c ****     }
1443:Drivers/STM32F4xx_HAL_Driver/Src/stm32f4xx_hal_tim_ex.c **** 
1444:Drivers/STM32F4xx_HAL_Driver/Src/stm32f4xx_hal_tim_ex.c ****     default:
1445:Drivers/STM32F4xx_HAL_Driver/Src/stm32f4xx_hal_tim_ex.c ****       status = HAL_ERROR;
1446:Drivers/STM32F4xx_HAL_Driver/Src/stm32f4xx_hal_tim_ex.c ****       break;
1447:Drivers/STM32F4xx_HAL_Driver/Src/stm32f4xx_hal_tim_ex.c ****   }
1448:Drivers/STM32F4xx_HAL_Driver/Src/stm32f4xx_hal_tim_ex.c **** 
1449:Drivers/STM32F4xx_HAL_Driver/Src/stm32f4xx_hal_tim_ex.c ****   if (status == HAL_OK)
1450:Drivers/STM32F4xx_HAL_Driver/Src/stm32f4xx_hal_tim_ex.c ****   {
1451:Drivers/STM32F4xx_HAL_Driver/Src/stm32f4xx_hal_tim_ex.c ****     /* Enable the complementary PWM output  */
1452:Drivers/STM32F4xx_HAL_Driver/Src/stm32f4xx_hal_tim_ex.c ****     TIM_CCxNChannelCmd(htim->Instance, Channel, TIM_CCxN_ENABLE);
1453:Drivers/STM32F4xx_HAL_Driver/Src/stm32f4xx_hal_tim_ex.c **** 
1454:Drivers/STM32F4xx_HAL_Driver/Src/stm32f4xx_hal_tim_ex.c ****     /* Enable the Main Output */
1455:Drivers/STM32F4xx_HAL_Driver/Src/stm32f4xx_hal_tim_ex.c ****     __HAL_TIM_MOE_ENABLE(htim);
1456:Drivers/STM32F4xx_HAL_Driver/Src/stm32f4xx_hal_tim_ex.c **** 
1457:Drivers/STM32F4xx_HAL_Driver/Src/stm32f4xx_hal_tim_ex.c ****     /* Enable the Peripheral, except in trigger mode where enable is automatically done with trigge
ARM GAS  /tmp/cczycJk4.s 			page 27


1458:Drivers/STM32F4xx_HAL_Driver/Src/stm32f4xx_hal_tim_ex.c ****     if (IS_TIM_SLAVE_INSTANCE(htim->Instance))
1459:Drivers/STM32F4xx_HAL_Driver/Src/stm32f4xx_hal_tim_ex.c ****     {
1460:Drivers/STM32F4xx_HAL_Driver/Src/stm32f4xx_hal_tim_ex.c ****       tmpsmcr = htim->Instance->SMCR & TIM_SMCR_SMS;
1461:Drivers/STM32F4xx_HAL_Driver/Src/stm32f4xx_hal_tim_ex.c ****       if (!IS_TIM_SLAVEMODE_TRIGGER_ENABLED(tmpsmcr))
1462:Drivers/STM32F4xx_HAL_Driver/Src/stm32f4xx_hal_tim_ex.c ****       {
1463:Drivers/STM32F4xx_HAL_Driver/Src/stm32f4xx_hal_tim_ex.c ****         __HAL_TIM_ENABLE(htim);
1464:Drivers/STM32F4xx_HAL_Driver/Src/stm32f4xx_hal_tim_ex.c ****       }
1465:Drivers/STM32F4xx_HAL_Driver/Src/stm32f4xx_hal_tim_ex.c ****     }
1466:Drivers/STM32F4xx_HAL_Driver/Src/stm32f4xx_hal_tim_ex.c ****     else
1467:Drivers/STM32F4xx_HAL_Driver/Src/stm32f4xx_hal_tim_ex.c ****     {
1468:Drivers/STM32F4xx_HAL_Driver/Src/stm32f4xx_hal_tim_ex.c ****       __HAL_TIM_ENABLE(htim);
1469:Drivers/STM32F4xx_HAL_Driver/Src/stm32f4xx_hal_tim_ex.c ****     }
1470:Drivers/STM32F4xx_HAL_Driver/Src/stm32f4xx_hal_tim_ex.c ****   }
1471:Drivers/STM32F4xx_HAL_Driver/Src/stm32f4xx_hal_tim_ex.c **** 
1472:Drivers/STM32F4xx_HAL_Driver/Src/stm32f4xx_hal_tim_ex.c ****   /* Return function status */
1473:Drivers/STM32F4xx_HAL_Driver/Src/stm32f4xx_hal_tim_ex.c ****   return status;
1474:Drivers/STM32F4xx_HAL_Driver/Src/stm32f4xx_hal_tim_ex.c **** }
1475:Drivers/STM32F4xx_HAL_Driver/Src/stm32f4xx_hal_tim_ex.c **** 
1476:Drivers/STM32F4xx_HAL_Driver/Src/stm32f4xx_hal_tim_ex.c **** /**
1477:Drivers/STM32F4xx_HAL_Driver/Src/stm32f4xx_hal_tim_ex.c ****   * @brief  Stops the TIM PWM signal generation in DMA mode on the complementary
1478:Drivers/STM32F4xx_HAL_Driver/Src/stm32f4xx_hal_tim_ex.c ****   *         output
1479:Drivers/STM32F4xx_HAL_Driver/Src/stm32f4xx_hal_tim_ex.c ****   * @param  htim TIM handle
1480:Drivers/STM32F4xx_HAL_Driver/Src/stm32f4xx_hal_tim_ex.c ****   * @param  Channel TIM Channel to be disabled
1481:Drivers/STM32F4xx_HAL_Driver/Src/stm32f4xx_hal_tim_ex.c ****   *          This parameter can be one of the following values:
1482:Drivers/STM32F4xx_HAL_Driver/Src/stm32f4xx_hal_tim_ex.c ****   *            @arg TIM_CHANNEL_1: TIM Channel 1 selected
1483:Drivers/STM32F4xx_HAL_Driver/Src/stm32f4xx_hal_tim_ex.c ****   *            @arg TIM_CHANNEL_2: TIM Channel 2 selected
1484:Drivers/STM32F4xx_HAL_Driver/Src/stm32f4xx_hal_tim_ex.c ****   *            @arg TIM_CHANNEL_3: TIM Channel 3 selected
1485:Drivers/STM32F4xx_HAL_Driver/Src/stm32f4xx_hal_tim_ex.c ****   * @retval HAL status
1486:Drivers/STM32F4xx_HAL_Driver/Src/stm32f4xx_hal_tim_ex.c ****   */
1487:Drivers/STM32F4xx_HAL_Driver/Src/stm32f4xx_hal_tim_ex.c **** HAL_StatusTypeDef HAL_TIMEx_PWMN_Stop_DMA(TIM_HandleTypeDef *htim, uint32_t Channel)
1488:Drivers/STM32F4xx_HAL_Driver/Src/stm32f4xx_hal_tim_ex.c **** {
1489:Drivers/STM32F4xx_HAL_Driver/Src/stm32f4xx_hal_tim_ex.c ****   HAL_StatusTypeDef status = HAL_OK;
1490:Drivers/STM32F4xx_HAL_Driver/Src/stm32f4xx_hal_tim_ex.c **** 
1491:Drivers/STM32F4xx_HAL_Driver/Src/stm32f4xx_hal_tim_ex.c ****   /* Check the parameters */
1492:Drivers/STM32F4xx_HAL_Driver/Src/stm32f4xx_hal_tim_ex.c ****   assert_param(IS_TIM_CCXN_INSTANCE(htim->Instance, Channel));
1493:Drivers/STM32F4xx_HAL_Driver/Src/stm32f4xx_hal_tim_ex.c **** 
1494:Drivers/STM32F4xx_HAL_Driver/Src/stm32f4xx_hal_tim_ex.c ****   switch (Channel)
1495:Drivers/STM32F4xx_HAL_Driver/Src/stm32f4xx_hal_tim_ex.c ****   {
1496:Drivers/STM32F4xx_HAL_Driver/Src/stm32f4xx_hal_tim_ex.c ****     case TIM_CHANNEL_1:
1497:Drivers/STM32F4xx_HAL_Driver/Src/stm32f4xx_hal_tim_ex.c ****     {
1498:Drivers/STM32F4xx_HAL_Driver/Src/stm32f4xx_hal_tim_ex.c ****       /* Disable the TIM Capture/Compare 1 DMA request */
1499:Drivers/STM32F4xx_HAL_Driver/Src/stm32f4xx_hal_tim_ex.c ****       __HAL_TIM_DISABLE_DMA(htim, TIM_DMA_CC1);
1500:Drivers/STM32F4xx_HAL_Driver/Src/stm32f4xx_hal_tim_ex.c ****       (void)HAL_DMA_Abort_IT(htim->hdma[TIM_DMA_ID_CC1]);
1501:Drivers/STM32F4xx_HAL_Driver/Src/stm32f4xx_hal_tim_ex.c ****       break;
1502:Drivers/STM32F4xx_HAL_Driver/Src/stm32f4xx_hal_tim_ex.c ****     }
1503:Drivers/STM32F4xx_HAL_Driver/Src/stm32f4xx_hal_tim_ex.c **** 
1504:Drivers/STM32F4xx_HAL_Driver/Src/stm32f4xx_hal_tim_ex.c ****     case TIM_CHANNEL_2:
1505:Drivers/STM32F4xx_HAL_Driver/Src/stm32f4xx_hal_tim_ex.c ****     {
1506:Drivers/STM32F4xx_HAL_Driver/Src/stm32f4xx_hal_tim_ex.c ****       /* Disable the TIM Capture/Compare 2 DMA request */
1507:Drivers/STM32F4xx_HAL_Driver/Src/stm32f4xx_hal_tim_ex.c ****       __HAL_TIM_DISABLE_DMA(htim, TIM_DMA_CC2);
1508:Drivers/STM32F4xx_HAL_Driver/Src/stm32f4xx_hal_tim_ex.c ****       (void)HAL_DMA_Abort_IT(htim->hdma[TIM_DMA_ID_CC2]);
1509:Drivers/STM32F4xx_HAL_Driver/Src/stm32f4xx_hal_tim_ex.c ****       break;
1510:Drivers/STM32F4xx_HAL_Driver/Src/stm32f4xx_hal_tim_ex.c ****     }
1511:Drivers/STM32F4xx_HAL_Driver/Src/stm32f4xx_hal_tim_ex.c **** 
1512:Drivers/STM32F4xx_HAL_Driver/Src/stm32f4xx_hal_tim_ex.c ****     case TIM_CHANNEL_3:
1513:Drivers/STM32F4xx_HAL_Driver/Src/stm32f4xx_hal_tim_ex.c ****     {
1514:Drivers/STM32F4xx_HAL_Driver/Src/stm32f4xx_hal_tim_ex.c ****       /* Disable the TIM Capture/Compare 3 DMA request */
ARM GAS  /tmp/cczycJk4.s 			page 28


1515:Drivers/STM32F4xx_HAL_Driver/Src/stm32f4xx_hal_tim_ex.c ****       __HAL_TIM_DISABLE_DMA(htim, TIM_DMA_CC3);
1516:Drivers/STM32F4xx_HAL_Driver/Src/stm32f4xx_hal_tim_ex.c ****       (void)HAL_DMA_Abort_IT(htim->hdma[TIM_DMA_ID_CC3]);
1517:Drivers/STM32F4xx_HAL_Driver/Src/stm32f4xx_hal_tim_ex.c ****       break;
1518:Drivers/STM32F4xx_HAL_Driver/Src/stm32f4xx_hal_tim_ex.c ****     }
1519:Drivers/STM32F4xx_HAL_Driver/Src/stm32f4xx_hal_tim_ex.c **** 
1520:Drivers/STM32F4xx_HAL_Driver/Src/stm32f4xx_hal_tim_ex.c ****     default:
1521:Drivers/STM32F4xx_HAL_Driver/Src/stm32f4xx_hal_tim_ex.c ****       status = HAL_ERROR;
1522:Drivers/STM32F4xx_HAL_Driver/Src/stm32f4xx_hal_tim_ex.c ****       break;
1523:Drivers/STM32F4xx_HAL_Driver/Src/stm32f4xx_hal_tim_ex.c ****   }
1524:Drivers/STM32F4xx_HAL_Driver/Src/stm32f4xx_hal_tim_ex.c **** 
1525:Drivers/STM32F4xx_HAL_Driver/Src/stm32f4xx_hal_tim_ex.c ****   if (status == HAL_OK)
1526:Drivers/STM32F4xx_HAL_Driver/Src/stm32f4xx_hal_tim_ex.c ****   {
1527:Drivers/STM32F4xx_HAL_Driver/Src/stm32f4xx_hal_tim_ex.c ****     /* Disable the complementary PWM output */
1528:Drivers/STM32F4xx_HAL_Driver/Src/stm32f4xx_hal_tim_ex.c ****     TIM_CCxNChannelCmd(htim->Instance, Channel, TIM_CCxN_DISABLE);
1529:Drivers/STM32F4xx_HAL_Driver/Src/stm32f4xx_hal_tim_ex.c **** 
1530:Drivers/STM32F4xx_HAL_Driver/Src/stm32f4xx_hal_tim_ex.c ****     /* Disable the Main Output */
1531:Drivers/STM32F4xx_HAL_Driver/Src/stm32f4xx_hal_tim_ex.c ****     __HAL_TIM_MOE_DISABLE(htim);
1532:Drivers/STM32F4xx_HAL_Driver/Src/stm32f4xx_hal_tim_ex.c **** 
1533:Drivers/STM32F4xx_HAL_Driver/Src/stm32f4xx_hal_tim_ex.c ****     /* Disable the Peripheral */
1534:Drivers/STM32F4xx_HAL_Driver/Src/stm32f4xx_hal_tim_ex.c ****     __HAL_TIM_DISABLE(htim);
1535:Drivers/STM32F4xx_HAL_Driver/Src/stm32f4xx_hal_tim_ex.c **** 
1536:Drivers/STM32F4xx_HAL_Driver/Src/stm32f4xx_hal_tim_ex.c ****     /* Set the TIM complementary channel state */
1537:Drivers/STM32F4xx_HAL_Driver/Src/stm32f4xx_hal_tim_ex.c ****     TIM_CHANNEL_N_STATE_SET(htim, Channel, HAL_TIM_CHANNEL_STATE_READY);
1538:Drivers/STM32F4xx_HAL_Driver/Src/stm32f4xx_hal_tim_ex.c ****   }
1539:Drivers/STM32F4xx_HAL_Driver/Src/stm32f4xx_hal_tim_ex.c **** 
1540:Drivers/STM32F4xx_HAL_Driver/Src/stm32f4xx_hal_tim_ex.c ****   /* Return function status */
1541:Drivers/STM32F4xx_HAL_Driver/Src/stm32f4xx_hal_tim_ex.c ****   return status;
1542:Drivers/STM32F4xx_HAL_Driver/Src/stm32f4xx_hal_tim_ex.c **** }
1543:Drivers/STM32F4xx_HAL_Driver/Src/stm32f4xx_hal_tim_ex.c **** 
1544:Drivers/STM32F4xx_HAL_Driver/Src/stm32f4xx_hal_tim_ex.c **** /**
1545:Drivers/STM32F4xx_HAL_Driver/Src/stm32f4xx_hal_tim_ex.c ****   * @}
1546:Drivers/STM32F4xx_HAL_Driver/Src/stm32f4xx_hal_tim_ex.c ****   */
1547:Drivers/STM32F4xx_HAL_Driver/Src/stm32f4xx_hal_tim_ex.c **** 
1548:Drivers/STM32F4xx_HAL_Driver/Src/stm32f4xx_hal_tim_ex.c **** /** @defgroup TIMEx_Exported_Functions_Group4 Extended Timer Complementary One Pulse functions
1549:Drivers/STM32F4xx_HAL_Driver/Src/stm32f4xx_hal_tim_ex.c ****   * @brief    Timer Complementary One Pulse functions
1550:Drivers/STM32F4xx_HAL_Driver/Src/stm32f4xx_hal_tim_ex.c ****   *
1551:Drivers/STM32F4xx_HAL_Driver/Src/stm32f4xx_hal_tim_ex.c **** @verbatim
1552:Drivers/STM32F4xx_HAL_Driver/Src/stm32f4xx_hal_tim_ex.c ****   ==============================================================================
1553:Drivers/STM32F4xx_HAL_Driver/Src/stm32f4xx_hal_tim_ex.c ****                 ##### Timer Complementary One Pulse functions #####
1554:Drivers/STM32F4xx_HAL_Driver/Src/stm32f4xx_hal_tim_ex.c ****   ==============================================================================
1555:Drivers/STM32F4xx_HAL_Driver/Src/stm32f4xx_hal_tim_ex.c ****   [..]
1556:Drivers/STM32F4xx_HAL_Driver/Src/stm32f4xx_hal_tim_ex.c ****     This section provides functions allowing to:
1557:Drivers/STM32F4xx_HAL_Driver/Src/stm32f4xx_hal_tim_ex.c ****     (+) Start the Complementary One Pulse generation.
1558:Drivers/STM32F4xx_HAL_Driver/Src/stm32f4xx_hal_tim_ex.c ****     (+) Stop the Complementary One Pulse.
1559:Drivers/STM32F4xx_HAL_Driver/Src/stm32f4xx_hal_tim_ex.c ****     (+) Start the Complementary One Pulse and enable interrupts.
1560:Drivers/STM32F4xx_HAL_Driver/Src/stm32f4xx_hal_tim_ex.c ****     (+) Stop the Complementary One Pulse and disable interrupts.
1561:Drivers/STM32F4xx_HAL_Driver/Src/stm32f4xx_hal_tim_ex.c **** 
1562:Drivers/STM32F4xx_HAL_Driver/Src/stm32f4xx_hal_tim_ex.c **** @endverbatim
1563:Drivers/STM32F4xx_HAL_Driver/Src/stm32f4xx_hal_tim_ex.c ****   * @{
1564:Drivers/STM32F4xx_HAL_Driver/Src/stm32f4xx_hal_tim_ex.c ****   */
1565:Drivers/STM32F4xx_HAL_Driver/Src/stm32f4xx_hal_tim_ex.c **** 
1566:Drivers/STM32F4xx_HAL_Driver/Src/stm32f4xx_hal_tim_ex.c **** /**
1567:Drivers/STM32F4xx_HAL_Driver/Src/stm32f4xx_hal_tim_ex.c ****   * @brief  Starts the TIM One Pulse signal generation on the complementary
1568:Drivers/STM32F4xx_HAL_Driver/Src/stm32f4xx_hal_tim_ex.c ****   *         output.
1569:Drivers/STM32F4xx_HAL_Driver/Src/stm32f4xx_hal_tim_ex.c ****   * @note OutputChannel must match the pulse output channel chosen when calling
1570:Drivers/STM32F4xx_HAL_Driver/Src/stm32f4xx_hal_tim_ex.c ****   *       @ref HAL_TIM_OnePulse_ConfigChannel().
1571:Drivers/STM32F4xx_HAL_Driver/Src/stm32f4xx_hal_tim_ex.c ****   * @param  htim TIM One Pulse handle
ARM GAS  /tmp/cczycJk4.s 			page 29


1572:Drivers/STM32F4xx_HAL_Driver/Src/stm32f4xx_hal_tim_ex.c ****   * @param  OutputChannel pulse output channel to enable
1573:Drivers/STM32F4xx_HAL_Driver/Src/stm32f4xx_hal_tim_ex.c ****   *          This parameter can be one of the following values:
1574:Drivers/STM32F4xx_HAL_Driver/Src/stm32f4xx_hal_tim_ex.c ****   *            @arg TIM_CHANNEL_1: TIM Channel 1 selected
1575:Drivers/STM32F4xx_HAL_Driver/Src/stm32f4xx_hal_tim_ex.c ****   *            @arg TIM_CHANNEL_2: TIM Channel 2 selected
1576:Drivers/STM32F4xx_HAL_Driver/Src/stm32f4xx_hal_tim_ex.c ****   * @retval HAL status
1577:Drivers/STM32F4xx_HAL_Driver/Src/stm32f4xx_hal_tim_ex.c ****   */
1578:Drivers/STM32F4xx_HAL_Driver/Src/stm32f4xx_hal_tim_ex.c **** HAL_StatusTypeDef HAL_TIMEx_OnePulseN_Start(TIM_HandleTypeDef *htim, uint32_t OutputChannel)
1579:Drivers/STM32F4xx_HAL_Driver/Src/stm32f4xx_hal_tim_ex.c **** {
1580:Drivers/STM32F4xx_HAL_Driver/Src/stm32f4xx_hal_tim_ex.c ****   uint32_t input_channel = (OutputChannel == TIM_CHANNEL_1) ? TIM_CHANNEL_2 : TIM_CHANNEL_1;
1581:Drivers/STM32F4xx_HAL_Driver/Src/stm32f4xx_hal_tim_ex.c ****   HAL_TIM_ChannelStateTypeDef channel_1_state = TIM_CHANNEL_STATE_GET(htim, TIM_CHANNEL_1);
1582:Drivers/STM32F4xx_HAL_Driver/Src/stm32f4xx_hal_tim_ex.c ****   HAL_TIM_ChannelStateTypeDef channel_2_state = TIM_CHANNEL_STATE_GET(htim, TIM_CHANNEL_2);
1583:Drivers/STM32F4xx_HAL_Driver/Src/stm32f4xx_hal_tim_ex.c ****   HAL_TIM_ChannelStateTypeDef complementary_channel_1_state = TIM_CHANNEL_N_STATE_GET(htim, TIM_CHA
1584:Drivers/STM32F4xx_HAL_Driver/Src/stm32f4xx_hal_tim_ex.c ****   HAL_TIM_ChannelStateTypeDef complementary_channel_2_state = TIM_CHANNEL_N_STATE_GET(htim, TIM_CHA
1585:Drivers/STM32F4xx_HAL_Driver/Src/stm32f4xx_hal_tim_ex.c **** 
1586:Drivers/STM32F4xx_HAL_Driver/Src/stm32f4xx_hal_tim_ex.c ****   /* Check the parameters */
1587:Drivers/STM32F4xx_HAL_Driver/Src/stm32f4xx_hal_tim_ex.c ****   assert_param(IS_TIM_CCXN_INSTANCE(htim->Instance, OutputChannel));
1588:Drivers/STM32F4xx_HAL_Driver/Src/stm32f4xx_hal_tim_ex.c **** 
1589:Drivers/STM32F4xx_HAL_Driver/Src/stm32f4xx_hal_tim_ex.c ****   /* Check the TIM channels state */
1590:Drivers/STM32F4xx_HAL_Driver/Src/stm32f4xx_hal_tim_ex.c ****   if ((channel_1_state != HAL_TIM_CHANNEL_STATE_READY)
1591:Drivers/STM32F4xx_HAL_Driver/Src/stm32f4xx_hal_tim_ex.c ****       || (channel_2_state != HAL_TIM_CHANNEL_STATE_READY)
1592:Drivers/STM32F4xx_HAL_Driver/Src/stm32f4xx_hal_tim_ex.c ****       || (complementary_channel_1_state != HAL_TIM_CHANNEL_STATE_READY)
1593:Drivers/STM32F4xx_HAL_Driver/Src/stm32f4xx_hal_tim_ex.c ****       || (complementary_channel_2_state != HAL_TIM_CHANNEL_STATE_READY))
1594:Drivers/STM32F4xx_HAL_Driver/Src/stm32f4xx_hal_tim_ex.c ****   {
1595:Drivers/STM32F4xx_HAL_Driver/Src/stm32f4xx_hal_tim_ex.c ****     return HAL_ERROR;
1596:Drivers/STM32F4xx_HAL_Driver/Src/stm32f4xx_hal_tim_ex.c ****   }
1597:Drivers/STM32F4xx_HAL_Driver/Src/stm32f4xx_hal_tim_ex.c **** 
1598:Drivers/STM32F4xx_HAL_Driver/Src/stm32f4xx_hal_tim_ex.c ****   /* Set the TIM channels state */
1599:Drivers/STM32F4xx_HAL_Driver/Src/stm32f4xx_hal_tim_ex.c ****   TIM_CHANNEL_STATE_SET(htim, TIM_CHANNEL_1, HAL_TIM_CHANNEL_STATE_BUSY);
1600:Drivers/STM32F4xx_HAL_Driver/Src/stm32f4xx_hal_tim_ex.c ****   TIM_CHANNEL_STATE_SET(htim, TIM_CHANNEL_2, HAL_TIM_CHANNEL_STATE_BUSY);
1601:Drivers/STM32F4xx_HAL_Driver/Src/stm32f4xx_hal_tim_ex.c ****   TIM_CHANNEL_N_STATE_SET(htim, TIM_CHANNEL_1, HAL_TIM_CHANNEL_STATE_BUSY);
1602:Drivers/STM32F4xx_HAL_Driver/Src/stm32f4xx_hal_tim_ex.c ****   TIM_CHANNEL_N_STATE_SET(htim, TIM_CHANNEL_2, HAL_TIM_CHANNEL_STATE_BUSY);
1603:Drivers/STM32F4xx_HAL_Driver/Src/stm32f4xx_hal_tim_ex.c **** 
1604:Drivers/STM32F4xx_HAL_Driver/Src/stm32f4xx_hal_tim_ex.c ****   /* Enable the complementary One Pulse output channel and the Input Capture channel */
1605:Drivers/STM32F4xx_HAL_Driver/Src/stm32f4xx_hal_tim_ex.c ****   TIM_CCxNChannelCmd(htim->Instance, OutputChannel, TIM_CCxN_ENABLE);
1606:Drivers/STM32F4xx_HAL_Driver/Src/stm32f4xx_hal_tim_ex.c ****   TIM_CCxChannelCmd(htim->Instance, input_channel, TIM_CCx_ENABLE);
1607:Drivers/STM32F4xx_HAL_Driver/Src/stm32f4xx_hal_tim_ex.c **** 
1608:Drivers/STM32F4xx_HAL_Driver/Src/stm32f4xx_hal_tim_ex.c ****   /* Enable the Main Output */
1609:Drivers/STM32F4xx_HAL_Driver/Src/stm32f4xx_hal_tim_ex.c ****   __HAL_TIM_MOE_ENABLE(htim);
1610:Drivers/STM32F4xx_HAL_Driver/Src/stm32f4xx_hal_tim_ex.c **** 
1611:Drivers/STM32F4xx_HAL_Driver/Src/stm32f4xx_hal_tim_ex.c ****   /* Return function status */
1612:Drivers/STM32F4xx_HAL_Driver/Src/stm32f4xx_hal_tim_ex.c ****   return HAL_OK;
1613:Drivers/STM32F4xx_HAL_Driver/Src/stm32f4xx_hal_tim_ex.c **** }
1614:Drivers/STM32F4xx_HAL_Driver/Src/stm32f4xx_hal_tim_ex.c **** 
1615:Drivers/STM32F4xx_HAL_Driver/Src/stm32f4xx_hal_tim_ex.c **** /**
1616:Drivers/STM32F4xx_HAL_Driver/Src/stm32f4xx_hal_tim_ex.c ****   * @brief  Stops the TIM One Pulse signal generation on the complementary
1617:Drivers/STM32F4xx_HAL_Driver/Src/stm32f4xx_hal_tim_ex.c ****   *         output.
1618:Drivers/STM32F4xx_HAL_Driver/Src/stm32f4xx_hal_tim_ex.c ****   * @note OutputChannel must match the pulse output channel chosen when calling
1619:Drivers/STM32F4xx_HAL_Driver/Src/stm32f4xx_hal_tim_ex.c ****   *       @ref HAL_TIM_OnePulse_ConfigChannel().
1620:Drivers/STM32F4xx_HAL_Driver/Src/stm32f4xx_hal_tim_ex.c ****   * @param  htim TIM One Pulse handle
1621:Drivers/STM32F4xx_HAL_Driver/Src/stm32f4xx_hal_tim_ex.c ****   * @param  OutputChannel pulse output channel to disable
1622:Drivers/STM32F4xx_HAL_Driver/Src/stm32f4xx_hal_tim_ex.c ****   *          This parameter can be one of the following values:
1623:Drivers/STM32F4xx_HAL_Driver/Src/stm32f4xx_hal_tim_ex.c ****   *            @arg TIM_CHANNEL_1: TIM Channel 1 selected
1624:Drivers/STM32F4xx_HAL_Driver/Src/stm32f4xx_hal_tim_ex.c ****   *            @arg TIM_CHANNEL_2: TIM Channel 2 selected
1625:Drivers/STM32F4xx_HAL_Driver/Src/stm32f4xx_hal_tim_ex.c ****   * @retval HAL status
1626:Drivers/STM32F4xx_HAL_Driver/Src/stm32f4xx_hal_tim_ex.c ****   */
1627:Drivers/STM32F4xx_HAL_Driver/Src/stm32f4xx_hal_tim_ex.c **** HAL_StatusTypeDef HAL_TIMEx_OnePulseN_Stop(TIM_HandleTypeDef *htim, uint32_t OutputChannel)
1628:Drivers/STM32F4xx_HAL_Driver/Src/stm32f4xx_hal_tim_ex.c **** {
ARM GAS  /tmp/cczycJk4.s 			page 30


1629:Drivers/STM32F4xx_HAL_Driver/Src/stm32f4xx_hal_tim_ex.c ****   uint32_t input_channel = (OutputChannel == TIM_CHANNEL_1) ? TIM_CHANNEL_2 : TIM_CHANNEL_1;
1630:Drivers/STM32F4xx_HAL_Driver/Src/stm32f4xx_hal_tim_ex.c **** 
1631:Drivers/STM32F4xx_HAL_Driver/Src/stm32f4xx_hal_tim_ex.c ****   /* Check the parameters */
1632:Drivers/STM32F4xx_HAL_Driver/Src/stm32f4xx_hal_tim_ex.c ****   assert_param(IS_TIM_CCXN_INSTANCE(htim->Instance, OutputChannel));
1633:Drivers/STM32F4xx_HAL_Driver/Src/stm32f4xx_hal_tim_ex.c **** 
1634:Drivers/STM32F4xx_HAL_Driver/Src/stm32f4xx_hal_tim_ex.c ****   /* Disable the complementary One Pulse output channel and the Input Capture channel */
1635:Drivers/STM32F4xx_HAL_Driver/Src/stm32f4xx_hal_tim_ex.c ****   TIM_CCxNChannelCmd(htim->Instance, OutputChannel, TIM_CCxN_DISABLE);
1636:Drivers/STM32F4xx_HAL_Driver/Src/stm32f4xx_hal_tim_ex.c ****   TIM_CCxChannelCmd(htim->Instance, input_channel, TIM_CCx_DISABLE);
1637:Drivers/STM32F4xx_HAL_Driver/Src/stm32f4xx_hal_tim_ex.c **** 
1638:Drivers/STM32F4xx_HAL_Driver/Src/stm32f4xx_hal_tim_ex.c ****   /* Disable the Main Output */
1639:Drivers/STM32F4xx_HAL_Driver/Src/stm32f4xx_hal_tim_ex.c ****   __HAL_TIM_MOE_DISABLE(htim);
1640:Drivers/STM32F4xx_HAL_Driver/Src/stm32f4xx_hal_tim_ex.c **** 
1641:Drivers/STM32F4xx_HAL_Driver/Src/stm32f4xx_hal_tim_ex.c ****   /* Disable the Peripheral */
1642:Drivers/STM32F4xx_HAL_Driver/Src/stm32f4xx_hal_tim_ex.c ****   __HAL_TIM_DISABLE(htim);
1643:Drivers/STM32F4xx_HAL_Driver/Src/stm32f4xx_hal_tim_ex.c **** 
1644:Drivers/STM32F4xx_HAL_Driver/Src/stm32f4xx_hal_tim_ex.c ****   /* Set the TIM  channels state */
1645:Drivers/STM32F4xx_HAL_Driver/Src/stm32f4xx_hal_tim_ex.c ****   TIM_CHANNEL_STATE_SET(htim, TIM_CHANNEL_1, HAL_TIM_CHANNEL_STATE_READY);
1646:Drivers/STM32F4xx_HAL_Driver/Src/stm32f4xx_hal_tim_ex.c ****   TIM_CHANNEL_STATE_SET(htim, TIM_CHANNEL_2, HAL_TIM_CHANNEL_STATE_READY);
1647:Drivers/STM32F4xx_HAL_Driver/Src/stm32f4xx_hal_tim_ex.c ****   TIM_CHANNEL_N_STATE_SET(htim, TIM_CHANNEL_1, HAL_TIM_CHANNEL_STATE_READY);
1648:Drivers/STM32F4xx_HAL_Driver/Src/stm32f4xx_hal_tim_ex.c ****   TIM_CHANNEL_N_STATE_SET(htim, TIM_CHANNEL_2, HAL_TIM_CHANNEL_STATE_READY);
1649:Drivers/STM32F4xx_HAL_Driver/Src/stm32f4xx_hal_tim_ex.c **** 
1650:Drivers/STM32F4xx_HAL_Driver/Src/stm32f4xx_hal_tim_ex.c ****   /* Return function status */
1651:Drivers/STM32F4xx_HAL_Driver/Src/stm32f4xx_hal_tim_ex.c ****   return HAL_OK;
1652:Drivers/STM32F4xx_HAL_Driver/Src/stm32f4xx_hal_tim_ex.c **** }
1653:Drivers/STM32F4xx_HAL_Driver/Src/stm32f4xx_hal_tim_ex.c **** 
1654:Drivers/STM32F4xx_HAL_Driver/Src/stm32f4xx_hal_tim_ex.c **** /**
1655:Drivers/STM32F4xx_HAL_Driver/Src/stm32f4xx_hal_tim_ex.c ****   * @brief  Starts the TIM One Pulse signal generation in interrupt mode on the
1656:Drivers/STM32F4xx_HAL_Driver/Src/stm32f4xx_hal_tim_ex.c ****   *         complementary channel.
1657:Drivers/STM32F4xx_HAL_Driver/Src/stm32f4xx_hal_tim_ex.c ****   * @note OutputChannel must match the pulse output channel chosen when calling
1658:Drivers/STM32F4xx_HAL_Driver/Src/stm32f4xx_hal_tim_ex.c ****   *       @ref HAL_TIM_OnePulse_ConfigChannel().
1659:Drivers/STM32F4xx_HAL_Driver/Src/stm32f4xx_hal_tim_ex.c ****   * @param  htim TIM One Pulse handle
1660:Drivers/STM32F4xx_HAL_Driver/Src/stm32f4xx_hal_tim_ex.c ****   * @param  OutputChannel pulse output channel to enable
1661:Drivers/STM32F4xx_HAL_Driver/Src/stm32f4xx_hal_tim_ex.c ****   *          This parameter can be one of the following values:
1662:Drivers/STM32F4xx_HAL_Driver/Src/stm32f4xx_hal_tim_ex.c ****   *            @arg TIM_CHANNEL_1: TIM Channel 1 selected
1663:Drivers/STM32F4xx_HAL_Driver/Src/stm32f4xx_hal_tim_ex.c ****   *            @arg TIM_CHANNEL_2: TIM Channel 2 selected
1664:Drivers/STM32F4xx_HAL_Driver/Src/stm32f4xx_hal_tim_ex.c ****   * @retval HAL status
1665:Drivers/STM32F4xx_HAL_Driver/Src/stm32f4xx_hal_tim_ex.c ****   */
1666:Drivers/STM32F4xx_HAL_Driver/Src/stm32f4xx_hal_tim_ex.c **** HAL_StatusTypeDef HAL_TIMEx_OnePulseN_Start_IT(TIM_HandleTypeDef *htim, uint32_t OutputChannel)
1667:Drivers/STM32F4xx_HAL_Driver/Src/stm32f4xx_hal_tim_ex.c **** {
1668:Drivers/STM32F4xx_HAL_Driver/Src/stm32f4xx_hal_tim_ex.c ****   uint32_t input_channel = (OutputChannel == TIM_CHANNEL_1) ? TIM_CHANNEL_2 : TIM_CHANNEL_1;
1669:Drivers/STM32F4xx_HAL_Driver/Src/stm32f4xx_hal_tim_ex.c ****   HAL_TIM_ChannelStateTypeDef channel_1_state = TIM_CHANNEL_STATE_GET(htim, TIM_CHANNEL_1);
1670:Drivers/STM32F4xx_HAL_Driver/Src/stm32f4xx_hal_tim_ex.c ****   HAL_TIM_ChannelStateTypeDef channel_2_state = TIM_CHANNEL_STATE_GET(htim, TIM_CHANNEL_2);
1671:Drivers/STM32F4xx_HAL_Driver/Src/stm32f4xx_hal_tim_ex.c ****   HAL_TIM_ChannelStateTypeDef complementary_channel_1_state = TIM_CHANNEL_N_STATE_GET(htim, TIM_CHA
1672:Drivers/STM32F4xx_HAL_Driver/Src/stm32f4xx_hal_tim_ex.c ****   HAL_TIM_ChannelStateTypeDef complementary_channel_2_state = TIM_CHANNEL_N_STATE_GET(htim, TIM_CHA
1673:Drivers/STM32F4xx_HAL_Driver/Src/stm32f4xx_hal_tim_ex.c **** 
1674:Drivers/STM32F4xx_HAL_Driver/Src/stm32f4xx_hal_tim_ex.c ****   /* Check the parameters */
1675:Drivers/STM32F4xx_HAL_Driver/Src/stm32f4xx_hal_tim_ex.c ****   assert_param(IS_TIM_CCXN_INSTANCE(htim->Instance, OutputChannel));
1676:Drivers/STM32F4xx_HAL_Driver/Src/stm32f4xx_hal_tim_ex.c **** 
1677:Drivers/STM32F4xx_HAL_Driver/Src/stm32f4xx_hal_tim_ex.c ****   /* Check the TIM channels state */
1678:Drivers/STM32F4xx_HAL_Driver/Src/stm32f4xx_hal_tim_ex.c ****   if ((channel_1_state != HAL_TIM_CHANNEL_STATE_READY)
1679:Drivers/STM32F4xx_HAL_Driver/Src/stm32f4xx_hal_tim_ex.c ****       || (channel_2_state != HAL_TIM_CHANNEL_STATE_READY)
1680:Drivers/STM32F4xx_HAL_Driver/Src/stm32f4xx_hal_tim_ex.c ****       || (complementary_channel_1_state != HAL_TIM_CHANNEL_STATE_READY)
1681:Drivers/STM32F4xx_HAL_Driver/Src/stm32f4xx_hal_tim_ex.c ****       || (complementary_channel_2_state != HAL_TIM_CHANNEL_STATE_READY))
1682:Drivers/STM32F4xx_HAL_Driver/Src/stm32f4xx_hal_tim_ex.c ****   {
1683:Drivers/STM32F4xx_HAL_Driver/Src/stm32f4xx_hal_tim_ex.c ****     return HAL_ERROR;
1684:Drivers/STM32F4xx_HAL_Driver/Src/stm32f4xx_hal_tim_ex.c ****   }
1685:Drivers/STM32F4xx_HAL_Driver/Src/stm32f4xx_hal_tim_ex.c **** 
ARM GAS  /tmp/cczycJk4.s 			page 31


1686:Drivers/STM32F4xx_HAL_Driver/Src/stm32f4xx_hal_tim_ex.c ****   /* Set the TIM channels state */
1687:Drivers/STM32F4xx_HAL_Driver/Src/stm32f4xx_hal_tim_ex.c ****   TIM_CHANNEL_STATE_SET(htim, TIM_CHANNEL_1, HAL_TIM_CHANNEL_STATE_BUSY);
1688:Drivers/STM32F4xx_HAL_Driver/Src/stm32f4xx_hal_tim_ex.c ****   TIM_CHANNEL_STATE_SET(htim, TIM_CHANNEL_2, HAL_TIM_CHANNEL_STATE_BUSY);
1689:Drivers/STM32F4xx_HAL_Driver/Src/stm32f4xx_hal_tim_ex.c ****   TIM_CHANNEL_N_STATE_SET(htim, TIM_CHANNEL_1, HAL_TIM_CHANNEL_STATE_BUSY);
1690:Drivers/STM32F4xx_HAL_Driver/Src/stm32f4xx_hal_tim_ex.c ****   TIM_CHANNEL_N_STATE_SET(htim, TIM_CHANNEL_2, HAL_TIM_CHANNEL_STATE_BUSY);
1691:Drivers/STM32F4xx_HAL_Driver/Src/stm32f4xx_hal_tim_ex.c **** 
1692:Drivers/STM32F4xx_HAL_Driver/Src/stm32f4xx_hal_tim_ex.c ****   /* Enable the TIM Capture/Compare 1 interrupt */
1693:Drivers/STM32F4xx_HAL_Driver/Src/stm32f4xx_hal_tim_ex.c ****   __HAL_TIM_ENABLE_IT(htim, TIM_IT_CC1);
1694:Drivers/STM32F4xx_HAL_Driver/Src/stm32f4xx_hal_tim_ex.c **** 
1695:Drivers/STM32F4xx_HAL_Driver/Src/stm32f4xx_hal_tim_ex.c ****   /* Enable the TIM Capture/Compare 2 interrupt */
1696:Drivers/STM32F4xx_HAL_Driver/Src/stm32f4xx_hal_tim_ex.c ****   __HAL_TIM_ENABLE_IT(htim, TIM_IT_CC2);
1697:Drivers/STM32F4xx_HAL_Driver/Src/stm32f4xx_hal_tim_ex.c **** 
1698:Drivers/STM32F4xx_HAL_Driver/Src/stm32f4xx_hal_tim_ex.c ****   /* Enable the complementary One Pulse output channel and the Input Capture channel */
1699:Drivers/STM32F4xx_HAL_Driver/Src/stm32f4xx_hal_tim_ex.c ****   TIM_CCxNChannelCmd(htim->Instance, OutputChannel, TIM_CCxN_ENABLE);
1700:Drivers/STM32F4xx_HAL_Driver/Src/stm32f4xx_hal_tim_ex.c ****   TIM_CCxChannelCmd(htim->Instance, input_channel, TIM_CCx_ENABLE);
1701:Drivers/STM32F4xx_HAL_Driver/Src/stm32f4xx_hal_tim_ex.c **** 
1702:Drivers/STM32F4xx_HAL_Driver/Src/stm32f4xx_hal_tim_ex.c ****   /* Enable the Main Output */
1703:Drivers/STM32F4xx_HAL_Driver/Src/stm32f4xx_hal_tim_ex.c ****   __HAL_TIM_MOE_ENABLE(htim);
1704:Drivers/STM32F4xx_HAL_Driver/Src/stm32f4xx_hal_tim_ex.c **** 
1705:Drivers/STM32F4xx_HAL_Driver/Src/stm32f4xx_hal_tim_ex.c ****   /* Return function status */
1706:Drivers/STM32F4xx_HAL_Driver/Src/stm32f4xx_hal_tim_ex.c ****   return HAL_OK;
1707:Drivers/STM32F4xx_HAL_Driver/Src/stm32f4xx_hal_tim_ex.c **** }
1708:Drivers/STM32F4xx_HAL_Driver/Src/stm32f4xx_hal_tim_ex.c **** 
1709:Drivers/STM32F4xx_HAL_Driver/Src/stm32f4xx_hal_tim_ex.c **** /**
1710:Drivers/STM32F4xx_HAL_Driver/Src/stm32f4xx_hal_tim_ex.c ****   * @brief  Stops the TIM One Pulse signal generation in interrupt mode on the
1711:Drivers/STM32F4xx_HAL_Driver/Src/stm32f4xx_hal_tim_ex.c ****   *         complementary channel.
1712:Drivers/STM32F4xx_HAL_Driver/Src/stm32f4xx_hal_tim_ex.c ****   * @note OutputChannel must match the pulse output channel chosen when calling
1713:Drivers/STM32F4xx_HAL_Driver/Src/stm32f4xx_hal_tim_ex.c ****   *       @ref HAL_TIM_OnePulse_ConfigChannel().
1714:Drivers/STM32F4xx_HAL_Driver/Src/stm32f4xx_hal_tim_ex.c ****   * @param  htim TIM One Pulse handle
1715:Drivers/STM32F4xx_HAL_Driver/Src/stm32f4xx_hal_tim_ex.c ****   * @param  OutputChannel pulse output channel to disable
1716:Drivers/STM32F4xx_HAL_Driver/Src/stm32f4xx_hal_tim_ex.c ****   *          This parameter can be one of the following values:
1717:Drivers/STM32F4xx_HAL_Driver/Src/stm32f4xx_hal_tim_ex.c ****   *            @arg TIM_CHANNEL_1: TIM Channel 1 selected
1718:Drivers/STM32F4xx_HAL_Driver/Src/stm32f4xx_hal_tim_ex.c ****   *            @arg TIM_CHANNEL_2: TIM Channel 2 selected
1719:Drivers/STM32F4xx_HAL_Driver/Src/stm32f4xx_hal_tim_ex.c ****   * @retval HAL status
1720:Drivers/STM32F4xx_HAL_Driver/Src/stm32f4xx_hal_tim_ex.c ****   */
1721:Drivers/STM32F4xx_HAL_Driver/Src/stm32f4xx_hal_tim_ex.c **** HAL_StatusTypeDef HAL_TIMEx_OnePulseN_Stop_IT(TIM_HandleTypeDef *htim, uint32_t OutputChannel)
1722:Drivers/STM32F4xx_HAL_Driver/Src/stm32f4xx_hal_tim_ex.c **** {
1723:Drivers/STM32F4xx_HAL_Driver/Src/stm32f4xx_hal_tim_ex.c ****   uint32_t input_channel = (OutputChannel == TIM_CHANNEL_1) ? TIM_CHANNEL_2 : TIM_CHANNEL_1;
1724:Drivers/STM32F4xx_HAL_Driver/Src/stm32f4xx_hal_tim_ex.c **** 
1725:Drivers/STM32F4xx_HAL_Driver/Src/stm32f4xx_hal_tim_ex.c ****   /* Check the parameters */
1726:Drivers/STM32F4xx_HAL_Driver/Src/stm32f4xx_hal_tim_ex.c ****   assert_param(IS_TIM_CCXN_INSTANCE(htim->Instance, OutputChannel));
1727:Drivers/STM32F4xx_HAL_Driver/Src/stm32f4xx_hal_tim_ex.c **** 
1728:Drivers/STM32F4xx_HAL_Driver/Src/stm32f4xx_hal_tim_ex.c ****   /* Disable the TIM Capture/Compare 1 interrupt */
1729:Drivers/STM32F4xx_HAL_Driver/Src/stm32f4xx_hal_tim_ex.c ****   __HAL_TIM_DISABLE_IT(htim, TIM_IT_CC1);
1730:Drivers/STM32F4xx_HAL_Driver/Src/stm32f4xx_hal_tim_ex.c **** 
1731:Drivers/STM32F4xx_HAL_Driver/Src/stm32f4xx_hal_tim_ex.c ****   /* Disable the TIM Capture/Compare 2 interrupt */
1732:Drivers/STM32F4xx_HAL_Driver/Src/stm32f4xx_hal_tim_ex.c ****   __HAL_TIM_DISABLE_IT(htim, TIM_IT_CC2);
1733:Drivers/STM32F4xx_HAL_Driver/Src/stm32f4xx_hal_tim_ex.c **** 
1734:Drivers/STM32F4xx_HAL_Driver/Src/stm32f4xx_hal_tim_ex.c ****   /* Disable the complementary One Pulse output channel and the Input Capture channel */
1735:Drivers/STM32F4xx_HAL_Driver/Src/stm32f4xx_hal_tim_ex.c ****   TIM_CCxNChannelCmd(htim->Instance, OutputChannel, TIM_CCxN_DISABLE);
1736:Drivers/STM32F4xx_HAL_Driver/Src/stm32f4xx_hal_tim_ex.c ****   TIM_CCxChannelCmd(htim->Instance, input_channel, TIM_CCx_DISABLE);
1737:Drivers/STM32F4xx_HAL_Driver/Src/stm32f4xx_hal_tim_ex.c **** 
1738:Drivers/STM32F4xx_HAL_Driver/Src/stm32f4xx_hal_tim_ex.c ****   /* Disable the Main Output */
1739:Drivers/STM32F4xx_HAL_Driver/Src/stm32f4xx_hal_tim_ex.c ****   __HAL_TIM_MOE_DISABLE(htim);
1740:Drivers/STM32F4xx_HAL_Driver/Src/stm32f4xx_hal_tim_ex.c **** 
1741:Drivers/STM32F4xx_HAL_Driver/Src/stm32f4xx_hal_tim_ex.c ****   /* Disable the Peripheral */
1742:Drivers/STM32F4xx_HAL_Driver/Src/stm32f4xx_hal_tim_ex.c ****   __HAL_TIM_DISABLE(htim);
ARM GAS  /tmp/cczycJk4.s 			page 32


1743:Drivers/STM32F4xx_HAL_Driver/Src/stm32f4xx_hal_tim_ex.c **** 
1744:Drivers/STM32F4xx_HAL_Driver/Src/stm32f4xx_hal_tim_ex.c ****   /* Set the TIM  channels state */
1745:Drivers/STM32F4xx_HAL_Driver/Src/stm32f4xx_hal_tim_ex.c ****   TIM_CHANNEL_STATE_SET(htim, TIM_CHANNEL_1, HAL_TIM_CHANNEL_STATE_READY);
1746:Drivers/STM32F4xx_HAL_Driver/Src/stm32f4xx_hal_tim_ex.c ****   TIM_CHANNEL_STATE_SET(htim, TIM_CHANNEL_2, HAL_TIM_CHANNEL_STATE_READY);
1747:Drivers/STM32F4xx_HAL_Driver/Src/stm32f4xx_hal_tim_ex.c ****   TIM_CHANNEL_N_STATE_SET(htim, TIM_CHANNEL_1, HAL_TIM_CHANNEL_STATE_READY);
1748:Drivers/STM32F4xx_HAL_Driver/Src/stm32f4xx_hal_tim_ex.c ****   TIM_CHANNEL_N_STATE_SET(htim, TIM_CHANNEL_2, HAL_TIM_CHANNEL_STATE_READY);
1749:Drivers/STM32F4xx_HAL_Driver/Src/stm32f4xx_hal_tim_ex.c **** 
1750:Drivers/STM32F4xx_HAL_Driver/Src/stm32f4xx_hal_tim_ex.c ****   /* Return function status */
1751:Drivers/STM32F4xx_HAL_Driver/Src/stm32f4xx_hal_tim_ex.c ****   return HAL_OK;
1752:Drivers/STM32F4xx_HAL_Driver/Src/stm32f4xx_hal_tim_ex.c **** }
1753:Drivers/STM32F4xx_HAL_Driver/Src/stm32f4xx_hal_tim_ex.c **** 
1754:Drivers/STM32F4xx_HAL_Driver/Src/stm32f4xx_hal_tim_ex.c **** /**
1755:Drivers/STM32F4xx_HAL_Driver/Src/stm32f4xx_hal_tim_ex.c ****   * @}
1756:Drivers/STM32F4xx_HAL_Driver/Src/stm32f4xx_hal_tim_ex.c ****   */
1757:Drivers/STM32F4xx_HAL_Driver/Src/stm32f4xx_hal_tim_ex.c **** 
1758:Drivers/STM32F4xx_HAL_Driver/Src/stm32f4xx_hal_tim_ex.c **** /** @defgroup TIMEx_Exported_Functions_Group5 Extended Peripheral Control functions
1759:Drivers/STM32F4xx_HAL_Driver/Src/stm32f4xx_hal_tim_ex.c ****   * @brief    Peripheral Control functions
1760:Drivers/STM32F4xx_HAL_Driver/Src/stm32f4xx_hal_tim_ex.c ****   *
1761:Drivers/STM32F4xx_HAL_Driver/Src/stm32f4xx_hal_tim_ex.c **** @verbatim
1762:Drivers/STM32F4xx_HAL_Driver/Src/stm32f4xx_hal_tim_ex.c ****   ==============================================================================
1763:Drivers/STM32F4xx_HAL_Driver/Src/stm32f4xx_hal_tim_ex.c ****                     ##### Peripheral Control functions #####
1764:Drivers/STM32F4xx_HAL_Driver/Src/stm32f4xx_hal_tim_ex.c ****   ==============================================================================
1765:Drivers/STM32F4xx_HAL_Driver/Src/stm32f4xx_hal_tim_ex.c ****   [..]
1766:Drivers/STM32F4xx_HAL_Driver/Src/stm32f4xx_hal_tim_ex.c ****     This section provides functions allowing to:
1767:Drivers/STM32F4xx_HAL_Driver/Src/stm32f4xx_hal_tim_ex.c ****       (+) Configure the commutation event in case of use of the Hall sensor interface.
1768:Drivers/STM32F4xx_HAL_Driver/Src/stm32f4xx_hal_tim_ex.c ****       (+) Configure Output channels for OC and PWM mode.
1769:Drivers/STM32F4xx_HAL_Driver/Src/stm32f4xx_hal_tim_ex.c **** 
1770:Drivers/STM32F4xx_HAL_Driver/Src/stm32f4xx_hal_tim_ex.c ****       (+) Configure Complementary channels, break features and dead time.
1771:Drivers/STM32F4xx_HAL_Driver/Src/stm32f4xx_hal_tim_ex.c ****       (+) Configure Master synchronization.
1772:Drivers/STM32F4xx_HAL_Driver/Src/stm32f4xx_hal_tim_ex.c ****       (+) Configure timer remapping capabilities.
1773:Drivers/STM32F4xx_HAL_Driver/Src/stm32f4xx_hal_tim_ex.c **** 
1774:Drivers/STM32F4xx_HAL_Driver/Src/stm32f4xx_hal_tim_ex.c **** @endverbatim
1775:Drivers/STM32F4xx_HAL_Driver/Src/stm32f4xx_hal_tim_ex.c ****   * @{
1776:Drivers/STM32F4xx_HAL_Driver/Src/stm32f4xx_hal_tim_ex.c ****   */
1777:Drivers/STM32F4xx_HAL_Driver/Src/stm32f4xx_hal_tim_ex.c **** 
1778:Drivers/STM32F4xx_HAL_Driver/Src/stm32f4xx_hal_tim_ex.c **** /**
1779:Drivers/STM32F4xx_HAL_Driver/Src/stm32f4xx_hal_tim_ex.c ****   * @brief  Configure the TIM commutation event sequence.
1780:Drivers/STM32F4xx_HAL_Driver/Src/stm32f4xx_hal_tim_ex.c ****   * @note  This function is mandatory to use the commutation event in order to
1781:Drivers/STM32F4xx_HAL_Driver/Src/stm32f4xx_hal_tim_ex.c ****   *        update the configuration at each commutation detection on the TRGI input of the Timer,
1782:Drivers/STM32F4xx_HAL_Driver/Src/stm32f4xx_hal_tim_ex.c ****   *        the typical use of this feature is with the use of another Timer(interface Timer)
1783:Drivers/STM32F4xx_HAL_Driver/Src/stm32f4xx_hal_tim_ex.c ****   *        configured in Hall sensor interface, this interface Timer will generate the
1784:Drivers/STM32F4xx_HAL_Driver/Src/stm32f4xx_hal_tim_ex.c ****   *        commutation at its TRGO output (connected to Timer used in this function) each time
1785:Drivers/STM32F4xx_HAL_Driver/Src/stm32f4xx_hal_tim_ex.c ****   *        the TI1 of the Interface Timer detect a commutation at its input TI1.
1786:Drivers/STM32F4xx_HAL_Driver/Src/stm32f4xx_hal_tim_ex.c ****   * @param  htim TIM handle
1787:Drivers/STM32F4xx_HAL_Driver/Src/stm32f4xx_hal_tim_ex.c ****   * @param  InputTrigger the Internal trigger corresponding to the Timer Interfacing with the Hall 
1788:Drivers/STM32F4xx_HAL_Driver/Src/stm32f4xx_hal_tim_ex.c ****   *          This parameter can be one of the following values:
1789:Drivers/STM32F4xx_HAL_Driver/Src/stm32f4xx_hal_tim_ex.c ****   *            @arg TIM_TS_ITR0: Internal trigger 0 selected
1790:Drivers/STM32F4xx_HAL_Driver/Src/stm32f4xx_hal_tim_ex.c ****   *            @arg TIM_TS_ITR1: Internal trigger 1 selected
1791:Drivers/STM32F4xx_HAL_Driver/Src/stm32f4xx_hal_tim_ex.c ****   *            @arg TIM_TS_ITR2: Internal trigger 2 selected
1792:Drivers/STM32F4xx_HAL_Driver/Src/stm32f4xx_hal_tim_ex.c ****   *            @arg TIM_TS_ITR3: Internal trigger 3 selected
1793:Drivers/STM32F4xx_HAL_Driver/Src/stm32f4xx_hal_tim_ex.c ****   *            @arg TIM_TS_NONE: No trigger is needed
1794:Drivers/STM32F4xx_HAL_Driver/Src/stm32f4xx_hal_tim_ex.c ****   * @param  CommutationSource the Commutation Event source
1795:Drivers/STM32F4xx_HAL_Driver/Src/stm32f4xx_hal_tim_ex.c ****   *          This parameter can be one of the following values:
1796:Drivers/STM32F4xx_HAL_Driver/Src/stm32f4xx_hal_tim_ex.c ****   *            @arg TIM_COMMUTATION_TRGI: Commutation source is the TRGI of the Interface Timer
1797:Drivers/STM32F4xx_HAL_Driver/Src/stm32f4xx_hal_tim_ex.c ****   *            @arg TIM_COMMUTATION_SOFTWARE:  Commutation source is set by software using the COMG
1798:Drivers/STM32F4xx_HAL_Driver/Src/stm32f4xx_hal_tim_ex.c ****   * @retval HAL status
1799:Drivers/STM32F4xx_HAL_Driver/Src/stm32f4xx_hal_tim_ex.c ****   */
ARM GAS  /tmp/cczycJk4.s 			page 33


1800:Drivers/STM32F4xx_HAL_Driver/Src/stm32f4xx_hal_tim_ex.c **** HAL_StatusTypeDef HAL_TIMEx_ConfigCommutEvent(TIM_HandleTypeDef *htim, uint32_t  InputTrigger,
1801:Drivers/STM32F4xx_HAL_Driver/Src/stm32f4xx_hal_tim_ex.c ****                                               uint32_t  CommutationSource)
1802:Drivers/STM32F4xx_HAL_Driver/Src/stm32f4xx_hal_tim_ex.c **** {
1803:Drivers/STM32F4xx_HAL_Driver/Src/stm32f4xx_hal_tim_ex.c ****   /* Check the parameters */
1804:Drivers/STM32F4xx_HAL_Driver/Src/stm32f4xx_hal_tim_ex.c ****   assert_param(IS_TIM_COMMUTATION_EVENT_INSTANCE(htim->Instance));
1805:Drivers/STM32F4xx_HAL_Driver/Src/stm32f4xx_hal_tim_ex.c ****   assert_param(IS_TIM_INTERNAL_TRIGGEREVENT_SELECTION(InputTrigger));
1806:Drivers/STM32F4xx_HAL_Driver/Src/stm32f4xx_hal_tim_ex.c **** 
1807:Drivers/STM32F4xx_HAL_Driver/Src/stm32f4xx_hal_tim_ex.c ****   __HAL_LOCK(htim);
1808:Drivers/STM32F4xx_HAL_Driver/Src/stm32f4xx_hal_tim_ex.c **** 
1809:Drivers/STM32F4xx_HAL_Driver/Src/stm32f4xx_hal_tim_ex.c ****   if ((InputTrigger == TIM_TS_ITR0) || (InputTrigger == TIM_TS_ITR1) ||
1810:Drivers/STM32F4xx_HAL_Driver/Src/stm32f4xx_hal_tim_ex.c ****       (InputTrigger == TIM_TS_ITR2) || (InputTrigger == TIM_TS_ITR3))
1811:Drivers/STM32F4xx_HAL_Driver/Src/stm32f4xx_hal_tim_ex.c ****   {
1812:Drivers/STM32F4xx_HAL_Driver/Src/stm32f4xx_hal_tim_ex.c ****     /* Select the Input trigger */
1813:Drivers/STM32F4xx_HAL_Driver/Src/stm32f4xx_hal_tim_ex.c ****     htim->Instance->SMCR &= ~TIM_SMCR_TS;
1814:Drivers/STM32F4xx_HAL_Driver/Src/stm32f4xx_hal_tim_ex.c ****     htim->Instance->SMCR |= InputTrigger;
1815:Drivers/STM32F4xx_HAL_Driver/Src/stm32f4xx_hal_tim_ex.c ****   }
1816:Drivers/STM32F4xx_HAL_Driver/Src/stm32f4xx_hal_tim_ex.c **** 
1817:Drivers/STM32F4xx_HAL_Driver/Src/stm32f4xx_hal_tim_ex.c ****   /* Select the Capture Compare preload feature */
1818:Drivers/STM32F4xx_HAL_Driver/Src/stm32f4xx_hal_tim_ex.c ****   htim->Instance->CR2 |= TIM_CR2_CCPC;
1819:Drivers/STM32F4xx_HAL_Driver/Src/stm32f4xx_hal_tim_ex.c ****   /* Select the Commutation event source */
1820:Drivers/STM32F4xx_HAL_Driver/Src/stm32f4xx_hal_tim_ex.c ****   htim->Instance->CR2 &= ~TIM_CR2_CCUS;
1821:Drivers/STM32F4xx_HAL_Driver/Src/stm32f4xx_hal_tim_ex.c ****   htim->Instance->CR2 |= CommutationSource;
1822:Drivers/STM32F4xx_HAL_Driver/Src/stm32f4xx_hal_tim_ex.c **** 
1823:Drivers/STM32F4xx_HAL_Driver/Src/stm32f4xx_hal_tim_ex.c ****   /* Disable Commutation Interrupt */
1824:Drivers/STM32F4xx_HAL_Driver/Src/stm32f4xx_hal_tim_ex.c ****   __HAL_TIM_DISABLE_IT(htim, TIM_IT_COM);
1825:Drivers/STM32F4xx_HAL_Driver/Src/stm32f4xx_hal_tim_ex.c **** 
1826:Drivers/STM32F4xx_HAL_Driver/Src/stm32f4xx_hal_tim_ex.c ****   /* Disable Commutation DMA request */
1827:Drivers/STM32F4xx_HAL_Driver/Src/stm32f4xx_hal_tim_ex.c ****   __HAL_TIM_DISABLE_DMA(htim, TIM_DMA_COM);
1828:Drivers/STM32F4xx_HAL_Driver/Src/stm32f4xx_hal_tim_ex.c **** 
1829:Drivers/STM32F4xx_HAL_Driver/Src/stm32f4xx_hal_tim_ex.c ****   __HAL_UNLOCK(htim);
1830:Drivers/STM32F4xx_HAL_Driver/Src/stm32f4xx_hal_tim_ex.c **** 
1831:Drivers/STM32F4xx_HAL_Driver/Src/stm32f4xx_hal_tim_ex.c ****   return HAL_OK;
1832:Drivers/STM32F4xx_HAL_Driver/Src/stm32f4xx_hal_tim_ex.c **** }
1833:Drivers/STM32F4xx_HAL_Driver/Src/stm32f4xx_hal_tim_ex.c **** 
1834:Drivers/STM32F4xx_HAL_Driver/Src/stm32f4xx_hal_tim_ex.c **** /**
1835:Drivers/STM32F4xx_HAL_Driver/Src/stm32f4xx_hal_tim_ex.c ****   * @brief  Configure the TIM commutation event sequence with interrupt.
1836:Drivers/STM32F4xx_HAL_Driver/Src/stm32f4xx_hal_tim_ex.c ****   * @note  This function is mandatory to use the commutation event in order to
1837:Drivers/STM32F4xx_HAL_Driver/Src/stm32f4xx_hal_tim_ex.c ****   *        update the configuration at each commutation detection on the TRGI input of the Timer,
1838:Drivers/STM32F4xx_HAL_Driver/Src/stm32f4xx_hal_tim_ex.c ****   *        the typical use of this feature is with the use of another Timer(interface Timer)
1839:Drivers/STM32F4xx_HAL_Driver/Src/stm32f4xx_hal_tim_ex.c ****   *        configured in Hall sensor interface, this interface Timer will generate the
1840:Drivers/STM32F4xx_HAL_Driver/Src/stm32f4xx_hal_tim_ex.c ****   *        commutation at its TRGO output (connected to Timer used in this function) each time
1841:Drivers/STM32F4xx_HAL_Driver/Src/stm32f4xx_hal_tim_ex.c ****   *        the TI1 of the Interface Timer detect a commutation at its input TI1.
1842:Drivers/STM32F4xx_HAL_Driver/Src/stm32f4xx_hal_tim_ex.c ****   * @param  htim TIM handle
1843:Drivers/STM32F4xx_HAL_Driver/Src/stm32f4xx_hal_tim_ex.c ****   * @param  InputTrigger the Internal trigger corresponding to the Timer Interfacing with the Hall 
1844:Drivers/STM32F4xx_HAL_Driver/Src/stm32f4xx_hal_tim_ex.c ****   *          This parameter can be one of the following values:
1845:Drivers/STM32F4xx_HAL_Driver/Src/stm32f4xx_hal_tim_ex.c ****   *            @arg TIM_TS_ITR0: Internal trigger 0 selected
1846:Drivers/STM32F4xx_HAL_Driver/Src/stm32f4xx_hal_tim_ex.c ****   *            @arg TIM_TS_ITR1: Internal trigger 1 selected
1847:Drivers/STM32F4xx_HAL_Driver/Src/stm32f4xx_hal_tim_ex.c ****   *            @arg TIM_TS_ITR2: Internal trigger 2 selected
1848:Drivers/STM32F4xx_HAL_Driver/Src/stm32f4xx_hal_tim_ex.c ****   *            @arg TIM_TS_ITR3: Internal trigger 3 selected
1849:Drivers/STM32F4xx_HAL_Driver/Src/stm32f4xx_hal_tim_ex.c ****   *            @arg TIM_TS_NONE: No trigger is needed
1850:Drivers/STM32F4xx_HAL_Driver/Src/stm32f4xx_hal_tim_ex.c ****   * @param  CommutationSource the Commutation Event source
1851:Drivers/STM32F4xx_HAL_Driver/Src/stm32f4xx_hal_tim_ex.c ****   *          This parameter can be one of the following values:
1852:Drivers/STM32F4xx_HAL_Driver/Src/stm32f4xx_hal_tim_ex.c ****   *            @arg TIM_COMMUTATION_TRGI: Commutation source is the TRGI of the Interface Timer
1853:Drivers/STM32F4xx_HAL_Driver/Src/stm32f4xx_hal_tim_ex.c ****   *            @arg TIM_COMMUTATION_SOFTWARE:  Commutation source is set by software using the COMG
1854:Drivers/STM32F4xx_HAL_Driver/Src/stm32f4xx_hal_tim_ex.c ****   * @retval HAL status
1855:Drivers/STM32F4xx_HAL_Driver/Src/stm32f4xx_hal_tim_ex.c ****   */
1856:Drivers/STM32F4xx_HAL_Driver/Src/stm32f4xx_hal_tim_ex.c **** HAL_StatusTypeDef HAL_TIMEx_ConfigCommutEvent_IT(TIM_HandleTypeDef *htim, uint32_t  InputTrigger,
ARM GAS  /tmp/cczycJk4.s 			page 34


1857:Drivers/STM32F4xx_HAL_Driver/Src/stm32f4xx_hal_tim_ex.c ****                                                  uint32_t  CommutationSource)
1858:Drivers/STM32F4xx_HAL_Driver/Src/stm32f4xx_hal_tim_ex.c **** {
1859:Drivers/STM32F4xx_HAL_Driver/Src/stm32f4xx_hal_tim_ex.c ****   /* Check the parameters */
1860:Drivers/STM32F4xx_HAL_Driver/Src/stm32f4xx_hal_tim_ex.c ****   assert_param(IS_TIM_COMMUTATION_EVENT_INSTANCE(htim->Instance));
1861:Drivers/STM32F4xx_HAL_Driver/Src/stm32f4xx_hal_tim_ex.c ****   assert_param(IS_TIM_INTERNAL_TRIGGEREVENT_SELECTION(InputTrigger));
1862:Drivers/STM32F4xx_HAL_Driver/Src/stm32f4xx_hal_tim_ex.c **** 
1863:Drivers/STM32F4xx_HAL_Driver/Src/stm32f4xx_hal_tim_ex.c ****   __HAL_LOCK(htim);
1864:Drivers/STM32F4xx_HAL_Driver/Src/stm32f4xx_hal_tim_ex.c **** 
1865:Drivers/STM32F4xx_HAL_Driver/Src/stm32f4xx_hal_tim_ex.c ****   if ((InputTrigger == TIM_TS_ITR0) || (InputTrigger == TIM_TS_ITR1) ||
1866:Drivers/STM32F4xx_HAL_Driver/Src/stm32f4xx_hal_tim_ex.c ****       (InputTrigger == TIM_TS_ITR2) || (InputTrigger == TIM_TS_ITR3))
1867:Drivers/STM32F4xx_HAL_Driver/Src/stm32f4xx_hal_tim_ex.c ****   {
1868:Drivers/STM32F4xx_HAL_Driver/Src/stm32f4xx_hal_tim_ex.c ****     /* Select the Input trigger */
1869:Drivers/STM32F4xx_HAL_Driver/Src/stm32f4xx_hal_tim_ex.c ****     htim->Instance->SMCR &= ~TIM_SMCR_TS;
1870:Drivers/STM32F4xx_HAL_Driver/Src/stm32f4xx_hal_tim_ex.c ****     htim->Instance->SMCR |= InputTrigger;
1871:Drivers/STM32F4xx_HAL_Driver/Src/stm32f4xx_hal_tim_ex.c ****   }
1872:Drivers/STM32F4xx_HAL_Driver/Src/stm32f4xx_hal_tim_ex.c **** 
1873:Drivers/STM32F4xx_HAL_Driver/Src/stm32f4xx_hal_tim_ex.c ****   /* Select the Capture Compare preload feature */
1874:Drivers/STM32F4xx_HAL_Driver/Src/stm32f4xx_hal_tim_ex.c ****   htim->Instance->CR2 |= TIM_CR2_CCPC;
1875:Drivers/STM32F4xx_HAL_Driver/Src/stm32f4xx_hal_tim_ex.c ****   /* Select the Commutation event source */
1876:Drivers/STM32F4xx_HAL_Driver/Src/stm32f4xx_hal_tim_ex.c ****   htim->Instance->CR2 &= ~TIM_CR2_CCUS;
1877:Drivers/STM32F4xx_HAL_Driver/Src/stm32f4xx_hal_tim_ex.c ****   htim->Instance->CR2 |= CommutationSource;
1878:Drivers/STM32F4xx_HAL_Driver/Src/stm32f4xx_hal_tim_ex.c **** 
1879:Drivers/STM32F4xx_HAL_Driver/Src/stm32f4xx_hal_tim_ex.c ****   /* Disable Commutation DMA request */
1880:Drivers/STM32F4xx_HAL_Driver/Src/stm32f4xx_hal_tim_ex.c ****   __HAL_TIM_DISABLE_DMA(htim, TIM_DMA_COM);
1881:Drivers/STM32F4xx_HAL_Driver/Src/stm32f4xx_hal_tim_ex.c **** 
1882:Drivers/STM32F4xx_HAL_Driver/Src/stm32f4xx_hal_tim_ex.c ****   /* Enable the Commutation Interrupt */
1883:Drivers/STM32F4xx_HAL_Driver/Src/stm32f4xx_hal_tim_ex.c ****   __HAL_TIM_ENABLE_IT(htim, TIM_IT_COM);
1884:Drivers/STM32F4xx_HAL_Driver/Src/stm32f4xx_hal_tim_ex.c **** 
1885:Drivers/STM32F4xx_HAL_Driver/Src/stm32f4xx_hal_tim_ex.c ****   __HAL_UNLOCK(htim);
1886:Drivers/STM32F4xx_HAL_Driver/Src/stm32f4xx_hal_tim_ex.c **** 
1887:Drivers/STM32F4xx_HAL_Driver/Src/stm32f4xx_hal_tim_ex.c ****   return HAL_OK;
1888:Drivers/STM32F4xx_HAL_Driver/Src/stm32f4xx_hal_tim_ex.c **** }
1889:Drivers/STM32F4xx_HAL_Driver/Src/stm32f4xx_hal_tim_ex.c **** 
1890:Drivers/STM32F4xx_HAL_Driver/Src/stm32f4xx_hal_tim_ex.c **** /**
1891:Drivers/STM32F4xx_HAL_Driver/Src/stm32f4xx_hal_tim_ex.c ****   * @brief  Configure the TIM commutation event sequence with DMA.
1892:Drivers/STM32F4xx_HAL_Driver/Src/stm32f4xx_hal_tim_ex.c ****   * @note  This function is mandatory to use the commutation event in order to
1893:Drivers/STM32F4xx_HAL_Driver/Src/stm32f4xx_hal_tim_ex.c ****   *        update the configuration at each commutation detection on the TRGI input of the Timer,
1894:Drivers/STM32F4xx_HAL_Driver/Src/stm32f4xx_hal_tim_ex.c ****   *        the typical use of this feature is with the use of another Timer(interface Timer)
1895:Drivers/STM32F4xx_HAL_Driver/Src/stm32f4xx_hal_tim_ex.c ****   *        configured in Hall sensor interface, this interface Timer will generate the
1896:Drivers/STM32F4xx_HAL_Driver/Src/stm32f4xx_hal_tim_ex.c ****   *        commutation at its TRGO output (connected to Timer used in this function) each time
1897:Drivers/STM32F4xx_HAL_Driver/Src/stm32f4xx_hal_tim_ex.c ****   *        the TI1 of the Interface Timer detect a commutation at its input TI1.
1898:Drivers/STM32F4xx_HAL_Driver/Src/stm32f4xx_hal_tim_ex.c ****   * @note  The user should configure the DMA in his own software, in This function only the COMDE b
1899:Drivers/STM32F4xx_HAL_Driver/Src/stm32f4xx_hal_tim_ex.c ****   * @param  htim TIM handle
1900:Drivers/STM32F4xx_HAL_Driver/Src/stm32f4xx_hal_tim_ex.c ****   * @param  InputTrigger the Internal trigger corresponding to the Timer Interfacing with the Hall 
1901:Drivers/STM32F4xx_HAL_Driver/Src/stm32f4xx_hal_tim_ex.c ****   *          This parameter can be one of the following values:
1902:Drivers/STM32F4xx_HAL_Driver/Src/stm32f4xx_hal_tim_ex.c ****   *            @arg TIM_TS_ITR0: Internal trigger 0 selected
1903:Drivers/STM32F4xx_HAL_Driver/Src/stm32f4xx_hal_tim_ex.c ****   *            @arg TIM_TS_ITR1: Internal trigger 1 selected
1904:Drivers/STM32F4xx_HAL_Driver/Src/stm32f4xx_hal_tim_ex.c ****   *            @arg TIM_TS_ITR2: Internal trigger 2 selected
1905:Drivers/STM32F4xx_HAL_Driver/Src/stm32f4xx_hal_tim_ex.c ****   *            @arg TIM_TS_ITR3: Internal trigger 3 selected
1906:Drivers/STM32F4xx_HAL_Driver/Src/stm32f4xx_hal_tim_ex.c ****   *            @arg TIM_TS_NONE: No trigger is needed
1907:Drivers/STM32F4xx_HAL_Driver/Src/stm32f4xx_hal_tim_ex.c ****   * @param  CommutationSource the Commutation Event source
1908:Drivers/STM32F4xx_HAL_Driver/Src/stm32f4xx_hal_tim_ex.c ****   *          This parameter can be one of the following values:
1909:Drivers/STM32F4xx_HAL_Driver/Src/stm32f4xx_hal_tim_ex.c ****   *            @arg TIM_COMMUTATION_TRGI: Commutation source is the TRGI of the Interface Timer
1910:Drivers/STM32F4xx_HAL_Driver/Src/stm32f4xx_hal_tim_ex.c ****   *            @arg TIM_COMMUTATION_SOFTWARE:  Commutation source is set by software using the COMG
1911:Drivers/STM32F4xx_HAL_Driver/Src/stm32f4xx_hal_tim_ex.c ****   * @retval HAL status
1912:Drivers/STM32F4xx_HAL_Driver/Src/stm32f4xx_hal_tim_ex.c ****   */
1913:Drivers/STM32F4xx_HAL_Driver/Src/stm32f4xx_hal_tim_ex.c **** HAL_StatusTypeDef HAL_TIMEx_ConfigCommutEvent_DMA(TIM_HandleTypeDef *htim, uint32_t  InputTrigger,
ARM GAS  /tmp/cczycJk4.s 			page 35


1914:Drivers/STM32F4xx_HAL_Driver/Src/stm32f4xx_hal_tim_ex.c ****                                                   uint32_t  CommutationSource)
1915:Drivers/STM32F4xx_HAL_Driver/Src/stm32f4xx_hal_tim_ex.c **** {
1916:Drivers/STM32F4xx_HAL_Driver/Src/stm32f4xx_hal_tim_ex.c ****   /* Check the parameters */
1917:Drivers/STM32F4xx_HAL_Driver/Src/stm32f4xx_hal_tim_ex.c ****   assert_param(IS_TIM_COMMUTATION_EVENT_INSTANCE(htim->Instance));
1918:Drivers/STM32F4xx_HAL_Driver/Src/stm32f4xx_hal_tim_ex.c ****   assert_param(IS_TIM_INTERNAL_TRIGGEREVENT_SELECTION(InputTrigger));
1919:Drivers/STM32F4xx_HAL_Driver/Src/stm32f4xx_hal_tim_ex.c **** 
1920:Drivers/STM32F4xx_HAL_Driver/Src/stm32f4xx_hal_tim_ex.c ****   __HAL_LOCK(htim);
1921:Drivers/STM32F4xx_HAL_Driver/Src/stm32f4xx_hal_tim_ex.c **** 
1922:Drivers/STM32F4xx_HAL_Driver/Src/stm32f4xx_hal_tim_ex.c ****   if ((InputTrigger == TIM_TS_ITR0) || (InputTrigger == TIM_TS_ITR1) ||
1923:Drivers/STM32F4xx_HAL_Driver/Src/stm32f4xx_hal_tim_ex.c ****       (InputTrigger == TIM_TS_ITR2) || (InputTrigger == TIM_TS_ITR3))
1924:Drivers/STM32F4xx_HAL_Driver/Src/stm32f4xx_hal_tim_ex.c ****   {
1925:Drivers/STM32F4xx_HAL_Driver/Src/stm32f4xx_hal_tim_ex.c ****     /* Select the Input trigger */
1926:Drivers/STM32F4xx_HAL_Driver/Src/stm32f4xx_hal_tim_ex.c ****     htim->Instance->SMCR &= ~TIM_SMCR_TS;
1927:Drivers/STM32F4xx_HAL_Driver/Src/stm32f4xx_hal_tim_ex.c ****     htim->Instance->SMCR |= InputTrigger;
1928:Drivers/STM32F4xx_HAL_Driver/Src/stm32f4xx_hal_tim_ex.c ****   }
1929:Drivers/STM32F4xx_HAL_Driver/Src/stm32f4xx_hal_tim_ex.c **** 
1930:Drivers/STM32F4xx_HAL_Driver/Src/stm32f4xx_hal_tim_ex.c ****   /* Select the Capture Compare preload feature */
1931:Drivers/STM32F4xx_HAL_Driver/Src/stm32f4xx_hal_tim_ex.c ****   htim->Instance->CR2 |= TIM_CR2_CCPC;
1932:Drivers/STM32F4xx_HAL_Driver/Src/stm32f4xx_hal_tim_ex.c ****   /* Select the Commutation event source */
1933:Drivers/STM32F4xx_HAL_Driver/Src/stm32f4xx_hal_tim_ex.c ****   htim->Instance->CR2 &= ~TIM_CR2_CCUS;
1934:Drivers/STM32F4xx_HAL_Driver/Src/stm32f4xx_hal_tim_ex.c ****   htim->Instance->CR2 |= CommutationSource;
1935:Drivers/STM32F4xx_HAL_Driver/Src/stm32f4xx_hal_tim_ex.c **** 
1936:Drivers/STM32F4xx_HAL_Driver/Src/stm32f4xx_hal_tim_ex.c ****   /* Enable the Commutation DMA Request */
1937:Drivers/STM32F4xx_HAL_Driver/Src/stm32f4xx_hal_tim_ex.c ****   /* Set the DMA Commutation Callback */
1938:Drivers/STM32F4xx_HAL_Driver/Src/stm32f4xx_hal_tim_ex.c ****   htim->hdma[TIM_DMA_ID_COMMUTATION]->XferCpltCallback = TIMEx_DMACommutationCplt;
1939:Drivers/STM32F4xx_HAL_Driver/Src/stm32f4xx_hal_tim_ex.c ****   htim->hdma[TIM_DMA_ID_COMMUTATION]->XferHalfCpltCallback = TIMEx_DMACommutationHalfCplt;
1940:Drivers/STM32F4xx_HAL_Driver/Src/stm32f4xx_hal_tim_ex.c ****   /* Set the DMA error callback */
1941:Drivers/STM32F4xx_HAL_Driver/Src/stm32f4xx_hal_tim_ex.c ****   htim->hdma[TIM_DMA_ID_COMMUTATION]->XferErrorCallback = TIM_DMAError;
1942:Drivers/STM32F4xx_HAL_Driver/Src/stm32f4xx_hal_tim_ex.c **** 
1943:Drivers/STM32F4xx_HAL_Driver/Src/stm32f4xx_hal_tim_ex.c ****   /* Disable Commutation Interrupt */
1944:Drivers/STM32F4xx_HAL_Driver/Src/stm32f4xx_hal_tim_ex.c ****   __HAL_TIM_DISABLE_IT(htim, TIM_IT_COM);
1945:Drivers/STM32F4xx_HAL_Driver/Src/stm32f4xx_hal_tim_ex.c **** 
1946:Drivers/STM32F4xx_HAL_Driver/Src/stm32f4xx_hal_tim_ex.c ****   /* Enable the Commutation DMA Request */
1947:Drivers/STM32F4xx_HAL_Driver/Src/stm32f4xx_hal_tim_ex.c ****   __HAL_TIM_ENABLE_DMA(htim, TIM_DMA_COM);
1948:Drivers/STM32F4xx_HAL_Driver/Src/stm32f4xx_hal_tim_ex.c **** 
1949:Drivers/STM32F4xx_HAL_Driver/Src/stm32f4xx_hal_tim_ex.c ****   __HAL_UNLOCK(htim);
1950:Drivers/STM32F4xx_HAL_Driver/Src/stm32f4xx_hal_tim_ex.c **** 
1951:Drivers/STM32F4xx_HAL_Driver/Src/stm32f4xx_hal_tim_ex.c ****   return HAL_OK;
1952:Drivers/STM32F4xx_HAL_Driver/Src/stm32f4xx_hal_tim_ex.c **** }
1953:Drivers/STM32F4xx_HAL_Driver/Src/stm32f4xx_hal_tim_ex.c **** 
1954:Drivers/STM32F4xx_HAL_Driver/Src/stm32f4xx_hal_tim_ex.c **** /**
1955:Drivers/STM32F4xx_HAL_Driver/Src/stm32f4xx_hal_tim_ex.c ****   * @brief  Configures the TIM in master mode.
1956:Drivers/STM32F4xx_HAL_Driver/Src/stm32f4xx_hal_tim_ex.c ****   * @param  htim TIM handle.
1957:Drivers/STM32F4xx_HAL_Driver/Src/stm32f4xx_hal_tim_ex.c ****   * @param  sMasterConfig pointer to a TIM_MasterConfigTypeDef structure that
1958:Drivers/STM32F4xx_HAL_Driver/Src/stm32f4xx_hal_tim_ex.c ****   *         contains the selected trigger output (TRGO) and the Master/Slave
1959:Drivers/STM32F4xx_HAL_Driver/Src/stm32f4xx_hal_tim_ex.c ****   *         mode.
1960:Drivers/STM32F4xx_HAL_Driver/Src/stm32f4xx_hal_tim_ex.c ****   * @retval HAL status
1961:Drivers/STM32F4xx_HAL_Driver/Src/stm32f4xx_hal_tim_ex.c ****   */
1962:Drivers/STM32F4xx_HAL_Driver/Src/stm32f4xx_hal_tim_ex.c **** HAL_StatusTypeDef HAL_TIMEx_MasterConfigSynchronization(TIM_HandleTypeDef *htim,
1963:Drivers/STM32F4xx_HAL_Driver/Src/stm32f4xx_hal_tim_ex.c ****                                                         TIM_MasterConfigTypeDef *sMasterConfig)
1964:Drivers/STM32F4xx_HAL_Driver/Src/stm32f4xx_hal_tim_ex.c **** {
1965:Drivers/STM32F4xx_HAL_Driver/Src/stm32f4xx_hal_tim_ex.c ****   uint32_t tmpcr2;
1966:Drivers/STM32F4xx_HAL_Driver/Src/stm32f4xx_hal_tim_ex.c ****   uint32_t tmpsmcr;
1967:Drivers/STM32F4xx_HAL_Driver/Src/stm32f4xx_hal_tim_ex.c **** 
1968:Drivers/STM32F4xx_HAL_Driver/Src/stm32f4xx_hal_tim_ex.c ****   /* Check the parameters */
1969:Drivers/STM32F4xx_HAL_Driver/Src/stm32f4xx_hal_tim_ex.c ****   assert_param(IS_TIM_MASTER_INSTANCE(htim->Instance));
1970:Drivers/STM32F4xx_HAL_Driver/Src/stm32f4xx_hal_tim_ex.c ****   assert_param(IS_TIM_TRGO_SOURCE(sMasterConfig->MasterOutputTrigger));
ARM GAS  /tmp/cczycJk4.s 			page 36


1971:Drivers/STM32F4xx_HAL_Driver/Src/stm32f4xx_hal_tim_ex.c ****   assert_param(IS_TIM_MSM_STATE(sMasterConfig->MasterSlaveMode));
1972:Drivers/STM32F4xx_HAL_Driver/Src/stm32f4xx_hal_tim_ex.c **** 
1973:Drivers/STM32F4xx_HAL_Driver/Src/stm32f4xx_hal_tim_ex.c ****   /* Check input state */
1974:Drivers/STM32F4xx_HAL_Driver/Src/stm32f4xx_hal_tim_ex.c ****   __HAL_LOCK(htim);
1975:Drivers/STM32F4xx_HAL_Driver/Src/stm32f4xx_hal_tim_ex.c **** 
1976:Drivers/STM32F4xx_HAL_Driver/Src/stm32f4xx_hal_tim_ex.c ****   /* Change the handler state */
1977:Drivers/STM32F4xx_HAL_Driver/Src/stm32f4xx_hal_tim_ex.c ****   htim->State = HAL_TIM_STATE_BUSY;
1978:Drivers/STM32F4xx_HAL_Driver/Src/stm32f4xx_hal_tim_ex.c **** 
1979:Drivers/STM32F4xx_HAL_Driver/Src/stm32f4xx_hal_tim_ex.c ****   /* Get the TIMx CR2 register value */
1980:Drivers/STM32F4xx_HAL_Driver/Src/stm32f4xx_hal_tim_ex.c ****   tmpcr2 = htim->Instance->CR2;
1981:Drivers/STM32F4xx_HAL_Driver/Src/stm32f4xx_hal_tim_ex.c **** 
1982:Drivers/STM32F4xx_HAL_Driver/Src/stm32f4xx_hal_tim_ex.c ****   /* Get the TIMx SMCR register value */
1983:Drivers/STM32F4xx_HAL_Driver/Src/stm32f4xx_hal_tim_ex.c ****   tmpsmcr = htim->Instance->SMCR;
1984:Drivers/STM32F4xx_HAL_Driver/Src/stm32f4xx_hal_tim_ex.c **** 
1985:Drivers/STM32F4xx_HAL_Driver/Src/stm32f4xx_hal_tim_ex.c ****   /* Reset the MMS Bits */
1986:Drivers/STM32F4xx_HAL_Driver/Src/stm32f4xx_hal_tim_ex.c ****   tmpcr2 &= ~TIM_CR2_MMS;
1987:Drivers/STM32F4xx_HAL_Driver/Src/stm32f4xx_hal_tim_ex.c ****   /* Select the TRGO source */
1988:Drivers/STM32F4xx_HAL_Driver/Src/stm32f4xx_hal_tim_ex.c ****   tmpcr2 |=  sMasterConfig->MasterOutputTrigger;
1989:Drivers/STM32F4xx_HAL_Driver/Src/stm32f4xx_hal_tim_ex.c **** 
1990:Drivers/STM32F4xx_HAL_Driver/Src/stm32f4xx_hal_tim_ex.c ****   /* Update TIMx CR2 */
1991:Drivers/STM32F4xx_HAL_Driver/Src/stm32f4xx_hal_tim_ex.c ****   htim->Instance->CR2 = tmpcr2;
1992:Drivers/STM32F4xx_HAL_Driver/Src/stm32f4xx_hal_tim_ex.c **** 
1993:Drivers/STM32F4xx_HAL_Driver/Src/stm32f4xx_hal_tim_ex.c ****   if (IS_TIM_SLAVE_INSTANCE(htim->Instance))
1994:Drivers/STM32F4xx_HAL_Driver/Src/stm32f4xx_hal_tim_ex.c ****   {
1995:Drivers/STM32F4xx_HAL_Driver/Src/stm32f4xx_hal_tim_ex.c ****     /* Reset the MSM Bit */
1996:Drivers/STM32F4xx_HAL_Driver/Src/stm32f4xx_hal_tim_ex.c ****     tmpsmcr &= ~TIM_SMCR_MSM;
1997:Drivers/STM32F4xx_HAL_Driver/Src/stm32f4xx_hal_tim_ex.c ****     /* Set master mode */
1998:Drivers/STM32F4xx_HAL_Driver/Src/stm32f4xx_hal_tim_ex.c ****     tmpsmcr |= sMasterConfig->MasterSlaveMode;
1999:Drivers/STM32F4xx_HAL_Driver/Src/stm32f4xx_hal_tim_ex.c **** 
2000:Drivers/STM32F4xx_HAL_Driver/Src/stm32f4xx_hal_tim_ex.c ****     /* Update TIMx SMCR */
2001:Drivers/STM32F4xx_HAL_Driver/Src/stm32f4xx_hal_tim_ex.c ****     htim->Instance->SMCR = tmpsmcr;
2002:Drivers/STM32F4xx_HAL_Driver/Src/stm32f4xx_hal_tim_ex.c ****   }
2003:Drivers/STM32F4xx_HAL_Driver/Src/stm32f4xx_hal_tim_ex.c **** 
2004:Drivers/STM32F4xx_HAL_Driver/Src/stm32f4xx_hal_tim_ex.c ****   /* Change the htim state */
2005:Drivers/STM32F4xx_HAL_Driver/Src/stm32f4xx_hal_tim_ex.c ****   htim->State = HAL_TIM_STATE_READY;
2006:Drivers/STM32F4xx_HAL_Driver/Src/stm32f4xx_hal_tim_ex.c **** 
2007:Drivers/STM32F4xx_HAL_Driver/Src/stm32f4xx_hal_tim_ex.c ****   __HAL_UNLOCK(htim);
2008:Drivers/STM32F4xx_HAL_Driver/Src/stm32f4xx_hal_tim_ex.c **** 
2009:Drivers/STM32F4xx_HAL_Driver/Src/stm32f4xx_hal_tim_ex.c ****   return HAL_OK;
2010:Drivers/STM32F4xx_HAL_Driver/Src/stm32f4xx_hal_tim_ex.c **** }
2011:Drivers/STM32F4xx_HAL_Driver/Src/stm32f4xx_hal_tim_ex.c **** 
2012:Drivers/STM32F4xx_HAL_Driver/Src/stm32f4xx_hal_tim_ex.c **** /**
2013:Drivers/STM32F4xx_HAL_Driver/Src/stm32f4xx_hal_tim_ex.c ****   * @brief  Configures the Break feature, dead time, Lock level, OSSI/OSSR State
2014:Drivers/STM32F4xx_HAL_Driver/Src/stm32f4xx_hal_tim_ex.c ****   *         and the AOE(automatic output enable).
2015:Drivers/STM32F4xx_HAL_Driver/Src/stm32f4xx_hal_tim_ex.c ****   * @param  htim TIM handle
2016:Drivers/STM32F4xx_HAL_Driver/Src/stm32f4xx_hal_tim_ex.c ****   * @param  sBreakDeadTimeConfig pointer to a TIM_ConfigBreakDeadConfigTypeDef structure that
2017:Drivers/STM32F4xx_HAL_Driver/Src/stm32f4xx_hal_tim_ex.c ****   *         contains the BDTR Register configuration  information for the TIM peripheral.
2018:Drivers/STM32F4xx_HAL_Driver/Src/stm32f4xx_hal_tim_ex.c ****   * @note   Interrupts can be generated when an active level is detected on the
2019:Drivers/STM32F4xx_HAL_Driver/Src/stm32f4xx_hal_tim_ex.c ****   *         break input, the break 2 input or the system break input. Break
2020:Drivers/STM32F4xx_HAL_Driver/Src/stm32f4xx_hal_tim_ex.c ****   *         interrupt can be enabled by calling the @ref __HAL_TIM_ENABLE_IT macro.
2021:Drivers/STM32F4xx_HAL_Driver/Src/stm32f4xx_hal_tim_ex.c ****   * @retval HAL status
2022:Drivers/STM32F4xx_HAL_Driver/Src/stm32f4xx_hal_tim_ex.c ****   */
2023:Drivers/STM32F4xx_HAL_Driver/Src/stm32f4xx_hal_tim_ex.c **** HAL_StatusTypeDef HAL_TIMEx_ConfigBreakDeadTime(TIM_HandleTypeDef *htim,
2024:Drivers/STM32F4xx_HAL_Driver/Src/stm32f4xx_hal_tim_ex.c ****                                                 TIM_BreakDeadTimeConfigTypeDef *sBreakDeadTimeConfi
2025:Drivers/STM32F4xx_HAL_Driver/Src/stm32f4xx_hal_tim_ex.c **** {
2026:Drivers/STM32F4xx_HAL_Driver/Src/stm32f4xx_hal_tim_ex.c ****   /* Keep this variable initialized to 0 as it is used to configure BDTR register */
2027:Drivers/STM32F4xx_HAL_Driver/Src/stm32f4xx_hal_tim_ex.c ****   uint32_t tmpbdtr = 0U;
ARM GAS  /tmp/cczycJk4.s 			page 37


2028:Drivers/STM32F4xx_HAL_Driver/Src/stm32f4xx_hal_tim_ex.c **** 
2029:Drivers/STM32F4xx_HAL_Driver/Src/stm32f4xx_hal_tim_ex.c ****   /* Check the parameters */
2030:Drivers/STM32F4xx_HAL_Driver/Src/stm32f4xx_hal_tim_ex.c ****   assert_param(IS_TIM_BREAK_INSTANCE(htim->Instance));
2031:Drivers/STM32F4xx_HAL_Driver/Src/stm32f4xx_hal_tim_ex.c ****   assert_param(IS_TIM_OSSR_STATE(sBreakDeadTimeConfig->OffStateRunMode));
2032:Drivers/STM32F4xx_HAL_Driver/Src/stm32f4xx_hal_tim_ex.c ****   assert_param(IS_TIM_OSSI_STATE(sBreakDeadTimeConfig->OffStateIDLEMode));
2033:Drivers/STM32F4xx_HAL_Driver/Src/stm32f4xx_hal_tim_ex.c ****   assert_param(IS_TIM_LOCK_LEVEL(sBreakDeadTimeConfig->LockLevel));
2034:Drivers/STM32F4xx_HAL_Driver/Src/stm32f4xx_hal_tim_ex.c ****   assert_param(IS_TIM_DEADTIME(sBreakDeadTimeConfig->DeadTime));
2035:Drivers/STM32F4xx_HAL_Driver/Src/stm32f4xx_hal_tim_ex.c ****   assert_param(IS_TIM_BREAK_STATE(sBreakDeadTimeConfig->BreakState));
2036:Drivers/STM32F4xx_HAL_Driver/Src/stm32f4xx_hal_tim_ex.c ****   assert_param(IS_TIM_BREAK_POLARITY(sBreakDeadTimeConfig->BreakPolarity));
2037:Drivers/STM32F4xx_HAL_Driver/Src/stm32f4xx_hal_tim_ex.c ****   assert_param(IS_TIM_AUTOMATIC_OUTPUT_STATE(sBreakDeadTimeConfig->AutomaticOutput));
2038:Drivers/STM32F4xx_HAL_Driver/Src/stm32f4xx_hal_tim_ex.c **** 
2039:Drivers/STM32F4xx_HAL_Driver/Src/stm32f4xx_hal_tim_ex.c ****   /* Check input state */
2040:Drivers/STM32F4xx_HAL_Driver/Src/stm32f4xx_hal_tim_ex.c ****   __HAL_LOCK(htim);
2041:Drivers/STM32F4xx_HAL_Driver/Src/stm32f4xx_hal_tim_ex.c **** 
2042:Drivers/STM32F4xx_HAL_Driver/Src/stm32f4xx_hal_tim_ex.c ****   /* Set the Lock level, the Break enable Bit and the Polarity, the OSSR State,
2043:Drivers/STM32F4xx_HAL_Driver/Src/stm32f4xx_hal_tim_ex.c ****      the OSSI State, the dead time value and the Automatic Output Enable Bit */
2044:Drivers/STM32F4xx_HAL_Driver/Src/stm32f4xx_hal_tim_ex.c **** 
2045:Drivers/STM32F4xx_HAL_Driver/Src/stm32f4xx_hal_tim_ex.c ****   /* Set the BDTR bits */
2046:Drivers/STM32F4xx_HAL_Driver/Src/stm32f4xx_hal_tim_ex.c ****   MODIFY_REG(tmpbdtr, TIM_BDTR_DTG, sBreakDeadTimeConfig->DeadTime);
2047:Drivers/STM32F4xx_HAL_Driver/Src/stm32f4xx_hal_tim_ex.c ****   MODIFY_REG(tmpbdtr, TIM_BDTR_LOCK, sBreakDeadTimeConfig->LockLevel);
2048:Drivers/STM32F4xx_HAL_Driver/Src/stm32f4xx_hal_tim_ex.c ****   MODIFY_REG(tmpbdtr, TIM_BDTR_OSSI, sBreakDeadTimeConfig->OffStateIDLEMode);
2049:Drivers/STM32F4xx_HAL_Driver/Src/stm32f4xx_hal_tim_ex.c ****   MODIFY_REG(tmpbdtr, TIM_BDTR_OSSR, sBreakDeadTimeConfig->OffStateRunMode);
2050:Drivers/STM32F4xx_HAL_Driver/Src/stm32f4xx_hal_tim_ex.c ****   MODIFY_REG(tmpbdtr, TIM_BDTR_BKE, sBreakDeadTimeConfig->BreakState);
2051:Drivers/STM32F4xx_HAL_Driver/Src/stm32f4xx_hal_tim_ex.c ****   MODIFY_REG(tmpbdtr, TIM_BDTR_BKP, sBreakDeadTimeConfig->BreakPolarity);
2052:Drivers/STM32F4xx_HAL_Driver/Src/stm32f4xx_hal_tim_ex.c ****   MODIFY_REG(tmpbdtr, TIM_BDTR_AOE, sBreakDeadTimeConfig->AutomaticOutput);
2053:Drivers/STM32F4xx_HAL_Driver/Src/stm32f4xx_hal_tim_ex.c **** 
2054:Drivers/STM32F4xx_HAL_Driver/Src/stm32f4xx_hal_tim_ex.c **** 
2055:Drivers/STM32F4xx_HAL_Driver/Src/stm32f4xx_hal_tim_ex.c ****   /* Set TIMx_BDTR */
2056:Drivers/STM32F4xx_HAL_Driver/Src/stm32f4xx_hal_tim_ex.c ****   htim->Instance->BDTR = tmpbdtr;
2057:Drivers/STM32F4xx_HAL_Driver/Src/stm32f4xx_hal_tim_ex.c **** 
2058:Drivers/STM32F4xx_HAL_Driver/Src/stm32f4xx_hal_tim_ex.c ****   __HAL_UNLOCK(htim);
2059:Drivers/STM32F4xx_HAL_Driver/Src/stm32f4xx_hal_tim_ex.c **** 
2060:Drivers/STM32F4xx_HAL_Driver/Src/stm32f4xx_hal_tim_ex.c ****   return HAL_OK;
2061:Drivers/STM32F4xx_HAL_Driver/Src/stm32f4xx_hal_tim_ex.c **** }
2062:Drivers/STM32F4xx_HAL_Driver/Src/stm32f4xx_hal_tim_ex.c **** 
2063:Drivers/STM32F4xx_HAL_Driver/Src/stm32f4xx_hal_tim_ex.c **** /**
2064:Drivers/STM32F4xx_HAL_Driver/Src/stm32f4xx_hal_tim_ex.c ****   * @brief  Configures the TIMx Remapping input capabilities.
2065:Drivers/STM32F4xx_HAL_Driver/Src/stm32f4xx_hal_tim_ex.c ****   * @param  htim TIM handle.
2066:Drivers/STM32F4xx_HAL_Driver/Src/stm32f4xx_hal_tim_ex.c ****   * @param  Remap specifies the TIM remapping source.
2067:Drivers/STM32F4xx_HAL_Driver/Src/stm32f4xx_hal_tim_ex.c ****   *         For TIM1, the parameter can have the following values:                   (**)
2068:Drivers/STM32F4xx_HAL_Driver/Src/stm32f4xx_hal_tim_ex.c ****   *           @arg TIM_TIM1_TIM3_TRGO:  TIM1 ITR2 is connected to TIM3 TRGO
2069:Drivers/STM32F4xx_HAL_Driver/Src/stm32f4xx_hal_tim_ex.c ****   *           @arg TIM_TIM1_LPTIM:      TIM1 ITR2 is connected to LPTIM1 output
2070:Drivers/STM32F4xx_HAL_Driver/Src/stm32f4xx_hal_tim_ex.c ****   *
2071:Drivers/STM32F4xx_HAL_Driver/Src/stm32f4xx_hal_tim_ex.c ****   *         For TIM2, the parameter can have the following values:                   (**)
2072:Drivers/STM32F4xx_HAL_Driver/Src/stm32f4xx_hal_tim_ex.c ****   *           @arg TIM_TIM2_TIM8_TRGO:  TIM2 ITR1 is connected to TIM8 TRGO          (*)
2073:Drivers/STM32F4xx_HAL_Driver/Src/stm32f4xx_hal_tim_ex.c ****   *           @arg TIM_TIM2_ETH_PTP:    TIM2 ITR1 is connected to PTP trigger output (*)
2074:Drivers/STM32F4xx_HAL_Driver/Src/stm32f4xx_hal_tim_ex.c ****   *           @arg TIM_TIM2_USBFS_SOF:  TIM2 ITR1 is connected to OTG FS SOF
2075:Drivers/STM32F4xx_HAL_Driver/Src/stm32f4xx_hal_tim_ex.c ****   *           @arg TIM_TIM2_USBHS_SOF:  TIM2 ITR1 is connected to OTG FS SOF
2076:Drivers/STM32F4xx_HAL_Driver/Src/stm32f4xx_hal_tim_ex.c ****   *
2077:Drivers/STM32F4xx_HAL_Driver/Src/stm32f4xx_hal_tim_ex.c ****   *         For TIM5, the parameter can have the following values:
2078:Drivers/STM32F4xx_HAL_Driver/Src/stm32f4xx_hal_tim_ex.c ****   *           @arg TIM_TIM5_GPIO:       TIM5 TI4 is connected to GPIO
2079:Drivers/STM32F4xx_HAL_Driver/Src/stm32f4xx_hal_tim_ex.c ****   *           @arg TIM_TIM5_LSI:        TIM5 TI4 is connected to LSI
2080:Drivers/STM32F4xx_HAL_Driver/Src/stm32f4xx_hal_tim_ex.c ****   *           @arg TIM_TIM5_LSE:        TIM5 TI4 is connected to LSE
2081:Drivers/STM32F4xx_HAL_Driver/Src/stm32f4xx_hal_tim_ex.c ****   *           @arg TIM_TIM5_RTC:        TIM5 TI4 is connected to the RTC wakeup interrupt
2082:Drivers/STM32F4xx_HAL_Driver/Src/stm32f4xx_hal_tim_ex.c ****   *           @arg TIM_TIM5_TIM3_TRGO:  TIM5 ITR1 is connected to TIM3 TRGO          (*)
2083:Drivers/STM32F4xx_HAL_Driver/Src/stm32f4xx_hal_tim_ex.c ****   *           @arg TIM_TIM5_LPTIM:      TIM5 ITR1 is connected to LPTIM1 output      (*)
2084:Drivers/STM32F4xx_HAL_Driver/Src/stm32f4xx_hal_tim_ex.c ****   *
ARM GAS  /tmp/cczycJk4.s 			page 38


2085:Drivers/STM32F4xx_HAL_Driver/Src/stm32f4xx_hal_tim_ex.c ****   *         For TIM9, the parameter can have the following values:                   (**)
2086:Drivers/STM32F4xx_HAL_Driver/Src/stm32f4xx_hal_tim_ex.c ****   *           @arg TIM_TIM9_TIM3_TRGO:  TIM9 ITR1 is connected to TIM3 TRGO
2087:Drivers/STM32F4xx_HAL_Driver/Src/stm32f4xx_hal_tim_ex.c ****   *           @arg TIM_TIM9_LPTIM:      TIM9 ITR1 is connected to LPTIM1 output
2088:Drivers/STM32F4xx_HAL_Driver/Src/stm32f4xx_hal_tim_ex.c ****   *
2089:Drivers/STM32F4xx_HAL_Driver/Src/stm32f4xx_hal_tim_ex.c ****   *         For TIM11, the parameter can have the following values:
2090:Drivers/STM32F4xx_HAL_Driver/Src/stm32f4xx_hal_tim_ex.c ****   *           @arg TIM_TIM11_GPIO:     TIM11 TI1 is connected to GPIO
2091:Drivers/STM32F4xx_HAL_Driver/Src/stm32f4xx_hal_tim_ex.c ****   *           @arg TIM_TIM11_HSE:      TIM11 TI1 is connected to HSE_RTC clock
2092:Drivers/STM32F4xx_HAL_Driver/Src/stm32f4xx_hal_tim_ex.c ****   *           @arg TIM_TIM11_SPDIFRX:  TIM11 TI1 is connected to SPDIFRX_FRAME_SYNC  (*)
2093:Drivers/STM32F4xx_HAL_Driver/Src/stm32f4xx_hal_tim_ex.c ****   *
2094:Drivers/STM32F4xx_HAL_Driver/Src/stm32f4xx_hal_tim_ex.c ****   *         (*)  Value not defined in all devices. \n
2095:Drivers/STM32F4xx_HAL_Driver/Src/stm32f4xx_hal_tim_ex.c ****   *         (**) Register not available in all devices.
2096:Drivers/STM32F4xx_HAL_Driver/Src/stm32f4xx_hal_tim_ex.c ****   *
2097:Drivers/STM32F4xx_HAL_Driver/Src/stm32f4xx_hal_tim_ex.c ****   * @retval HAL status
2098:Drivers/STM32F4xx_HAL_Driver/Src/stm32f4xx_hal_tim_ex.c ****   */
2099:Drivers/STM32F4xx_HAL_Driver/Src/stm32f4xx_hal_tim_ex.c **** HAL_StatusTypeDef HAL_TIMEx_RemapConfig(TIM_HandleTypeDef *htim, uint32_t Remap)
2100:Drivers/STM32F4xx_HAL_Driver/Src/stm32f4xx_hal_tim_ex.c **** {
2101:Drivers/STM32F4xx_HAL_Driver/Src/stm32f4xx_hal_tim_ex.c **** 
2102:Drivers/STM32F4xx_HAL_Driver/Src/stm32f4xx_hal_tim_ex.c ****   /* Check parameters */
2103:Drivers/STM32F4xx_HAL_Driver/Src/stm32f4xx_hal_tim_ex.c ****   assert_param(IS_TIM_REMAP(htim->Instance, Remap));
2104:Drivers/STM32F4xx_HAL_Driver/Src/stm32f4xx_hal_tim_ex.c **** 
2105:Drivers/STM32F4xx_HAL_Driver/Src/stm32f4xx_hal_tim_ex.c ****   __HAL_LOCK(htim);
2106:Drivers/STM32F4xx_HAL_Driver/Src/stm32f4xx_hal_tim_ex.c **** 
2107:Drivers/STM32F4xx_HAL_Driver/Src/stm32f4xx_hal_tim_ex.c **** #if defined(LPTIM_OR_TIM1_ITR2_RMP) && defined(LPTIM_OR_TIM5_ITR1_RMP) && defined(LPTIM_OR_TIM9_ITR
2108:Drivers/STM32F4xx_HAL_Driver/Src/stm32f4xx_hal_tim_ex.c ****   if ((Remap & LPTIM_REMAP_MASK) == LPTIM_REMAP_MASK)
2109:Drivers/STM32F4xx_HAL_Driver/Src/stm32f4xx_hal_tim_ex.c ****   {
2110:Drivers/STM32F4xx_HAL_Driver/Src/stm32f4xx_hal_tim_ex.c ****     /* Connect TIMx internal trigger to LPTIM1 output */
2111:Drivers/STM32F4xx_HAL_Driver/Src/stm32f4xx_hal_tim_ex.c ****     __HAL_RCC_LPTIM1_CLK_ENABLE();
2112:Drivers/STM32F4xx_HAL_Driver/Src/stm32f4xx_hal_tim_ex.c ****     MODIFY_REG(LPTIM1->OR,
2113:Drivers/STM32F4xx_HAL_Driver/Src/stm32f4xx_hal_tim_ex.c ****                (LPTIM_OR_TIM1_ITR2_RMP | LPTIM_OR_TIM5_ITR1_RMP | LPTIM_OR_TIM9_ITR1_RMP),
2114:Drivers/STM32F4xx_HAL_Driver/Src/stm32f4xx_hal_tim_ex.c ****                Remap & ~(LPTIM_REMAP_MASK));
2115:Drivers/STM32F4xx_HAL_Driver/Src/stm32f4xx_hal_tim_ex.c ****   }
2116:Drivers/STM32F4xx_HAL_Driver/Src/stm32f4xx_hal_tim_ex.c ****   else
2117:Drivers/STM32F4xx_HAL_Driver/Src/stm32f4xx_hal_tim_ex.c ****   {
2118:Drivers/STM32F4xx_HAL_Driver/Src/stm32f4xx_hal_tim_ex.c ****     /* Set the Timer remapping configuration */
2119:Drivers/STM32F4xx_HAL_Driver/Src/stm32f4xx_hal_tim_ex.c ****     WRITE_REG(htim->Instance->OR, Remap);
2120:Drivers/STM32F4xx_HAL_Driver/Src/stm32f4xx_hal_tim_ex.c ****   }
2121:Drivers/STM32F4xx_HAL_Driver/Src/stm32f4xx_hal_tim_ex.c **** #else
2122:Drivers/STM32F4xx_HAL_Driver/Src/stm32f4xx_hal_tim_ex.c ****   /* Set the Timer remapping configuration */
2123:Drivers/STM32F4xx_HAL_Driver/Src/stm32f4xx_hal_tim_ex.c ****   WRITE_REG(htim->Instance->OR, Remap);
2124:Drivers/STM32F4xx_HAL_Driver/Src/stm32f4xx_hal_tim_ex.c **** #endif /* LPTIM_OR_TIM1_ITR2_RMP &&  LPTIM_OR_TIM5_ITR1_RMP && LPTIM_OR_TIM9_ITR1_RMP */
2125:Drivers/STM32F4xx_HAL_Driver/Src/stm32f4xx_hal_tim_ex.c **** 
2126:Drivers/STM32F4xx_HAL_Driver/Src/stm32f4xx_hal_tim_ex.c ****   __HAL_UNLOCK(htim);
2127:Drivers/STM32F4xx_HAL_Driver/Src/stm32f4xx_hal_tim_ex.c **** 
2128:Drivers/STM32F4xx_HAL_Driver/Src/stm32f4xx_hal_tim_ex.c ****   return HAL_OK;
2129:Drivers/STM32F4xx_HAL_Driver/Src/stm32f4xx_hal_tim_ex.c **** }
2130:Drivers/STM32F4xx_HAL_Driver/Src/stm32f4xx_hal_tim_ex.c **** 
2131:Drivers/STM32F4xx_HAL_Driver/Src/stm32f4xx_hal_tim_ex.c **** /**
2132:Drivers/STM32F4xx_HAL_Driver/Src/stm32f4xx_hal_tim_ex.c ****   * @}
2133:Drivers/STM32F4xx_HAL_Driver/Src/stm32f4xx_hal_tim_ex.c ****   */
2134:Drivers/STM32F4xx_HAL_Driver/Src/stm32f4xx_hal_tim_ex.c **** 
2135:Drivers/STM32F4xx_HAL_Driver/Src/stm32f4xx_hal_tim_ex.c **** /** @defgroup TIMEx_Exported_Functions_Group6 Extended Callbacks functions
2136:Drivers/STM32F4xx_HAL_Driver/Src/stm32f4xx_hal_tim_ex.c ****   * @brief    Extended Callbacks functions
2137:Drivers/STM32F4xx_HAL_Driver/Src/stm32f4xx_hal_tim_ex.c ****   *
2138:Drivers/STM32F4xx_HAL_Driver/Src/stm32f4xx_hal_tim_ex.c **** @verbatim
2139:Drivers/STM32F4xx_HAL_Driver/Src/stm32f4xx_hal_tim_ex.c ****   ==============================================================================
2140:Drivers/STM32F4xx_HAL_Driver/Src/stm32f4xx_hal_tim_ex.c ****                     ##### Extended Callbacks functions #####
2141:Drivers/STM32F4xx_HAL_Driver/Src/stm32f4xx_hal_tim_ex.c ****   ==============================================================================
ARM GAS  /tmp/cczycJk4.s 			page 39


2142:Drivers/STM32F4xx_HAL_Driver/Src/stm32f4xx_hal_tim_ex.c ****   [..]
2143:Drivers/STM32F4xx_HAL_Driver/Src/stm32f4xx_hal_tim_ex.c ****     This section provides Extended TIM callback functions:
2144:Drivers/STM32F4xx_HAL_Driver/Src/stm32f4xx_hal_tim_ex.c ****     (+) Timer Commutation callback
2145:Drivers/STM32F4xx_HAL_Driver/Src/stm32f4xx_hal_tim_ex.c ****     (+) Timer Break callback
2146:Drivers/STM32F4xx_HAL_Driver/Src/stm32f4xx_hal_tim_ex.c **** 
2147:Drivers/STM32F4xx_HAL_Driver/Src/stm32f4xx_hal_tim_ex.c **** @endverbatim
2148:Drivers/STM32F4xx_HAL_Driver/Src/stm32f4xx_hal_tim_ex.c ****   * @{
2149:Drivers/STM32F4xx_HAL_Driver/Src/stm32f4xx_hal_tim_ex.c ****   */
2150:Drivers/STM32F4xx_HAL_Driver/Src/stm32f4xx_hal_tim_ex.c **** 
2151:Drivers/STM32F4xx_HAL_Driver/Src/stm32f4xx_hal_tim_ex.c **** /**
2152:Drivers/STM32F4xx_HAL_Driver/Src/stm32f4xx_hal_tim_ex.c ****   * @brief  Hall commutation changed callback in non-blocking mode
2153:Drivers/STM32F4xx_HAL_Driver/Src/stm32f4xx_hal_tim_ex.c ****   * @param  htim TIM handle
2154:Drivers/STM32F4xx_HAL_Driver/Src/stm32f4xx_hal_tim_ex.c ****   * @retval None
2155:Drivers/STM32F4xx_HAL_Driver/Src/stm32f4xx_hal_tim_ex.c ****   */
2156:Drivers/STM32F4xx_HAL_Driver/Src/stm32f4xx_hal_tim_ex.c **** __weak void HAL_TIMEx_CommutCallback(TIM_HandleTypeDef *htim)
2157:Drivers/STM32F4xx_HAL_Driver/Src/stm32f4xx_hal_tim_ex.c **** {
2158:Drivers/STM32F4xx_HAL_Driver/Src/stm32f4xx_hal_tim_ex.c ****   /* Prevent unused argument(s) compilation warning */
2159:Drivers/STM32F4xx_HAL_Driver/Src/stm32f4xx_hal_tim_ex.c ****   UNUSED(htim);
2160:Drivers/STM32F4xx_HAL_Driver/Src/stm32f4xx_hal_tim_ex.c **** 
2161:Drivers/STM32F4xx_HAL_Driver/Src/stm32f4xx_hal_tim_ex.c ****   /* NOTE : This function should not be modified, when the callback is needed,
2162:Drivers/STM32F4xx_HAL_Driver/Src/stm32f4xx_hal_tim_ex.c ****             the HAL_TIMEx_CommutCallback could be implemented in the user file
2163:Drivers/STM32F4xx_HAL_Driver/Src/stm32f4xx_hal_tim_ex.c ****    */
2164:Drivers/STM32F4xx_HAL_Driver/Src/stm32f4xx_hal_tim_ex.c **** }
2165:Drivers/STM32F4xx_HAL_Driver/Src/stm32f4xx_hal_tim_ex.c **** /**
2166:Drivers/STM32F4xx_HAL_Driver/Src/stm32f4xx_hal_tim_ex.c ****   * @brief  Hall commutation changed half complete callback in non-blocking mode
2167:Drivers/STM32F4xx_HAL_Driver/Src/stm32f4xx_hal_tim_ex.c ****   * @param  htim TIM handle
2168:Drivers/STM32F4xx_HAL_Driver/Src/stm32f4xx_hal_tim_ex.c ****   * @retval None
2169:Drivers/STM32F4xx_HAL_Driver/Src/stm32f4xx_hal_tim_ex.c ****   */
2170:Drivers/STM32F4xx_HAL_Driver/Src/stm32f4xx_hal_tim_ex.c **** __weak void HAL_TIMEx_CommutHalfCpltCallback(TIM_HandleTypeDef *htim)
2171:Drivers/STM32F4xx_HAL_Driver/Src/stm32f4xx_hal_tim_ex.c **** {
2172:Drivers/STM32F4xx_HAL_Driver/Src/stm32f4xx_hal_tim_ex.c ****   /* Prevent unused argument(s) compilation warning */
2173:Drivers/STM32F4xx_HAL_Driver/Src/stm32f4xx_hal_tim_ex.c ****   UNUSED(htim);
2174:Drivers/STM32F4xx_HAL_Driver/Src/stm32f4xx_hal_tim_ex.c **** 
2175:Drivers/STM32F4xx_HAL_Driver/Src/stm32f4xx_hal_tim_ex.c ****   /* NOTE : This function should not be modified, when the callback is needed,
2176:Drivers/STM32F4xx_HAL_Driver/Src/stm32f4xx_hal_tim_ex.c ****             the HAL_TIMEx_CommutHalfCpltCallback could be implemented in the user file
2177:Drivers/STM32F4xx_HAL_Driver/Src/stm32f4xx_hal_tim_ex.c ****    */
2178:Drivers/STM32F4xx_HAL_Driver/Src/stm32f4xx_hal_tim_ex.c **** }
2179:Drivers/STM32F4xx_HAL_Driver/Src/stm32f4xx_hal_tim_ex.c **** 
2180:Drivers/STM32F4xx_HAL_Driver/Src/stm32f4xx_hal_tim_ex.c **** /**
2181:Drivers/STM32F4xx_HAL_Driver/Src/stm32f4xx_hal_tim_ex.c ****   * @brief  Hall Break detection callback in non-blocking mode
2182:Drivers/STM32F4xx_HAL_Driver/Src/stm32f4xx_hal_tim_ex.c ****   * @param  htim TIM handle
2183:Drivers/STM32F4xx_HAL_Driver/Src/stm32f4xx_hal_tim_ex.c ****   * @retval None
2184:Drivers/STM32F4xx_HAL_Driver/Src/stm32f4xx_hal_tim_ex.c ****   */
2185:Drivers/STM32F4xx_HAL_Driver/Src/stm32f4xx_hal_tim_ex.c **** __weak void HAL_TIMEx_BreakCallback(TIM_HandleTypeDef *htim)
2186:Drivers/STM32F4xx_HAL_Driver/Src/stm32f4xx_hal_tim_ex.c **** {
2187:Drivers/STM32F4xx_HAL_Driver/Src/stm32f4xx_hal_tim_ex.c ****   /* Prevent unused argument(s) compilation warning */
2188:Drivers/STM32F4xx_HAL_Driver/Src/stm32f4xx_hal_tim_ex.c ****   UNUSED(htim);
2189:Drivers/STM32F4xx_HAL_Driver/Src/stm32f4xx_hal_tim_ex.c **** 
2190:Drivers/STM32F4xx_HAL_Driver/Src/stm32f4xx_hal_tim_ex.c ****   /* NOTE : This function should not be modified, when the callback is needed,
2191:Drivers/STM32F4xx_HAL_Driver/Src/stm32f4xx_hal_tim_ex.c ****             the HAL_TIMEx_BreakCallback could be implemented in the user file
2192:Drivers/STM32F4xx_HAL_Driver/Src/stm32f4xx_hal_tim_ex.c ****    */
2193:Drivers/STM32F4xx_HAL_Driver/Src/stm32f4xx_hal_tim_ex.c **** }
2194:Drivers/STM32F4xx_HAL_Driver/Src/stm32f4xx_hal_tim_ex.c **** /**
2195:Drivers/STM32F4xx_HAL_Driver/Src/stm32f4xx_hal_tim_ex.c ****   * @}
2196:Drivers/STM32F4xx_HAL_Driver/Src/stm32f4xx_hal_tim_ex.c ****   */
2197:Drivers/STM32F4xx_HAL_Driver/Src/stm32f4xx_hal_tim_ex.c **** 
2198:Drivers/STM32F4xx_HAL_Driver/Src/stm32f4xx_hal_tim_ex.c **** /** @defgroup TIMEx_Exported_Functions_Group7 Extended Peripheral State functions
ARM GAS  /tmp/cczycJk4.s 			page 40


2199:Drivers/STM32F4xx_HAL_Driver/Src/stm32f4xx_hal_tim_ex.c ****   * @brief    Extended Peripheral State functions
2200:Drivers/STM32F4xx_HAL_Driver/Src/stm32f4xx_hal_tim_ex.c ****   *
2201:Drivers/STM32F4xx_HAL_Driver/Src/stm32f4xx_hal_tim_ex.c **** @verbatim
2202:Drivers/STM32F4xx_HAL_Driver/Src/stm32f4xx_hal_tim_ex.c ****   ==============================================================================
2203:Drivers/STM32F4xx_HAL_Driver/Src/stm32f4xx_hal_tim_ex.c ****                 ##### Extended Peripheral State functions #####
2204:Drivers/STM32F4xx_HAL_Driver/Src/stm32f4xx_hal_tim_ex.c ****   ==============================================================================
2205:Drivers/STM32F4xx_HAL_Driver/Src/stm32f4xx_hal_tim_ex.c ****   [..]
2206:Drivers/STM32F4xx_HAL_Driver/Src/stm32f4xx_hal_tim_ex.c ****     This subsection permits to get in run-time the status of the peripheral
2207:Drivers/STM32F4xx_HAL_Driver/Src/stm32f4xx_hal_tim_ex.c ****     and the data flow.
2208:Drivers/STM32F4xx_HAL_Driver/Src/stm32f4xx_hal_tim_ex.c **** 
2209:Drivers/STM32F4xx_HAL_Driver/Src/stm32f4xx_hal_tim_ex.c **** @endverbatim
2210:Drivers/STM32F4xx_HAL_Driver/Src/stm32f4xx_hal_tim_ex.c ****   * @{
2211:Drivers/STM32F4xx_HAL_Driver/Src/stm32f4xx_hal_tim_ex.c ****   */
2212:Drivers/STM32F4xx_HAL_Driver/Src/stm32f4xx_hal_tim_ex.c **** 
2213:Drivers/STM32F4xx_HAL_Driver/Src/stm32f4xx_hal_tim_ex.c **** /**
2214:Drivers/STM32F4xx_HAL_Driver/Src/stm32f4xx_hal_tim_ex.c ****   * @brief  Return the TIM Hall Sensor interface handle state.
2215:Drivers/STM32F4xx_HAL_Driver/Src/stm32f4xx_hal_tim_ex.c ****   * @param  htim TIM Hall Sensor handle
2216:Drivers/STM32F4xx_HAL_Driver/Src/stm32f4xx_hal_tim_ex.c ****   * @retval HAL state
2217:Drivers/STM32F4xx_HAL_Driver/Src/stm32f4xx_hal_tim_ex.c ****   */
2218:Drivers/STM32F4xx_HAL_Driver/Src/stm32f4xx_hal_tim_ex.c **** HAL_TIM_StateTypeDef HAL_TIMEx_HallSensor_GetState(TIM_HandleTypeDef *htim)
2219:Drivers/STM32F4xx_HAL_Driver/Src/stm32f4xx_hal_tim_ex.c **** {
2220:Drivers/STM32F4xx_HAL_Driver/Src/stm32f4xx_hal_tim_ex.c ****   return htim->State;
2221:Drivers/STM32F4xx_HAL_Driver/Src/stm32f4xx_hal_tim_ex.c **** }
2222:Drivers/STM32F4xx_HAL_Driver/Src/stm32f4xx_hal_tim_ex.c **** 
2223:Drivers/STM32F4xx_HAL_Driver/Src/stm32f4xx_hal_tim_ex.c **** /**
2224:Drivers/STM32F4xx_HAL_Driver/Src/stm32f4xx_hal_tim_ex.c ****   * @brief  Return actual state of the TIM complementary channel.
2225:Drivers/STM32F4xx_HAL_Driver/Src/stm32f4xx_hal_tim_ex.c ****   * @param  htim TIM handle
2226:Drivers/STM32F4xx_HAL_Driver/Src/stm32f4xx_hal_tim_ex.c ****   * @param  ChannelN TIM Complementary channel
2227:Drivers/STM32F4xx_HAL_Driver/Src/stm32f4xx_hal_tim_ex.c ****   *          This parameter can be one of the following values:
2228:Drivers/STM32F4xx_HAL_Driver/Src/stm32f4xx_hal_tim_ex.c ****   *            @arg TIM_CHANNEL_1: TIM Channel 1
2229:Drivers/STM32F4xx_HAL_Driver/Src/stm32f4xx_hal_tim_ex.c ****   *            @arg TIM_CHANNEL_2: TIM Channel 2
2230:Drivers/STM32F4xx_HAL_Driver/Src/stm32f4xx_hal_tim_ex.c ****   *            @arg TIM_CHANNEL_3: TIM Channel 3
2231:Drivers/STM32F4xx_HAL_Driver/Src/stm32f4xx_hal_tim_ex.c ****   * @retval TIM Complementary channel state
2232:Drivers/STM32F4xx_HAL_Driver/Src/stm32f4xx_hal_tim_ex.c ****   */
2233:Drivers/STM32F4xx_HAL_Driver/Src/stm32f4xx_hal_tim_ex.c **** HAL_TIM_ChannelStateTypeDef HAL_TIMEx_GetChannelNState(TIM_HandleTypeDef *htim,  uint32_t ChannelN)
2234:Drivers/STM32F4xx_HAL_Driver/Src/stm32f4xx_hal_tim_ex.c **** {
2235:Drivers/STM32F4xx_HAL_Driver/Src/stm32f4xx_hal_tim_ex.c ****   HAL_TIM_ChannelStateTypeDef channel_state;
2236:Drivers/STM32F4xx_HAL_Driver/Src/stm32f4xx_hal_tim_ex.c **** 
2237:Drivers/STM32F4xx_HAL_Driver/Src/stm32f4xx_hal_tim_ex.c ****   /* Check the parameters */
2238:Drivers/STM32F4xx_HAL_Driver/Src/stm32f4xx_hal_tim_ex.c ****   assert_param(IS_TIM_CCXN_INSTANCE(htim->Instance, ChannelN));
2239:Drivers/STM32F4xx_HAL_Driver/Src/stm32f4xx_hal_tim_ex.c **** 
2240:Drivers/STM32F4xx_HAL_Driver/Src/stm32f4xx_hal_tim_ex.c ****   channel_state = TIM_CHANNEL_N_STATE_GET(htim, ChannelN);
2241:Drivers/STM32F4xx_HAL_Driver/Src/stm32f4xx_hal_tim_ex.c **** 
2242:Drivers/STM32F4xx_HAL_Driver/Src/stm32f4xx_hal_tim_ex.c ****   return channel_state;
2243:Drivers/STM32F4xx_HAL_Driver/Src/stm32f4xx_hal_tim_ex.c **** }
2244:Drivers/STM32F4xx_HAL_Driver/Src/stm32f4xx_hal_tim_ex.c **** /**
2245:Drivers/STM32F4xx_HAL_Driver/Src/stm32f4xx_hal_tim_ex.c ****   * @}
2246:Drivers/STM32F4xx_HAL_Driver/Src/stm32f4xx_hal_tim_ex.c ****   */
2247:Drivers/STM32F4xx_HAL_Driver/Src/stm32f4xx_hal_tim_ex.c **** 
2248:Drivers/STM32F4xx_HAL_Driver/Src/stm32f4xx_hal_tim_ex.c **** /**
2249:Drivers/STM32F4xx_HAL_Driver/Src/stm32f4xx_hal_tim_ex.c ****   * @}
2250:Drivers/STM32F4xx_HAL_Driver/Src/stm32f4xx_hal_tim_ex.c ****   */
2251:Drivers/STM32F4xx_HAL_Driver/Src/stm32f4xx_hal_tim_ex.c **** 
2252:Drivers/STM32F4xx_HAL_Driver/Src/stm32f4xx_hal_tim_ex.c **** /* Private functions ---------------------------------------------------------*/
2253:Drivers/STM32F4xx_HAL_Driver/Src/stm32f4xx_hal_tim_ex.c **** /** @defgroup TIMEx_Private_Functions TIM Extended Private Functions
2254:Drivers/STM32F4xx_HAL_Driver/Src/stm32f4xx_hal_tim_ex.c ****   * @{
2255:Drivers/STM32F4xx_HAL_Driver/Src/stm32f4xx_hal_tim_ex.c ****   */
ARM GAS  /tmp/cczycJk4.s 			page 41


2256:Drivers/STM32F4xx_HAL_Driver/Src/stm32f4xx_hal_tim_ex.c **** 
2257:Drivers/STM32F4xx_HAL_Driver/Src/stm32f4xx_hal_tim_ex.c **** /**
2258:Drivers/STM32F4xx_HAL_Driver/Src/stm32f4xx_hal_tim_ex.c ****   * @brief  TIM DMA Commutation callback.
2259:Drivers/STM32F4xx_HAL_Driver/Src/stm32f4xx_hal_tim_ex.c ****   * @param  hdma pointer to DMA handle.
2260:Drivers/STM32F4xx_HAL_Driver/Src/stm32f4xx_hal_tim_ex.c ****   * @retval None
2261:Drivers/STM32F4xx_HAL_Driver/Src/stm32f4xx_hal_tim_ex.c ****   */
2262:Drivers/STM32F4xx_HAL_Driver/Src/stm32f4xx_hal_tim_ex.c **** void TIMEx_DMACommutationCplt(DMA_HandleTypeDef *hdma)
2263:Drivers/STM32F4xx_HAL_Driver/Src/stm32f4xx_hal_tim_ex.c **** {
2264:Drivers/STM32F4xx_HAL_Driver/Src/stm32f4xx_hal_tim_ex.c ****   TIM_HandleTypeDef *htim = (TIM_HandleTypeDef *)((DMA_HandleTypeDef *)hdma)->Parent;
2265:Drivers/STM32F4xx_HAL_Driver/Src/stm32f4xx_hal_tim_ex.c **** 
2266:Drivers/STM32F4xx_HAL_Driver/Src/stm32f4xx_hal_tim_ex.c ****   /* Change the htim state */
2267:Drivers/STM32F4xx_HAL_Driver/Src/stm32f4xx_hal_tim_ex.c ****   htim->State = HAL_TIM_STATE_READY;
2268:Drivers/STM32F4xx_HAL_Driver/Src/stm32f4xx_hal_tim_ex.c **** 
2269:Drivers/STM32F4xx_HAL_Driver/Src/stm32f4xx_hal_tim_ex.c **** #if (USE_HAL_TIM_REGISTER_CALLBACKS == 1)
2270:Drivers/STM32F4xx_HAL_Driver/Src/stm32f4xx_hal_tim_ex.c ****   htim->CommutationCallback(htim);
2271:Drivers/STM32F4xx_HAL_Driver/Src/stm32f4xx_hal_tim_ex.c **** #else
2272:Drivers/STM32F4xx_HAL_Driver/Src/stm32f4xx_hal_tim_ex.c ****   HAL_TIMEx_CommutCallback(htim);
2273:Drivers/STM32F4xx_HAL_Driver/Src/stm32f4xx_hal_tim_ex.c **** #endif /* USE_HAL_TIM_REGISTER_CALLBACKS */
2274:Drivers/STM32F4xx_HAL_Driver/Src/stm32f4xx_hal_tim_ex.c **** }
2275:Drivers/STM32F4xx_HAL_Driver/Src/stm32f4xx_hal_tim_ex.c **** 
2276:Drivers/STM32F4xx_HAL_Driver/Src/stm32f4xx_hal_tim_ex.c **** /**
2277:Drivers/STM32F4xx_HAL_Driver/Src/stm32f4xx_hal_tim_ex.c ****   * @brief  TIM DMA Commutation half complete callback.
2278:Drivers/STM32F4xx_HAL_Driver/Src/stm32f4xx_hal_tim_ex.c ****   * @param  hdma pointer to DMA handle.
2279:Drivers/STM32F4xx_HAL_Driver/Src/stm32f4xx_hal_tim_ex.c ****   * @retval None
2280:Drivers/STM32F4xx_HAL_Driver/Src/stm32f4xx_hal_tim_ex.c ****   */
2281:Drivers/STM32F4xx_HAL_Driver/Src/stm32f4xx_hal_tim_ex.c **** void TIMEx_DMACommutationHalfCplt(DMA_HandleTypeDef *hdma)
2282:Drivers/STM32F4xx_HAL_Driver/Src/stm32f4xx_hal_tim_ex.c **** {
2283:Drivers/STM32F4xx_HAL_Driver/Src/stm32f4xx_hal_tim_ex.c ****   TIM_HandleTypeDef *htim = (TIM_HandleTypeDef *)((DMA_HandleTypeDef *)hdma)->Parent;
2284:Drivers/STM32F4xx_HAL_Driver/Src/stm32f4xx_hal_tim_ex.c **** 
2285:Drivers/STM32F4xx_HAL_Driver/Src/stm32f4xx_hal_tim_ex.c ****   /* Change the htim state */
2286:Drivers/STM32F4xx_HAL_Driver/Src/stm32f4xx_hal_tim_ex.c ****   htim->State = HAL_TIM_STATE_READY;
2287:Drivers/STM32F4xx_HAL_Driver/Src/stm32f4xx_hal_tim_ex.c **** 
2288:Drivers/STM32F4xx_HAL_Driver/Src/stm32f4xx_hal_tim_ex.c **** #if (USE_HAL_TIM_REGISTER_CALLBACKS == 1)
2289:Drivers/STM32F4xx_HAL_Driver/Src/stm32f4xx_hal_tim_ex.c ****   htim->CommutationHalfCpltCallback(htim);
2290:Drivers/STM32F4xx_HAL_Driver/Src/stm32f4xx_hal_tim_ex.c **** #else
2291:Drivers/STM32F4xx_HAL_Driver/Src/stm32f4xx_hal_tim_ex.c ****   HAL_TIMEx_CommutHalfCpltCallback(htim);
2292:Drivers/STM32F4xx_HAL_Driver/Src/stm32f4xx_hal_tim_ex.c **** #endif /* USE_HAL_TIM_REGISTER_CALLBACKS */
2293:Drivers/STM32F4xx_HAL_Driver/Src/stm32f4xx_hal_tim_ex.c **** }
2294:Drivers/STM32F4xx_HAL_Driver/Src/stm32f4xx_hal_tim_ex.c **** 
2295:Drivers/STM32F4xx_HAL_Driver/Src/stm32f4xx_hal_tim_ex.c **** 
2296:Drivers/STM32F4xx_HAL_Driver/Src/stm32f4xx_hal_tim_ex.c **** /**
2297:Drivers/STM32F4xx_HAL_Driver/Src/stm32f4xx_hal_tim_ex.c ****   * @brief  TIM DMA Delay Pulse complete callback (complementary channel).
2298:Drivers/STM32F4xx_HAL_Driver/Src/stm32f4xx_hal_tim_ex.c ****   * @param  hdma pointer to DMA handle.
2299:Drivers/STM32F4xx_HAL_Driver/Src/stm32f4xx_hal_tim_ex.c ****   * @retval None
2300:Drivers/STM32F4xx_HAL_Driver/Src/stm32f4xx_hal_tim_ex.c ****   */
2301:Drivers/STM32F4xx_HAL_Driver/Src/stm32f4xx_hal_tim_ex.c **** static void TIM_DMADelayPulseNCplt(DMA_HandleTypeDef *hdma)
2302:Drivers/STM32F4xx_HAL_Driver/Src/stm32f4xx_hal_tim_ex.c **** {
2303:Drivers/STM32F4xx_HAL_Driver/Src/stm32f4xx_hal_tim_ex.c ****   TIM_HandleTypeDef *htim = (TIM_HandleTypeDef *)((DMA_HandleTypeDef *)hdma)->Parent;
2304:Drivers/STM32F4xx_HAL_Driver/Src/stm32f4xx_hal_tim_ex.c **** 
2305:Drivers/STM32F4xx_HAL_Driver/Src/stm32f4xx_hal_tim_ex.c ****   if (hdma == htim->hdma[TIM_DMA_ID_CC1])
2306:Drivers/STM32F4xx_HAL_Driver/Src/stm32f4xx_hal_tim_ex.c ****   {
2307:Drivers/STM32F4xx_HAL_Driver/Src/stm32f4xx_hal_tim_ex.c ****     htim->Channel = HAL_TIM_ACTIVE_CHANNEL_1;
2308:Drivers/STM32F4xx_HAL_Driver/Src/stm32f4xx_hal_tim_ex.c **** 
2309:Drivers/STM32F4xx_HAL_Driver/Src/stm32f4xx_hal_tim_ex.c ****     if (hdma->Init.Mode == DMA_NORMAL)
2310:Drivers/STM32F4xx_HAL_Driver/Src/stm32f4xx_hal_tim_ex.c ****     {
2311:Drivers/STM32F4xx_HAL_Driver/Src/stm32f4xx_hal_tim_ex.c ****       TIM_CHANNEL_N_STATE_SET(htim, TIM_CHANNEL_1, HAL_TIM_CHANNEL_STATE_READY);
2312:Drivers/STM32F4xx_HAL_Driver/Src/stm32f4xx_hal_tim_ex.c ****     }
ARM GAS  /tmp/cczycJk4.s 			page 42


2313:Drivers/STM32F4xx_HAL_Driver/Src/stm32f4xx_hal_tim_ex.c ****   }
2314:Drivers/STM32F4xx_HAL_Driver/Src/stm32f4xx_hal_tim_ex.c ****   else if (hdma == htim->hdma[TIM_DMA_ID_CC2])
2315:Drivers/STM32F4xx_HAL_Driver/Src/stm32f4xx_hal_tim_ex.c ****   {
2316:Drivers/STM32F4xx_HAL_Driver/Src/stm32f4xx_hal_tim_ex.c ****     htim->Channel = HAL_TIM_ACTIVE_CHANNEL_2;
2317:Drivers/STM32F4xx_HAL_Driver/Src/stm32f4xx_hal_tim_ex.c **** 
2318:Drivers/STM32F4xx_HAL_Driver/Src/stm32f4xx_hal_tim_ex.c ****     if (hdma->Init.Mode == DMA_NORMAL)
2319:Drivers/STM32F4xx_HAL_Driver/Src/stm32f4xx_hal_tim_ex.c ****     {
2320:Drivers/STM32F4xx_HAL_Driver/Src/stm32f4xx_hal_tim_ex.c ****       TIM_CHANNEL_N_STATE_SET(htim, TIM_CHANNEL_2, HAL_TIM_CHANNEL_STATE_READY);
2321:Drivers/STM32F4xx_HAL_Driver/Src/stm32f4xx_hal_tim_ex.c ****     }
2322:Drivers/STM32F4xx_HAL_Driver/Src/stm32f4xx_hal_tim_ex.c ****   }
2323:Drivers/STM32F4xx_HAL_Driver/Src/stm32f4xx_hal_tim_ex.c ****   else if (hdma == htim->hdma[TIM_DMA_ID_CC3])
2324:Drivers/STM32F4xx_HAL_Driver/Src/stm32f4xx_hal_tim_ex.c ****   {
2325:Drivers/STM32F4xx_HAL_Driver/Src/stm32f4xx_hal_tim_ex.c ****     htim->Channel = HAL_TIM_ACTIVE_CHANNEL_3;
2326:Drivers/STM32F4xx_HAL_Driver/Src/stm32f4xx_hal_tim_ex.c **** 
2327:Drivers/STM32F4xx_HAL_Driver/Src/stm32f4xx_hal_tim_ex.c ****     if (hdma->Init.Mode == DMA_NORMAL)
2328:Drivers/STM32F4xx_HAL_Driver/Src/stm32f4xx_hal_tim_ex.c ****     {
2329:Drivers/STM32F4xx_HAL_Driver/Src/stm32f4xx_hal_tim_ex.c ****       TIM_CHANNEL_N_STATE_SET(htim, TIM_CHANNEL_3, HAL_TIM_CHANNEL_STATE_READY);
2330:Drivers/STM32F4xx_HAL_Driver/Src/stm32f4xx_hal_tim_ex.c ****     }
2331:Drivers/STM32F4xx_HAL_Driver/Src/stm32f4xx_hal_tim_ex.c ****   }
2332:Drivers/STM32F4xx_HAL_Driver/Src/stm32f4xx_hal_tim_ex.c ****   else if (hdma == htim->hdma[TIM_DMA_ID_CC4])
2333:Drivers/STM32F4xx_HAL_Driver/Src/stm32f4xx_hal_tim_ex.c ****   {
2334:Drivers/STM32F4xx_HAL_Driver/Src/stm32f4xx_hal_tim_ex.c ****     htim->Channel = HAL_TIM_ACTIVE_CHANNEL_4;
2335:Drivers/STM32F4xx_HAL_Driver/Src/stm32f4xx_hal_tim_ex.c **** 
2336:Drivers/STM32F4xx_HAL_Driver/Src/stm32f4xx_hal_tim_ex.c ****     if (hdma->Init.Mode == DMA_NORMAL)
2337:Drivers/STM32F4xx_HAL_Driver/Src/stm32f4xx_hal_tim_ex.c ****     {
2338:Drivers/STM32F4xx_HAL_Driver/Src/stm32f4xx_hal_tim_ex.c ****       TIM_CHANNEL_N_STATE_SET(htim, TIM_CHANNEL_4, HAL_TIM_CHANNEL_STATE_READY);
2339:Drivers/STM32F4xx_HAL_Driver/Src/stm32f4xx_hal_tim_ex.c ****     }
2340:Drivers/STM32F4xx_HAL_Driver/Src/stm32f4xx_hal_tim_ex.c ****   }
2341:Drivers/STM32F4xx_HAL_Driver/Src/stm32f4xx_hal_tim_ex.c ****   else
2342:Drivers/STM32F4xx_HAL_Driver/Src/stm32f4xx_hal_tim_ex.c ****   {
2343:Drivers/STM32F4xx_HAL_Driver/Src/stm32f4xx_hal_tim_ex.c ****     /* nothing to do */
2344:Drivers/STM32F4xx_HAL_Driver/Src/stm32f4xx_hal_tim_ex.c ****   }
2345:Drivers/STM32F4xx_HAL_Driver/Src/stm32f4xx_hal_tim_ex.c **** 
2346:Drivers/STM32F4xx_HAL_Driver/Src/stm32f4xx_hal_tim_ex.c **** #if (USE_HAL_TIM_REGISTER_CALLBACKS == 1)
2347:Drivers/STM32F4xx_HAL_Driver/Src/stm32f4xx_hal_tim_ex.c ****   htim->PWM_PulseFinishedCallback(htim);
2348:Drivers/STM32F4xx_HAL_Driver/Src/stm32f4xx_hal_tim_ex.c **** #else
2349:Drivers/STM32F4xx_HAL_Driver/Src/stm32f4xx_hal_tim_ex.c ****   HAL_TIM_PWM_PulseFinishedCallback(htim);
2350:Drivers/STM32F4xx_HAL_Driver/Src/stm32f4xx_hal_tim_ex.c **** #endif /* USE_HAL_TIM_REGISTER_CALLBACKS */
2351:Drivers/STM32F4xx_HAL_Driver/Src/stm32f4xx_hal_tim_ex.c **** 
2352:Drivers/STM32F4xx_HAL_Driver/Src/stm32f4xx_hal_tim_ex.c ****   htim->Channel = HAL_TIM_ACTIVE_CHANNEL_CLEARED;
2353:Drivers/STM32F4xx_HAL_Driver/Src/stm32f4xx_hal_tim_ex.c **** }
2354:Drivers/STM32F4xx_HAL_Driver/Src/stm32f4xx_hal_tim_ex.c **** 
2355:Drivers/STM32F4xx_HAL_Driver/Src/stm32f4xx_hal_tim_ex.c **** /**
2356:Drivers/STM32F4xx_HAL_Driver/Src/stm32f4xx_hal_tim_ex.c ****   * @brief  TIM DMA error callback (complementary channel)
2357:Drivers/STM32F4xx_HAL_Driver/Src/stm32f4xx_hal_tim_ex.c ****   * @param  hdma pointer to DMA handle.
2358:Drivers/STM32F4xx_HAL_Driver/Src/stm32f4xx_hal_tim_ex.c ****   * @retval None
2359:Drivers/STM32F4xx_HAL_Driver/Src/stm32f4xx_hal_tim_ex.c ****   */
2360:Drivers/STM32F4xx_HAL_Driver/Src/stm32f4xx_hal_tim_ex.c **** static void TIM_DMAErrorCCxN(DMA_HandleTypeDef *hdma)
2361:Drivers/STM32F4xx_HAL_Driver/Src/stm32f4xx_hal_tim_ex.c **** {
2362:Drivers/STM32F4xx_HAL_Driver/Src/stm32f4xx_hal_tim_ex.c ****   TIM_HandleTypeDef *htim = (TIM_HandleTypeDef *)((DMA_HandleTypeDef *)hdma)->Parent;
2363:Drivers/STM32F4xx_HAL_Driver/Src/stm32f4xx_hal_tim_ex.c **** 
2364:Drivers/STM32F4xx_HAL_Driver/Src/stm32f4xx_hal_tim_ex.c ****   if (hdma == htim->hdma[TIM_DMA_ID_CC1])
2365:Drivers/STM32F4xx_HAL_Driver/Src/stm32f4xx_hal_tim_ex.c ****   {
2366:Drivers/STM32F4xx_HAL_Driver/Src/stm32f4xx_hal_tim_ex.c ****     htim->Channel = HAL_TIM_ACTIVE_CHANNEL_1;
2367:Drivers/STM32F4xx_HAL_Driver/Src/stm32f4xx_hal_tim_ex.c ****     TIM_CHANNEL_N_STATE_SET(htim, TIM_CHANNEL_1, HAL_TIM_CHANNEL_STATE_READY);
2368:Drivers/STM32F4xx_HAL_Driver/Src/stm32f4xx_hal_tim_ex.c ****   }
2369:Drivers/STM32F4xx_HAL_Driver/Src/stm32f4xx_hal_tim_ex.c ****   else if (hdma == htim->hdma[TIM_DMA_ID_CC2])
ARM GAS  /tmp/cczycJk4.s 			page 43


2370:Drivers/STM32F4xx_HAL_Driver/Src/stm32f4xx_hal_tim_ex.c ****   {
2371:Drivers/STM32F4xx_HAL_Driver/Src/stm32f4xx_hal_tim_ex.c ****     htim->Channel = HAL_TIM_ACTIVE_CHANNEL_2;
2372:Drivers/STM32F4xx_HAL_Driver/Src/stm32f4xx_hal_tim_ex.c ****     TIM_CHANNEL_N_STATE_SET(htim, TIM_CHANNEL_2, HAL_TIM_CHANNEL_STATE_READY);
2373:Drivers/STM32F4xx_HAL_Driver/Src/stm32f4xx_hal_tim_ex.c ****   }
2374:Drivers/STM32F4xx_HAL_Driver/Src/stm32f4xx_hal_tim_ex.c ****   else if (hdma == htim->hdma[TIM_DMA_ID_CC3])
2375:Drivers/STM32F4xx_HAL_Driver/Src/stm32f4xx_hal_tim_ex.c ****   {
2376:Drivers/STM32F4xx_HAL_Driver/Src/stm32f4xx_hal_tim_ex.c ****     htim->Channel = HAL_TIM_ACTIVE_CHANNEL_3;
2377:Drivers/STM32F4xx_HAL_Driver/Src/stm32f4xx_hal_tim_ex.c ****     TIM_CHANNEL_N_STATE_SET(htim, TIM_CHANNEL_3, HAL_TIM_CHANNEL_STATE_READY);
2378:Drivers/STM32F4xx_HAL_Driver/Src/stm32f4xx_hal_tim_ex.c ****   }
2379:Drivers/STM32F4xx_HAL_Driver/Src/stm32f4xx_hal_tim_ex.c ****   else
2380:Drivers/STM32F4xx_HAL_Driver/Src/stm32f4xx_hal_tim_ex.c ****   {
2381:Drivers/STM32F4xx_HAL_Driver/Src/stm32f4xx_hal_tim_ex.c ****     /* nothing to do */
2382:Drivers/STM32F4xx_HAL_Driver/Src/stm32f4xx_hal_tim_ex.c ****   }
2383:Drivers/STM32F4xx_HAL_Driver/Src/stm32f4xx_hal_tim_ex.c **** 
2384:Drivers/STM32F4xx_HAL_Driver/Src/stm32f4xx_hal_tim_ex.c **** #if (USE_HAL_TIM_REGISTER_CALLBACKS == 1)
2385:Drivers/STM32F4xx_HAL_Driver/Src/stm32f4xx_hal_tim_ex.c ****   htim->ErrorCallback(htim);
2386:Drivers/STM32F4xx_HAL_Driver/Src/stm32f4xx_hal_tim_ex.c **** #else
2387:Drivers/STM32F4xx_HAL_Driver/Src/stm32f4xx_hal_tim_ex.c ****   HAL_TIM_ErrorCallback(htim);
2388:Drivers/STM32F4xx_HAL_Driver/Src/stm32f4xx_hal_tim_ex.c **** #endif /* USE_HAL_TIM_REGISTER_CALLBACKS */
2389:Drivers/STM32F4xx_HAL_Driver/Src/stm32f4xx_hal_tim_ex.c **** 
2390:Drivers/STM32F4xx_HAL_Driver/Src/stm32f4xx_hal_tim_ex.c ****   htim->Channel = HAL_TIM_ACTIVE_CHANNEL_CLEARED;
2391:Drivers/STM32F4xx_HAL_Driver/Src/stm32f4xx_hal_tim_ex.c **** }
2392:Drivers/STM32F4xx_HAL_Driver/Src/stm32f4xx_hal_tim_ex.c **** 
2393:Drivers/STM32F4xx_HAL_Driver/Src/stm32f4xx_hal_tim_ex.c **** /**
2394:Drivers/STM32F4xx_HAL_Driver/Src/stm32f4xx_hal_tim_ex.c ****   * @brief  Enables or disables the TIM Capture Compare Channel xN.
2395:Drivers/STM32F4xx_HAL_Driver/Src/stm32f4xx_hal_tim_ex.c ****   * @param  TIMx to select the TIM peripheral
2396:Drivers/STM32F4xx_HAL_Driver/Src/stm32f4xx_hal_tim_ex.c ****   * @param  Channel specifies the TIM Channel
2397:Drivers/STM32F4xx_HAL_Driver/Src/stm32f4xx_hal_tim_ex.c ****   *          This parameter can be one of the following values:
2398:Drivers/STM32F4xx_HAL_Driver/Src/stm32f4xx_hal_tim_ex.c ****   *            @arg TIM_CHANNEL_1: TIM Channel 1
2399:Drivers/STM32F4xx_HAL_Driver/Src/stm32f4xx_hal_tim_ex.c ****   *            @arg TIM_CHANNEL_2: TIM Channel 2
2400:Drivers/STM32F4xx_HAL_Driver/Src/stm32f4xx_hal_tim_ex.c ****   *            @arg TIM_CHANNEL_3: TIM Channel 3
2401:Drivers/STM32F4xx_HAL_Driver/Src/stm32f4xx_hal_tim_ex.c ****   * @param  ChannelNState specifies the TIM Channel CCxNE bit new state.
2402:Drivers/STM32F4xx_HAL_Driver/Src/stm32f4xx_hal_tim_ex.c ****   *          This parameter can be: TIM_CCxN_ENABLE or TIM_CCxN_Disable.
2403:Drivers/STM32F4xx_HAL_Driver/Src/stm32f4xx_hal_tim_ex.c ****   * @retval None
2404:Drivers/STM32F4xx_HAL_Driver/Src/stm32f4xx_hal_tim_ex.c ****   */
2405:Drivers/STM32F4xx_HAL_Driver/Src/stm32f4xx_hal_tim_ex.c **** static void TIM_CCxNChannelCmd(TIM_TypeDef *TIMx, uint32_t Channel, uint32_t ChannelNState)
2406:Drivers/STM32F4xx_HAL_Driver/Src/stm32f4xx_hal_tim_ex.c **** {
  27              		.loc 1 2406 0
  28              		.cfi_startproc
  29              		@ args = 0, pretend = 0, frame = 0
  30              		@ frame_needed = 0, uses_anonymous_args = 0
  31              		@ link register save eliminated.
  32              	.LVL0:
  33 0000 10B4     		push	{r4}
  34              	.LCFI0:
  35              		.cfi_def_cfa_offset 4
  36              		.cfi_offset 4, -4
2407:Drivers/STM32F4xx_HAL_Driver/Src/stm32f4xx_hal_tim_ex.c ****   uint32_t tmp;
2408:Drivers/STM32F4xx_HAL_Driver/Src/stm32f4xx_hal_tim_ex.c **** 
2409:Drivers/STM32F4xx_HAL_Driver/Src/stm32f4xx_hal_tim_ex.c ****   tmp = TIM_CCER_CC1NE << (Channel & 0x1FU); /* 0x1FU = 31 bits max shift */
  37              		.loc 1 2409 0
  38 0002 01F01F01 		and	r1, r1, #31
  39              	.LVL1:
  40 0006 0423     		movs	r3, #4
  41 0008 03FA01F4 		lsl	r4, r3, r1
  42              	.LVL2:
2410:Drivers/STM32F4xx_HAL_Driver/Src/stm32f4xx_hal_tim_ex.c **** 
ARM GAS  /tmp/cczycJk4.s 			page 44


2411:Drivers/STM32F4xx_HAL_Driver/Src/stm32f4xx_hal_tim_ex.c ****   /* Reset the CCxNE Bit */
2412:Drivers/STM32F4xx_HAL_Driver/Src/stm32f4xx_hal_tim_ex.c ****   TIMx->CCER &=  ~tmp;
  43              		.loc 1 2412 0
  44 000c 036A     		ldr	r3, [r0, #32]
  45 000e 23EA0403 		bic	r3, r3, r4
  46 0012 0362     		str	r3, [r0, #32]
2413:Drivers/STM32F4xx_HAL_Driver/Src/stm32f4xx_hal_tim_ex.c **** 
2414:Drivers/STM32F4xx_HAL_Driver/Src/stm32f4xx_hal_tim_ex.c ****   /* Set or reset the CCxNE Bit */
2415:Drivers/STM32F4xx_HAL_Driver/Src/stm32f4xx_hal_tim_ex.c ****   TIMx->CCER |= (uint32_t)(ChannelNState << (Channel & 0x1FU)); /* 0x1FU = 31 bits max shift */
  47              		.loc 1 2415 0
  48 0014 036A     		ldr	r3, [r0, #32]
  49 0016 8A40     		lsls	r2, r2, r1
  50              	.LVL3:
  51 0018 1343     		orrs	r3, r3, r2
  52 001a 0362     		str	r3, [r0, #32]
2416:Drivers/STM32F4xx_HAL_Driver/Src/stm32f4xx_hal_tim_ex.c **** }
  53              		.loc 1 2416 0
  54 001c 5DF8044B 		ldr	r4, [sp], #4
  55              	.LCFI1:
  56              		.cfi_restore 4
  57              		.cfi_def_cfa_offset 0
  58              	.LVL4:
  59 0020 7047     		bx	lr
  60              		.cfi_endproc
  61              	.LFE171:
  63              		.section	.text.TIM_DMAErrorCCxN,"ax",%progbits
  64              		.align	1
  65              		.syntax unified
  66              		.thumb
  67              		.thumb_func
  68              		.fpu fpv4-sp-d16
  70              	TIM_DMAErrorCCxN:
  71              	.LFB170:
2361:Drivers/STM32F4xx_HAL_Driver/Src/stm32f4xx_hal_tim_ex.c ****   TIM_HandleTypeDef *htim = (TIM_HandleTypeDef *)((DMA_HandleTypeDef *)hdma)->Parent;
  72              		.loc 1 2361 0
  73              		.cfi_startproc
  74              		@ args = 0, pretend = 0, frame = 0
  75              		@ frame_needed = 0, uses_anonymous_args = 0
  76              	.LVL5:
  77 0000 10B5     		push	{r4, lr}
  78              	.LCFI2:
  79              		.cfi_def_cfa_offset 8
  80              		.cfi_offset 4, -8
  81              		.cfi_offset 14, -4
2362:Drivers/STM32F4xx_HAL_Driver/Src/stm32f4xx_hal_tim_ex.c **** 
  82              		.loc 1 2362 0
  83 0002 846B     		ldr	r4, [r0, #56]
  84              	.LVL6:
2364:Drivers/STM32F4xx_HAL_Driver/Src/stm32f4xx_hal_tim_ex.c ****   {
  85              		.loc 1 2364 0
  86 0004 636A     		ldr	r3, [r4, #36]
  87 0006 9842     		cmp	r0, r3
  88 0008 0BD0     		beq	.L8
2369:Drivers/STM32F4xx_HAL_Driver/Src/stm32f4xx_hal_tim_ex.c ****   {
  89              		.loc 1 2369 0
  90 000a A36A     		ldr	r3, [r4, #40]
  91 000c 9842     		cmp	r0, r3
ARM GAS  /tmp/cczycJk4.s 			page 45


  92 000e 0DD0     		beq	.L9
2374:Drivers/STM32F4xx_HAL_Driver/Src/stm32f4xx_hal_tim_ex.c ****   {
  93              		.loc 1 2374 0
  94 0010 E36A     		ldr	r3, [r4, #44]
  95 0012 9842     		cmp	r0, r3
  96 0014 10D0     		beq	.L10
  97              	.L5:
2387:Drivers/STM32F4xx_HAL_Driver/Src/stm32f4xx_hal_tim_ex.c **** #endif /* USE_HAL_TIM_REGISTER_CALLBACKS */
  98              		.loc 1 2387 0
  99 0016 2046     		mov	r0, r4
 100              	.LVL7:
 101 0018 FFF7FEFF 		bl	HAL_TIM_ErrorCallback
 102              	.LVL8:
2390:Drivers/STM32F4xx_HAL_Driver/Src/stm32f4xx_hal_tim_ex.c **** }
 103              		.loc 1 2390 0
 104 001c 0023     		movs	r3, #0
 105 001e 2377     		strb	r3, [r4, #28]
 106 0020 10BD     		pop	{r4, pc}
 107              	.LVL9:
 108              	.L8:
2366:Drivers/STM32F4xx_HAL_Driver/Src/stm32f4xx_hal_tim_ex.c ****     TIM_CHANNEL_N_STATE_SET(htim, TIM_CHANNEL_1, HAL_TIM_CHANNEL_STATE_READY);
 109              		.loc 1 2366 0
 110 0022 0123     		movs	r3, #1
 111 0024 2377     		strb	r3, [r4, #28]
2367:Drivers/STM32F4xx_HAL_Driver/Src/stm32f4xx_hal_tim_ex.c ****   }
 112              		.loc 1 2367 0
 113 0026 84F84230 		strb	r3, [r4, #66]
 114 002a F4E7     		b	.L5
 115              	.L9:
2371:Drivers/STM32F4xx_HAL_Driver/Src/stm32f4xx_hal_tim_ex.c ****     TIM_CHANNEL_N_STATE_SET(htim, TIM_CHANNEL_2, HAL_TIM_CHANNEL_STATE_READY);
 116              		.loc 1 2371 0
 117 002c 0223     		movs	r3, #2
 118 002e 2377     		strb	r3, [r4, #28]
2372:Drivers/STM32F4xx_HAL_Driver/Src/stm32f4xx_hal_tim_ex.c ****   }
 119              		.loc 1 2372 0
 120 0030 0123     		movs	r3, #1
 121 0032 84F84330 		strb	r3, [r4, #67]
 122 0036 EEE7     		b	.L5
 123              	.L10:
2376:Drivers/STM32F4xx_HAL_Driver/Src/stm32f4xx_hal_tim_ex.c ****     TIM_CHANNEL_N_STATE_SET(htim, TIM_CHANNEL_3, HAL_TIM_CHANNEL_STATE_READY);
 124              		.loc 1 2376 0
 125 0038 0423     		movs	r3, #4
 126 003a 2377     		strb	r3, [r4, #28]
2377:Drivers/STM32F4xx_HAL_Driver/Src/stm32f4xx_hal_tim_ex.c ****   }
 127              		.loc 1 2377 0
 128 003c 0123     		movs	r3, #1
 129 003e 84F84430 		strb	r3, [r4, #68]
 130 0042 E8E7     		b	.L5
 131              		.cfi_endproc
 132              	.LFE170:
 134              		.section	.text.TIM_DMADelayPulseNCplt,"ax",%progbits
 135              		.align	1
 136              		.syntax unified
 137              		.thumb
 138              		.thumb_func
 139              		.fpu fpv4-sp-d16
 141              	TIM_DMADelayPulseNCplt:
ARM GAS  /tmp/cczycJk4.s 			page 46


 142              	.LFB169:
2302:Drivers/STM32F4xx_HAL_Driver/Src/stm32f4xx_hal_tim_ex.c ****   TIM_HandleTypeDef *htim = (TIM_HandleTypeDef *)((DMA_HandleTypeDef *)hdma)->Parent;
 143              		.loc 1 2302 0
 144              		.cfi_startproc
 145              		@ args = 0, pretend = 0, frame = 0
 146              		@ frame_needed = 0, uses_anonymous_args = 0
 147              	.LVL10:
 148 0000 10B5     		push	{r4, lr}
 149              	.LCFI3:
 150              		.cfi_def_cfa_offset 8
 151              		.cfi_offset 4, -8
 152              		.cfi_offset 14, -4
2303:Drivers/STM32F4xx_HAL_Driver/Src/stm32f4xx_hal_tim_ex.c **** 
 153              		.loc 1 2303 0
 154 0002 846B     		ldr	r4, [r0, #56]
 155              	.LVL11:
2305:Drivers/STM32F4xx_HAL_Driver/Src/stm32f4xx_hal_tim_ex.c ****   {
 156              		.loc 1 2305 0
 157 0004 636A     		ldr	r3, [r4, #36]
 158 0006 9842     		cmp	r0, r3
 159 0008 0ED0     		beq	.L17
2314:Drivers/STM32F4xx_HAL_Driver/Src/stm32f4xx_hal_tim_ex.c ****   {
 160              		.loc 1 2314 0
 161 000a A36A     		ldr	r3, [r4, #40]
 162 000c 9842     		cmp	r0, r3
 163 000e 14D0     		beq	.L18
2323:Drivers/STM32F4xx_HAL_Driver/Src/stm32f4xx_hal_tim_ex.c ****   {
 164              		.loc 1 2323 0
 165 0010 E36A     		ldr	r3, [r4, #44]
 166 0012 9842     		cmp	r0, r3
 167 0014 1AD0     		beq	.L19
2332:Drivers/STM32F4xx_HAL_Driver/Src/stm32f4xx_hal_tim_ex.c ****   {
 168              		.loc 1 2332 0
 169 0016 236B     		ldr	r3, [r4, #48]
 170 0018 9842     		cmp	r0, r3
 171 001a 20D0     		beq	.L20
 172              	.L13:
2349:Drivers/STM32F4xx_HAL_Driver/Src/stm32f4xx_hal_tim_ex.c **** #endif /* USE_HAL_TIM_REGISTER_CALLBACKS */
 173              		.loc 1 2349 0
 174 001c 2046     		mov	r0, r4
 175              	.LVL12:
 176 001e FFF7FEFF 		bl	HAL_TIM_PWM_PulseFinishedCallback
 177              	.LVL13:
2352:Drivers/STM32F4xx_HAL_Driver/Src/stm32f4xx_hal_tim_ex.c **** }
 178              		.loc 1 2352 0
 179 0022 0023     		movs	r3, #0
 180 0024 2377     		strb	r3, [r4, #28]
 181 0026 10BD     		pop	{r4, pc}
 182              	.LVL14:
 183              	.L17:
2307:Drivers/STM32F4xx_HAL_Driver/Src/stm32f4xx_hal_tim_ex.c **** 
 184              		.loc 1 2307 0
 185 0028 0123     		movs	r3, #1
 186 002a 2377     		strb	r3, [r4, #28]
2309:Drivers/STM32F4xx_HAL_Driver/Src/stm32f4xx_hal_tim_ex.c ****     {
 187              		.loc 1 2309 0
 188 002c C369     		ldr	r3, [r0, #28]
ARM GAS  /tmp/cczycJk4.s 			page 47


 189 002e 002B     		cmp	r3, #0
 190 0030 F4D1     		bne	.L13
2311:Drivers/STM32F4xx_HAL_Driver/Src/stm32f4xx_hal_tim_ex.c ****     }
 191              		.loc 1 2311 0
 192 0032 0123     		movs	r3, #1
 193 0034 84F84230 		strb	r3, [r4, #66]
 194 0038 F0E7     		b	.L13
 195              	.L18:
2316:Drivers/STM32F4xx_HAL_Driver/Src/stm32f4xx_hal_tim_ex.c **** 
 196              		.loc 1 2316 0
 197 003a 0223     		movs	r3, #2
 198 003c 2377     		strb	r3, [r4, #28]
2318:Drivers/STM32F4xx_HAL_Driver/Src/stm32f4xx_hal_tim_ex.c ****     {
 199              		.loc 1 2318 0
 200 003e C369     		ldr	r3, [r0, #28]
 201 0040 002B     		cmp	r3, #0
 202 0042 EBD1     		bne	.L13
2320:Drivers/STM32F4xx_HAL_Driver/Src/stm32f4xx_hal_tim_ex.c ****     }
 203              		.loc 1 2320 0
 204 0044 0123     		movs	r3, #1
 205 0046 84F84330 		strb	r3, [r4, #67]
 206 004a E7E7     		b	.L13
 207              	.L19:
2325:Drivers/STM32F4xx_HAL_Driver/Src/stm32f4xx_hal_tim_ex.c **** 
 208              		.loc 1 2325 0
 209 004c 0423     		movs	r3, #4
 210 004e 2377     		strb	r3, [r4, #28]
2327:Drivers/STM32F4xx_HAL_Driver/Src/stm32f4xx_hal_tim_ex.c ****     {
 211              		.loc 1 2327 0
 212 0050 C369     		ldr	r3, [r0, #28]
 213 0052 002B     		cmp	r3, #0
 214 0054 E2D1     		bne	.L13
2329:Drivers/STM32F4xx_HAL_Driver/Src/stm32f4xx_hal_tim_ex.c ****     }
 215              		.loc 1 2329 0
 216 0056 0123     		movs	r3, #1
 217 0058 84F84430 		strb	r3, [r4, #68]
 218 005c DEE7     		b	.L13
 219              	.L20:
2334:Drivers/STM32F4xx_HAL_Driver/Src/stm32f4xx_hal_tim_ex.c **** 
 220              		.loc 1 2334 0
 221 005e 0823     		movs	r3, #8
 222 0060 2377     		strb	r3, [r4, #28]
2336:Drivers/STM32F4xx_HAL_Driver/Src/stm32f4xx_hal_tim_ex.c ****     {
 223              		.loc 1 2336 0
 224 0062 C369     		ldr	r3, [r0, #28]
 225 0064 002B     		cmp	r3, #0
 226 0066 D9D1     		bne	.L13
2338:Drivers/STM32F4xx_HAL_Driver/Src/stm32f4xx_hal_tim_ex.c ****     }
 227              		.loc 1 2338 0
 228 0068 0123     		movs	r3, #1
 229 006a 84F84530 		strb	r3, [r4, #69]
 230 006e D5E7     		b	.L13
 231              		.cfi_endproc
 232              	.LFE169:
 234              		.section	.text.HAL_TIMEx_HallSensor_MspInit,"ax",%progbits
 235              		.align	1
 236              		.weak	HAL_TIMEx_HallSensor_MspInit
ARM GAS  /tmp/cczycJk4.s 			page 48


 237              		.syntax unified
 238              		.thumb
 239              		.thumb_func
 240              		.fpu fpv4-sp-d16
 242              	HAL_TIMEx_HallSensor_MspInit:
 243              	.LFB132:
 285:Drivers/STM32F4xx_HAL_Driver/Src/stm32f4xx_hal_tim_ex.c ****   /* Prevent unused argument(s) compilation warning */
 244              		.loc 1 285 0
 245              		.cfi_startproc
 246              		@ args = 0, pretend = 0, frame = 0
 247              		@ frame_needed = 0, uses_anonymous_args = 0
 248              		@ link register save eliminated.
 249              	.LVL15:
 250 0000 7047     		bx	lr
 251              		.cfi_endproc
 252              	.LFE132:
 254              		.section	.text.HAL_TIMEx_HallSensor_Init,"ax",%progbits
 255              		.align	1
 256              		.global	HAL_TIMEx_HallSensor_Init
 257              		.syntax unified
 258              		.thumb
 259              		.thumb_func
 260              		.fpu fpv4-sp-d16
 262              	HAL_TIMEx_HallSensor_Init:
 263              	.LFB130:
 139:Drivers/STM32F4xx_HAL_Driver/Src/stm32f4xx_hal_tim_ex.c ****   TIM_OC_InitTypeDef OC_Config;
 264              		.loc 1 139 0
 265              		.cfi_startproc
 266              		@ args = 0, pretend = 0, frame = 32
 267              		@ frame_needed = 0, uses_anonymous_args = 0
 268              	.LVL16:
 143:Drivers/STM32F4xx_HAL_Driver/Src/stm32f4xx_hal_tim_ex.c ****   {
 269              		.loc 1 143 0
 270 0000 0028     		cmp	r0, #0
 271 0002 64D0     		beq	.L25
 139:Drivers/STM32F4xx_HAL_Driver/Src/stm32f4xx_hal_tim_ex.c ****   TIM_OC_InitTypeDef OC_Config;
 272              		.loc 1 139 0
 273 0004 70B5     		push	{r4, r5, r6, lr}
 274              	.LCFI4:
 275              		.cfi_def_cfa_offset 16
 276              		.cfi_offset 4, -16
 277              		.cfi_offset 5, -12
 278              		.cfi_offset 6, -8
 279              		.cfi_offset 14, -4
 280 0006 88B0     		sub	sp, sp, #32
 281              	.LCFI5:
 282              		.cfi_def_cfa_offset 48
 283 0008 0446     		mov	r4, r0
 284 000a 0E46     		mov	r6, r1
 157:Drivers/STM32F4xx_HAL_Driver/Src/stm32f4xx_hal_tim_ex.c ****   {
 285              		.loc 1 157 0
 286 000c 90F83D30 		ldrb	r3, [r0, #61]	@ zero_extendqisi2
 287 0010 002B     		cmp	r3, #0
 288 0012 57D0     		beq	.L30
 289              	.LVL17:
 290              	.L24:
 179:Drivers/STM32F4xx_HAL_Driver/Src/stm32f4xx_hal_tim_ex.c **** 
ARM GAS  /tmp/cczycJk4.s 			page 49


 291              		.loc 1 179 0
 292 0014 0223     		movs	r3, #2
 293 0016 84F83D30 		strb	r3, [r4, #61]
 182:Drivers/STM32F4xx_HAL_Driver/Src/stm32f4xx_hal_tim_ex.c **** 
 294              		.loc 1 182 0
 295 001a 211D     		adds	r1, r4, #4
 296 001c 2068     		ldr	r0, [r4]
 297 001e FFF7FEFF 		bl	TIM_Base_SetConfig
 298              	.LVL18:
 185:Drivers/STM32F4xx_HAL_Driver/Src/stm32f4xx_hal_tim_ex.c **** 
 299              		.loc 1 185 0
 300 0022 B368     		ldr	r3, [r6, #8]
 301 0024 0322     		movs	r2, #3
 302 0026 3168     		ldr	r1, [r6]
 303 0028 2068     		ldr	r0, [r4]
 304 002a FFF7FEFF 		bl	TIM_TI1_SetConfig
 305              	.LVL19:
 188:Drivers/STM32F4xx_HAL_Driver/Src/stm32f4xx_hal_tim_ex.c ****   /* Set the IC1PSC value */
 306              		.loc 1 188 0
 307 002e 2268     		ldr	r2, [r4]
 308 0030 9369     		ldr	r3, [r2, #24]
 309 0032 23F00C03 		bic	r3, r3, #12
 310 0036 9361     		str	r3, [r2, #24]
 190:Drivers/STM32F4xx_HAL_Driver/Src/stm32f4xx_hal_tim_ex.c **** 
 311              		.loc 1 190 0
 312 0038 2268     		ldr	r2, [r4]
 313 003a 9369     		ldr	r3, [r2, #24]
 314 003c 7168     		ldr	r1, [r6, #4]
 315 003e 0B43     		orrs	r3, r3, r1
 316 0040 9361     		str	r3, [r2, #24]
 193:Drivers/STM32F4xx_HAL_Driver/Src/stm32f4xx_hal_tim_ex.c **** 
 317              		.loc 1 193 0
 318 0042 2268     		ldr	r2, [r4]
 319 0044 5368     		ldr	r3, [r2, #4]
 320 0046 43F08003 		orr	r3, r3, #128
 321 004a 5360     		str	r3, [r2, #4]
 196:Drivers/STM32F4xx_HAL_Driver/Src/stm32f4xx_hal_tim_ex.c ****   htim->Instance->SMCR |= TIM_TS_TI1F_ED;
 322              		.loc 1 196 0
 323 004c 2268     		ldr	r2, [r4]
 324 004e 9368     		ldr	r3, [r2, #8]
 325 0050 23F07003 		bic	r3, r3, #112
 326 0054 9360     		str	r3, [r2, #8]
 197:Drivers/STM32F4xx_HAL_Driver/Src/stm32f4xx_hal_tim_ex.c **** 
 327              		.loc 1 197 0
 328 0056 2268     		ldr	r2, [r4]
 329 0058 9368     		ldr	r3, [r2, #8]
 330 005a 43F04003 		orr	r3, r3, #64
 331 005e 9360     		str	r3, [r2, #8]
 200:Drivers/STM32F4xx_HAL_Driver/Src/stm32f4xx_hal_tim_ex.c ****   htim->Instance->SMCR |= TIM_SLAVEMODE_RESET;
 332              		.loc 1 200 0
 333 0060 2268     		ldr	r2, [r4]
 334 0062 9368     		ldr	r3, [r2, #8]
 335 0064 23F00703 		bic	r3, r3, #7
 336 0068 9360     		str	r3, [r2, #8]
 201:Drivers/STM32F4xx_HAL_Driver/Src/stm32f4xx_hal_tim_ex.c **** 
 337              		.loc 1 201 0
 338 006a 2268     		ldr	r2, [r4]
ARM GAS  /tmp/cczycJk4.s 			page 50


 339 006c 9368     		ldr	r3, [r2, #8]
 340 006e 43F00403 		orr	r3, r3, #4
 341 0072 9360     		str	r3, [r2, #8]
 204:Drivers/STM32F4xx_HAL_Driver/Src/stm32f4xx_hal_tim_ex.c ****   OC_Config.OCIdleState = TIM_OCIDLESTATE_RESET;
 342              		.loc 1 204 0
 343 0074 0025     		movs	r5, #0
 344 0076 0595     		str	r5, [sp, #20]
 205:Drivers/STM32F4xx_HAL_Driver/Src/stm32f4xx_hal_tim_ex.c ****   OC_Config.OCMode = TIM_OCMODE_PWM2;
 345              		.loc 1 205 0
 346 0078 0695     		str	r5, [sp, #24]
 206:Drivers/STM32F4xx_HAL_Driver/Src/stm32f4xx_hal_tim_ex.c ****   OC_Config.OCNIdleState = TIM_OCNIDLESTATE_RESET;
 347              		.loc 1 206 0
 348 007a 7023     		movs	r3, #112
 349 007c 0193     		str	r3, [sp, #4]
 207:Drivers/STM32F4xx_HAL_Driver/Src/stm32f4xx_hal_tim_ex.c ****   OC_Config.OCNPolarity = TIM_OCNPOLARITY_HIGH;
 350              		.loc 1 207 0
 351 007e 0795     		str	r5, [sp, #28]
 208:Drivers/STM32F4xx_HAL_Driver/Src/stm32f4xx_hal_tim_ex.c ****   OC_Config.OCPolarity = TIM_OCPOLARITY_HIGH;
 352              		.loc 1 208 0
 353 0080 0495     		str	r5, [sp, #16]
 209:Drivers/STM32F4xx_HAL_Driver/Src/stm32f4xx_hal_tim_ex.c ****   OC_Config.Pulse = sConfig->Commutation_Delay;
 354              		.loc 1 209 0
 355 0082 0395     		str	r5, [sp, #12]
 210:Drivers/STM32F4xx_HAL_Driver/Src/stm32f4xx_hal_tim_ex.c **** 
 356              		.loc 1 210 0
 357 0084 F368     		ldr	r3, [r6, #12]
 358 0086 0293     		str	r3, [sp, #8]
 212:Drivers/STM32F4xx_HAL_Driver/Src/stm32f4xx_hal_tim_ex.c **** 
 359              		.loc 1 212 0
 360 0088 01A9     		add	r1, sp, #4
 361 008a 2068     		ldr	r0, [r4]
 362 008c FFF7FEFF 		bl	TIM_OC2_SetConfig
 363              	.LVL20:
 216:Drivers/STM32F4xx_HAL_Driver/Src/stm32f4xx_hal_tim_ex.c ****   htim->Instance->CR2 |= TIM_TRGO_OC2REF;
 364              		.loc 1 216 0
 365 0090 2268     		ldr	r2, [r4]
 366 0092 5368     		ldr	r3, [r2, #4]
 367 0094 23F07003 		bic	r3, r3, #112
 368 0098 5360     		str	r3, [r2, #4]
 217:Drivers/STM32F4xx_HAL_Driver/Src/stm32f4xx_hal_tim_ex.c **** 
 369              		.loc 1 217 0
 370 009a 2268     		ldr	r2, [r4]
 371 009c 5368     		ldr	r3, [r2, #4]
 372 009e 43F05003 		orr	r3, r3, #80
 373 00a2 5360     		str	r3, [r2, #4]
 220:Drivers/STM32F4xx_HAL_Driver/Src/stm32f4xx_hal_tim_ex.c **** 
 374              		.loc 1 220 0
 375 00a4 0123     		movs	r3, #1
 376 00a6 84F84630 		strb	r3, [r4, #70]
 223:Drivers/STM32F4xx_HAL_Driver/Src/stm32f4xx_hal_tim_ex.c ****   TIM_CHANNEL_STATE_SET(htim, TIM_CHANNEL_2, HAL_TIM_CHANNEL_STATE_READY);
 377              		.loc 1 223 0
 378 00aa 84F83E30 		strb	r3, [r4, #62]
 224:Drivers/STM32F4xx_HAL_Driver/Src/stm32f4xx_hal_tim_ex.c ****   TIM_CHANNEL_N_STATE_SET(htim, TIM_CHANNEL_1, HAL_TIM_CHANNEL_STATE_READY);
 379              		.loc 1 224 0
 380 00ae 84F83F30 		strb	r3, [r4, #63]
 225:Drivers/STM32F4xx_HAL_Driver/Src/stm32f4xx_hal_tim_ex.c ****   TIM_CHANNEL_N_STATE_SET(htim, TIM_CHANNEL_2, HAL_TIM_CHANNEL_STATE_READY);
 381              		.loc 1 225 0
ARM GAS  /tmp/cczycJk4.s 			page 51


 382 00b2 84F84230 		strb	r3, [r4, #66]
 226:Drivers/STM32F4xx_HAL_Driver/Src/stm32f4xx_hal_tim_ex.c **** 
 383              		.loc 1 226 0
 384 00b6 84F84330 		strb	r3, [r4, #67]
 229:Drivers/STM32F4xx_HAL_Driver/Src/stm32f4xx_hal_tim_ex.c **** 
 385              		.loc 1 229 0
 386 00ba 84F83D30 		strb	r3, [r4, #61]
 231:Drivers/STM32F4xx_HAL_Driver/Src/stm32f4xx_hal_tim_ex.c **** }
 387              		.loc 1 231 0
 388 00be 2846     		mov	r0, r5
 232:Drivers/STM32F4xx_HAL_Driver/Src/stm32f4xx_hal_tim_ex.c **** 
 389              		.loc 1 232 0
 390 00c0 08B0     		add	sp, sp, #32
 391              	.LCFI6:
 392              		.cfi_remember_state
 393              		.cfi_def_cfa_offset 16
 394              		@ sp needed
 395 00c2 70BD     		pop	{r4, r5, r6, pc}
 396              	.LVL21:
 397              	.L30:
 398              	.LCFI7:
 399              		.cfi_restore_state
 160:Drivers/STM32F4xx_HAL_Driver/Src/stm32f4xx_hal_tim_ex.c **** 
 400              		.loc 1 160 0
 401 00c4 80F83C30 		strb	r3, [r0, #60]
 174:Drivers/STM32F4xx_HAL_Driver/Src/stm32f4xx_hal_tim_ex.c **** #endif /* USE_HAL_TIM_REGISTER_CALLBACKS */
 402              		.loc 1 174 0
 403 00c8 FFF7FEFF 		bl	HAL_TIMEx_HallSensor_MspInit
 404              	.LVL22:
 405 00cc A2E7     		b	.L24
 406              	.LVL23:
 407              	.L25:
 408              	.LCFI8:
 409              		.cfi_def_cfa_offset 0
 410              		.cfi_restore 4
 411              		.cfi_restore 5
 412              		.cfi_restore 6
 413              		.cfi_restore 14
 145:Drivers/STM32F4xx_HAL_Driver/Src/stm32f4xx_hal_tim_ex.c ****   }
 414              		.loc 1 145 0
 415 00ce 0120     		movs	r0, #1
 416              	.LVL24:
 417 00d0 7047     		bx	lr
 418              		.cfi_endproc
 419              	.LFE130:
 421              		.section	.text.HAL_TIMEx_HallSensor_MspDeInit,"ax",%progbits
 422              		.align	1
 423              		.weak	HAL_TIMEx_HallSensor_MspDeInit
 424              		.syntax unified
 425              		.thumb
 426              		.thumb_func
 427              		.fpu fpv4-sp-d16
 429              	HAL_TIMEx_HallSensor_MspDeInit:
 430              	.LFB133:
 300:Drivers/STM32F4xx_HAL_Driver/Src/stm32f4xx_hal_tim_ex.c ****   /* Prevent unused argument(s) compilation warning */
 431              		.loc 1 300 0
 432              		.cfi_startproc
ARM GAS  /tmp/cczycJk4.s 			page 52


 433              		@ args = 0, pretend = 0, frame = 0
 434              		@ frame_needed = 0, uses_anonymous_args = 0
 435              		@ link register save eliminated.
 436              	.LVL25:
 437 0000 7047     		bx	lr
 438              		.cfi_endproc
 439              	.LFE133:
 441              		.section	.text.HAL_TIMEx_HallSensor_DeInit,"ax",%progbits
 442              		.align	1
 443              		.global	HAL_TIMEx_HallSensor_DeInit
 444              		.syntax unified
 445              		.thumb
 446              		.thumb_func
 447              		.fpu fpv4-sp-d16
 449              	HAL_TIMEx_HallSensor_DeInit:
 450              	.LFB131:
 240:Drivers/STM32F4xx_HAL_Driver/Src/stm32f4xx_hal_tim_ex.c ****   /* Check the parameters */
 451              		.loc 1 240 0
 452              		.cfi_startproc
 453              		@ args = 0, pretend = 0, frame = 0
 454              		@ frame_needed = 0, uses_anonymous_args = 0
 455              	.LVL26:
 240:Drivers/STM32F4xx_HAL_Driver/Src/stm32f4xx_hal_tim_ex.c ****   /* Check the parameters */
 456              		.loc 1 240 0
 457 0000 10B5     		push	{r4, lr}
 458              	.LCFI9:
 459              		.cfi_def_cfa_offset 8
 460              		.cfi_offset 4, -8
 461              		.cfi_offset 14, -4
 462 0002 0446     		mov	r4, r0
 244:Drivers/STM32F4xx_HAL_Driver/Src/stm32f4xx_hal_tim_ex.c **** 
 463              		.loc 1 244 0
 464 0004 0223     		movs	r3, #2
 465 0006 80F83D30 		strb	r3, [r0, #61]
 247:Drivers/STM32F4xx_HAL_Driver/Src/stm32f4xx_hal_tim_ex.c **** 
 466              		.loc 1 247 0
 467 000a 0368     		ldr	r3, [r0]
 468 000c 196A     		ldr	r1, [r3, #32]
 469 000e 41F21112 		movw	r2, #4369
 470 0012 1142     		tst	r1, r2
 471 0014 08D1     		bne	.L33
 247:Drivers/STM32F4xx_HAL_Driver/Src/stm32f4xx_hal_tim_ex.c **** 
 472              		.loc 1 247 0 is_stmt 0 discriminator 1
 473 0016 196A     		ldr	r1, [r3, #32]
 474 0018 40F24442 		movw	r2, #1092
 475 001c 1142     		tst	r1, r2
 476 001e 03D1     		bne	.L33
 247:Drivers/STM32F4xx_HAL_Driver/Src/stm32f4xx_hal_tim_ex.c **** 
 477              		.loc 1 247 0 discriminator 2
 478 0020 1A68     		ldr	r2, [r3]
 479 0022 22F00102 		bic	r2, r2, #1
 480 0026 1A60     		str	r2, [r3]
 481              	.L33:
 258:Drivers/STM32F4xx_HAL_Driver/Src/stm32f4xx_hal_tim_ex.c **** #endif /* USE_HAL_TIM_REGISTER_CALLBACKS */
 482              		.loc 1 258 0 is_stmt 1
 483 0028 2046     		mov	r0, r4
 484              	.LVL27:
ARM GAS  /tmp/cczycJk4.s 			page 53


 485 002a FFF7FEFF 		bl	HAL_TIMEx_HallSensor_MspDeInit
 486              	.LVL28:
 262:Drivers/STM32F4xx_HAL_Driver/Src/stm32f4xx_hal_tim_ex.c **** 
 487              		.loc 1 262 0
 488 002e 0020     		movs	r0, #0
 489 0030 84F84600 		strb	r0, [r4, #70]
 265:Drivers/STM32F4xx_HAL_Driver/Src/stm32f4xx_hal_tim_ex.c ****   TIM_CHANNEL_STATE_SET(htim, TIM_CHANNEL_2, HAL_TIM_CHANNEL_STATE_RESET);
 490              		.loc 1 265 0
 491 0034 84F83E00 		strb	r0, [r4, #62]
 266:Drivers/STM32F4xx_HAL_Driver/Src/stm32f4xx_hal_tim_ex.c ****   TIM_CHANNEL_N_STATE_SET(htim, TIM_CHANNEL_1, HAL_TIM_CHANNEL_STATE_RESET);
 492              		.loc 1 266 0
 493 0038 84F83F00 		strb	r0, [r4, #63]
 267:Drivers/STM32F4xx_HAL_Driver/Src/stm32f4xx_hal_tim_ex.c ****   TIM_CHANNEL_N_STATE_SET(htim, TIM_CHANNEL_2, HAL_TIM_CHANNEL_STATE_RESET);
 494              		.loc 1 267 0
 495 003c 84F84200 		strb	r0, [r4, #66]
 268:Drivers/STM32F4xx_HAL_Driver/Src/stm32f4xx_hal_tim_ex.c **** 
 496              		.loc 1 268 0
 497 0040 84F84300 		strb	r0, [r4, #67]
 271:Drivers/STM32F4xx_HAL_Driver/Src/stm32f4xx_hal_tim_ex.c **** 
 498              		.loc 1 271 0
 499 0044 84F83D00 		strb	r0, [r4, #61]
 274:Drivers/STM32F4xx_HAL_Driver/Src/stm32f4xx_hal_tim_ex.c **** 
 500              		.loc 1 274 0
 501 0048 84F83C00 		strb	r0, [r4, #60]
 277:Drivers/STM32F4xx_HAL_Driver/Src/stm32f4xx_hal_tim_ex.c **** 
 502              		.loc 1 277 0
 503 004c 10BD     		pop	{r4, pc}
 504              		.cfi_endproc
 505              	.LFE131:
 507              		.section	.text.HAL_TIMEx_HallSensor_Start,"ax",%progbits
 508              		.align	1
 509              		.global	HAL_TIMEx_HallSensor_Start
 510              		.syntax unified
 511              		.thumb
 512              		.thumb_func
 513              		.fpu fpv4-sp-d16
 515              	HAL_TIMEx_HallSensor_Start:
 516              	.LFB134:
 315:Drivers/STM32F4xx_HAL_Driver/Src/stm32f4xx_hal_tim_ex.c ****   uint32_t tmpsmcr;
 517              		.loc 1 315 0
 518              		.cfi_startproc
 519              		@ args = 0, pretend = 0, frame = 0
 520              		@ frame_needed = 0, uses_anonymous_args = 0
 521              	.LVL29:
 522 0000 10B5     		push	{r4, lr}
 523              	.LCFI10:
 524              		.cfi_def_cfa_offset 8
 525              		.cfi_offset 4, -8
 526              		.cfi_offset 14, -4
 317:Drivers/STM32F4xx_HAL_Driver/Src/stm32f4xx_hal_tim_ex.c ****   HAL_TIM_ChannelStateTypeDef channel_2_state = TIM_CHANNEL_STATE_GET(htim, TIM_CHANNEL_2);
 527              		.loc 1 317 0
 528 0002 90F83E30 		ldrb	r3, [r0, #62]	@ zero_extendqisi2
 529 0006 DBB2     		uxtb	r3, r3
 530              	.LVL30:
 318:Drivers/STM32F4xx_HAL_Driver/Src/stm32f4xx_hal_tim_ex.c ****   HAL_TIM_ChannelStateTypeDef complementary_channel_1_state = TIM_CHANNEL_N_STATE_GET(htim, TIM_CHA
 531              		.loc 1 318 0
 532 0008 90F83F20 		ldrb	r2, [r0, #63]	@ zero_extendqisi2
ARM GAS  /tmp/cczycJk4.s 			page 54


 533              	.LVL31:
 319:Drivers/STM32F4xx_HAL_Driver/Src/stm32f4xx_hal_tim_ex.c ****   HAL_TIM_ChannelStateTypeDef complementary_channel_2_state = TIM_CHANNEL_N_STATE_GET(htim, TIM_CHA
 534              		.loc 1 319 0
 535 000c 90F84210 		ldrb	r1, [r0, #66]	@ zero_extendqisi2
 536              	.LVL32:
 320:Drivers/STM32F4xx_HAL_Driver/Src/stm32f4xx_hal_tim_ex.c **** 
 537              		.loc 1 320 0
 538 0010 90F84340 		ldrb	r4, [r0, #67]	@ zero_extendqisi2
 539              	.LVL33:
 326:Drivers/STM32F4xx_HAL_Driver/Src/stm32f4xx_hal_tim_ex.c ****       || (channel_2_state != HAL_TIM_CHANNEL_STATE_READY)
 540              		.loc 1 326 0
 541 0014 012B     		cmp	r3, #1
 542 0016 01D0     		beq	.L45
 331:Drivers/STM32F4xx_HAL_Driver/Src/stm32f4xx_hal_tim_ex.c ****   }
 543              		.loc 1 331 0
 544 0018 0120     		movs	r0, #1
 545              	.LVL34:
 546 001a 10BD     		pop	{r4, pc}
 547              	.LVL35:
 548              	.L45:
 549 001c D2B2     		uxtb	r2, r2
 550 001e C9B2     		uxtb	r1, r1
 551 0020 E4B2     		uxtb	r4, r4
 327:Drivers/STM32F4xx_HAL_Driver/Src/stm32f4xx_hal_tim_ex.c ****       || (complementary_channel_1_state != HAL_TIM_CHANNEL_STATE_READY)
 552              		.loc 1 327 0
 553 0022 012A     		cmp	r2, #1
 554 0024 01D0     		beq	.L46
 331:Drivers/STM32F4xx_HAL_Driver/Src/stm32f4xx_hal_tim_ex.c ****   }
 555              		.loc 1 331 0
 556 0026 0120     		movs	r0, #1
 557              	.LVL36:
 558 0028 10BD     		pop	{r4, pc}
 559              	.LVL37:
 560              	.L46:
 328:Drivers/STM32F4xx_HAL_Driver/Src/stm32f4xx_hal_tim_ex.c ****       || (complementary_channel_2_state != HAL_TIM_CHANNEL_STATE_READY))
 561              		.loc 1 328 0
 562 002a 0129     		cmp	r1, #1
 563 002c 01D0     		beq	.L47
 331:Drivers/STM32F4xx_HAL_Driver/Src/stm32f4xx_hal_tim_ex.c ****   }
 564              		.loc 1 331 0
 565 002e 0120     		movs	r0, #1
 566              	.LVL38:
 567 0030 10BD     		pop	{r4, pc}
 568              	.LVL39:
 569              	.L47:
 329:Drivers/STM32F4xx_HAL_Driver/Src/stm32f4xx_hal_tim_ex.c ****   {
 570              		.loc 1 329 0
 571 0032 012C     		cmp	r4, #1
 572 0034 01D0     		beq	.L48
 331:Drivers/STM32F4xx_HAL_Driver/Src/stm32f4xx_hal_tim_ex.c ****   }
 573              		.loc 1 331 0
 574 0036 0120     		movs	r0, #1
 575              	.LVL40:
 576 0038 10BD     		pop	{r4, pc}
 577              	.LVL41:
 578              	.L48:
 579 003a 0446     		mov	r4, r0
ARM GAS  /tmp/cczycJk4.s 			page 55


 580              	.LVL42:
 335:Drivers/STM32F4xx_HAL_Driver/Src/stm32f4xx_hal_tim_ex.c ****   TIM_CHANNEL_STATE_SET(htim, TIM_CHANNEL_2, HAL_TIM_CHANNEL_STATE_BUSY);
 581              		.loc 1 335 0
 582 003c 0223     		movs	r3, #2
 583              	.LVL43:
 584 003e 80F83E30 		strb	r3, [r0, #62]
 336:Drivers/STM32F4xx_HAL_Driver/Src/stm32f4xx_hal_tim_ex.c ****   TIM_CHANNEL_N_STATE_SET(htim, TIM_CHANNEL_1, HAL_TIM_CHANNEL_STATE_BUSY);
 585              		.loc 1 336 0
 586 0042 80F83F30 		strb	r3, [r0, #63]
 337:Drivers/STM32F4xx_HAL_Driver/Src/stm32f4xx_hal_tim_ex.c ****   TIM_CHANNEL_N_STATE_SET(htim, TIM_CHANNEL_2, HAL_TIM_CHANNEL_STATE_BUSY);
 587              		.loc 1 337 0
 588 0046 80F84230 		strb	r3, [r0, #66]
 338:Drivers/STM32F4xx_HAL_Driver/Src/stm32f4xx_hal_tim_ex.c **** 
 589              		.loc 1 338 0
 590 004a 80F84330 		strb	r3, [r0, #67]
 343:Drivers/STM32F4xx_HAL_Driver/Src/stm32f4xx_hal_tim_ex.c **** 
 591              		.loc 1 343 0
 592 004e 0021     		movs	r1, #0
 593              	.LVL44:
 594 0050 0068     		ldr	r0, [r0]
 595              	.LVL45:
 596 0052 FFF7FEFF 		bl	TIM_CCxChannelCmd
 597              	.LVL46:
 346:Drivers/STM32F4xx_HAL_Driver/Src/stm32f4xx_hal_tim_ex.c ****   {
 598              		.loc 1 346 0
 599 0056 2368     		ldr	r3, [r4]
 600 0058 184A     		ldr	r2, .L49
 601 005a 9342     		cmp	r3, r2
 602 005c 20D0     		beq	.L37
 346:Drivers/STM32F4xx_HAL_Driver/Src/stm32f4xx_hal_tim_ex.c ****   {
 603              		.loc 1 346 0 is_stmt 0 discriminator 1
 604 005e B3F1804F 		cmp	r3, #1073741824
 605 0062 1DD0     		beq	.L37
 346:Drivers/STM32F4xx_HAL_Driver/Src/stm32f4xx_hal_tim_ex.c ****   {
 606              		.loc 1 346 0 discriminator 2
 607 0064 A2F57C42 		sub	r2, r2, #64512
 608 0068 9342     		cmp	r3, r2
 609 006a 19D0     		beq	.L37
 346:Drivers/STM32F4xx_HAL_Driver/Src/stm32f4xx_hal_tim_ex.c ****   {
 610              		.loc 1 346 0 discriminator 3
 611 006c 02F58062 		add	r2, r2, #1024
 612 0070 9342     		cmp	r3, r2
 613 0072 15D0     		beq	.L37
 346:Drivers/STM32F4xx_HAL_Driver/Src/stm32f4xx_hal_tim_ex.c ****   {
 614              		.loc 1 346 0 discriminator 4
 615 0074 02F58062 		add	r2, r2, #1024
 616 0078 9342     		cmp	r3, r2
 617 007a 11D0     		beq	.L37
 346:Drivers/STM32F4xx_HAL_Driver/Src/stm32f4xx_hal_tim_ex.c ****   {
 618              		.loc 1 346 0 discriminator 5
 619 007c 02F57842 		add	r2, r2, #63488
 620 0080 9342     		cmp	r3, r2
 621 0082 0DD0     		beq	.L37
 346:Drivers/STM32F4xx_HAL_Driver/Src/stm32f4xx_hal_tim_ex.c ****   {
 622              		.loc 1 346 0 discriminator 6
 623 0084 02F57052 		add	r2, r2, #15360
 624 0088 9342     		cmp	r3, r2
ARM GAS  /tmp/cczycJk4.s 			page 56


 625 008a 09D0     		beq	.L37
 346:Drivers/STM32F4xx_HAL_Driver/Src/stm32f4xx_hal_tim_ex.c ****   {
 626              		.loc 1 346 0 discriminator 7
 627 008c A2F59432 		sub	r2, r2, #75776
 628 0090 9342     		cmp	r3, r2
 629 0092 05D0     		beq	.L37
 356:Drivers/STM32F4xx_HAL_Driver/Src/stm32f4xx_hal_tim_ex.c ****   }
 630              		.loc 1 356 0 is_stmt 1
 631 0094 1A68     		ldr	r2, [r3]
 632 0096 42F00102 		orr	r2, r2, #1
 633 009a 1A60     		str	r2, [r3]
 360:Drivers/STM32F4xx_HAL_Driver/Src/stm32f4xx_hal_tim_ex.c **** }
 634              		.loc 1 360 0
 635 009c 0020     		movs	r0, #0
 636 009e 10BD     		pop	{r4, pc}
 637              	.LVL47:
 638              	.L37:
 348:Drivers/STM32F4xx_HAL_Driver/Src/stm32f4xx_hal_tim_ex.c ****     if (!IS_TIM_SLAVEMODE_TRIGGER_ENABLED(tmpsmcr))
 639              		.loc 1 348 0
 640 00a0 9A68     		ldr	r2, [r3, #8]
 641 00a2 02F00702 		and	r2, r2, #7
 642              	.LVL48:
 349:Drivers/STM32F4xx_HAL_Driver/Src/stm32f4xx_hal_tim_ex.c ****     {
 643              		.loc 1 349 0
 644 00a6 062A     		cmp	r2, #6
 645 00a8 05D0     		beq	.L43
 351:Drivers/STM32F4xx_HAL_Driver/Src/stm32f4xx_hal_tim_ex.c ****     }
 646              		.loc 1 351 0
 647 00aa 1A68     		ldr	r2, [r3]
 648              	.LVL49:
 649 00ac 42F00102 		orr	r2, r2, #1
 650 00b0 1A60     		str	r2, [r3]
 360:Drivers/STM32F4xx_HAL_Driver/Src/stm32f4xx_hal_tim_ex.c **** }
 651              		.loc 1 360 0
 652 00b2 0020     		movs	r0, #0
 653 00b4 10BD     		pop	{r4, pc}
 654              	.LVL50:
 655              	.L43:
 656 00b6 0020     		movs	r0, #0
 361:Drivers/STM32F4xx_HAL_Driver/Src/stm32f4xx_hal_tim_ex.c **** 
 657              		.loc 1 361 0
 658 00b8 10BD     		pop	{r4, pc}
 659              	.LVL51:
 660              	.L50:
 661 00ba 00BF     		.align	2
 662              	.L49:
 663 00bc 00000140 		.word	1073807360
 664              		.cfi_endproc
 665              	.LFE134:
 667              		.section	.text.HAL_TIMEx_HallSensor_Stop,"ax",%progbits
 668              		.align	1
 669              		.global	HAL_TIMEx_HallSensor_Stop
 670              		.syntax unified
 671              		.thumb
 672              		.thumb_func
 673              		.fpu fpv4-sp-d16
 675              	HAL_TIMEx_HallSensor_Stop:
ARM GAS  /tmp/cczycJk4.s 			page 57


 676              	.LFB135:
 369:Drivers/STM32F4xx_HAL_Driver/Src/stm32f4xx_hal_tim_ex.c ****   /* Check the parameters */
 677              		.loc 1 369 0
 678              		.cfi_startproc
 679              		@ args = 0, pretend = 0, frame = 0
 680              		@ frame_needed = 0, uses_anonymous_args = 0
 681              	.LVL52:
 682 0000 10B5     		push	{r4, lr}
 683              	.LCFI11:
 684              		.cfi_def_cfa_offset 8
 685              		.cfi_offset 4, -8
 686              		.cfi_offset 14, -4
 687 0002 0446     		mov	r4, r0
 376:Drivers/STM32F4xx_HAL_Driver/Src/stm32f4xx_hal_tim_ex.c **** 
 688              		.loc 1 376 0
 689 0004 0022     		movs	r2, #0
 690 0006 1146     		mov	r1, r2
 691 0008 0068     		ldr	r0, [r0]
 692              	.LVL53:
 693 000a FFF7FEFF 		bl	TIM_CCxChannelCmd
 694              	.LVL54:
 379:Drivers/STM32F4xx_HAL_Driver/Src/stm32f4xx_hal_tim_ex.c **** 
 695              		.loc 1 379 0
 696 000e 2368     		ldr	r3, [r4]
 697 0010 196A     		ldr	r1, [r3, #32]
 698 0012 41F21112 		movw	r2, #4369
 699 0016 1142     		tst	r1, r2
 700 0018 08D1     		bne	.L52
 379:Drivers/STM32F4xx_HAL_Driver/Src/stm32f4xx_hal_tim_ex.c **** 
 701              		.loc 1 379 0 is_stmt 0 discriminator 1
 702 001a 196A     		ldr	r1, [r3, #32]
 703 001c 40F24442 		movw	r2, #1092
 704 0020 1142     		tst	r1, r2
 705 0022 03D1     		bne	.L52
 379:Drivers/STM32F4xx_HAL_Driver/Src/stm32f4xx_hal_tim_ex.c **** 
 706              		.loc 1 379 0 discriminator 2
 707 0024 1A68     		ldr	r2, [r3]
 708 0026 22F00102 		bic	r2, r2, #1
 709 002a 1A60     		str	r2, [r3]
 710              	.L52:
 382:Drivers/STM32F4xx_HAL_Driver/Src/stm32f4xx_hal_tim_ex.c ****   TIM_CHANNEL_STATE_SET(htim, TIM_CHANNEL_2, HAL_TIM_CHANNEL_STATE_READY);
 711              		.loc 1 382 0 is_stmt 1
 712 002c 0123     		movs	r3, #1
 713 002e 84F83E30 		strb	r3, [r4, #62]
 383:Drivers/STM32F4xx_HAL_Driver/Src/stm32f4xx_hal_tim_ex.c ****   TIM_CHANNEL_N_STATE_SET(htim, TIM_CHANNEL_1, HAL_TIM_CHANNEL_STATE_READY);
 714              		.loc 1 383 0
 715 0032 84F83F30 		strb	r3, [r4, #63]
 384:Drivers/STM32F4xx_HAL_Driver/Src/stm32f4xx_hal_tim_ex.c ****   TIM_CHANNEL_N_STATE_SET(htim, TIM_CHANNEL_2, HAL_TIM_CHANNEL_STATE_READY);
 716              		.loc 1 384 0
 717 0036 84F84230 		strb	r3, [r4, #66]
 385:Drivers/STM32F4xx_HAL_Driver/Src/stm32f4xx_hal_tim_ex.c **** 
 718              		.loc 1 385 0
 719 003a 84F84330 		strb	r3, [r4, #67]
 389:Drivers/STM32F4xx_HAL_Driver/Src/stm32f4xx_hal_tim_ex.c **** 
 720              		.loc 1 389 0
 721 003e 0020     		movs	r0, #0
 722 0040 10BD     		pop	{r4, pc}
ARM GAS  /tmp/cczycJk4.s 			page 58


 723              		.cfi_endproc
 724              	.LFE135:
 726              		.section	.text.HAL_TIMEx_HallSensor_Start_IT,"ax",%progbits
 727              		.align	1
 728              		.global	HAL_TIMEx_HallSensor_Start_IT
 729              		.syntax unified
 730              		.thumb
 731              		.thumb_func
 732              		.fpu fpv4-sp-d16
 734              	HAL_TIMEx_HallSensor_Start_IT:
 735              	.LFB136:
 397:Drivers/STM32F4xx_HAL_Driver/Src/stm32f4xx_hal_tim_ex.c ****   uint32_t tmpsmcr;
 736              		.loc 1 397 0
 737              		.cfi_startproc
 738              		@ args = 0, pretend = 0, frame = 0
 739              		@ frame_needed = 0, uses_anonymous_args = 0
 740              	.LVL55:
 741 0000 10B5     		push	{r4, lr}
 742              	.LCFI12:
 743              		.cfi_def_cfa_offset 8
 744              		.cfi_offset 4, -8
 745              		.cfi_offset 14, -4
 399:Drivers/STM32F4xx_HAL_Driver/Src/stm32f4xx_hal_tim_ex.c ****   HAL_TIM_ChannelStateTypeDef channel_2_state = TIM_CHANNEL_STATE_GET(htim, TIM_CHANNEL_2);
 746              		.loc 1 399 0
 747 0002 90F83E30 		ldrb	r3, [r0, #62]	@ zero_extendqisi2
 748 0006 DBB2     		uxtb	r3, r3
 749              	.LVL56:
 400:Drivers/STM32F4xx_HAL_Driver/Src/stm32f4xx_hal_tim_ex.c ****   HAL_TIM_ChannelStateTypeDef complementary_channel_1_state = TIM_CHANNEL_N_STATE_GET(htim, TIM_CHA
 750              		.loc 1 400 0
 751 0008 90F83F20 		ldrb	r2, [r0, #63]	@ zero_extendqisi2
 752              	.LVL57:
 401:Drivers/STM32F4xx_HAL_Driver/Src/stm32f4xx_hal_tim_ex.c ****   HAL_TIM_ChannelStateTypeDef complementary_channel_2_state = TIM_CHANNEL_N_STATE_GET(htim, TIM_CHA
 753              		.loc 1 401 0
 754 000c 90F84210 		ldrb	r1, [r0, #66]	@ zero_extendqisi2
 755              	.LVL58:
 402:Drivers/STM32F4xx_HAL_Driver/Src/stm32f4xx_hal_tim_ex.c **** 
 756              		.loc 1 402 0
 757 0010 90F84340 		ldrb	r4, [r0, #67]	@ zero_extendqisi2
 758              	.LVL59:
 408:Drivers/STM32F4xx_HAL_Driver/Src/stm32f4xx_hal_tim_ex.c ****       || (channel_2_state != HAL_TIM_CHANNEL_STATE_READY)
 759              		.loc 1 408 0
 760 0014 012B     		cmp	r3, #1
 761 0016 01D0     		beq	.L64
 413:Drivers/STM32F4xx_HAL_Driver/Src/stm32f4xx_hal_tim_ex.c ****   }
 762              		.loc 1 413 0
 763 0018 0120     		movs	r0, #1
 764              	.LVL60:
 765 001a 10BD     		pop	{r4, pc}
 766              	.LVL61:
 767              	.L64:
 768 001c D2B2     		uxtb	r2, r2
 769 001e C9B2     		uxtb	r1, r1
 770 0020 E4B2     		uxtb	r4, r4
 409:Drivers/STM32F4xx_HAL_Driver/Src/stm32f4xx_hal_tim_ex.c ****       || (complementary_channel_1_state != HAL_TIM_CHANNEL_STATE_READY)
 771              		.loc 1 409 0
 772 0022 012A     		cmp	r2, #1
 773 0024 01D0     		beq	.L65
ARM GAS  /tmp/cczycJk4.s 			page 59


 413:Drivers/STM32F4xx_HAL_Driver/Src/stm32f4xx_hal_tim_ex.c ****   }
 774              		.loc 1 413 0
 775 0026 0120     		movs	r0, #1
 776              	.LVL62:
 777 0028 10BD     		pop	{r4, pc}
 778              	.LVL63:
 779              	.L65:
 410:Drivers/STM32F4xx_HAL_Driver/Src/stm32f4xx_hal_tim_ex.c ****       || (complementary_channel_2_state != HAL_TIM_CHANNEL_STATE_READY))
 780              		.loc 1 410 0
 781 002a 0129     		cmp	r1, #1
 782 002c 01D0     		beq	.L66
 413:Drivers/STM32F4xx_HAL_Driver/Src/stm32f4xx_hal_tim_ex.c ****   }
 783              		.loc 1 413 0
 784 002e 0120     		movs	r0, #1
 785              	.LVL64:
 786 0030 10BD     		pop	{r4, pc}
 787              	.LVL65:
 788              	.L66:
 411:Drivers/STM32F4xx_HAL_Driver/Src/stm32f4xx_hal_tim_ex.c ****   {
 789              		.loc 1 411 0
 790 0032 012C     		cmp	r4, #1
 791 0034 01D0     		beq	.L67
 413:Drivers/STM32F4xx_HAL_Driver/Src/stm32f4xx_hal_tim_ex.c ****   }
 792              		.loc 1 413 0
 793 0036 0120     		movs	r0, #1
 794              	.LVL66:
 795 0038 10BD     		pop	{r4, pc}
 796              	.LVL67:
 797              	.L67:
 798 003a 0446     		mov	r4, r0
 799              	.LVL68:
 417:Drivers/STM32F4xx_HAL_Driver/Src/stm32f4xx_hal_tim_ex.c ****   TIM_CHANNEL_STATE_SET(htim, TIM_CHANNEL_2, HAL_TIM_CHANNEL_STATE_BUSY);
 800              		.loc 1 417 0
 801 003c 0223     		movs	r3, #2
 802              	.LVL69:
 803 003e 80F83E30 		strb	r3, [r0, #62]
 418:Drivers/STM32F4xx_HAL_Driver/Src/stm32f4xx_hal_tim_ex.c ****   TIM_CHANNEL_N_STATE_SET(htim, TIM_CHANNEL_1, HAL_TIM_CHANNEL_STATE_BUSY);
 804              		.loc 1 418 0
 805 0042 80F83F30 		strb	r3, [r0, #63]
 419:Drivers/STM32F4xx_HAL_Driver/Src/stm32f4xx_hal_tim_ex.c ****   TIM_CHANNEL_N_STATE_SET(htim, TIM_CHANNEL_2, HAL_TIM_CHANNEL_STATE_BUSY);
 806              		.loc 1 419 0
 807 0046 80F84230 		strb	r3, [r0, #66]
 420:Drivers/STM32F4xx_HAL_Driver/Src/stm32f4xx_hal_tim_ex.c **** 
 808              		.loc 1 420 0
 809 004a 80F84330 		strb	r3, [r0, #67]
 423:Drivers/STM32F4xx_HAL_Driver/Src/stm32f4xx_hal_tim_ex.c **** 
 810              		.loc 1 423 0
 811 004e 0268     		ldr	r2, [r0]
 812              	.LVL70:
 813 0050 D368     		ldr	r3, [r2, #12]
 814 0052 43F00203 		orr	r3, r3, #2
 815 0056 D360     		str	r3, [r2, #12]
 428:Drivers/STM32F4xx_HAL_Driver/Src/stm32f4xx_hal_tim_ex.c **** 
 816              		.loc 1 428 0
 817 0058 0122     		movs	r2, #1
 818 005a 0021     		movs	r1, #0
 819              	.LVL71:
ARM GAS  /tmp/cczycJk4.s 			page 60


 820 005c 0068     		ldr	r0, [r0]
 821              	.LVL72:
 822 005e FFF7FEFF 		bl	TIM_CCxChannelCmd
 823              	.LVL73:
 431:Drivers/STM32F4xx_HAL_Driver/Src/stm32f4xx_hal_tim_ex.c ****   {
 824              		.loc 1 431 0
 825 0062 2368     		ldr	r3, [r4]
 826 0064 184A     		ldr	r2, .L68
 827 0066 9342     		cmp	r3, r2
 828 0068 20D0     		beq	.L56
 431:Drivers/STM32F4xx_HAL_Driver/Src/stm32f4xx_hal_tim_ex.c ****   {
 829              		.loc 1 431 0 is_stmt 0 discriminator 1
 830 006a B3F1804F 		cmp	r3, #1073741824
 831 006e 1DD0     		beq	.L56
 431:Drivers/STM32F4xx_HAL_Driver/Src/stm32f4xx_hal_tim_ex.c ****   {
 832              		.loc 1 431 0 discriminator 2
 833 0070 A2F57C42 		sub	r2, r2, #64512
 834 0074 9342     		cmp	r3, r2
 835 0076 19D0     		beq	.L56
 431:Drivers/STM32F4xx_HAL_Driver/Src/stm32f4xx_hal_tim_ex.c ****   {
 836              		.loc 1 431 0 discriminator 3
 837 0078 02F58062 		add	r2, r2, #1024
 838 007c 9342     		cmp	r3, r2
 839 007e 15D0     		beq	.L56
 431:Drivers/STM32F4xx_HAL_Driver/Src/stm32f4xx_hal_tim_ex.c ****   {
 840              		.loc 1 431 0 discriminator 4
 841 0080 02F58062 		add	r2, r2, #1024
 842 0084 9342     		cmp	r3, r2
 843 0086 11D0     		beq	.L56
 431:Drivers/STM32F4xx_HAL_Driver/Src/stm32f4xx_hal_tim_ex.c ****   {
 844              		.loc 1 431 0 discriminator 5
 845 0088 02F57842 		add	r2, r2, #63488
 846 008c 9342     		cmp	r3, r2
 847 008e 0DD0     		beq	.L56
 431:Drivers/STM32F4xx_HAL_Driver/Src/stm32f4xx_hal_tim_ex.c ****   {
 848              		.loc 1 431 0 discriminator 6
 849 0090 02F57052 		add	r2, r2, #15360
 850 0094 9342     		cmp	r3, r2
 851 0096 09D0     		beq	.L56
 431:Drivers/STM32F4xx_HAL_Driver/Src/stm32f4xx_hal_tim_ex.c ****   {
 852              		.loc 1 431 0 discriminator 7
 853 0098 A2F59432 		sub	r2, r2, #75776
 854 009c 9342     		cmp	r3, r2
 855 009e 05D0     		beq	.L56
 441:Drivers/STM32F4xx_HAL_Driver/Src/stm32f4xx_hal_tim_ex.c ****   }
 856              		.loc 1 441 0 is_stmt 1
 857 00a0 1A68     		ldr	r2, [r3]
 858 00a2 42F00102 		orr	r2, r2, #1
 859 00a6 1A60     		str	r2, [r3]
 445:Drivers/STM32F4xx_HAL_Driver/Src/stm32f4xx_hal_tim_ex.c **** }
 860              		.loc 1 445 0
 861 00a8 0020     		movs	r0, #0
 862 00aa 10BD     		pop	{r4, pc}
 863              	.LVL74:
 864              	.L56:
 433:Drivers/STM32F4xx_HAL_Driver/Src/stm32f4xx_hal_tim_ex.c ****     if (!IS_TIM_SLAVEMODE_TRIGGER_ENABLED(tmpsmcr))
 865              		.loc 1 433 0
ARM GAS  /tmp/cczycJk4.s 			page 61


 866 00ac 9A68     		ldr	r2, [r3, #8]
 867 00ae 02F00702 		and	r2, r2, #7
 868              	.LVL75:
 434:Drivers/STM32F4xx_HAL_Driver/Src/stm32f4xx_hal_tim_ex.c ****     {
 869              		.loc 1 434 0
 870 00b2 062A     		cmp	r2, #6
 871 00b4 05D0     		beq	.L62
 436:Drivers/STM32F4xx_HAL_Driver/Src/stm32f4xx_hal_tim_ex.c ****     }
 872              		.loc 1 436 0
 873 00b6 1A68     		ldr	r2, [r3]
 874              	.LVL76:
 875 00b8 42F00102 		orr	r2, r2, #1
 876 00bc 1A60     		str	r2, [r3]
 445:Drivers/STM32F4xx_HAL_Driver/Src/stm32f4xx_hal_tim_ex.c **** }
 877              		.loc 1 445 0
 878 00be 0020     		movs	r0, #0
 879 00c0 10BD     		pop	{r4, pc}
 880              	.LVL77:
 881              	.L62:
 882 00c2 0020     		movs	r0, #0
 446:Drivers/STM32F4xx_HAL_Driver/Src/stm32f4xx_hal_tim_ex.c **** 
 883              		.loc 1 446 0
 884 00c4 10BD     		pop	{r4, pc}
 885              	.LVL78:
 886              	.L69:
 887 00c6 00BF     		.align	2
 888              	.L68:
 889 00c8 00000140 		.word	1073807360
 890              		.cfi_endproc
 891              	.LFE136:
 893              		.section	.text.HAL_TIMEx_HallSensor_Stop_IT,"ax",%progbits
 894              		.align	1
 895              		.global	HAL_TIMEx_HallSensor_Stop_IT
 896              		.syntax unified
 897              		.thumb
 898              		.thumb_func
 899              		.fpu fpv4-sp-d16
 901              	HAL_TIMEx_HallSensor_Stop_IT:
 902              	.LFB137:
 454:Drivers/STM32F4xx_HAL_Driver/Src/stm32f4xx_hal_tim_ex.c ****   /* Check the parameters */
 903              		.loc 1 454 0
 904              		.cfi_startproc
 905              		@ args = 0, pretend = 0, frame = 0
 906              		@ frame_needed = 0, uses_anonymous_args = 0
 907              	.LVL79:
 908 0000 10B5     		push	{r4, lr}
 909              	.LCFI13:
 910              		.cfi_def_cfa_offset 8
 911              		.cfi_offset 4, -8
 912              		.cfi_offset 14, -4
 913 0002 0446     		mov	r4, r0
 461:Drivers/STM32F4xx_HAL_Driver/Src/stm32f4xx_hal_tim_ex.c **** 
 914              		.loc 1 461 0
 915 0004 0022     		movs	r2, #0
 916 0006 1146     		mov	r1, r2
 917 0008 0068     		ldr	r0, [r0]
 918              	.LVL80:
ARM GAS  /tmp/cczycJk4.s 			page 62


 919 000a FFF7FEFF 		bl	TIM_CCxChannelCmd
 920              	.LVL81:
 464:Drivers/STM32F4xx_HAL_Driver/Src/stm32f4xx_hal_tim_ex.c **** 
 921              		.loc 1 464 0
 922 000e 2268     		ldr	r2, [r4]
 923 0010 D368     		ldr	r3, [r2, #12]
 924 0012 23F00203 		bic	r3, r3, #2
 925 0016 D360     		str	r3, [r2, #12]
 467:Drivers/STM32F4xx_HAL_Driver/Src/stm32f4xx_hal_tim_ex.c **** 
 926              		.loc 1 467 0
 927 0018 2368     		ldr	r3, [r4]
 928 001a 196A     		ldr	r1, [r3, #32]
 929 001c 41F21112 		movw	r2, #4369
 930 0020 1142     		tst	r1, r2
 931 0022 08D1     		bne	.L71
 467:Drivers/STM32F4xx_HAL_Driver/Src/stm32f4xx_hal_tim_ex.c **** 
 932              		.loc 1 467 0 is_stmt 0 discriminator 1
 933 0024 196A     		ldr	r1, [r3, #32]
 934 0026 40F24442 		movw	r2, #1092
 935 002a 1142     		tst	r1, r2
 936 002c 03D1     		bne	.L71
 467:Drivers/STM32F4xx_HAL_Driver/Src/stm32f4xx_hal_tim_ex.c **** 
 937              		.loc 1 467 0 discriminator 2
 938 002e 1A68     		ldr	r2, [r3]
 939 0030 22F00102 		bic	r2, r2, #1
 940 0034 1A60     		str	r2, [r3]
 941              	.L71:
 470:Drivers/STM32F4xx_HAL_Driver/Src/stm32f4xx_hal_tim_ex.c ****   TIM_CHANNEL_STATE_SET(htim, TIM_CHANNEL_2, HAL_TIM_CHANNEL_STATE_READY);
 942              		.loc 1 470 0 is_stmt 1
 943 0036 0123     		movs	r3, #1
 944 0038 84F83E30 		strb	r3, [r4, #62]
 471:Drivers/STM32F4xx_HAL_Driver/Src/stm32f4xx_hal_tim_ex.c ****   TIM_CHANNEL_N_STATE_SET(htim, TIM_CHANNEL_1, HAL_TIM_CHANNEL_STATE_READY);
 945              		.loc 1 471 0
 946 003c 84F83F30 		strb	r3, [r4, #63]
 472:Drivers/STM32F4xx_HAL_Driver/Src/stm32f4xx_hal_tim_ex.c ****   TIM_CHANNEL_N_STATE_SET(htim, TIM_CHANNEL_2, HAL_TIM_CHANNEL_STATE_READY);
 947              		.loc 1 472 0
 948 0040 84F84230 		strb	r3, [r4, #66]
 473:Drivers/STM32F4xx_HAL_Driver/Src/stm32f4xx_hal_tim_ex.c **** 
 949              		.loc 1 473 0
 950 0044 84F84330 		strb	r3, [r4, #67]
 477:Drivers/STM32F4xx_HAL_Driver/Src/stm32f4xx_hal_tim_ex.c **** 
 951              		.loc 1 477 0
 952 0048 0020     		movs	r0, #0
 953 004a 10BD     		pop	{r4, pc}
 954              		.cfi_endproc
 955              	.LFE137:
 957              		.section	.text.HAL_TIMEx_HallSensor_Start_DMA,"ax",%progbits
 958              		.align	1
 959              		.global	HAL_TIMEx_HallSensor_Start_DMA
 960              		.syntax unified
 961              		.thumb
 962              		.thumb_func
 963              		.fpu fpv4-sp-d16
 965              	HAL_TIMEx_HallSensor_Start_DMA:
 966              	.LFB138:
 487:Drivers/STM32F4xx_HAL_Driver/Src/stm32f4xx_hal_tim_ex.c ****   uint32_t tmpsmcr;
 967              		.loc 1 487 0
ARM GAS  /tmp/cczycJk4.s 			page 63


 968              		.cfi_startproc
 969              		@ args = 0, pretend = 0, frame = 0
 970              		@ frame_needed = 0, uses_anonymous_args = 0
 971              	.LVL82:
 972 0000 70B5     		push	{r4, r5, r6, lr}
 973              	.LCFI14:
 974              		.cfi_def_cfa_offset 16
 975              		.cfi_offset 4, -16
 976              		.cfi_offset 5, -12
 977              		.cfi_offset 6, -8
 978              		.cfi_offset 14, -4
 489:Drivers/STM32F4xx_HAL_Driver/Src/stm32f4xx_hal_tim_ex.c ****   HAL_TIM_ChannelStateTypeDef complementary_channel_1_state = TIM_CHANNEL_N_STATE_GET(htim, TIM_CHA
 979              		.loc 1 489 0
 980 0002 90F83E40 		ldrb	r4, [r0, #62]	@ zero_extendqisi2
 981 0006 E4B2     		uxtb	r4, r4
 982              	.LVL83:
 490:Drivers/STM32F4xx_HAL_Driver/Src/stm32f4xx_hal_tim_ex.c **** 
 983              		.loc 1 490 0
 984 0008 90F84250 		ldrb	r5, [r0, #66]	@ zero_extendqisi2
 985              	.LVL84:
 496:Drivers/STM32F4xx_HAL_Driver/Src/stm32f4xx_hal_tim_ex.c ****       || (complementary_channel_1_state == HAL_TIM_CHANNEL_STATE_BUSY))
 986              		.loc 1 496 0
 987 000c 022C     		cmp	r4, #2
 988 000e 63D0     		beq	.L78
 989 0010 EDB2     		uxtb	r5, r5
 497:Drivers/STM32F4xx_HAL_Driver/Src/stm32f4xx_hal_tim_ex.c ****   {
 990              		.loc 1 497 0
 991 0012 022D     		cmp	r5, #2
 992 0014 63D0     		beq	.L79
 501:Drivers/STM32F4xx_HAL_Driver/Src/stm32f4xx_hal_tim_ex.c ****            && (complementary_channel_1_state == HAL_TIM_CHANNEL_STATE_READY))
 993              		.loc 1 501 0
 994 0016 012C     		cmp	r4, #1
 995 0018 01D0     		beq	.L85
 516:Drivers/STM32F4xx_HAL_Driver/Src/stm32f4xx_hal_tim_ex.c ****   }
 996              		.loc 1 516 0
 997 001a 0123     		movs	r3, #1
 998 001c 5DE0     		b	.L74
 999              	.L85:
 502:Drivers/STM32F4xx_HAL_Driver/Src/stm32f4xx_hal_tim_ex.c ****   {
 1000              		.loc 1 502 0
 1001 001e 012D     		cmp	r5, #1
 1002 0020 01D0     		beq	.L86
 516:Drivers/STM32F4xx_HAL_Driver/Src/stm32f4xx_hal_tim_ex.c ****   }
 1003              		.loc 1 516 0
 1004 0022 0123     		movs	r3, #1
 1005 0024 59E0     		b	.L74
 1006              	.L86:
 504:Drivers/STM32F4xx_HAL_Driver/Src/stm32f4xx_hal_tim_ex.c ****     {
 1007              		.loc 1 504 0
 1008 0026 0029     		cmp	r1, #0
 1009 0028 48D0     		beq	.L87
 1010              	.L75:
 1011 002a 1646     		mov	r6, r2
 1012 002c 0D46     		mov	r5, r1
 1013              	.LVL85:
 1014 002e 0446     		mov	r4, r0
 1015              	.LVL86:
ARM GAS  /tmp/cczycJk4.s 			page 64


 510:Drivers/STM32F4xx_HAL_Driver/Src/stm32f4xx_hal_tim_ex.c ****       TIM_CHANNEL_N_STATE_SET(htim, TIM_CHANNEL_1, HAL_TIM_CHANNEL_STATE_BUSY);
 1016              		.loc 1 510 0
 1017 0030 0223     		movs	r3, #2
 1018 0032 80F83E30 		strb	r3, [r0, #62]
 511:Drivers/STM32F4xx_HAL_Driver/Src/stm32f4xx_hal_tim_ex.c ****     }
 1019              		.loc 1 511 0
 1020 0036 80F84230 		strb	r3, [r0, #66]
 522:Drivers/STM32F4xx_HAL_Driver/Src/stm32f4xx_hal_tim_ex.c **** 
 1021              		.loc 1 522 0
 1022 003a 0122     		movs	r2, #1
 1023              	.LVL87:
 1024 003c 0021     		movs	r1, #0
 1025              	.LVL88:
 1026 003e 0068     		ldr	r0, [r0]
 1027              	.LVL89:
 1028 0040 FFF7FEFF 		bl	TIM_CCxChannelCmd
 1029              	.LVL90:
 525:Drivers/STM32F4xx_HAL_Driver/Src/stm32f4xx_hal_tim_ex.c ****   htim->hdma[TIM_DMA_ID_CC1]->XferHalfCpltCallback = TIM_DMACaptureHalfCplt;
 1030              		.loc 1 525 0
 1031 0044 636A     		ldr	r3, [r4, #36]
 1032 0046 284A     		ldr	r2, .L88
 1033 0048 DA63     		str	r2, [r3, #60]
 526:Drivers/STM32F4xx_HAL_Driver/Src/stm32f4xx_hal_tim_ex.c ****   /* Set the DMA error callback */
 1034              		.loc 1 526 0
 1035 004a 636A     		ldr	r3, [r4, #36]
 1036 004c 274A     		ldr	r2, .L88+4
 1037 004e 1A64     		str	r2, [r3, #64]
 528:Drivers/STM32F4xx_HAL_Driver/Src/stm32f4xx_hal_tim_ex.c **** 
 1038              		.loc 1 528 0
 1039 0050 636A     		ldr	r3, [r4, #36]
 1040 0052 274A     		ldr	r2, .L88+8
 1041 0054 DA64     		str	r2, [r3, #76]
 531:Drivers/STM32F4xx_HAL_Driver/Src/stm32f4xx_hal_tim_ex.c ****   {
 1042              		.loc 1 531 0
 1043 0056 2168     		ldr	r1, [r4]
 1044 0058 3346     		mov	r3, r6
 1045 005a 2A46     		mov	r2, r5
 1046 005c 3431     		adds	r1, r1, #52
 1047 005e 606A     		ldr	r0, [r4, #36]
 1048 0060 FFF7FEFF 		bl	HAL_DMA_Start_IT
 1049              	.LVL91:
 1050 0064 0346     		mov	r3, r0
 1051 0066 0028     		cmp	r0, #0
 1052 0068 3BD1     		bne	.L83
 537:Drivers/STM32F4xx_HAL_Driver/Src/stm32f4xx_hal_tim_ex.c **** 
 1053              		.loc 1 537 0
 1054 006a 2168     		ldr	r1, [r4]
 1055 006c CA68     		ldr	r2, [r1, #12]
 1056 006e 42F40072 		orr	r2, r2, #512
 1057 0072 CA60     		str	r2, [r1, #12]
 540:Drivers/STM32F4xx_HAL_Driver/Src/stm32f4xx_hal_tim_ex.c ****   {
 1058              		.loc 1 540 0
 1059 0074 2268     		ldr	r2, [r4]
 1060 0076 1F49     		ldr	r1, .L88+12
 1061 0078 8A42     		cmp	r2, r1
 1062 007a 23D0     		beq	.L76
 540:Drivers/STM32F4xx_HAL_Driver/Src/stm32f4xx_hal_tim_ex.c ****   {
ARM GAS  /tmp/cczycJk4.s 			page 65


 1063              		.loc 1 540 0 is_stmt 0 discriminator 1
 1064 007c B2F1804F 		cmp	r2, #1073741824
 1065 0080 20D0     		beq	.L76
 540:Drivers/STM32F4xx_HAL_Driver/Src/stm32f4xx_hal_tim_ex.c ****   {
 1066              		.loc 1 540 0 discriminator 2
 1067 0082 A1F57C41 		sub	r1, r1, #64512
 1068 0086 8A42     		cmp	r2, r1
 1069 0088 1CD0     		beq	.L76
 540:Drivers/STM32F4xx_HAL_Driver/Src/stm32f4xx_hal_tim_ex.c ****   {
 1070              		.loc 1 540 0 discriminator 3
 1071 008a 01F58061 		add	r1, r1, #1024
 1072 008e 8A42     		cmp	r2, r1
 1073 0090 18D0     		beq	.L76
 540:Drivers/STM32F4xx_HAL_Driver/Src/stm32f4xx_hal_tim_ex.c ****   {
 1074              		.loc 1 540 0 discriminator 4
 1075 0092 01F58061 		add	r1, r1, #1024
 1076 0096 8A42     		cmp	r2, r1
 1077 0098 14D0     		beq	.L76
 540:Drivers/STM32F4xx_HAL_Driver/Src/stm32f4xx_hal_tim_ex.c ****   {
 1078              		.loc 1 540 0 discriminator 5
 1079 009a 01F57841 		add	r1, r1, #63488
 1080 009e 8A42     		cmp	r2, r1
 1081 00a0 10D0     		beq	.L76
 540:Drivers/STM32F4xx_HAL_Driver/Src/stm32f4xx_hal_tim_ex.c ****   {
 1082              		.loc 1 540 0 discriminator 6
 1083 00a2 01F57051 		add	r1, r1, #15360
 1084 00a6 8A42     		cmp	r2, r1
 1085 00a8 0CD0     		beq	.L76
 540:Drivers/STM32F4xx_HAL_Driver/Src/stm32f4xx_hal_tim_ex.c ****   {
 1086              		.loc 1 540 0 discriminator 7
 1087 00aa A1F59431 		sub	r1, r1, #75776
 1088 00ae 8A42     		cmp	r2, r1
 1089 00b0 08D0     		beq	.L76
 550:Drivers/STM32F4xx_HAL_Driver/Src/stm32f4xx_hal_tim_ex.c ****   }
 1090              		.loc 1 550 0 is_stmt 1
 1091 00b2 1168     		ldr	r1, [r2]
 1092 00b4 41F00101 		orr	r1, r1, #1
 1093 00b8 1160     		str	r1, [r2]
 1094 00ba 0EE0     		b	.L74
 1095              	.LVL92:
 1096              	.L87:
 504:Drivers/STM32F4xx_HAL_Driver/Src/stm32f4xx_hal_tim_ex.c ****     {
 1097              		.loc 1 504 0 discriminator 1
 1098 00bc 002A     		cmp	r2, #0
 1099 00be B4D0     		beq	.L75
 506:Drivers/STM32F4xx_HAL_Driver/Src/stm32f4xx_hal_tim_ex.c ****     }
 1100              		.loc 1 506 0
 1101 00c0 0123     		movs	r3, #1
 1102 00c2 0AE0     		b	.L74
 1103              	.LVL93:
 1104              	.L76:
 542:Drivers/STM32F4xx_HAL_Driver/Src/stm32f4xx_hal_tim_ex.c ****     if (!IS_TIM_SLAVEMODE_TRIGGER_ENABLED(tmpsmcr))
 1105              		.loc 1 542 0
 1106 00c4 9168     		ldr	r1, [r2, #8]
 1107 00c6 01F00701 		and	r1, r1, #7
 1108              	.LVL94:
 543:Drivers/STM32F4xx_HAL_Driver/Src/stm32f4xx_hal_tim_ex.c ****     {
ARM GAS  /tmp/cczycJk4.s 			page 66


 1109              		.loc 1 543 0
 1110 00ca 0629     		cmp	r1, #6
 1111 00cc 05D0     		beq	.L74
 545:Drivers/STM32F4xx_HAL_Driver/Src/stm32f4xx_hal_tim_ex.c ****     }
 1112              		.loc 1 545 0
 1113 00ce 1168     		ldr	r1, [r2]
 1114              	.LVL95:
 1115 00d0 41F00101 		orr	r1, r1, #1
 1116 00d4 1160     		str	r1, [r2]
 1117 00d6 00E0     		b	.L74
 1118              	.LVL96:
 1119              	.L78:
 499:Drivers/STM32F4xx_HAL_Driver/Src/stm32f4xx_hal_tim_ex.c ****   }
 1120              		.loc 1 499 0
 1121 00d8 0223     		movs	r3, #2
 1122              	.LVL97:
 1123              	.L74:
 555:Drivers/STM32F4xx_HAL_Driver/Src/stm32f4xx_hal_tim_ex.c **** 
 1124              		.loc 1 555 0
 1125 00da 1846     		mov	r0, r3
 1126 00dc 70BD     		pop	{r4, r5, r6, pc}
 1127              	.LVL98:
 1128              	.L79:
 499:Drivers/STM32F4xx_HAL_Driver/Src/stm32f4xx_hal_tim_ex.c ****   }
 1129              		.loc 1 499 0
 1130 00de 0223     		movs	r3, #2
 1131 00e0 FBE7     		b	.L74
 1132              	.LVL99:
 1133              	.L83:
 534:Drivers/STM32F4xx_HAL_Driver/Src/stm32f4xx_hal_tim_ex.c ****   }
 1134              		.loc 1 534 0
 1135 00e2 0123     		movs	r3, #1
 1136 00e4 F9E7     		b	.L74
 1137              	.L89:
 1138 00e6 00BF     		.align	2
 1139              	.L88:
 1140 00e8 00000000 		.word	TIM_DMACaptureCplt
 1141 00ec 00000000 		.word	TIM_DMACaptureHalfCplt
 1142 00f0 00000000 		.word	TIM_DMAError
 1143 00f4 00000140 		.word	1073807360
 1144              		.cfi_endproc
 1145              	.LFE138:
 1147              		.section	.text.HAL_TIMEx_HallSensor_Stop_DMA,"ax",%progbits
 1148              		.align	1
 1149              		.global	HAL_TIMEx_HallSensor_Stop_DMA
 1150              		.syntax unified
 1151              		.thumb
 1152              		.thumb_func
 1153              		.fpu fpv4-sp-d16
 1155              	HAL_TIMEx_HallSensor_Stop_DMA:
 1156              	.LFB139:
 563:Drivers/STM32F4xx_HAL_Driver/Src/stm32f4xx_hal_tim_ex.c ****   /* Check the parameters */
 1157              		.loc 1 563 0
 1158              		.cfi_startproc
 1159              		@ args = 0, pretend = 0, frame = 0
 1160              		@ frame_needed = 0, uses_anonymous_args = 0
 1161              	.LVL100:
ARM GAS  /tmp/cczycJk4.s 			page 67


 1162 0000 10B5     		push	{r4, lr}
 1163              	.LCFI15:
 1164              		.cfi_def_cfa_offset 8
 1165              		.cfi_offset 4, -8
 1166              		.cfi_offset 14, -4
 1167 0002 0446     		mov	r4, r0
 570:Drivers/STM32F4xx_HAL_Driver/Src/stm32f4xx_hal_tim_ex.c **** 
 1168              		.loc 1 570 0
 1169 0004 0022     		movs	r2, #0
 1170 0006 1146     		mov	r1, r2
 1171 0008 0068     		ldr	r0, [r0]
 1172              	.LVL101:
 1173 000a FFF7FEFF 		bl	TIM_CCxChannelCmd
 1174              	.LVL102:
 574:Drivers/STM32F4xx_HAL_Driver/Src/stm32f4xx_hal_tim_ex.c **** 
 1175              		.loc 1 574 0
 1176 000e 2268     		ldr	r2, [r4]
 1177 0010 D368     		ldr	r3, [r2, #12]
 1178 0012 23F40073 		bic	r3, r3, #512
 1179 0016 D360     		str	r3, [r2, #12]
 576:Drivers/STM32F4xx_HAL_Driver/Src/stm32f4xx_hal_tim_ex.c **** 
 1180              		.loc 1 576 0
 1181 0018 606A     		ldr	r0, [r4, #36]
 1182 001a FFF7FEFF 		bl	HAL_DMA_Abort_IT
 1183              	.LVL103:
 579:Drivers/STM32F4xx_HAL_Driver/Src/stm32f4xx_hal_tim_ex.c **** 
 1184              		.loc 1 579 0
 1185 001e 2368     		ldr	r3, [r4]
 1186 0020 196A     		ldr	r1, [r3, #32]
 1187 0022 41F21112 		movw	r2, #4369
 1188 0026 1142     		tst	r1, r2
 1189 0028 08D1     		bne	.L91
 579:Drivers/STM32F4xx_HAL_Driver/Src/stm32f4xx_hal_tim_ex.c **** 
 1190              		.loc 1 579 0 is_stmt 0 discriminator 1
 1191 002a 196A     		ldr	r1, [r3, #32]
 1192 002c 40F24442 		movw	r2, #1092
 1193 0030 1142     		tst	r1, r2
 1194 0032 03D1     		bne	.L91
 579:Drivers/STM32F4xx_HAL_Driver/Src/stm32f4xx_hal_tim_ex.c **** 
 1195              		.loc 1 579 0 discriminator 2
 1196 0034 1A68     		ldr	r2, [r3]
 1197 0036 22F00102 		bic	r2, r2, #1
 1198 003a 1A60     		str	r2, [r3]
 1199              	.L91:
 582:Drivers/STM32F4xx_HAL_Driver/Src/stm32f4xx_hal_tim_ex.c ****   TIM_CHANNEL_N_STATE_SET(htim, TIM_CHANNEL_1, HAL_TIM_CHANNEL_STATE_READY);
 1200              		.loc 1 582 0 is_stmt 1
 1201 003c 0123     		movs	r3, #1
 1202 003e 84F83E30 		strb	r3, [r4, #62]
 583:Drivers/STM32F4xx_HAL_Driver/Src/stm32f4xx_hal_tim_ex.c **** 
 1203              		.loc 1 583 0
 1204 0042 84F84230 		strb	r3, [r4, #66]
 587:Drivers/STM32F4xx_HAL_Driver/Src/stm32f4xx_hal_tim_ex.c **** 
 1205              		.loc 1 587 0
 1206 0046 0020     		movs	r0, #0
 1207 0048 10BD     		pop	{r4, pc}
 1208              		.cfi_endproc
 1209              	.LFE139:
ARM GAS  /tmp/cczycJk4.s 			page 68


 1211              		.section	.text.HAL_TIMEx_OCN_Start,"ax",%progbits
 1212              		.align	1
 1213              		.global	HAL_TIMEx_OCN_Start
 1214              		.syntax unified
 1215              		.thumb
 1216              		.thumb_func
 1217              		.fpu fpv4-sp-d16
 1219              	HAL_TIMEx_OCN_Start:
 1220              	.LFB140:
 625:Drivers/STM32F4xx_HAL_Driver/Src/stm32f4xx_hal_tim_ex.c ****   uint32_t tmpsmcr;
 1221              		.loc 1 625 0
 1222              		.cfi_startproc
 1223              		@ args = 0, pretend = 0, frame = 0
 1224              		@ frame_needed = 0, uses_anonymous_args = 0
 1225              	.LVL104:
 632:Drivers/STM32F4xx_HAL_Driver/Src/stm32f4xx_hal_tim_ex.c ****   {
 1226              		.loc 1 632 0
 1227 0000 0A46     		mov	r2, r1
 1228 0002 0029     		cmp	r1, #0
 1229 0004 3ED1     		bne	.L94
 632:Drivers/STM32F4xx_HAL_Driver/Src/stm32f4xx_hal_tim_ex.c ****   {
 1230              		.loc 1 632 0 is_stmt 0 discriminator 1
 1231 0006 90F84230 		ldrb	r3, [r0, #66]	@ zero_extendqisi2
 1232 000a DBB2     		uxtb	r3, r3
 1233 000c 13F1FF33 		adds	r3, r3, #-1
 1234 0010 18BF     		it	ne
 1235 0012 0123     		movne	r3, #1
 1236              	.L95:
 632:Drivers/STM32F4xx_HAL_Driver/Src/stm32f4xx_hal_tim_ex.c ****   {
 1237              		.loc 1 632 0 discriminator 12
 1238 0014 002B     		cmp	r3, #0
 1239 0016 6CD1     		bne	.L105
 625:Drivers/STM32F4xx_HAL_Driver/Src/stm32f4xx_hal_tim_ex.c ****   uint32_t tmpsmcr;
 1240              		.loc 1 625 0 is_stmt 1
 1241 0018 10B5     		push	{r4, lr}
 1242              	.LCFI16:
 1243              		.cfi_def_cfa_offset 8
 1244              		.cfi_offset 4, -8
 1245              		.cfi_offset 14, -4
 638:Drivers/STM32F4xx_HAL_Driver/Src/stm32f4xx_hal_tim_ex.c **** 
 1246              		.loc 1 638 0
 1247 001a 002A     		cmp	r2, #0
 1248 001c 4ED1     		bne	.L99
 638:Drivers/STM32F4xx_HAL_Driver/Src/stm32f4xx_hal_tim_ex.c **** 
 1249              		.loc 1 638 0 is_stmt 0 discriminator 1
 1250 001e 0223     		movs	r3, #2
 1251 0020 80F84230 		strb	r3, [r0, #66]
 1252              	.L100:
 1253 0024 1146     		mov	r1, r2
 1254              	.LVL105:
 1255 0026 0446     		mov	r4, r0
 641:Drivers/STM32F4xx_HAL_Driver/Src/stm32f4xx_hal_tim_ex.c **** 
 1256              		.loc 1 641 0 is_stmt 1
 1257 0028 0422     		movs	r2, #4
 1258              	.LVL106:
 1259 002a 0068     		ldr	r0, [r0]
 1260              	.LVL107:
ARM GAS  /tmp/cczycJk4.s 			page 69


 1261 002c FFF7FEFF 		bl	TIM_CCxNChannelCmd
 1262              	.LVL108:
 644:Drivers/STM32F4xx_HAL_Driver/Src/stm32f4xx_hal_tim_ex.c **** 
 1263              		.loc 1 644 0
 1264 0030 2268     		ldr	r2, [r4]
 1265 0032 536C     		ldr	r3, [r2, #68]
 1266 0034 43F40043 		orr	r3, r3, #32768
 1267 0038 5364     		str	r3, [r2, #68]
 647:Drivers/STM32F4xx_HAL_Driver/Src/stm32f4xx_hal_tim_ex.c ****   {
 1268              		.loc 1 647 0
 1269 003a 2368     		ldr	r3, [r4]
 1270 003c 2F4A     		ldr	r2, .L115
 1271 003e 9342     		cmp	r3, r2
 1272 0040 4CD0     		beq	.L103
 647:Drivers/STM32F4xx_HAL_Driver/Src/stm32f4xx_hal_tim_ex.c ****   {
 1273              		.loc 1 647 0 is_stmt 0 discriminator 1
 1274 0042 B3F1804F 		cmp	r3, #1073741824
 1275 0046 49D0     		beq	.L103
 647:Drivers/STM32F4xx_HAL_Driver/Src/stm32f4xx_hal_tim_ex.c ****   {
 1276              		.loc 1 647 0 discriminator 2
 1277 0048 A2F57C42 		sub	r2, r2, #64512
 1278 004c 9342     		cmp	r3, r2
 1279 004e 45D0     		beq	.L103
 647:Drivers/STM32F4xx_HAL_Driver/Src/stm32f4xx_hal_tim_ex.c ****   {
 1280              		.loc 1 647 0 discriminator 3
 1281 0050 02F58062 		add	r2, r2, #1024
 1282 0054 9342     		cmp	r3, r2
 1283 0056 41D0     		beq	.L103
 647:Drivers/STM32F4xx_HAL_Driver/Src/stm32f4xx_hal_tim_ex.c ****   {
 1284              		.loc 1 647 0 discriminator 4
 1285 0058 02F58062 		add	r2, r2, #1024
 1286 005c 9342     		cmp	r3, r2
 1287 005e 3DD0     		beq	.L103
 647:Drivers/STM32F4xx_HAL_Driver/Src/stm32f4xx_hal_tim_ex.c ****   {
 1288              		.loc 1 647 0 discriminator 5
 1289 0060 02F57842 		add	r2, r2, #63488
 1290 0064 9342     		cmp	r3, r2
 1291 0066 39D0     		beq	.L103
 647:Drivers/STM32F4xx_HAL_Driver/Src/stm32f4xx_hal_tim_ex.c ****   {
 1292              		.loc 1 647 0 discriminator 6
 1293 0068 02F57052 		add	r2, r2, #15360
 1294 006c 9342     		cmp	r3, r2
 1295 006e 35D0     		beq	.L103
 647:Drivers/STM32F4xx_HAL_Driver/Src/stm32f4xx_hal_tim_ex.c ****   {
 1296              		.loc 1 647 0 discriminator 7
 1297 0070 A2F59432 		sub	r2, r2, #75776
 1298 0074 9342     		cmp	r3, r2
 1299 0076 31D0     		beq	.L103
 657:Drivers/STM32F4xx_HAL_Driver/Src/stm32f4xx_hal_tim_ex.c ****   }
 1300              		.loc 1 657 0 is_stmt 1
 1301 0078 1A68     		ldr	r2, [r3]
 1302 007a 42F00102 		orr	r2, r2, #1
 1303 007e 1A60     		str	r2, [r3]
 661:Drivers/STM32F4xx_HAL_Driver/Src/stm32f4xx_hal_tim_ex.c **** }
 1304              		.loc 1 661 0
 1305 0080 0020     		movs	r0, #0
 1306 0082 10BD     		pop	{r4, pc}
ARM GAS  /tmp/cczycJk4.s 			page 70


 1307              	.LVL109:
 1308              	.L94:
 1309              	.LCFI17:
 1310              		.cfi_def_cfa_offset 0
 1311              		.cfi_restore 4
 1312              		.cfi_restore 14
 632:Drivers/STM32F4xx_HAL_Driver/Src/stm32f4xx_hal_tim_ex.c ****   {
 1313              		.loc 1 632 0 discriminator 2
 1314 0084 0429     		cmp	r1, #4
 1315 0086 09D0     		beq	.L111
 632:Drivers/STM32F4xx_HAL_Driver/Src/stm32f4xx_hal_tim_ex.c ****   {
 1316              		.loc 1 632 0 is_stmt 0 discriminator 5
 1317 0088 0829     		cmp	r1, #8
 1318 008a 0FD0     		beq	.L112
 632:Drivers/STM32F4xx_HAL_Driver/Src/stm32f4xx_hal_tim_ex.c ****   {
 1319              		.loc 1 632 0 discriminator 8
 1320 008c 90F84530 		ldrb	r3, [r0, #69]	@ zero_extendqisi2
 1321 0090 DBB2     		uxtb	r3, r3
 1322 0092 13F1FF33 		adds	r3, r3, #-1
 1323 0096 18BF     		it	ne
 1324 0098 0123     		movne	r3, #1
 1325 009a BBE7     		b	.L95
 1326              	.L111:
 632:Drivers/STM32F4xx_HAL_Driver/Src/stm32f4xx_hal_tim_ex.c ****   {
 1327              		.loc 1 632 0 discriminator 4
 1328 009c 90F84330 		ldrb	r3, [r0, #67]	@ zero_extendqisi2
 1329 00a0 DBB2     		uxtb	r3, r3
 1330 00a2 13F1FF33 		adds	r3, r3, #-1
 1331 00a6 18BF     		it	ne
 1332 00a8 0123     		movne	r3, #1
 1333 00aa B3E7     		b	.L95
 1334              	.L112:
 632:Drivers/STM32F4xx_HAL_Driver/Src/stm32f4xx_hal_tim_ex.c ****   {
 1335              		.loc 1 632 0 discriminator 7
 1336 00ac 90F84430 		ldrb	r3, [r0, #68]	@ zero_extendqisi2
 1337 00b0 DBB2     		uxtb	r3, r3
 1338 00b2 13F1FF33 		adds	r3, r3, #-1
 1339 00b6 18BF     		it	ne
 1340 00b8 0123     		movne	r3, #1
 1341 00ba ABE7     		b	.L95
 1342              	.L99:
 1343              	.LCFI18:
 1344              		.cfi_def_cfa_offset 8
 1345              		.cfi_offset 4, -8
 1346              		.cfi_offset 14, -4
 638:Drivers/STM32F4xx_HAL_Driver/Src/stm32f4xx_hal_tim_ex.c **** 
 1347              		.loc 1 638 0 is_stmt 1 discriminator 2
 1348 00bc 042A     		cmp	r2, #4
 1349 00be 05D0     		beq	.L113
 638:Drivers/STM32F4xx_HAL_Driver/Src/stm32f4xx_hal_tim_ex.c **** 
 1350              		.loc 1 638 0 is_stmt 0 discriminator 4
 1351 00c0 082A     		cmp	r2, #8
 1352 00c2 07D0     		beq	.L114
 638:Drivers/STM32F4xx_HAL_Driver/Src/stm32f4xx_hal_tim_ex.c **** 
 1353              		.loc 1 638 0 discriminator 7
 1354 00c4 0223     		movs	r3, #2
 1355 00c6 80F84530 		strb	r3, [r0, #69]
ARM GAS  /tmp/cczycJk4.s 			page 71


 1356 00ca ABE7     		b	.L100
 1357              	.L113:
 638:Drivers/STM32F4xx_HAL_Driver/Src/stm32f4xx_hal_tim_ex.c **** 
 1358              		.loc 1 638 0 discriminator 3
 1359 00cc 0223     		movs	r3, #2
 1360 00ce 80F84330 		strb	r3, [r0, #67]
 1361 00d2 A7E7     		b	.L100
 1362              	.L114:
 638:Drivers/STM32F4xx_HAL_Driver/Src/stm32f4xx_hal_tim_ex.c **** 
 1363              		.loc 1 638 0 discriminator 6
 1364 00d4 0223     		movs	r3, #2
 1365 00d6 80F84430 		strb	r3, [r0, #68]
 1366 00da A3E7     		b	.L100
 1367              	.LVL110:
 1368              	.L103:
 649:Drivers/STM32F4xx_HAL_Driver/Src/stm32f4xx_hal_tim_ex.c ****     if (!IS_TIM_SLAVEMODE_TRIGGER_ENABLED(tmpsmcr))
 1369              		.loc 1 649 0 is_stmt 1
 1370 00dc 9A68     		ldr	r2, [r3, #8]
 1371 00de 02F00702 		and	r2, r2, #7
 1372              	.LVL111:
 650:Drivers/STM32F4xx_HAL_Driver/Src/stm32f4xx_hal_tim_ex.c ****     {
 1373              		.loc 1 650 0
 1374 00e2 062A     		cmp	r2, #6
 1375 00e4 07D0     		beq	.L106
 652:Drivers/STM32F4xx_HAL_Driver/Src/stm32f4xx_hal_tim_ex.c ****     }
 1376              		.loc 1 652 0
 1377 00e6 1A68     		ldr	r2, [r3]
 1378              	.LVL112:
 1379 00e8 42F00102 		orr	r2, r2, #1
 1380 00ec 1A60     		str	r2, [r3]
 661:Drivers/STM32F4xx_HAL_Driver/Src/stm32f4xx_hal_tim_ex.c **** }
 1381              		.loc 1 661 0
 1382 00ee 0020     		movs	r0, #0
 1383 00f0 10BD     		pop	{r4, pc}
 1384              	.LVL113:
 1385              	.L105:
 1386              	.LCFI19:
 1387              		.cfi_def_cfa_offset 0
 1388              		.cfi_restore 4
 1389              		.cfi_restore 14
 634:Drivers/STM32F4xx_HAL_Driver/Src/stm32f4xx_hal_tim_ex.c ****   }
 1390              		.loc 1 634 0
 1391 00f2 0120     		movs	r0, #1
 1392              	.LVL114:
 1393 00f4 7047     		bx	lr
 1394              	.LVL115:
 1395              	.L106:
 1396              	.LCFI20:
 1397              		.cfi_def_cfa_offset 8
 1398              		.cfi_offset 4, -8
 1399              		.cfi_offset 14, -4
 661:Drivers/STM32F4xx_HAL_Driver/Src/stm32f4xx_hal_tim_ex.c **** }
 1400              		.loc 1 661 0
 1401 00f6 0020     		movs	r0, #0
 662:Drivers/STM32F4xx_HAL_Driver/Src/stm32f4xx_hal_tim_ex.c **** 
 1402              		.loc 1 662 0
 1403 00f8 10BD     		pop	{r4, pc}
ARM GAS  /tmp/cczycJk4.s 			page 72


 1404              	.LVL116:
 1405              	.L116:
 1406 00fa 00BF     		.align	2
 1407              	.L115:
 1408 00fc 00000140 		.word	1073807360
 1409              		.cfi_endproc
 1410              	.LFE140:
 1412              		.section	.text.HAL_TIMEx_OCN_Stop,"ax",%progbits
 1413              		.align	1
 1414              		.global	HAL_TIMEx_OCN_Stop
 1415              		.syntax unified
 1416              		.thumb
 1417              		.thumb_func
 1418              		.fpu fpv4-sp-d16
 1420              	HAL_TIMEx_OCN_Stop:
 1421              	.LFB141:
 676:Drivers/STM32F4xx_HAL_Driver/Src/stm32f4xx_hal_tim_ex.c ****   /* Check the parameters */
 1422              		.loc 1 676 0
 1423              		.cfi_startproc
 1424              		@ args = 0, pretend = 0, frame = 0
 1425              		@ frame_needed = 0, uses_anonymous_args = 0
 1426              	.LVL117:
 1427 0000 38B5     		push	{r3, r4, r5, lr}
 1428              	.LCFI21:
 1429              		.cfi_def_cfa_offset 16
 1430              		.cfi_offset 3, -16
 1431              		.cfi_offset 4, -12
 1432              		.cfi_offset 5, -8
 1433              		.cfi_offset 14, -4
 1434 0002 0446     		mov	r4, r0
 1435 0004 0D46     		mov	r5, r1
 681:Drivers/STM32F4xx_HAL_Driver/Src/stm32f4xx_hal_tim_ex.c **** 
 1436              		.loc 1 681 0
 1437 0006 0022     		movs	r2, #0
 1438 0008 0068     		ldr	r0, [r0]
 1439              	.LVL118:
 1440 000a FFF7FEFF 		bl	TIM_CCxNChannelCmd
 1441              	.LVL119:
 684:Drivers/STM32F4xx_HAL_Driver/Src/stm32f4xx_hal_tim_ex.c **** 
 1442              		.loc 1 684 0
 1443 000e 2368     		ldr	r3, [r4]
 1444 0010 196A     		ldr	r1, [r3, #32]
 1445 0012 41F21112 		movw	r2, #4369
 1446 0016 1142     		tst	r1, r2
 1447 0018 08D1     		bne	.L118
 684:Drivers/STM32F4xx_HAL_Driver/Src/stm32f4xx_hal_tim_ex.c **** 
 1448              		.loc 1 684 0 is_stmt 0 discriminator 1
 1449 001a 196A     		ldr	r1, [r3, #32]
 1450 001c 40F24442 		movw	r2, #1092
 1451 0020 1142     		tst	r1, r2
 1452 0022 03D1     		bne	.L118
 684:Drivers/STM32F4xx_HAL_Driver/Src/stm32f4xx_hal_tim_ex.c **** 
 1453              		.loc 1 684 0 discriminator 2
 1454 0024 5A6C     		ldr	r2, [r3, #68]
 1455 0026 22F40042 		bic	r2, r2, #32768
 1456 002a 5A64     		str	r2, [r3, #68]
 1457              	.L118:
ARM GAS  /tmp/cczycJk4.s 			page 73


 687:Drivers/STM32F4xx_HAL_Driver/Src/stm32f4xx_hal_tim_ex.c **** 
 1458              		.loc 1 687 0 is_stmt 1
 1459 002c 2368     		ldr	r3, [r4]
 1460 002e 196A     		ldr	r1, [r3, #32]
 1461 0030 41F21112 		movw	r2, #4369
 1462 0034 1142     		tst	r1, r2
 1463 0036 08D1     		bne	.L119
 687:Drivers/STM32F4xx_HAL_Driver/Src/stm32f4xx_hal_tim_ex.c **** 
 1464              		.loc 1 687 0 is_stmt 0 discriminator 1
 1465 0038 196A     		ldr	r1, [r3, #32]
 1466 003a 40F24442 		movw	r2, #1092
 1467 003e 1142     		tst	r1, r2
 1468 0040 03D1     		bne	.L119
 687:Drivers/STM32F4xx_HAL_Driver/Src/stm32f4xx_hal_tim_ex.c **** 
 1469              		.loc 1 687 0 discriminator 2
 1470 0042 1A68     		ldr	r2, [r3]
 1471 0044 22F00102 		bic	r2, r2, #1
 1472 0048 1A60     		str	r2, [r3]
 1473              	.L119:
 690:Drivers/STM32F4xx_HAL_Driver/Src/stm32f4xx_hal_tim_ex.c **** 
 1474              		.loc 1 690 0 is_stmt 1
 1475 004a 45B1     		cbz	r5, .L125
 690:Drivers/STM32F4xx_HAL_Driver/Src/stm32f4xx_hal_tim_ex.c **** 
 1476              		.loc 1 690 0 is_stmt 0 discriminator 2
 1477 004c 042D     		cmp	r5, #4
 1478 004e 0AD0     		beq	.L126
 690:Drivers/STM32F4xx_HAL_Driver/Src/stm32f4xx_hal_tim_ex.c **** 
 1479              		.loc 1 690 0 discriminator 4
 1480 0050 082D     		cmp	r5, #8
 1481 0052 0CD0     		beq	.L127
 690:Drivers/STM32F4xx_HAL_Driver/Src/stm32f4xx_hal_tim_ex.c **** 
 1482              		.loc 1 690 0 discriminator 7
 1483 0054 0123     		movs	r3, #1
 1484 0056 84F84530 		strb	r3, [r4, #69]
 1485              	.L121:
 694:Drivers/STM32F4xx_HAL_Driver/Src/stm32f4xx_hal_tim_ex.c **** 
 1486              		.loc 1 694 0 is_stmt 1
 1487 005a 0020     		movs	r0, #0
 1488 005c 38BD     		pop	{r3, r4, r5, pc}
 1489              	.LVL120:
 1490              	.L125:
 690:Drivers/STM32F4xx_HAL_Driver/Src/stm32f4xx_hal_tim_ex.c **** 
 1491              		.loc 1 690 0 discriminator 1
 1492 005e 0123     		movs	r3, #1
 1493 0060 84F84230 		strb	r3, [r4, #66]
 1494 0064 F9E7     		b	.L121
 1495              	.L126:
 690:Drivers/STM32F4xx_HAL_Driver/Src/stm32f4xx_hal_tim_ex.c **** 
 1496              		.loc 1 690 0 is_stmt 0 discriminator 3
 1497 0066 0123     		movs	r3, #1
 1498 0068 84F84330 		strb	r3, [r4, #67]
 1499 006c F5E7     		b	.L121
 1500              	.L127:
 690:Drivers/STM32F4xx_HAL_Driver/Src/stm32f4xx_hal_tim_ex.c **** 
 1501              		.loc 1 690 0 discriminator 6
 1502 006e 0123     		movs	r3, #1
 1503 0070 84F84430 		strb	r3, [r4, #68]
ARM GAS  /tmp/cczycJk4.s 			page 74


 1504 0074 F1E7     		b	.L121
 1505              		.cfi_endproc
 1506              	.LFE141:
 1508              		.section	.text.HAL_TIMEx_OCN_Start_IT,"ax",%progbits
 1509              		.align	1
 1510              		.global	HAL_TIMEx_OCN_Start_IT
 1511              		.syntax unified
 1512              		.thumb
 1513              		.thumb_func
 1514              		.fpu fpv4-sp-d16
 1516              	HAL_TIMEx_OCN_Start_IT:
 1517              	.LFB142:
 708:Drivers/STM32F4xx_HAL_Driver/Src/stm32f4xx_hal_tim_ex.c ****   HAL_StatusTypeDef status = HAL_OK;
 1518              		.loc 1 708 0 is_stmt 1
 1519              		.cfi_startproc
 1520              		@ args = 0, pretend = 0, frame = 0
 1521              		@ frame_needed = 0, uses_anonymous_args = 0
 1522              	.LVL121:
 1523 0000 38B5     		push	{r3, r4, r5, lr}
 1524              	.LCFI22:
 1525              		.cfi_def_cfa_offset 16
 1526              		.cfi_offset 3, -16
 1527              		.cfi_offset 4, -12
 1528              		.cfi_offset 5, -8
 1529              		.cfi_offset 14, -4
 1530              	.LVL122:
 716:Drivers/STM32F4xx_HAL_Driver/Src/stm32f4xx_hal_tim_ex.c ****   {
 1531              		.loc 1 716 0
 1532 0002 0A46     		mov	r2, r1
 1533 0004 A1B9     		cbnz	r1, .L129
 716:Drivers/STM32F4xx_HAL_Driver/Src/stm32f4xx_hal_tim_ex.c ****   {
 1534              		.loc 1 716 0 is_stmt 0 discriminator 1
 1535 0006 90F84230 		ldrb	r3, [r0, #66]	@ zero_extendqisi2
 1536 000a DBB2     		uxtb	r3, r3
 1537 000c 13F1FF33 		adds	r3, r3, #-1
 1538 0010 18BF     		it	ne
 1539 0012 0123     		movne	r3, #1
 1540              	.L130:
 716:Drivers/STM32F4xx_HAL_Driver/Src/stm32f4xx_hal_tim_ex.c ****   {
 1541              		.loc 1 716 0 discriminator 12
 1542 0014 002B     		cmp	r3, #0
 1543 0016 40F08B80 		bne	.L144
 722:Drivers/STM32F4xx_HAL_Driver/Src/stm32f4xx_hal_tim_ex.c **** 
 1544              		.loc 1 722 0 is_stmt 1
 1545 001a 2ABB     		cbnz	r2, .L134
 722:Drivers/STM32F4xx_HAL_Driver/Src/stm32f4xx_hal_tim_ex.c **** 
 1546              		.loc 1 722 0 is_stmt 0 discriminator 1
 1547 001c 0223     		movs	r3, #2
 1548 001e 80F84230 		strb	r3, [r0, #66]
 1549              	.L135:
 724:Drivers/STM32F4xx_HAL_Driver/Src/stm32f4xx_hal_tim_ex.c ****   {
 1550              		.loc 1 724 0 is_stmt 1
 1551 0022 042A     		cmp	r2, #4
 1552 0024 6CD0     		beq	.L139
 1553 0026 082A     		cmp	r2, #8
 1554 0028 71D0     		beq	.L140
 1555 002a 6AB3     		cbz	r2, .L148
ARM GAS  /tmp/cczycJk4.s 			page 75


 749:Drivers/STM32F4xx_HAL_Driver/Src/stm32f4xx_hal_tim_ex.c ****       break;
 1556              		.loc 1 749 0
 1557 002c 0125     		movs	r5, #1
 1558 002e 31E0     		b	.L138
 1559              	.L129:
 716:Drivers/STM32F4xx_HAL_Driver/Src/stm32f4xx_hal_tim_ex.c ****   {
 1560              		.loc 1 716 0 discriminator 2
 1561 0030 0429     		cmp	r1, #4
 1562 0032 09D0     		beq	.L149
 716:Drivers/STM32F4xx_HAL_Driver/Src/stm32f4xx_hal_tim_ex.c ****   {
 1563              		.loc 1 716 0 is_stmt 0 discriminator 5
 1564 0034 0829     		cmp	r1, #8
 1565 0036 0FD0     		beq	.L150
 716:Drivers/STM32F4xx_HAL_Driver/Src/stm32f4xx_hal_tim_ex.c ****   {
 1566              		.loc 1 716 0 discriminator 8
 1567 0038 90F84530 		ldrb	r3, [r0, #69]	@ zero_extendqisi2
 1568 003c DBB2     		uxtb	r3, r3
 1569 003e 13F1FF33 		adds	r3, r3, #-1
 1570 0042 18BF     		it	ne
 1571 0044 0123     		movne	r3, #1
 1572 0046 E5E7     		b	.L130
 1573              	.L149:
 716:Drivers/STM32F4xx_HAL_Driver/Src/stm32f4xx_hal_tim_ex.c ****   {
 1574              		.loc 1 716 0 discriminator 4
 1575 0048 90F84330 		ldrb	r3, [r0, #67]	@ zero_extendqisi2
 1576 004c DBB2     		uxtb	r3, r3
 1577 004e 13F1FF33 		adds	r3, r3, #-1
 1578 0052 18BF     		it	ne
 1579 0054 0123     		movne	r3, #1
 1580 0056 DDE7     		b	.L130
 1581              	.L150:
 716:Drivers/STM32F4xx_HAL_Driver/Src/stm32f4xx_hal_tim_ex.c ****   {
 1582              		.loc 1 716 0 discriminator 7
 1583 0058 90F84430 		ldrb	r3, [r0, #68]	@ zero_extendqisi2
 1584 005c DBB2     		uxtb	r3, r3
 1585 005e 13F1FF33 		adds	r3, r3, #-1
 1586 0062 18BF     		it	ne
 1587 0064 0123     		movne	r3, #1
 1588 0066 D5E7     		b	.L130
 1589              	.L134:
 722:Drivers/STM32F4xx_HAL_Driver/Src/stm32f4xx_hal_tim_ex.c **** 
 1590              		.loc 1 722 0 is_stmt 1 discriminator 2
 1591 0068 042A     		cmp	r2, #4
 1592 006a 05D0     		beq	.L151
 722:Drivers/STM32F4xx_HAL_Driver/Src/stm32f4xx_hal_tim_ex.c **** 
 1593              		.loc 1 722 0 is_stmt 0 discriminator 4
 1594 006c 082A     		cmp	r2, #8
 1595 006e 07D0     		beq	.L152
 722:Drivers/STM32F4xx_HAL_Driver/Src/stm32f4xx_hal_tim_ex.c **** 
 1596              		.loc 1 722 0 discriminator 7
 1597 0070 0223     		movs	r3, #2
 1598 0072 80F84530 		strb	r3, [r0, #69]
 1599 0076 D4E7     		b	.L135
 1600              	.L151:
 722:Drivers/STM32F4xx_HAL_Driver/Src/stm32f4xx_hal_tim_ex.c **** 
 1601              		.loc 1 722 0 discriminator 3
 1602 0078 0223     		movs	r3, #2
ARM GAS  /tmp/cczycJk4.s 			page 76


 1603 007a 80F84330 		strb	r3, [r0, #67]
 1604 007e D0E7     		b	.L135
 1605              	.L152:
 722:Drivers/STM32F4xx_HAL_Driver/Src/stm32f4xx_hal_tim_ex.c **** 
 1606              		.loc 1 722 0 discriminator 6
 1607 0080 0223     		movs	r3, #2
 1608 0082 80F84430 		strb	r3, [r0, #68]
 1609 0086 CCE7     		b	.L135
 1610              	.L148:
 729:Drivers/STM32F4xx_HAL_Driver/Src/stm32f4xx_hal_tim_ex.c ****       break;
 1611              		.loc 1 729 0 is_stmt 1
 1612 0088 0168     		ldr	r1, [r0]
 1613              	.LVL123:
 1614 008a CB68     		ldr	r3, [r1, #12]
 1615 008c 43F00203 		orr	r3, r3, #2
 1616 0090 CB60     		str	r3, [r1, #12]
 709:Drivers/STM32F4xx_HAL_Driver/Src/stm32f4xx_hal_tim_ex.c ****   uint32_t tmpsmcr;
 1617              		.loc 1 709 0
 1618 0092 0025     		movs	r5, #0
 1619              	.L138:
 1620              	.LVL124:
 753:Drivers/STM32F4xx_HAL_Driver/Src/stm32f4xx_hal_tim_ex.c ****   {
 1621              		.loc 1 753 0
 1622 0094 002D     		cmp	r5, #0
 1623 0096 4CD1     		bne	.L133
 1624 0098 1146     		mov	r1, r2
 1625 009a 0446     		mov	r4, r0
 756:Drivers/STM32F4xx_HAL_Driver/Src/stm32f4xx_hal_tim_ex.c **** 
 1626              		.loc 1 756 0
 1627 009c 0268     		ldr	r2, [r0]
 1628              	.LVL125:
 1629 009e D368     		ldr	r3, [r2, #12]
 1630 00a0 43F08003 		orr	r3, r3, #128
 1631 00a4 D360     		str	r3, [r2, #12]
 759:Drivers/STM32F4xx_HAL_Driver/Src/stm32f4xx_hal_tim_ex.c **** 
 1632              		.loc 1 759 0
 1633 00a6 0422     		movs	r2, #4
 1634 00a8 0068     		ldr	r0, [r0]
 1635              	.LVL126:
 1636 00aa FFF7FEFF 		bl	TIM_CCxNChannelCmd
 1637              	.LVL127:
 762:Drivers/STM32F4xx_HAL_Driver/Src/stm32f4xx_hal_tim_ex.c **** 
 1638              		.loc 1 762 0
 1639 00ae 2268     		ldr	r2, [r4]
 1640 00b0 536C     		ldr	r3, [r2, #68]
 1641 00b2 43F40043 		orr	r3, r3, #32768
 1642 00b6 5364     		str	r3, [r2, #68]
 765:Drivers/STM32F4xx_HAL_Driver/Src/stm32f4xx_hal_tim_ex.c ****     {
 1643              		.loc 1 765 0
 1644 00b8 2368     		ldr	r3, [r4]
 1645 00ba 1F4A     		ldr	r2, .L153
 1646 00bc 9342     		cmp	r3, r2
 1647 00be 2DD0     		beq	.L142
 765:Drivers/STM32F4xx_HAL_Driver/Src/stm32f4xx_hal_tim_ex.c ****     {
 1648              		.loc 1 765 0 is_stmt 0 discriminator 1
 1649 00c0 B3F1804F 		cmp	r3, #1073741824
 1650 00c4 2AD0     		beq	.L142
ARM GAS  /tmp/cczycJk4.s 			page 77


 765:Drivers/STM32F4xx_HAL_Driver/Src/stm32f4xx_hal_tim_ex.c ****     {
 1651              		.loc 1 765 0 discriminator 2
 1652 00c6 A2F57C42 		sub	r2, r2, #64512
 1653 00ca 9342     		cmp	r3, r2
 1654 00cc 26D0     		beq	.L142
 765:Drivers/STM32F4xx_HAL_Driver/Src/stm32f4xx_hal_tim_ex.c ****     {
 1655              		.loc 1 765 0 discriminator 3
 1656 00ce 02F58062 		add	r2, r2, #1024
 1657 00d2 9342     		cmp	r3, r2
 1658 00d4 22D0     		beq	.L142
 765:Drivers/STM32F4xx_HAL_Driver/Src/stm32f4xx_hal_tim_ex.c ****     {
 1659              		.loc 1 765 0 discriminator 4
 1660 00d6 02F58062 		add	r2, r2, #1024
 1661 00da 9342     		cmp	r3, r2
 1662 00dc 1ED0     		beq	.L142
 765:Drivers/STM32F4xx_HAL_Driver/Src/stm32f4xx_hal_tim_ex.c ****     {
 1663              		.loc 1 765 0 discriminator 5
 1664 00de 02F57842 		add	r2, r2, #63488
 1665 00e2 9342     		cmp	r3, r2
 1666 00e4 1AD0     		beq	.L142
 765:Drivers/STM32F4xx_HAL_Driver/Src/stm32f4xx_hal_tim_ex.c ****     {
 1667              		.loc 1 765 0 discriminator 6
 1668 00e6 02F57052 		add	r2, r2, #15360
 1669 00ea 9342     		cmp	r3, r2
 1670 00ec 16D0     		beq	.L142
 765:Drivers/STM32F4xx_HAL_Driver/Src/stm32f4xx_hal_tim_ex.c ****     {
 1671              		.loc 1 765 0 discriminator 7
 1672 00ee A2F59432 		sub	r2, r2, #75776
 1673 00f2 9342     		cmp	r3, r2
 1674 00f4 12D0     		beq	.L142
 775:Drivers/STM32F4xx_HAL_Driver/Src/stm32f4xx_hal_tim_ex.c ****     }
 1675              		.loc 1 775 0 is_stmt 1
 1676 00f6 1A68     		ldr	r2, [r3]
 1677 00f8 42F00102 		orr	r2, r2, #1
 1678 00fc 1A60     		str	r2, [r3]
 1679 00fe 18E0     		b	.L133
 1680              	.LVL128:
 1681              	.L139:
 736:Drivers/STM32F4xx_HAL_Driver/Src/stm32f4xx_hal_tim_ex.c ****       break;
 1682              		.loc 1 736 0
 1683 0100 0168     		ldr	r1, [r0]
 1684              	.LVL129:
 1685 0102 CB68     		ldr	r3, [r1, #12]
 1686 0104 43F00403 		orr	r3, r3, #4
 1687 0108 CB60     		str	r3, [r1, #12]
 709:Drivers/STM32F4xx_HAL_Driver/Src/stm32f4xx_hal_tim_ex.c ****   uint32_t tmpsmcr;
 1688              		.loc 1 709 0
 1689 010a 0025     		movs	r5, #0
 737:Drivers/STM32F4xx_HAL_Driver/Src/stm32f4xx_hal_tim_ex.c ****     }
 1690              		.loc 1 737 0
 1691 010c C2E7     		b	.L138
 1692              	.LVL130:
 1693              	.L140:
 743:Drivers/STM32F4xx_HAL_Driver/Src/stm32f4xx_hal_tim_ex.c ****       break;
 1694              		.loc 1 743 0
 1695 010e 0168     		ldr	r1, [r0]
 1696              	.LVL131:
ARM GAS  /tmp/cczycJk4.s 			page 78


 1697 0110 CB68     		ldr	r3, [r1, #12]
 1698 0112 43F00803 		orr	r3, r3, #8
 1699 0116 CB60     		str	r3, [r1, #12]
 709:Drivers/STM32F4xx_HAL_Driver/Src/stm32f4xx_hal_tim_ex.c ****   uint32_t tmpsmcr;
 1700              		.loc 1 709 0
 1701 0118 0025     		movs	r5, #0
 744:Drivers/STM32F4xx_HAL_Driver/Src/stm32f4xx_hal_tim_ex.c ****     }
 1702              		.loc 1 744 0
 1703 011a BBE7     		b	.L138
 1704              	.LVL132:
 1705              	.L142:
 767:Drivers/STM32F4xx_HAL_Driver/Src/stm32f4xx_hal_tim_ex.c ****       if (!IS_TIM_SLAVEMODE_TRIGGER_ENABLED(tmpsmcr))
 1706              		.loc 1 767 0
 1707 011c 9A68     		ldr	r2, [r3, #8]
 1708 011e 02F00702 		and	r2, r2, #7
 1709              	.LVL133:
 768:Drivers/STM32F4xx_HAL_Driver/Src/stm32f4xx_hal_tim_ex.c ****       {
 1710              		.loc 1 768 0
 1711 0122 062A     		cmp	r2, #6
 1712 0124 05D0     		beq	.L133
 770:Drivers/STM32F4xx_HAL_Driver/Src/stm32f4xx_hal_tim_ex.c ****       }
 1713              		.loc 1 770 0
 1714 0126 1A68     		ldr	r2, [r3]
 1715              	.LVL134:
 1716 0128 42F00102 		orr	r2, r2, #1
 1717 012c 1A60     		str	r2, [r3]
 1718 012e 00E0     		b	.L133
 1719              	.LVL135:
 1720              	.L144:
 718:Drivers/STM32F4xx_HAL_Driver/Src/stm32f4xx_hal_tim_ex.c ****   }
 1721              		.loc 1 718 0
 1722 0130 0125     		movs	r5, #1
 1723              	.LVL136:
 1724              	.L133:
 781:Drivers/STM32F4xx_HAL_Driver/Src/stm32f4xx_hal_tim_ex.c **** 
 1725              		.loc 1 781 0
 1726 0132 2846     		mov	r0, r5
 1727 0134 38BD     		pop	{r3, r4, r5, pc}
 1728              	.L154:
 1729 0136 00BF     		.align	2
 1730              	.L153:
 1731 0138 00000140 		.word	1073807360
 1732              		.cfi_endproc
 1733              	.LFE142:
 1735              		.section	.text.HAL_TIMEx_OCN_Stop_IT,"ax",%progbits
 1736              		.align	1
 1737              		.global	HAL_TIMEx_OCN_Stop_IT
 1738              		.syntax unified
 1739              		.thumb
 1740              		.thumb_func
 1741              		.fpu fpv4-sp-d16
 1743              	HAL_TIMEx_OCN_Stop_IT:
 1744              	.LFB143:
 795:Drivers/STM32F4xx_HAL_Driver/Src/stm32f4xx_hal_tim_ex.c ****   HAL_StatusTypeDef status = HAL_OK;
 1745              		.loc 1 795 0
 1746              		.cfi_startproc
 1747              		@ args = 0, pretend = 0, frame = 0
ARM GAS  /tmp/cczycJk4.s 			page 79


 1748              		@ frame_needed = 0, uses_anonymous_args = 0
 1749              	.LVL137:
 1750 0000 70B5     		push	{r4, r5, r6, lr}
 1751              	.LCFI23:
 1752              		.cfi_def_cfa_offset 16
 1753              		.cfi_offset 4, -16
 1754              		.cfi_offset 5, -12
 1755              		.cfi_offset 6, -8
 1756              		.cfi_offset 14, -4
 1757              	.LVL138:
 802:Drivers/STM32F4xx_HAL_Driver/Src/stm32f4xx_hal_tim_ex.c ****   {
 1758              		.loc 1 802 0
 1759 0002 0429     		cmp	r1, #4
 1760 0004 0DD0     		beq	.L157
 1761 0006 0829     		cmp	r1, #8
 1762 0008 12D0     		beq	.L158
 1763 000a 09B1     		cbz	r1, .L170
 826:Drivers/STM32F4xx_HAL_Driver/Src/stm32f4xx_hal_tim_ex.c ****       break;
 1764              		.loc 1 826 0
 1765 000c 0126     		movs	r6, #1
 1766 000e 05E0     		b	.L156
 1767              	.L170:
 807:Drivers/STM32F4xx_HAL_Driver/Src/stm32f4xx_hal_tim_ex.c ****       break;
 1768              		.loc 1 807 0
 1769 0010 0268     		ldr	r2, [r0]
 1770 0012 D368     		ldr	r3, [r2, #12]
 1771 0014 23F00203 		bic	r3, r3, #2
 1772 0018 D360     		str	r3, [r2, #12]
 796:Drivers/STM32F4xx_HAL_Driver/Src/stm32f4xx_hal_tim_ex.c ****   uint32_t tmpccer;
 1773              		.loc 1 796 0
 1774 001a 0026     		movs	r6, #0
 1775              	.L156:
 1776              	.LVL139:
 830:Drivers/STM32F4xx_HAL_Driver/Src/stm32f4xx_hal_tim_ex.c ****   {
 1777              		.loc 1 830 0
 1778 001c 7EB1     		cbz	r6, .L171
 1779              	.LVL140:
 1780              	.L160:
 854:Drivers/STM32F4xx_HAL_Driver/Src/stm32f4xx_hal_tim_ex.c **** 
 1781              		.loc 1 854 0
 1782 001e 3046     		mov	r0, r6
 1783 0020 70BD     		pop	{r4, r5, r6, pc}
 1784              	.LVL141:
 1785              	.L157:
 814:Drivers/STM32F4xx_HAL_Driver/Src/stm32f4xx_hal_tim_ex.c ****       break;
 1786              		.loc 1 814 0
 1787 0022 0268     		ldr	r2, [r0]
 1788 0024 D368     		ldr	r3, [r2, #12]
 1789 0026 23F00403 		bic	r3, r3, #4
 1790 002a D360     		str	r3, [r2, #12]
 796:Drivers/STM32F4xx_HAL_Driver/Src/stm32f4xx_hal_tim_ex.c ****   uint32_t tmpccer;
 1791              		.loc 1 796 0
 1792 002c 0026     		movs	r6, #0
 815:Drivers/STM32F4xx_HAL_Driver/Src/stm32f4xx_hal_tim_ex.c ****     }
 1793              		.loc 1 815 0
 1794 002e F5E7     		b	.L156
 1795              	.L158:
ARM GAS  /tmp/cczycJk4.s 			page 80


 821:Drivers/STM32F4xx_HAL_Driver/Src/stm32f4xx_hal_tim_ex.c ****       break;
 1796              		.loc 1 821 0
 1797 0030 0268     		ldr	r2, [r0]
 1798 0032 D368     		ldr	r3, [r2, #12]
 1799 0034 23F00803 		bic	r3, r3, #8
 1800 0038 D360     		str	r3, [r2, #12]
 796:Drivers/STM32F4xx_HAL_Driver/Src/stm32f4xx_hal_tim_ex.c ****   uint32_t tmpccer;
 1801              		.loc 1 796 0
 1802 003a 0026     		movs	r6, #0
 822:Drivers/STM32F4xx_HAL_Driver/Src/stm32f4xx_hal_tim_ex.c ****     }
 1803              		.loc 1 822 0
 1804 003c EEE7     		b	.L156
 1805              	.LVL142:
 1806              	.L171:
 1807 003e 0D46     		mov	r5, r1
 1808 0040 0446     		mov	r4, r0
 833:Drivers/STM32F4xx_HAL_Driver/Src/stm32f4xx_hal_tim_ex.c **** 
 1809              		.loc 1 833 0
 1810 0042 0022     		movs	r2, #0
 1811 0044 0068     		ldr	r0, [r0]
 1812              	.LVL143:
 1813 0046 FFF7FEFF 		bl	TIM_CCxNChannelCmd
 1814              	.LVL144:
 836:Drivers/STM32F4xx_HAL_Driver/Src/stm32f4xx_hal_tim_ex.c ****     if ((tmpccer & (TIM_CCER_CC1NE | TIM_CCER_CC2NE | TIM_CCER_CC3NE)) == (uint32_t)RESET)
 1815              		.loc 1 836 0
 1816 004a 2368     		ldr	r3, [r4]
 1817 004c 196A     		ldr	r1, [r3, #32]
 1818              	.LVL145:
 837:Drivers/STM32F4xx_HAL_Driver/Src/stm32f4xx_hal_tim_ex.c ****     {
 1819              		.loc 1 837 0
 1820 004e 40F24442 		movw	r2, #1092
 1821 0052 1142     		tst	r1, r2
 1822 0054 03D1     		bne	.L161
 839:Drivers/STM32F4xx_HAL_Driver/Src/stm32f4xx_hal_tim_ex.c ****     }
 1823              		.loc 1 839 0
 1824 0056 DA68     		ldr	r2, [r3, #12]
 1825 0058 22F08002 		bic	r2, r2, #128
 1826 005c DA60     		str	r2, [r3, #12]
 1827              	.L161:
 843:Drivers/STM32F4xx_HAL_Driver/Src/stm32f4xx_hal_tim_ex.c **** 
 1828              		.loc 1 843 0
 1829 005e 2368     		ldr	r3, [r4]
 1830 0060 196A     		ldr	r1, [r3, #32]
 1831              	.LVL146:
 1832 0062 41F21112 		movw	r2, #4369
 1833 0066 1142     		tst	r1, r2
 1834 0068 08D1     		bne	.L162
 843:Drivers/STM32F4xx_HAL_Driver/Src/stm32f4xx_hal_tim_ex.c **** 
 1835              		.loc 1 843 0 is_stmt 0 discriminator 1
 1836 006a 196A     		ldr	r1, [r3, #32]
 1837 006c 40F24442 		movw	r2, #1092
 1838 0070 1142     		tst	r1, r2
 1839 0072 03D1     		bne	.L162
 843:Drivers/STM32F4xx_HAL_Driver/Src/stm32f4xx_hal_tim_ex.c **** 
 1840              		.loc 1 843 0 discriminator 2
 1841 0074 5A6C     		ldr	r2, [r3, #68]
 1842 0076 22F40042 		bic	r2, r2, #32768
ARM GAS  /tmp/cczycJk4.s 			page 81


 1843 007a 5A64     		str	r2, [r3, #68]
 1844              	.L162:
 846:Drivers/STM32F4xx_HAL_Driver/Src/stm32f4xx_hal_tim_ex.c **** 
 1845              		.loc 1 846 0 is_stmt 1
 1846 007c 2368     		ldr	r3, [r4]
 1847 007e 196A     		ldr	r1, [r3, #32]
 1848 0080 41F21112 		movw	r2, #4369
 1849 0084 1142     		tst	r1, r2
 1850 0086 08D1     		bne	.L163
 846:Drivers/STM32F4xx_HAL_Driver/Src/stm32f4xx_hal_tim_ex.c **** 
 1851              		.loc 1 846 0 is_stmt 0 discriminator 1
 1852 0088 196A     		ldr	r1, [r3, #32]
 1853 008a 40F24442 		movw	r2, #1092
 1854 008e 1142     		tst	r1, r2
 1855 0090 03D1     		bne	.L163
 846:Drivers/STM32F4xx_HAL_Driver/Src/stm32f4xx_hal_tim_ex.c **** 
 1856              		.loc 1 846 0 discriminator 2
 1857 0092 1A68     		ldr	r2, [r3]
 1858 0094 22F00102 		bic	r2, r2, #1
 1859 0098 1A60     		str	r2, [r3]
 1860              	.L163:
 849:Drivers/STM32F4xx_HAL_Driver/Src/stm32f4xx_hal_tim_ex.c ****   }
 1861              		.loc 1 849 0 is_stmt 1
 1862 009a 3DB1     		cbz	r5, .L172
 849:Drivers/STM32F4xx_HAL_Driver/Src/stm32f4xx_hal_tim_ex.c ****   }
 1863              		.loc 1 849 0 is_stmt 0 discriminator 2
 1864 009c 042D     		cmp	r5, #4
 1865 009e 09D0     		beq	.L173
 849:Drivers/STM32F4xx_HAL_Driver/Src/stm32f4xx_hal_tim_ex.c ****   }
 1866              		.loc 1 849 0 discriminator 4
 1867 00a0 082D     		cmp	r5, #8
 1868 00a2 0BD0     		beq	.L174
 849:Drivers/STM32F4xx_HAL_Driver/Src/stm32f4xx_hal_tim_ex.c ****   }
 1869              		.loc 1 849 0 discriminator 7
 1870 00a4 0123     		movs	r3, #1
 1871 00a6 84F84530 		strb	r3, [r4, #69]
 1872 00aa B8E7     		b	.L160
 1873              	.L172:
 849:Drivers/STM32F4xx_HAL_Driver/Src/stm32f4xx_hal_tim_ex.c ****   }
 1874              		.loc 1 849 0 discriminator 1
 1875 00ac 0123     		movs	r3, #1
 1876 00ae 84F84230 		strb	r3, [r4, #66]
 1877 00b2 B4E7     		b	.L160
 1878              	.L173:
 849:Drivers/STM32F4xx_HAL_Driver/Src/stm32f4xx_hal_tim_ex.c ****   }
 1879              		.loc 1 849 0 discriminator 3
 1880 00b4 0123     		movs	r3, #1
 1881 00b6 84F84330 		strb	r3, [r4, #67]
 1882 00ba B0E7     		b	.L160
 1883              	.L174:
 849:Drivers/STM32F4xx_HAL_Driver/Src/stm32f4xx_hal_tim_ex.c ****   }
 1884              		.loc 1 849 0 discriminator 6
 1885 00bc 0123     		movs	r3, #1
 1886 00be 84F84430 		strb	r3, [r4, #68]
 1887 00c2 ACE7     		b	.L160
 1888              		.cfi_endproc
 1889              	.LFE143:
ARM GAS  /tmp/cczycJk4.s 			page 82


 1891              		.section	.text.HAL_TIMEx_OCN_Start_DMA,"ax",%progbits
 1892              		.align	1
 1893              		.global	HAL_TIMEx_OCN_Start_DMA
 1894              		.syntax unified
 1895              		.thumb
 1896              		.thumb_func
 1897              		.fpu fpv4-sp-d16
 1899              	HAL_TIMEx_OCN_Start_DMA:
 1900              	.LFB144:
 870:Drivers/STM32F4xx_HAL_Driver/Src/stm32f4xx_hal_tim_ex.c ****   HAL_StatusTypeDef status = HAL_OK;
 1901              		.loc 1 870 0 is_stmt 1
 1902              		.cfi_startproc
 1903              		@ args = 0, pretend = 0, frame = 0
 1904              		@ frame_needed = 0, uses_anonymous_args = 0
 1905              	.LVL147:
 1906 0000 70B5     		push	{r4, r5, r6, lr}
 1907              	.LCFI24:
 1908              		.cfi_def_cfa_offset 16
 1909              		.cfi_offset 4, -16
 1910              		.cfi_offset 5, -12
 1911              		.cfi_offset 6, -8
 1912              		.cfi_offset 14, -4
 1913              	.LVL148:
 878:Drivers/STM32F4xx_HAL_Driver/Src/stm32f4xx_hal_tim_ex.c ****   {
 1914              		.loc 1 878 0
 1915 0002 0D46     		mov	r5, r1
 1916 0004 51B9     		cbnz	r1, .L176
 878:Drivers/STM32F4xx_HAL_Driver/Src/stm32f4xx_hal_tim_ex.c ****   {
 1917              		.loc 1 878 0 is_stmt 0 discriminator 1
 1918 0006 90F84240 		ldrb	r4, [r0, #66]	@ zero_extendqisi2
 1919 000a E4B2     		uxtb	r4, r4
 1920 000c 022C     		cmp	r4, #2
 1921 000e 14BF     		ite	ne
 1922 0010 0024     		movne	r4, #0
 1923 0012 0124     		moveq	r4, #1
 1924              	.L177:
 878:Drivers/STM32F4xx_HAL_Driver/Src/stm32f4xx_hal_tim_ex.c ****   {
 1925              		.loc 1 878 0 discriminator 12
 1926 0014 F4B1     		cbz	r4, .L205
 880:Drivers/STM32F4xx_HAL_Driver/Src/stm32f4xx_hal_tim_ex.c ****   }
 1927              		.loc 1 880 0 is_stmt 1
 1928 0016 0224     		movs	r4, #2
 1929              	.LVL149:
 1930              	.L180:
 993:Drivers/STM32F4xx_HAL_Driver/Src/stm32f4xx_hal_tim_ex.c **** 
 1931              		.loc 1 993 0
 1932 0018 2046     		mov	r0, r4
 1933 001a 70BD     		pop	{r4, r5, r6, pc}
 1934              	.LVL150:
 1935              	.L176:
 878:Drivers/STM32F4xx_HAL_Driver/Src/stm32f4xx_hal_tim_ex.c ****   {
 1936              		.loc 1 878 0 discriminator 2
 1937 001c 0429     		cmp	r1, #4
 1938 001e 09D0     		beq	.L206
 878:Drivers/STM32F4xx_HAL_Driver/Src/stm32f4xx_hal_tim_ex.c ****   {
 1939              		.loc 1 878 0 is_stmt 0 discriminator 5
 1940 0020 0829     		cmp	r1, #8
ARM GAS  /tmp/cczycJk4.s 			page 83


 1941 0022 0FD0     		beq	.L207
 878:Drivers/STM32F4xx_HAL_Driver/Src/stm32f4xx_hal_tim_ex.c ****   {
 1942              		.loc 1 878 0 discriminator 8
 1943 0024 90F84540 		ldrb	r4, [r0, #69]	@ zero_extendqisi2
 1944 0028 E4B2     		uxtb	r4, r4
 1945 002a 022C     		cmp	r4, #2
 1946 002c 14BF     		ite	ne
 1947 002e 0024     		movne	r4, #0
 1948 0030 0124     		moveq	r4, #1
 1949 0032 EFE7     		b	.L177
 1950              	.L206:
 878:Drivers/STM32F4xx_HAL_Driver/Src/stm32f4xx_hal_tim_ex.c ****   {
 1951              		.loc 1 878 0 discriminator 4
 1952 0034 90F84340 		ldrb	r4, [r0, #67]	@ zero_extendqisi2
 1953 0038 E4B2     		uxtb	r4, r4
 1954 003a 022C     		cmp	r4, #2
 1955 003c 14BF     		ite	ne
 1956 003e 0024     		movne	r4, #0
 1957 0040 0124     		moveq	r4, #1
 1958 0042 E7E7     		b	.L177
 1959              	.L207:
 878:Drivers/STM32F4xx_HAL_Driver/Src/stm32f4xx_hal_tim_ex.c ****   {
 1960              		.loc 1 878 0 discriminator 7
 1961 0044 90F84440 		ldrb	r4, [r0, #68]	@ zero_extendqisi2
 1962 0048 E4B2     		uxtb	r4, r4
 1963 004a 022C     		cmp	r4, #2
 1964 004c 14BF     		ite	ne
 1965 004e 0024     		movne	r4, #0
 1966 0050 0124     		moveq	r4, #1
 1967 0052 DFE7     		b	.L177
 1968              	.L205:
 882:Drivers/STM32F4xx_HAL_Driver/Src/stm32f4xx_hal_tim_ex.c ****   {
 1969              		.loc 1 882 0 is_stmt 1
 1970 0054 002D     		cmp	r5, #0
 1971 0056 50D1     		bne	.L181
 882:Drivers/STM32F4xx_HAL_Driver/Src/stm32f4xx_hal_tim_ex.c ****   {
 1972              		.loc 1 882 0 is_stmt 0 discriminator 1
 1973 0058 90F84210 		ldrb	r1, [r0, #66]	@ zero_extendqisi2
 1974              	.LVL151:
 1975 005c C9B2     		uxtb	r1, r1
 1976 005e 0129     		cmp	r1, #1
 1977 0060 14BF     		ite	ne
 1978 0062 0021     		movne	r1, #0
 1979 0064 0121     		moveq	r1, #1
 1980              	.L182:
 882:Drivers/STM32F4xx_HAL_Driver/Src/stm32f4xx_hal_tim_ex.c ****   {
 1981              		.loc 1 882 0 discriminator 12
 1982 0066 0029     		cmp	r1, #0
 1983 0068 00F0C580 		beq	.L197
 884:Drivers/STM32F4xx_HAL_Driver/Src/stm32f4xx_hal_tim_ex.c ****     {
 1984              		.loc 1 884 0 is_stmt 1
 1985 006c 002A     		cmp	r2, #0
 1986 006e 60D0     		beq	.L208
 1987              	.L185:
 890:Drivers/STM32F4xx_HAL_Driver/Src/stm32f4xx_hal_tim_ex.c ****     }
 1988              		.loc 1 890 0
 1989 0070 002D     		cmp	r5, #0
ARM GAS  /tmp/cczycJk4.s 			page 84


 1990 0072 62D1     		bne	.L186
 890:Drivers/STM32F4xx_HAL_Driver/Src/stm32f4xx_hal_tim_ex.c ****     }
 1991              		.loc 1 890 0 is_stmt 0 discriminator 1
 1992 0074 0221     		movs	r1, #2
 1993 0076 80F84210 		strb	r1, [r0, #66]
 1994              	.L187:
 1995 007a 1146     		mov	r1, r2
 1996 007c 0646     		mov	r6, r0
 898:Drivers/STM32F4xx_HAL_Driver/Src/stm32f4xx_hal_tim_ex.c ****   {
 1997              		.loc 1 898 0 is_stmt 1
 1998 007e 042D     		cmp	r5, #4
 1999 0080 00F08280 		beq	.L191
 2000              	.LVL152:
 2001 0084 082D     		cmp	r5, #8
 2002 0086 00F09580 		beq	.L192
 2003 008a 002D     		cmp	r5, #0
 2004 008c 65D0     		beq	.L209
 964:Drivers/STM32F4xx_HAL_Driver/Src/stm32f4xx_hal_tim_ex.c ****       break;
 2005              		.loc 1 964 0
 2006 008e 0124     		movs	r4, #1
 2007              	.LVL153:
 2008              	.L190:
 968:Drivers/STM32F4xx_HAL_Driver/Src/stm32f4xx_hal_tim_ex.c ****   {
 2009              		.loc 1 968 0
 2010 0090 002C     		cmp	r4, #0
 2011 0092 C1D1     		bne	.L180
 971:Drivers/STM32F4xx_HAL_Driver/Src/stm32f4xx_hal_tim_ex.c **** 
 2012              		.loc 1 971 0
 2013 0094 0422     		movs	r2, #4
 2014 0096 2946     		mov	r1, r5
 2015 0098 3068     		ldr	r0, [r6]
 2016 009a FFF7FEFF 		bl	TIM_CCxNChannelCmd
 2017              	.LVL154:
 974:Drivers/STM32F4xx_HAL_Driver/Src/stm32f4xx_hal_tim_ex.c **** 
 2018              		.loc 1 974 0
 2019 009e 3268     		ldr	r2, [r6]
 2020 00a0 536C     		ldr	r3, [r2, #68]
 2021 00a2 43F40043 		orr	r3, r3, #32768
 2022 00a6 5364     		str	r3, [r2, #68]
 977:Drivers/STM32F4xx_HAL_Driver/Src/stm32f4xx_hal_tim_ex.c ****     {
 2023              		.loc 1 977 0
 2024 00a8 3368     		ldr	r3, [r6]
 2025 00aa 574A     		ldr	r2, .L214
 2026 00ac 9342     		cmp	r3, r2
 2027 00ae 00F09780 		beq	.L194
 977:Drivers/STM32F4xx_HAL_Driver/Src/stm32f4xx_hal_tim_ex.c ****     {
 2028              		.loc 1 977 0 is_stmt 0 discriminator 1
 2029 00b2 B3F1804F 		cmp	r3, #1073741824
 2030 00b6 00F09380 		beq	.L194
 977:Drivers/STM32F4xx_HAL_Driver/Src/stm32f4xx_hal_tim_ex.c ****     {
 2031              		.loc 1 977 0 discriminator 2
 2032 00ba A2F57C42 		sub	r2, r2, #64512
 2033 00be 9342     		cmp	r3, r2
 2034 00c0 00F08E80 		beq	.L194
 977:Drivers/STM32F4xx_HAL_Driver/Src/stm32f4xx_hal_tim_ex.c ****     {
 2035              		.loc 1 977 0 discriminator 3
 2036 00c4 02F58062 		add	r2, r2, #1024
ARM GAS  /tmp/cczycJk4.s 			page 85


 2037 00c8 9342     		cmp	r3, r2
 2038 00ca 00F08980 		beq	.L194
 977:Drivers/STM32F4xx_HAL_Driver/Src/stm32f4xx_hal_tim_ex.c ****     {
 2039              		.loc 1 977 0 discriminator 4
 2040 00ce 02F58062 		add	r2, r2, #1024
 2041 00d2 9342     		cmp	r3, r2
 2042 00d4 00F08480 		beq	.L194
 977:Drivers/STM32F4xx_HAL_Driver/Src/stm32f4xx_hal_tim_ex.c ****     {
 2043              		.loc 1 977 0 discriminator 5
 2044 00d8 02F57842 		add	r2, r2, #63488
 2045 00dc 9342     		cmp	r3, r2
 2046 00de 7FD0     		beq	.L194
 977:Drivers/STM32F4xx_HAL_Driver/Src/stm32f4xx_hal_tim_ex.c ****     {
 2047              		.loc 1 977 0 discriminator 6
 2048 00e0 02F57052 		add	r2, r2, #15360
 2049 00e4 9342     		cmp	r3, r2
 2050 00e6 7BD0     		beq	.L194
 977:Drivers/STM32F4xx_HAL_Driver/Src/stm32f4xx_hal_tim_ex.c ****     {
 2051              		.loc 1 977 0 discriminator 7
 2052 00e8 A2F59432 		sub	r2, r2, #75776
 2053 00ec 9342     		cmp	r3, r2
 2054 00ee 77D0     		beq	.L194
 987:Drivers/STM32F4xx_HAL_Driver/Src/stm32f4xx_hal_tim_ex.c ****     }
 2055              		.loc 1 987 0 is_stmt 1
 2056 00f0 1A68     		ldr	r2, [r3]
 2057 00f2 42F00102 		orr	r2, r2, #1
 2058 00f6 1A60     		str	r2, [r3]
 2059 00f8 8EE7     		b	.L180
 2060              	.LVL155:
 2061              	.L181:
 882:Drivers/STM32F4xx_HAL_Driver/Src/stm32f4xx_hal_tim_ex.c ****   {
 2062              		.loc 1 882 0 discriminator 2
 2063 00fa 042D     		cmp	r5, #4
 2064 00fc 09D0     		beq	.L210
 882:Drivers/STM32F4xx_HAL_Driver/Src/stm32f4xx_hal_tim_ex.c ****   {
 2065              		.loc 1 882 0 is_stmt 0 discriminator 5
 2066 00fe 082D     		cmp	r5, #8
 2067 0100 0FD0     		beq	.L211
 882:Drivers/STM32F4xx_HAL_Driver/Src/stm32f4xx_hal_tim_ex.c ****   {
 2068              		.loc 1 882 0 discriminator 8
 2069 0102 90F84510 		ldrb	r1, [r0, #69]	@ zero_extendqisi2
 2070              	.LVL156:
 2071 0106 C9B2     		uxtb	r1, r1
 2072 0108 0129     		cmp	r1, #1
 2073 010a 14BF     		ite	ne
 2074 010c 0021     		movne	r1, #0
 2075 010e 0121     		moveq	r1, #1
 2076 0110 A9E7     		b	.L182
 2077              	.LVL157:
 2078              	.L210:
 882:Drivers/STM32F4xx_HAL_Driver/Src/stm32f4xx_hal_tim_ex.c ****   {
 2079              		.loc 1 882 0 discriminator 4
 2080 0112 90F84310 		ldrb	r1, [r0, #67]	@ zero_extendqisi2
 2081              	.LVL158:
 2082 0116 C9B2     		uxtb	r1, r1
 2083 0118 0129     		cmp	r1, #1
 2084 011a 14BF     		ite	ne
ARM GAS  /tmp/cczycJk4.s 			page 86


 2085 011c 0021     		movne	r1, #0
 2086 011e 0121     		moveq	r1, #1
 2087 0120 A1E7     		b	.L182
 2088              	.LVL159:
 2089              	.L211:
 882:Drivers/STM32F4xx_HAL_Driver/Src/stm32f4xx_hal_tim_ex.c ****   {
 2090              		.loc 1 882 0 discriminator 7
 2091 0122 90F84410 		ldrb	r1, [r0, #68]	@ zero_extendqisi2
 2092              	.LVL160:
 2093 0126 C9B2     		uxtb	r1, r1
 2094 0128 0129     		cmp	r1, #1
 2095 012a 14BF     		ite	ne
 2096 012c 0021     		movne	r1, #0
 2097 012e 0121     		moveq	r1, #1
 2098 0130 99E7     		b	.L182
 2099              	.L208:
 884:Drivers/STM32F4xx_HAL_Driver/Src/stm32f4xx_hal_tim_ex.c ****     {
 2100              		.loc 1 884 0 is_stmt 1 discriminator 1
 2101 0132 002B     		cmp	r3, #0
 2102 0134 9CD0     		beq	.L185
 886:Drivers/STM32F4xx_HAL_Driver/Src/stm32f4xx_hal_tim_ex.c ****     }
 2103              		.loc 1 886 0
 2104 0136 0124     		movs	r4, #1
 2105 0138 6EE7     		b	.L180
 2106              	.L186:
 890:Drivers/STM32F4xx_HAL_Driver/Src/stm32f4xx_hal_tim_ex.c ****     }
 2107              		.loc 1 890 0 discriminator 2
 2108 013a 042D     		cmp	r5, #4
 2109 013c 05D0     		beq	.L212
 890:Drivers/STM32F4xx_HAL_Driver/Src/stm32f4xx_hal_tim_ex.c ****     }
 2110              		.loc 1 890 0 is_stmt 0 discriminator 4
 2111 013e 082D     		cmp	r5, #8
 2112 0140 07D0     		beq	.L213
 890:Drivers/STM32F4xx_HAL_Driver/Src/stm32f4xx_hal_tim_ex.c ****     }
 2113              		.loc 1 890 0 discriminator 7
 2114 0142 0221     		movs	r1, #2
 2115 0144 80F84510 		strb	r1, [r0, #69]
 2116 0148 97E7     		b	.L187
 2117              	.L212:
 890:Drivers/STM32F4xx_HAL_Driver/Src/stm32f4xx_hal_tim_ex.c ****     }
 2118              		.loc 1 890 0 discriminator 3
 2119 014a 0221     		movs	r1, #2
 2120 014c 80F84310 		strb	r1, [r0, #67]
 2121 0150 93E7     		b	.L187
 2122              	.L213:
 890:Drivers/STM32F4xx_HAL_Driver/Src/stm32f4xx_hal_tim_ex.c ****     }
 2123              		.loc 1 890 0 discriminator 6
 2124 0152 0221     		movs	r1, #2
 2125 0154 80F84410 		strb	r1, [r0, #68]
 2126 0158 8FE7     		b	.L187
 2127              	.LVL161:
 2128              	.L209:
 903:Drivers/STM32F4xx_HAL_Driver/Src/stm32f4xx_hal_tim_ex.c ****       htim->hdma[TIM_DMA_ID_CC1]->XferHalfCpltCallback = TIM_DMADelayPulseHalfCplt;
 2129              		.loc 1 903 0 is_stmt 1
 2130 015a 426A     		ldr	r2, [r0, #36]
 2131 015c 2B48     		ldr	r0, .L214+4
 2132              	.LVL162:
ARM GAS  /tmp/cczycJk4.s 			page 87


 2133 015e D063     		str	r0, [r2, #60]
 904:Drivers/STM32F4xx_HAL_Driver/Src/stm32f4xx_hal_tim_ex.c **** 
 2134              		.loc 1 904 0
 2135 0160 726A     		ldr	r2, [r6, #36]
 2136 0162 2B48     		ldr	r0, .L214+8
 2137 0164 1064     		str	r0, [r2, #64]
 907:Drivers/STM32F4xx_HAL_Driver/Src/stm32f4xx_hal_tim_ex.c **** 
 2138              		.loc 1 907 0
 2139 0166 726A     		ldr	r2, [r6, #36]
 2140 0168 2A48     		ldr	r0, .L214+12
 2141 016a D064     		str	r0, [r2, #76]
 910:Drivers/STM32F4xx_HAL_Driver/Src/stm32f4xx_hal_tim_ex.c ****                            Length) != HAL_OK)
 2142              		.loc 1 910 0
 2143 016c 3268     		ldr	r2, [r6]
 2144 016e 3432     		adds	r2, r2, #52
 2145 0170 706A     		ldr	r0, [r6, #36]
 2146 0172 FFF7FEFF 		bl	HAL_DMA_Start_IT
 2147              	.LVL163:
 2148 0176 0446     		mov	r4, r0
 2149 0178 0028     		cmp	r0, #0
 2150 017a 3ED1     		bne	.L200
 917:Drivers/STM32F4xx_HAL_Driver/Src/stm32f4xx_hal_tim_ex.c ****       break;
 2151              		.loc 1 917 0
 2152 017c 3268     		ldr	r2, [r6]
 2153 017e D368     		ldr	r3, [r2, #12]
 2154 0180 43F40073 		orr	r3, r3, #512
 2155 0184 D360     		str	r3, [r2, #12]
 918:Drivers/STM32F4xx_HAL_Driver/Src/stm32f4xx_hal_tim_ex.c ****     }
 2156              		.loc 1 918 0
 2157 0186 83E7     		b	.L190
 2158              	.LVL164:
 2159              	.L191:
 924:Drivers/STM32F4xx_HAL_Driver/Src/stm32f4xx_hal_tim_ex.c ****       htim->hdma[TIM_DMA_ID_CC2]->XferHalfCpltCallback = TIM_DMADelayPulseHalfCplt;
 2160              		.loc 1 924 0
 2161 0188 826A     		ldr	r2, [r0, #40]
 2162 018a 2048     		ldr	r0, .L214+4
 2163              	.LVL165:
 2164 018c D063     		str	r0, [r2, #60]
 925:Drivers/STM32F4xx_HAL_Driver/Src/stm32f4xx_hal_tim_ex.c **** 
 2165              		.loc 1 925 0
 2166 018e B26A     		ldr	r2, [r6, #40]
 2167 0190 1F48     		ldr	r0, .L214+8
 2168 0192 1064     		str	r0, [r2, #64]
 928:Drivers/STM32F4xx_HAL_Driver/Src/stm32f4xx_hal_tim_ex.c **** 
 2169              		.loc 1 928 0
 2170 0194 B26A     		ldr	r2, [r6, #40]
 2171 0196 1F48     		ldr	r0, .L214+12
 2172 0198 D064     		str	r0, [r2, #76]
 931:Drivers/STM32F4xx_HAL_Driver/Src/stm32f4xx_hal_tim_ex.c ****                            Length) != HAL_OK)
 2173              		.loc 1 931 0
 2174 019a 3268     		ldr	r2, [r6]
 2175 019c 3832     		adds	r2, r2, #56
 2176 019e B06A     		ldr	r0, [r6, #40]
 2177 01a0 FFF7FEFF 		bl	HAL_DMA_Start_IT
 2178              	.LVL166:
 2179 01a4 0446     		mov	r4, r0
 2180 01a6 50BB     		cbnz	r0, .L201
ARM GAS  /tmp/cczycJk4.s 			page 88


 938:Drivers/STM32F4xx_HAL_Driver/Src/stm32f4xx_hal_tim_ex.c ****       break;
 2181              		.loc 1 938 0
 2182 01a8 3268     		ldr	r2, [r6]
 2183 01aa D368     		ldr	r3, [r2, #12]
 2184 01ac 43F48063 		orr	r3, r3, #1024
 2185 01b0 D360     		str	r3, [r2, #12]
 939:Drivers/STM32F4xx_HAL_Driver/Src/stm32f4xx_hal_tim_ex.c ****     }
 2186              		.loc 1 939 0
 2187 01b2 6DE7     		b	.L190
 2188              	.LVL167:
 2189              	.L192:
 945:Drivers/STM32F4xx_HAL_Driver/Src/stm32f4xx_hal_tim_ex.c ****       htim->hdma[TIM_DMA_ID_CC3]->XferHalfCpltCallback = TIM_DMADelayPulseHalfCplt;
 2190              		.loc 1 945 0
 2191 01b4 C26A     		ldr	r2, [r0, #44]
 2192 01b6 1548     		ldr	r0, .L214+4
 2193              	.LVL168:
 2194 01b8 D063     		str	r0, [r2, #60]
 946:Drivers/STM32F4xx_HAL_Driver/Src/stm32f4xx_hal_tim_ex.c **** 
 2195              		.loc 1 946 0
 2196 01ba F26A     		ldr	r2, [r6, #44]
 2197 01bc 1448     		ldr	r0, .L214+8
 2198 01be 1064     		str	r0, [r2, #64]
 949:Drivers/STM32F4xx_HAL_Driver/Src/stm32f4xx_hal_tim_ex.c **** 
 2199              		.loc 1 949 0
 2200 01c0 F26A     		ldr	r2, [r6, #44]
 2201 01c2 1448     		ldr	r0, .L214+12
 2202 01c4 D064     		str	r0, [r2, #76]
 952:Drivers/STM32F4xx_HAL_Driver/Src/stm32f4xx_hal_tim_ex.c ****                            Length) != HAL_OK)
 2203              		.loc 1 952 0
 2204 01c6 3268     		ldr	r2, [r6]
 2205 01c8 3C32     		adds	r2, r2, #60
 2206 01ca F06A     		ldr	r0, [r6, #44]
 2207 01cc FFF7FEFF 		bl	HAL_DMA_Start_IT
 2208              	.LVL169:
 2209 01d0 0446     		mov	r4, r0
 2210 01d2 B0B9     		cbnz	r0, .L202
 959:Drivers/STM32F4xx_HAL_Driver/Src/stm32f4xx_hal_tim_ex.c ****       break;
 2211              		.loc 1 959 0
 2212 01d4 3268     		ldr	r2, [r6]
 2213 01d6 D368     		ldr	r3, [r2, #12]
 2214 01d8 43F40063 		orr	r3, r3, #2048
 2215 01dc D360     		str	r3, [r2, #12]
 960:Drivers/STM32F4xx_HAL_Driver/Src/stm32f4xx_hal_tim_ex.c ****     }
 2216              		.loc 1 960 0
 2217 01de 57E7     		b	.L190
 2218              	.LVL170:
 2219              	.L194:
 979:Drivers/STM32F4xx_HAL_Driver/Src/stm32f4xx_hal_tim_ex.c ****       if (!IS_TIM_SLAVEMODE_TRIGGER_ENABLED(tmpsmcr))
 2220              		.loc 1 979 0
 2221 01e0 9A68     		ldr	r2, [r3, #8]
 2222 01e2 02F00702 		and	r2, r2, #7
 2223              	.LVL171:
 980:Drivers/STM32F4xx_HAL_Driver/Src/stm32f4xx_hal_tim_ex.c ****       {
 2224              		.loc 1 980 0
 2225 01e6 062A     		cmp	r2, #6
 2226 01e8 3FF416AF 		beq	.L180
 982:Drivers/STM32F4xx_HAL_Driver/Src/stm32f4xx_hal_tim_ex.c ****       }
ARM GAS  /tmp/cczycJk4.s 			page 89


 2227              		.loc 1 982 0
 2228 01ec 1A68     		ldr	r2, [r3]
 2229              	.LVL172:
 2230 01ee 42F00102 		orr	r2, r2, #1
 2231 01f2 1A60     		str	r2, [r3]
 2232 01f4 10E7     		b	.L180
 2233              	.LVL173:
 2234              	.L197:
 895:Drivers/STM32F4xx_HAL_Driver/Src/stm32f4xx_hal_tim_ex.c ****   }
 2235              		.loc 1 895 0
 2236 01f6 0124     		movs	r4, #1
 2237 01f8 0EE7     		b	.L180
 2238              	.LVL174:
 2239              	.L200:
 914:Drivers/STM32F4xx_HAL_Driver/Src/stm32f4xx_hal_tim_ex.c ****       }
 2240              		.loc 1 914 0
 2241 01fa 0124     		movs	r4, #1
 2242 01fc 0CE7     		b	.L180
 2243              	.L201:
 935:Drivers/STM32F4xx_HAL_Driver/Src/stm32f4xx_hal_tim_ex.c ****       }
 2244              		.loc 1 935 0
 2245 01fe 0124     		movs	r4, #1
 2246 0200 0AE7     		b	.L180
 2247              	.L202:
 956:Drivers/STM32F4xx_HAL_Driver/Src/stm32f4xx_hal_tim_ex.c ****       }
 2248              		.loc 1 956 0
 2249 0202 0124     		movs	r4, #1
 2250 0204 08E7     		b	.L180
 2251              	.L215:
 2252 0206 00BF     		.align	2
 2253              	.L214:
 2254 0208 00000140 		.word	1073807360
 2255 020c 00000000 		.word	TIM_DMADelayPulseNCplt
 2256 0210 00000000 		.word	TIM_DMADelayPulseHalfCplt
 2257 0214 00000000 		.word	TIM_DMAErrorCCxN
 2258              		.cfi_endproc
 2259              	.LFE144:
 2261              		.section	.text.HAL_TIMEx_OCN_Stop_DMA,"ax",%progbits
 2262              		.align	1
 2263              		.global	HAL_TIMEx_OCN_Stop_DMA
 2264              		.syntax unified
 2265              		.thumb
 2266              		.thumb_func
 2267              		.fpu fpv4-sp-d16
 2269              	HAL_TIMEx_OCN_Stop_DMA:
 2270              	.LFB145:
1007:Drivers/STM32F4xx_HAL_Driver/Src/stm32f4xx_hal_tim_ex.c ****   HAL_StatusTypeDef status = HAL_OK;
 2271              		.loc 1 1007 0
 2272              		.cfi_startproc
 2273              		@ args = 0, pretend = 0, frame = 0
 2274              		@ frame_needed = 0, uses_anonymous_args = 0
 2275              	.LVL175:
 2276 0000 70B5     		push	{r4, r5, r6, lr}
 2277              	.LCFI25:
 2278              		.cfi_def_cfa_offset 16
 2279              		.cfi_offset 4, -16
 2280              		.cfi_offset 5, -12
ARM GAS  /tmp/cczycJk4.s 			page 90


 2281              		.cfi_offset 6, -8
 2282              		.cfi_offset 14, -4
 2283 0002 0546     		mov	r5, r0
 2284 0004 0C46     		mov	r4, r1
 2285              	.LVL176:
1013:Drivers/STM32F4xx_HAL_Driver/Src/stm32f4xx_hal_tim_ex.c ****   {
 2286              		.loc 1 1013 0
 2287 0006 0429     		cmp	r1, #4
 2288 0008 10D0     		beq	.L218
 2289 000a 0829     		cmp	r1, #8
 2290 000c 18D0     		beq	.L219
 2291 000e 09B1     		cbz	r1, .L230
1040:Drivers/STM32F4xx_HAL_Driver/Src/stm32f4xx_hal_tim_ex.c ****       break;
 2292              		.loc 1 1040 0
 2293 0010 0126     		movs	r6, #1
 2294 0012 08E0     		b	.L217
 2295              	.L230:
1018:Drivers/STM32F4xx_HAL_Driver/Src/stm32f4xx_hal_tim_ex.c ****       (void)HAL_DMA_Abort_IT(htim->hdma[TIM_DMA_ID_CC1]);
 2296              		.loc 1 1018 0
 2297 0014 0268     		ldr	r2, [r0]
 2298 0016 D368     		ldr	r3, [r2, #12]
 2299 0018 23F40073 		bic	r3, r3, #512
 2300 001c D360     		str	r3, [r2, #12]
1019:Drivers/STM32F4xx_HAL_Driver/Src/stm32f4xx_hal_tim_ex.c ****       break;
 2301              		.loc 1 1019 0
 2302 001e 406A     		ldr	r0, [r0, #36]
 2303              	.LVL177:
 2304 0020 FFF7FEFF 		bl	HAL_DMA_Abort_IT
 2305              	.LVL178:
1008:Drivers/STM32F4xx_HAL_Driver/Src/stm32f4xx_hal_tim_ex.c **** 
 2306              		.loc 1 1008 0
 2307 0024 0026     		movs	r6, #0
 2308              	.L217:
 2309              	.LVL179:
1044:Drivers/STM32F4xx_HAL_Driver/Src/stm32f4xx_hal_tim_ex.c ****   {
 2310              		.loc 1 1044 0
 2311 0026 AEB1     		cbz	r6, .L231
 2312              	.L221:
1061:Drivers/STM32F4xx_HAL_Driver/Src/stm32f4xx_hal_tim_ex.c **** 
 2313              		.loc 1 1061 0
 2314 0028 3046     		mov	r0, r6
 2315 002a 70BD     		pop	{r4, r5, r6, pc}
 2316              	.LVL180:
 2317              	.L218:
1026:Drivers/STM32F4xx_HAL_Driver/Src/stm32f4xx_hal_tim_ex.c ****       (void)HAL_DMA_Abort_IT(htim->hdma[TIM_DMA_ID_CC2]);
 2318              		.loc 1 1026 0
 2319 002c 0268     		ldr	r2, [r0]
 2320 002e D368     		ldr	r3, [r2, #12]
 2321 0030 23F48063 		bic	r3, r3, #1024
 2322 0034 D360     		str	r3, [r2, #12]
1027:Drivers/STM32F4xx_HAL_Driver/Src/stm32f4xx_hal_tim_ex.c ****       break;
 2323              		.loc 1 1027 0
 2324 0036 806A     		ldr	r0, [r0, #40]
 2325              	.LVL181:
 2326 0038 FFF7FEFF 		bl	HAL_DMA_Abort_IT
 2327              	.LVL182:
1008:Drivers/STM32F4xx_HAL_Driver/Src/stm32f4xx_hal_tim_ex.c **** 
ARM GAS  /tmp/cczycJk4.s 			page 91


 2328              		.loc 1 1008 0
 2329 003c 0026     		movs	r6, #0
1028:Drivers/STM32F4xx_HAL_Driver/Src/stm32f4xx_hal_tim_ex.c ****     }
 2330              		.loc 1 1028 0
 2331 003e F2E7     		b	.L217
 2332              	.LVL183:
 2333              	.L219:
1034:Drivers/STM32F4xx_HAL_Driver/Src/stm32f4xx_hal_tim_ex.c ****       (void)HAL_DMA_Abort_IT(htim->hdma[TIM_DMA_ID_CC3]);
 2334              		.loc 1 1034 0
 2335 0040 0268     		ldr	r2, [r0]
 2336 0042 D368     		ldr	r3, [r2, #12]
 2337 0044 23F40063 		bic	r3, r3, #2048
 2338 0048 D360     		str	r3, [r2, #12]
1035:Drivers/STM32F4xx_HAL_Driver/Src/stm32f4xx_hal_tim_ex.c ****       break;
 2339              		.loc 1 1035 0
 2340 004a C06A     		ldr	r0, [r0, #44]
 2341              	.LVL184:
 2342 004c FFF7FEFF 		bl	HAL_DMA_Abort_IT
 2343              	.LVL185:
1008:Drivers/STM32F4xx_HAL_Driver/Src/stm32f4xx_hal_tim_ex.c **** 
 2344              		.loc 1 1008 0
 2345 0050 0026     		movs	r6, #0
1036:Drivers/STM32F4xx_HAL_Driver/Src/stm32f4xx_hal_tim_ex.c ****     }
 2346              		.loc 1 1036 0
 2347 0052 E8E7     		b	.L217
 2348              	.LVL186:
 2349              	.L231:
1047:Drivers/STM32F4xx_HAL_Driver/Src/stm32f4xx_hal_tim_ex.c **** 
 2350              		.loc 1 1047 0
 2351 0054 0022     		movs	r2, #0
 2352 0056 2146     		mov	r1, r4
 2353 0058 2868     		ldr	r0, [r5]
 2354 005a FFF7FEFF 		bl	TIM_CCxNChannelCmd
 2355              	.LVL187:
1050:Drivers/STM32F4xx_HAL_Driver/Src/stm32f4xx_hal_tim_ex.c **** 
 2356              		.loc 1 1050 0
 2357 005e 2B68     		ldr	r3, [r5]
 2358 0060 196A     		ldr	r1, [r3, #32]
 2359 0062 41F21112 		movw	r2, #4369
 2360 0066 1142     		tst	r1, r2
 2361 0068 08D1     		bne	.L222
1050:Drivers/STM32F4xx_HAL_Driver/Src/stm32f4xx_hal_tim_ex.c **** 
 2362              		.loc 1 1050 0 is_stmt 0 discriminator 1
 2363 006a 196A     		ldr	r1, [r3, #32]
 2364 006c 40F24442 		movw	r2, #1092
 2365 0070 1142     		tst	r1, r2
 2366 0072 03D1     		bne	.L222
1050:Drivers/STM32F4xx_HAL_Driver/Src/stm32f4xx_hal_tim_ex.c **** 
 2367              		.loc 1 1050 0 discriminator 2
 2368 0074 5A6C     		ldr	r2, [r3, #68]
 2369 0076 22F40042 		bic	r2, r2, #32768
 2370 007a 5A64     		str	r2, [r3, #68]
 2371              	.L222:
1053:Drivers/STM32F4xx_HAL_Driver/Src/stm32f4xx_hal_tim_ex.c **** 
 2372              		.loc 1 1053 0 is_stmt 1
 2373 007c 2B68     		ldr	r3, [r5]
 2374 007e 196A     		ldr	r1, [r3, #32]
ARM GAS  /tmp/cczycJk4.s 			page 92


 2375 0080 41F21112 		movw	r2, #4369
 2376 0084 1142     		tst	r1, r2
 2377 0086 08D1     		bne	.L223
1053:Drivers/STM32F4xx_HAL_Driver/Src/stm32f4xx_hal_tim_ex.c **** 
 2378              		.loc 1 1053 0 is_stmt 0 discriminator 1
 2379 0088 196A     		ldr	r1, [r3, #32]
 2380 008a 40F24442 		movw	r2, #1092
 2381 008e 1142     		tst	r1, r2
 2382 0090 03D1     		bne	.L223
1053:Drivers/STM32F4xx_HAL_Driver/Src/stm32f4xx_hal_tim_ex.c **** 
 2383              		.loc 1 1053 0 discriminator 2
 2384 0092 1A68     		ldr	r2, [r3]
 2385 0094 22F00102 		bic	r2, r2, #1
 2386 0098 1A60     		str	r2, [r3]
 2387              	.L223:
1056:Drivers/STM32F4xx_HAL_Driver/Src/stm32f4xx_hal_tim_ex.c ****   }
 2388              		.loc 1 1056 0 is_stmt 1
 2389 009a 3CB1     		cbz	r4, .L232
1056:Drivers/STM32F4xx_HAL_Driver/Src/stm32f4xx_hal_tim_ex.c ****   }
 2390              		.loc 1 1056 0 is_stmt 0 discriminator 2
 2391 009c 042C     		cmp	r4, #4
 2392 009e 09D0     		beq	.L233
1056:Drivers/STM32F4xx_HAL_Driver/Src/stm32f4xx_hal_tim_ex.c ****   }
 2393              		.loc 1 1056 0 discriminator 4
 2394 00a0 082C     		cmp	r4, #8
 2395 00a2 0BD0     		beq	.L234
1056:Drivers/STM32F4xx_HAL_Driver/Src/stm32f4xx_hal_tim_ex.c ****   }
 2396              		.loc 1 1056 0 discriminator 7
 2397 00a4 0123     		movs	r3, #1
 2398 00a6 85F84530 		strb	r3, [r5, #69]
 2399 00aa BDE7     		b	.L221
 2400              	.L232:
1056:Drivers/STM32F4xx_HAL_Driver/Src/stm32f4xx_hal_tim_ex.c ****   }
 2401              		.loc 1 1056 0 discriminator 1
 2402 00ac 0123     		movs	r3, #1
 2403 00ae 85F84230 		strb	r3, [r5, #66]
 2404 00b2 B9E7     		b	.L221
 2405              	.L233:
1056:Drivers/STM32F4xx_HAL_Driver/Src/stm32f4xx_hal_tim_ex.c ****   }
 2406              		.loc 1 1056 0 discriminator 3
 2407 00b4 0123     		movs	r3, #1
 2408 00b6 85F84330 		strb	r3, [r5, #67]
 2409 00ba B5E7     		b	.L221
 2410              	.L234:
1056:Drivers/STM32F4xx_HAL_Driver/Src/stm32f4xx_hal_tim_ex.c ****   }
 2411              		.loc 1 1056 0 discriminator 6
 2412 00bc 0123     		movs	r3, #1
 2413 00be 85F84430 		strb	r3, [r5, #68]
 2414 00c2 B1E7     		b	.L221
 2415              		.cfi_endproc
 2416              	.LFE145:
 2418              		.section	.text.HAL_TIMEx_PWMN_Start,"ax",%progbits
 2419              		.align	1
 2420              		.global	HAL_TIMEx_PWMN_Start
 2421              		.syntax unified
 2422              		.thumb
 2423              		.thumb_func
ARM GAS  /tmp/cczycJk4.s 			page 93


 2424              		.fpu fpv4-sp-d16
 2426              	HAL_TIMEx_PWMN_Start:
 2427              	.LFB146:
1108:Drivers/STM32F4xx_HAL_Driver/Src/stm32f4xx_hal_tim_ex.c ****   uint32_t tmpsmcr;
 2428              		.loc 1 1108 0 is_stmt 1
 2429              		.cfi_startproc
 2430              		@ args = 0, pretend = 0, frame = 0
 2431              		@ frame_needed = 0, uses_anonymous_args = 0
 2432              	.LVL188:
1115:Drivers/STM32F4xx_HAL_Driver/Src/stm32f4xx_hal_tim_ex.c ****   {
 2433              		.loc 1 1115 0
 2434 0000 0A46     		mov	r2, r1
 2435 0002 0029     		cmp	r1, #0
 2436 0004 3ED1     		bne	.L236
1115:Drivers/STM32F4xx_HAL_Driver/Src/stm32f4xx_hal_tim_ex.c ****   {
 2437              		.loc 1 1115 0 is_stmt 0 discriminator 1
 2438 0006 90F84230 		ldrb	r3, [r0, #66]	@ zero_extendqisi2
 2439 000a DBB2     		uxtb	r3, r3
 2440 000c 13F1FF33 		adds	r3, r3, #-1
 2441 0010 18BF     		it	ne
 2442 0012 0123     		movne	r3, #1
 2443              	.L237:
1115:Drivers/STM32F4xx_HAL_Driver/Src/stm32f4xx_hal_tim_ex.c ****   {
 2444              		.loc 1 1115 0 discriminator 12
 2445 0014 002B     		cmp	r3, #0
 2446 0016 6CD1     		bne	.L247
1108:Drivers/STM32F4xx_HAL_Driver/Src/stm32f4xx_hal_tim_ex.c ****   uint32_t tmpsmcr;
 2447              		.loc 1 1108 0 is_stmt 1
 2448 0018 10B5     		push	{r4, lr}
 2449              	.LCFI26:
 2450              		.cfi_def_cfa_offset 8
 2451              		.cfi_offset 4, -8
 2452              		.cfi_offset 14, -4
1121:Drivers/STM32F4xx_HAL_Driver/Src/stm32f4xx_hal_tim_ex.c **** 
 2453              		.loc 1 1121 0
 2454 001a 002A     		cmp	r2, #0
 2455 001c 4ED1     		bne	.L241
1121:Drivers/STM32F4xx_HAL_Driver/Src/stm32f4xx_hal_tim_ex.c **** 
 2456              		.loc 1 1121 0 is_stmt 0 discriminator 1
 2457 001e 0223     		movs	r3, #2
 2458 0020 80F84230 		strb	r3, [r0, #66]
 2459              	.L242:
 2460 0024 1146     		mov	r1, r2
 2461              	.LVL189:
 2462 0026 0446     		mov	r4, r0
1124:Drivers/STM32F4xx_HAL_Driver/Src/stm32f4xx_hal_tim_ex.c **** 
 2463              		.loc 1 1124 0 is_stmt 1
 2464 0028 0422     		movs	r2, #4
 2465              	.LVL190:
 2466 002a 0068     		ldr	r0, [r0]
 2467              	.LVL191:
 2468 002c FFF7FEFF 		bl	TIM_CCxNChannelCmd
 2469              	.LVL192:
1127:Drivers/STM32F4xx_HAL_Driver/Src/stm32f4xx_hal_tim_ex.c **** 
 2470              		.loc 1 1127 0
 2471 0030 2268     		ldr	r2, [r4]
 2472 0032 536C     		ldr	r3, [r2, #68]
ARM GAS  /tmp/cczycJk4.s 			page 94


 2473 0034 43F40043 		orr	r3, r3, #32768
 2474 0038 5364     		str	r3, [r2, #68]
1130:Drivers/STM32F4xx_HAL_Driver/Src/stm32f4xx_hal_tim_ex.c ****   {
 2475              		.loc 1 1130 0
 2476 003a 2368     		ldr	r3, [r4]
 2477 003c 2F4A     		ldr	r2, .L257
 2478 003e 9342     		cmp	r3, r2
 2479 0040 4CD0     		beq	.L245
1130:Drivers/STM32F4xx_HAL_Driver/Src/stm32f4xx_hal_tim_ex.c ****   {
 2480              		.loc 1 1130 0 is_stmt 0 discriminator 1
 2481 0042 B3F1804F 		cmp	r3, #1073741824
 2482 0046 49D0     		beq	.L245
1130:Drivers/STM32F4xx_HAL_Driver/Src/stm32f4xx_hal_tim_ex.c ****   {
 2483              		.loc 1 1130 0 discriminator 2
 2484 0048 A2F57C42 		sub	r2, r2, #64512
 2485 004c 9342     		cmp	r3, r2
 2486 004e 45D0     		beq	.L245
1130:Drivers/STM32F4xx_HAL_Driver/Src/stm32f4xx_hal_tim_ex.c ****   {
 2487              		.loc 1 1130 0 discriminator 3
 2488 0050 02F58062 		add	r2, r2, #1024
 2489 0054 9342     		cmp	r3, r2
 2490 0056 41D0     		beq	.L245
1130:Drivers/STM32F4xx_HAL_Driver/Src/stm32f4xx_hal_tim_ex.c ****   {
 2491              		.loc 1 1130 0 discriminator 4
 2492 0058 02F58062 		add	r2, r2, #1024
 2493 005c 9342     		cmp	r3, r2
 2494 005e 3DD0     		beq	.L245
1130:Drivers/STM32F4xx_HAL_Driver/Src/stm32f4xx_hal_tim_ex.c ****   {
 2495              		.loc 1 1130 0 discriminator 5
 2496 0060 02F57842 		add	r2, r2, #63488
 2497 0064 9342     		cmp	r3, r2
 2498 0066 39D0     		beq	.L245
1130:Drivers/STM32F4xx_HAL_Driver/Src/stm32f4xx_hal_tim_ex.c ****   {
 2499              		.loc 1 1130 0 discriminator 6
 2500 0068 02F57052 		add	r2, r2, #15360
 2501 006c 9342     		cmp	r3, r2
 2502 006e 35D0     		beq	.L245
1130:Drivers/STM32F4xx_HAL_Driver/Src/stm32f4xx_hal_tim_ex.c ****   {
 2503              		.loc 1 1130 0 discriminator 7
 2504 0070 A2F59432 		sub	r2, r2, #75776
 2505 0074 9342     		cmp	r3, r2
 2506 0076 31D0     		beq	.L245
1140:Drivers/STM32F4xx_HAL_Driver/Src/stm32f4xx_hal_tim_ex.c ****   }
 2507              		.loc 1 1140 0 is_stmt 1
 2508 0078 1A68     		ldr	r2, [r3]
 2509 007a 42F00102 		orr	r2, r2, #1
 2510 007e 1A60     		str	r2, [r3]
1144:Drivers/STM32F4xx_HAL_Driver/Src/stm32f4xx_hal_tim_ex.c **** }
 2511              		.loc 1 1144 0
 2512 0080 0020     		movs	r0, #0
 2513 0082 10BD     		pop	{r4, pc}
 2514              	.LVL193:
 2515              	.L236:
 2516              	.LCFI27:
 2517              		.cfi_def_cfa_offset 0
 2518              		.cfi_restore 4
 2519              		.cfi_restore 14
ARM GAS  /tmp/cczycJk4.s 			page 95


1115:Drivers/STM32F4xx_HAL_Driver/Src/stm32f4xx_hal_tim_ex.c ****   {
 2520              		.loc 1 1115 0 discriminator 2
 2521 0084 0429     		cmp	r1, #4
 2522 0086 09D0     		beq	.L253
1115:Drivers/STM32F4xx_HAL_Driver/Src/stm32f4xx_hal_tim_ex.c ****   {
 2523              		.loc 1 1115 0 is_stmt 0 discriminator 5
 2524 0088 0829     		cmp	r1, #8
 2525 008a 0FD0     		beq	.L254
1115:Drivers/STM32F4xx_HAL_Driver/Src/stm32f4xx_hal_tim_ex.c ****   {
 2526              		.loc 1 1115 0 discriminator 8
 2527 008c 90F84530 		ldrb	r3, [r0, #69]	@ zero_extendqisi2
 2528 0090 DBB2     		uxtb	r3, r3
 2529 0092 13F1FF33 		adds	r3, r3, #-1
 2530 0096 18BF     		it	ne
 2531 0098 0123     		movne	r3, #1
 2532 009a BBE7     		b	.L237
 2533              	.L253:
1115:Drivers/STM32F4xx_HAL_Driver/Src/stm32f4xx_hal_tim_ex.c ****   {
 2534              		.loc 1 1115 0 discriminator 4
 2535 009c 90F84330 		ldrb	r3, [r0, #67]	@ zero_extendqisi2
 2536 00a0 DBB2     		uxtb	r3, r3
 2537 00a2 13F1FF33 		adds	r3, r3, #-1
 2538 00a6 18BF     		it	ne
 2539 00a8 0123     		movne	r3, #1
 2540 00aa B3E7     		b	.L237
 2541              	.L254:
1115:Drivers/STM32F4xx_HAL_Driver/Src/stm32f4xx_hal_tim_ex.c ****   {
 2542              		.loc 1 1115 0 discriminator 7
 2543 00ac 90F84430 		ldrb	r3, [r0, #68]	@ zero_extendqisi2
 2544 00b0 DBB2     		uxtb	r3, r3
 2545 00b2 13F1FF33 		adds	r3, r3, #-1
 2546 00b6 18BF     		it	ne
 2547 00b8 0123     		movne	r3, #1
 2548 00ba ABE7     		b	.L237
 2549              	.L241:
 2550              	.LCFI28:
 2551              		.cfi_def_cfa_offset 8
 2552              		.cfi_offset 4, -8
 2553              		.cfi_offset 14, -4
1121:Drivers/STM32F4xx_HAL_Driver/Src/stm32f4xx_hal_tim_ex.c **** 
 2554              		.loc 1 1121 0 is_stmt 1 discriminator 2
 2555 00bc 042A     		cmp	r2, #4
 2556 00be 05D0     		beq	.L255
1121:Drivers/STM32F4xx_HAL_Driver/Src/stm32f4xx_hal_tim_ex.c **** 
 2557              		.loc 1 1121 0 is_stmt 0 discriminator 4
 2558 00c0 082A     		cmp	r2, #8
 2559 00c2 07D0     		beq	.L256
1121:Drivers/STM32F4xx_HAL_Driver/Src/stm32f4xx_hal_tim_ex.c **** 
 2560              		.loc 1 1121 0 discriminator 7
 2561 00c4 0223     		movs	r3, #2
 2562 00c6 80F84530 		strb	r3, [r0, #69]
 2563 00ca ABE7     		b	.L242
 2564              	.L255:
1121:Drivers/STM32F4xx_HAL_Driver/Src/stm32f4xx_hal_tim_ex.c **** 
 2565              		.loc 1 1121 0 discriminator 3
 2566 00cc 0223     		movs	r3, #2
 2567 00ce 80F84330 		strb	r3, [r0, #67]
ARM GAS  /tmp/cczycJk4.s 			page 96


 2568 00d2 A7E7     		b	.L242
 2569              	.L256:
1121:Drivers/STM32F4xx_HAL_Driver/Src/stm32f4xx_hal_tim_ex.c **** 
 2570              		.loc 1 1121 0 discriminator 6
 2571 00d4 0223     		movs	r3, #2
 2572 00d6 80F84430 		strb	r3, [r0, #68]
 2573 00da A3E7     		b	.L242
 2574              	.LVL194:
 2575              	.L245:
1132:Drivers/STM32F4xx_HAL_Driver/Src/stm32f4xx_hal_tim_ex.c ****     if (!IS_TIM_SLAVEMODE_TRIGGER_ENABLED(tmpsmcr))
 2576              		.loc 1 1132 0 is_stmt 1
 2577 00dc 9A68     		ldr	r2, [r3, #8]
 2578 00de 02F00702 		and	r2, r2, #7
 2579              	.LVL195:
1133:Drivers/STM32F4xx_HAL_Driver/Src/stm32f4xx_hal_tim_ex.c ****     {
 2580              		.loc 1 1133 0
 2581 00e2 062A     		cmp	r2, #6
 2582 00e4 07D0     		beq	.L248
1135:Drivers/STM32F4xx_HAL_Driver/Src/stm32f4xx_hal_tim_ex.c ****     }
 2583              		.loc 1 1135 0
 2584 00e6 1A68     		ldr	r2, [r3]
 2585              	.LVL196:
 2586 00e8 42F00102 		orr	r2, r2, #1
 2587 00ec 1A60     		str	r2, [r3]
1144:Drivers/STM32F4xx_HAL_Driver/Src/stm32f4xx_hal_tim_ex.c **** }
 2588              		.loc 1 1144 0
 2589 00ee 0020     		movs	r0, #0
 2590 00f0 10BD     		pop	{r4, pc}
 2591              	.LVL197:
 2592              	.L247:
 2593              	.LCFI29:
 2594              		.cfi_def_cfa_offset 0
 2595              		.cfi_restore 4
 2596              		.cfi_restore 14
1117:Drivers/STM32F4xx_HAL_Driver/Src/stm32f4xx_hal_tim_ex.c ****   }
 2597              		.loc 1 1117 0
 2598 00f2 0120     		movs	r0, #1
 2599              	.LVL198:
 2600 00f4 7047     		bx	lr
 2601              	.LVL199:
 2602              	.L248:
 2603              	.LCFI30:
 2604              		.cfi_def_cfa_offset 8
 2605              		.cfi_offset 4, -8
 2606              		.cfi_offset 14, -4
1144:Drivers/STM32F4xx_HAL_Driver/Src/stm32f4xx_hal_tim_ex.c **** }
 2607              		.loc 1 1144 0
 2608 00f6 0020     		movs	r0, #0
1145:Drivers/STM32F4xx_HAL_Driver/Src/stm32f4xx_hal_tim_ex.c **** 
 2609              		.loc 1 1145 0
 2610 00f8 10BD     		pop	{r4, pc}
 2611              	.LVL200:
 2612              	.L258:
 2613 00fa 00BF     		.align	2
 2614              	.L257:
 2615 00fc 00000140 		.word	1073807360
 2616              		.cfi_endproc
ARM GAS  /tmp/cczycJk4.s 			page 97


 2617              	.LFE146:
 2619              		.section	.text.HAL_TIMEx_PWMN_Stop,"ax",%progbits
 2620              		.align	1
 2621              		.global	HAL_TIMEx_PWMN_Stop
 2622              		.syntax unified
 2623              		.thumb
 2624              		.thumb_func
 2625              		.fpu fpv4-sp-d16
 2627              	HAL_TIMEx_PWMN_Stop:
 2628              	.LFB147:
1158:Drivers/STM32F4xx_HAL_Driver/Src/stm32f4xx_hal_tim_ex.c ****   /* Check the parameters */
 2629              		.loc 1 1158 0
 2630              		.cfi_startproc
 2631              		@ args = 0, pretend = 0, frame = 0
 2632              		@ frame_needed = 0, uses_anonymous_args = 0
 2633              	.LVL201:
 2634 0000 38B5     		push	{r3, r4, r5, lr}
 2635              	.LCFI31:
 2636              		.cfi_def_cfa_offset 16
 2637              		.cfi_offset 3, -16
 2638              		.cfi_offset 4, -12
 2639              		.cfi_offset 5, -8
 2640              		.cfi_offset 14, -4
 2641 0002 0446     		mov	r4, r0
 2642 0004 0D46     		mov	r5, r1
1163:Drivers/STM32F4xx_HAL_Driver/Src/stm32f4xx_hal_tim_ex.c **** 
 2643              		.loc 1 1163 0
 2644 0006 0022     		movs	r2, #0
 2645 0008 0068     		ldr	r0, [r0]
 2646              	.LVL202:
 2647 000a FFF7FEFF 		bl	TIM_CCxNChannelCmd
 2648              	.LVL203:
1166:Drivers/STM32F4xx_HAL_Driver/Src/stm32f4xx_hal_tim_ex.c **** 
 2649              		.loc 1 1166 0
 2650 000e 2368     		ldr	r3, [r4]
 2651 0010 196A     		ldr	r1, [r3, #32]
 2652 0012 41F21112 		movw	r2, #4369
 2653 0016 1142     		tst	r1, r2
 2654 0018 08D1     		bne	.L260
1166:Drivers/STM32F4xx_HAL_Driver/Src/stm32f4xx_hal_tim_ex.c **** 
 2655              		.loc 1 1166 0 is_stmt 0 discriminator 1
 2656 001a 196A     		ldr	r1, [r3, #32]
 2657 001c 40F24442 		movw	r2, #1092
 2658 0020 1142     		tst	r1, r2
 2659 0022 03D1     		bne	.L260
1166:Drivers/STM32F4xx_HAL_Driver/Src/stm32f4xx_hal_tim_ex.c **** 
 2660              		.loc 1 1166 0 discriminator 2
 2661 0024 5A6C     		ldr	r2, [r3, #68]
 2662 0026 22F40042 		bic	r2, r2, #32768
 2663 002a 5A64     		str	r2, [r3, #68]
 2664              	.L260:
1169:Drivers/STM32F4xx_HAL_Driver/Src/stm32f4xx_hal_tim_ex.c **** 
 2665              		.loc 1 1169 0 is_stmt 1
 2666 002c 2368     		ldr	r3, [r4]
 2667 002e 196A     		ldr	r1, [r3, #32]
 2668 0030 41F21112 		movw	r2, #4369
 2669 0034 1142     		tst	r1, r2
ARM GAS  /tmp/cczycJk4.s 			page 98


 2670 0036 08D1     		bne	.L261
1169:Drivers/STM32F4xx_HAL_Driver/Src/stm32f4xx_hal_tim_ex.c **** 
 2671              		.loc 1 1169 0 is_stmt 0 discriminator 1
 2672 0038 196A     		ldr	r1, [r3, #32]
 2673 003a 40F24442 		movw	r2, #1092
 2674 003e 1142     		tst	r1, r2
 2675 0040 03D1     		bne	.L261
1169:Drivers/STM32F4xx_HAL_Driver/Src/stm32f4xx_hal_tim_ex.c **** 
 2676              		.loc 1 1169 0 discriminator 2
 2677 0042 1A68     		ldr	r2, [r3]
 2678 0044 22F00102 		bic	r2, r2, #1
 2679 0048 1A60     		str	r2, [r3]
 2680              	.L261:
1172:Drivers/STM32F4xx_HAL_Driver/Src/stm32f4xx_hal_tim_ex.c **** 
 2681              		.loc 1 1172 0 is_stmt 1
 2682 004a 45B1     		cbz	r5, .L267
1172:Drivers/STM32F4xx_HAL_Driver/Src/stm32f4xx_hal_tim_ex.c **** 
 2683              		.loc 1 1172 0 is_stmt 0 discriminator 2
 2684 004c 042D     		cmp	r5, #4
 2685 004e 0AD0     		beq	.L268
1172:Drivers/STM32F4xx_HAL_Driver/Src/stm32f4xx_hal_tim_ex.c **** 
 2686              		.loc 1 1172 0 discriminator 4
 2687 0050 082D     		cmp	r5, #8
 2688 0052 0CD0     		beq	.L269
1172:Drivers/STM32F4xx_HAL_Driver/Src/stm32f4xx_hal_tim_ex.c **** 
 2689              		.loc 1 1172 0 discriminator 7
 2690 0054 0123     		movs	r3, #1
 2691 0056 84F84530 		strb	r3, [r4, #69]
 2692              	.L263:
1176:Drivers/STM32F4xx_HAL_Driver/Src/stm32f4xx_hal_tim_ex.c **** 
 2693              		.loc 1 1176 0 is_stmt 1
 2694 005a 0020     		movs	r0, #0
 2695 005c 38BD     		pop	{r3, r4, r5, pc}
 2696              	.LVL204:
 2697              	.L267:
1172:Drivers/STM32F4xx_HAL_Driver/Src/stm32f4xx_hal_tim_ex.c **** 
 2698              		.loc 1 1172 0 discriminator 1
 2699 005e 0123     		movs	r3, #1
 2700 0060 84F84230 		strb	r3, [r4, #66]
 2701 0064 F9E7     		b	.L263
 2702              	.L268:
1172:Drivers/STM32F4xx_HAL_Driver/Src/stm32f4xx_hal_tim_ex.c **** 
 2703              		.loc 1 1172 0 is_stmt 0 discriminator 3
 2704 0066 0123     		movs	r3, #1
 2705 0068 84F84330 		strb	r3, [r4, #67]
 2706 006c F5E7     		b	.L263
 2707              	.L269:
1172:Drivers/STM32F4xx_HAL_Driver/Src/stm32f4xx_hal_tim_ex.c **** 
 2708              		.loc 1 1172 0 discriminator 6
 2709 006e 0123     		movs	r3, #1
 2710 0070 84F84430 		strb	r3, [r4, #68]
 2711 0074 F1E7     		b	.L263
 2712              		.cfi_endproc
 2713              	.LFE147:
 2715              		.section	.text.HAL_TIMEx_PWMN_Start_IT,"ax",%progbits
 2716              		.align	1
 2717              		.global	HAL_TIMEx_PWMN_Start_IT
ARM GAS  /tmp/cczycJk4.s 			page 99


 2718              		.syntax unified
 2719              		.thumb
 2720              		.thumb_func
 2721              		.fpu fpv4-sp-d16
 2723              	HAL_TIMEx_PWMN_Start_IT:
 2724              	.LFB148:
1190:Drivers/STM32F4xx_HAL_Driver/Src/stm32f4xx_hal_tim_ex.c ****   HAL_StatusTypeDef status = HAL_OK;
 2725              		.loc 1 1190 0 is_stmt 1
 2726              		.cfi_startproc
 2727              		@ args = 0, pretend = 0, frame = 0
 2728              		@ frame_needed = 0, uses_anonymous_args = 0
 2729              	.LVL205:
 2730 0000 38B5     		push	{r3, r4, r5, lr}
 2731              	.LCFI32:
 2732              		.cfi_def_cfa_offset 16
 2733              		.cfi_offset 3, -16
 2734              		.cfi_offset 4, -12
 2735              		.cfi_offset 5, -8
 2736              		.cfi_offset 14, -4
 2737              	.LVL206:
1198:Drivers/STM32F4xx_HAL_Driver/Src/stm32f4xx_hal_tim_ex.c ****   {
 2738              		.loc 1 1198 0
 2739 0002 0A46     		mov	r2, r1
 2740 0004 A1B9     		cbnz	r1, .L271
1198:Drivers/STM32F4xx_HAL_Driver/Src/stm32f4xx_hal_tim_ex.c ****   {
 2741              		.loc 1 1198 0 is_stmt 0 discriminator 1
 2742 0006 90F84230 		ldrb	r3, [r0, #66]	@ zero_extendqisi2
 2743 000a DBB2     		uxtb	r3, r3
 2744 000c 13F1FF33 		adds	r3, r3, #-1
 2745 0010 18BF     		it	ne
 2746 0012 0123     		movne	r3, #1
 2747              	.L272:
1198:Drivers/STM32F4xx_HAL_Driver/Src/stm32f4xx_hal_tim_ex.c ****   {
 2748              		.loc 1 1198 0 discriminator 12
 2749 0014 002B     		cmp	r3, #0
 2750 0016 40F08B80 		bne	.L286
1204:Drivers/STM32F4xx_HAL_Driver/Src/stm32f4xx_hal_tim_ex.c **** 
 2751              		.loc 1 1204 0 is_stmt 1
 2752 001a 2ABB     		cbnz	r2, .L276
1204:Drivers/STM32F4xx_HAL_Driver/Src/stm32f4xx_hal_tim_ex.c **** 
 2753              		.loc 1 1204 0 is_stmt 0 discriminator 1
 2754 001c 0223     		movs	r3, #2
 2755 001e 80F84230 		strb	r3, [r0, #66]
 2756              	.L277:
1206:Drivers/STM32F4xx_HAL_Driver/Src/stm32f4xx_hal_tim_ex.c ****   {
 2757              		.loc 1 1206 0 is_stmt 1
 2758 0022 042A     		cmp	r2, #4
 2759 0024 6CD0     		beq	.L281
 2760 0026 082A     		cmp	r2, #8
 2761 0028 71D0     		beq	.L282
 2762 002a 6AB3     		cbz	r2, .L290
1230:Drivers/STM32F4xx_HAL_Driver/Src/stm32f4xx_hal_tim_ex.c ****       break;
 2763              		.loc 1 1230 0
 2764 002c 0125     		movs	r5, #1
 2765 002e 31E0     		b	.L280
 2766              	.L271:
1198:Drivers/STM32F4xx_HAL_Driver/Src/stm32f4xx_hal_tim_ex.c ****   {
ARM GAS  /tmp/cczycJk4.s 			page 100


 2767              		.loc 1 1198 0 discriminator 2
 2768 0030 0429     		cmp	r1, #4
 2769 0032 09D0     		beq	.L291
1198:Drivers/STM32F4xx_HAL_Driver/Src/stm32f4xx_hal_tim_ex.c ****   {
 2770              		.loc 1 1198 0 is_stmt 0 discriminator 5
 2771 0034 0829     		cmp	r1, #8
 2772 0036 0FD0     		beq	.L292
1198:Drivers/STM32F4xx_HAL_Driver/Src/stm32f4xx_hal_tim_ex.c ****   {
 2773              		.loc 1 1198 0 discriminator 8
 2774 0038 90F84530 		ldrb	r3, [r0, #69]	@ zero_extendqisi2
 2775 003c DBB2     		uxtb	r3, r3
 2776 003e 13F1FF33 		adds	r3, r3, #-1
 2777 0042 18BF     		it	ne
 2778 0044 0123     		movne	r3, #1
 2779 0046 E5E7     		b	.L272
 2780              	.L291:
1198:Drivers/STM32F4xx_HAL_Driver/Src/stm32f4xx_hal_tim_ex.c ****   {
 2781              		.loc 1 1198 0 discriminator 4
 2782 0048 90F84330 		ldrb	r3, [r0, #67]	@ zero_extendqisi2
 2783 004c DBB2     		uxtb	r3, r3
 2784 004e 13F1FF33 		adds	r3, r3, #-1
 2785 0052 18BF     		it	ne
 2786 0054 0123     		movne	r3, #1
 2787 0056 DDE7     		b	.L272
 2788              	.L292:
1198:Drivers/STM32F4xx_HAL_Driver/Src/stm32f4xx_hal_tim_ex.c ****   {
 2789              		.loc 1 1198 0 discriminator 7
 2790 0058 90F84430 		ldrb	r3, [r0, #68]	@ zero_extendqisi2
 2791 005c DBB2     		uxtb	r3, r3
 2792 005e 13F1FF33 		adds	r3, r3, #-1
 2793 0062 18BF     		it	ne
 2794 0064 0123     		movne	r3, #1
 2795 0066 D5E7     		b	.L272
 2796              	.L276:
1204:Drivers/STM32F4xx_HAL_Driver/Src/stm32f4xx_hal_tim_ex.c **** 
 2797              		.loc 1 1204 0 is_stmt 1 discriminator 2
 2798 0068 042A     		cmp	r2, #4
 2799 006a 05D0     		beq	.L293
1204:Drivers/STM32F4xx_HAL_Driver/Src/stm32f4xx_hal_tim_ex.c **** 
 2800              		.loc 1 1204 0 is_stmt 0 discriminator 4
 2801 006c 082A     		cmp	r2, #8
 2802 006e 07D0     		beq	.L294
1204:Drivers/STM32F4xx_HAL_Driver/Src/stm32f4xx_hal_tim_ex.c **** 
 2803              		.loc 1 1204 0 discriminator 7
 2804 0070 0223     		movs	r3, #2
 2805 0072 80F84530 		strb	r3, [r0, #69]
 2806 0076 D4E7     		b	.L277
 2807              	.L293:
1204:Drivers/STM32F4xx_HAL_Driver/Src/stm32f4xx_hal_tim_ex.c **** 
 2808              		.loc 1 1204 0 discriminator 3
 2809 0078 0223     		movs	r3, #2
 2810 007a 80F84330 		strb	r3, [r0, #67]
 2811 007e D0E7     		b	.L277
 2812              	.L294:
1204:Drivers/STM32F4xx_HAL_Driver/Src/stm32f4xx_hal_tim_ex.c **** 
 2813              		.loc 1 1204 0 discriminator 6
 2814 0080 0223     		movs	r3, #2
ARM GAS  /tmp/cczycJk4.s 			page 101


 2815 0082 80F84430 		strb	r3, [r0, #68]
 2816 0086 CCE7     		b	.L277
 2817              	.L290:
1211:Drivers/STM32F4xx_HAL_Driver/Src/stm32f4xx_hal_tim_ex.c ****       break;
 2818              		.loc 1 1211 0 is_stmt 1
 2819 0088 0168     		ldr	r1, [r0]
 2820              	.LVL207:
 2821 008a CB68     		ldr	r3, [r1, #12]
 2822 008c 43F00203 		orr	r3, r3, #2
 2823 0090 CB60     		str	r3, [r1, #12]
1191:Drivers/STM32F4xx_HAL_Driver/Src/stm32f4xx_hal_tim_ex.c ****   uint32_t tmpsmcr;
 2824              		.loc 1 1191 0
 2825 0092 0025     		movs	r5, #0
 2826              	.L280:
 2827              	.LVL208:
1234:Drivers/STM32F4xx_HAL_Driver/Src/stm32f4xx_hal_tim_ex.c ****   {
 2828              		.loc 1 1234 0
 2829 0094 002D     		cmp	r5, #0
 2830 0096 4CD1     		bne	.L275
 2831 0098 1146     		mov	r1, r2
 2832 009a 0446     		mov	r4, r0
1237:Drivers/STM32F4xx_HAL_Driver/Src/stm32f4xx_hal_tim_ex.c **** 
 2833              		.loc 1 1237 0
 2834 009c 0268     		ldr	r2, [r0]
 2835              	.LVL209:
 2836 009e D368     		ldr	r3, [r2, #12]
 2837 00a0 43F08003 		orr	r3, r3, #128
 2838 00a4 D360     		str	r3, [r2, #12]
1240:Drivers/STM32F4xx_HAL_Driver/Src/stm32f4xx_hal_tim_ex.c **** 
 2839              		.loc 1 1240 0
 2840 00a6 0422     		movs	r2, #4
 2841 00a8 0068     		ldr	r0, [r0]
 2842              	.LVL210:
 2843 00aa FFF7FEFF 		bl	TIM_CCxNChannelCmd
 2844              	.LVL211:
1243:Drivers/STM32F4xx_HAL_Driver/Src/stm32f4xx_hal_tim_ex.c **** 
 2845              		.loc 1 1243 0
 2846 00ae 2268     		ldr	r2, [r4]
 2847 00b0 536C     		ldr	r3, [r2, #68]
 2848 00b2 43F40043 		orr	r3, r3, #32768
 2849 00b6 5364     		str	r3, [r2, #68]
1246:Drivers/STM32F4xx_HAL_Driver/Src/stm32f4xx_hal_tim_ex.c ****     {
 2850              		.loc 1 1246 0
 2851 00b8 2368     		ldr	r3, [r4]
 2852 00ba 1F4A     		ldr	r2, .L295
 2853 00bc 9342     		cmp	r3, r2
 2854 00be 2DD0     		beq	.L284
1246:Drivers/STM32F4xx_HAL_Driver/Src/stm32f4xx_hal_tim_ex.c ****     {
 2855              		.loc 1 1246 0 is_stmt 0 discriminator 1
 2856 00c0 B3F1804F 		cmp	r3, #1073741824
 2857 00c4 2AD0     		beq	.L284
1246:Drivers/STM32F4xx_HAL_Driver/Src/stm32f4xx_hal_tim_ex.c ****     {
 2858              		.loc 1 1246 0 discriminator 2
 2859 00c6 A2F57C42 		sub	r2, r2, #64512
 2860 00ca 9342     		cmp	r3, r2
 2861 00cc 26D0     		beq	.L284
1246:Drivers/STM32F4xx_HAL_Driver/Src/stm32f4xx_hal_tim_ex.c ****     {
ARM GAS  /tmp/cczycJk4.s 			page 102


 2862              		.loc 1 1246 0 discriminator 3
 2863 00ce 02F58062 		add	r2, r2, #1024
 2864 00d2 9342     		cmp	r3, r2
 2865 00d4 22D0     		beq	.L284
1246:Drivers/STM32F4xx_HAL_Driver/Src/stm32f4xx_hal_tim_ex.c ****     {
 2866              		.loc 1 1246 0 discriminator 4
 2867 00d6 02F58062 		add	r2, r2, #1024
 2868 00da 9342     		cmp	r3, r2
 2869 00dc 1ED0     		beq	.L284
1246:Drivers/STM32F4xx_HAL_Driver/Src/stm32f4xx_hal_tim_ex.c ****     {
 2870              		.loc 1 1246 0 discriminator 5
 2871 00de 02F57842 		add	r2, r2, #63488
 2872 00e2 9342     		cmp	r3, r2
 2873 00e4 1AD0     		beq	.L284
1246:Drivers/STM32F4xx_HAL_Driver/Src/stm32f4xx_hal_tim_ex.c ****     {
 2874              		.loc 1 1246 0 discriminator 6
 2875 00e6 02F57052 		add	r2, r2, #15360
 2876 00ea 9342     		cmp	r3, r2
 2877 00ec 16D0     		beq	.L284
1246:Drivers/STM32F4xx_HAL_Driver/Src/stm32f4xx_hal_tim_ex.c ****     {
 2878              		.loc 1 1246 0 discriminator 7
 2879 00ee A2F59432 		sub	r2, r2, #75776
 2880 00f2 9342     		cmp	r3, r2
 2881 00f4 12D0     		beq	.L284
1256:Drivers/STM32F4xx_HAL_Driver/Src/stm32f4xx_hal_tim_ex.c ****     }
 2882              		.loc 1 1256 0 is_stmt 1
 2883 00f6 1A68     		ldr	r2, [r3]
 2884 00f8 42F00102 		orr	r2, r2, #1
 2885 00fc 1A60     		str	r2, [r3]
 2886 00fe 18E0     		b	.L275
 2887              	.LVL212:
 2888              	.L281:
1218:Drivers/STM32F4xx_HAL_Driver/Src/stm32f4xx_hal_tim_ex.c ****       break;
 2889              		.loc 1 1218 0
 2890 0100 0168     		ldr	r1, [r0]
 2891              	.LVL213:
 2892 0102 CB68     		ldr	r3, [r1, #12]
 2893 0104 43F00403 		orr	r3, r3, #4
 2894 0108 CB60     		str	r3, [r1, #12]
1191:Drivers/STM32F4xx_HAL_Driver/Src/stm32f4xx_hal_tim_ex.c ****   uint32_t tmpsmcr;
 2895              		.loc 1 1191 0
 2896 010a 0025     		movs	r5, #0
1219:Drivers/STM32F4xx_HAL_Driver/Src/stm32f4xx_hal_tim_ex.c ****     }
 2897              		.loc 1 1219 0
 2898 010c C2E7     		b	.L280
 2899              	.LVL214:
 2900              	.L282:
1225:Drivers/STM32F4xx_HAL_Driver/Src/stm32f4xx_hal_tim_ex.c ****       break;
 2901              		.loc 1 1225 0
 2902 010e 0168     		ldr	r1, [r0]
 2903              	.LVL215:
 2904 0110 CB68     		ldr	r3, [r1, #12]
 2905 0112 43F00803 		orr	r3, r3, #8
 2906 0116 CB60     		str	r3, [r1, #12]
1191:Drivers/STM32F4xx_HAL_Driver/Src/stm32f4xx_hal_tim_ex.c ****   uint32_t tmpsmcr;
 2907              		.loc 1 1191 0
 2908 0118 0025     		movs	r5, #0
ARM GAS  /tmp/cczycJk4.s 			page 103


1226:Drivers/STM32F4xx_HAL_Driver/Src/stm32f4xx_hal_tim_ex.c ****     }
 2909              		.loc 1 1226 0
 2910 011a BBE7     		b	.L280
 2911              	.LVL216:
 2912              	.L284:
1248:Drivers/STM32F4xx_HAL_Driver/Src/stm32f4xx_hal_tim_ex.c ****       if (!IS_TIM_SLAVEMODE_TRIGGER_ENABLED(tmpsmcr))
 2913              		.loc 1 1248 0
 2914 011c 9A68     		ldr	r2, [r3, #8]
 2915 011e 02F00702 		and	r2, r2, #7
 2916              	.LVL217:
1249:Drivers/STM32F4xx_HAL_Driver/Src/stm32f4xx_hal_tim_ex.c ****       {
 2917              		.loc 1 1249 0
 2918 0122 062A     		cmp	r2, #6
 2919 0124 05D0     		beq	.L275
1251:Drivers/STM32F4xx_HAL_Driver/Src/stm32f4xx_hal_tim_ex.c ****       }
 2920              		.loc 1 1251 0
 2921 0126 1A68     		ldr	r2, [r3]
 2922              	.LVL218:
 2923 0128 42F00102 		orr	r2, r2, #1
 2924 012c 1A60     		str	r2, [r3]
 2925 012e 00E0     		b	.L275
 2926              	.LVL219:
 2927              	.L286:
1200:Drivers/STM32F4xx_HAL_Driver/Src/stm32f4xx_hal_tim_ex.c ****   }
 2928              		.loc 1 1200 0
 2929 0130 0125     		movs	r5, #1
 2930              	.LVL220:
 2931              	.L275:
1262:Drivers/STM32F4xx_HAL_Driver/Src/stm32f4xx_hal_tim_ex.c **** 
 2932              		.loc 1 1262 0
 2933 0132 2846     		mov	r0, r5
 2934 0134 38BD     		pop	{r3, r4, r5, pc}
 2935              	.L296:
 2936 0136 00BF     		.align	2
 2937              	.L295:
 2938 0138 00000140 		.word	1073807360
 2939              		.cfi_endproc
 2940              	.LFE148:
 2942              		.section	.text.HAL_TIMEx_PWMN_Stop_IT,"ax",%progbits
 2943              		.align	1
 2944              		.global	HAL_TIMEx_PWMN_Stop_IT
 2945              		.syntax unified
 2946              		.thumb
 2947              		.thumb_func
 2948              		.fpu fpv4-sp-d16
 2950              	HAL_TIMEx_PWMN_Stop_IT:
 2951              	.LFB149:
1276:Drivers/STM32F4xx_HAL_Driver/Src/stm32f4xx_hal_tim_ex.c ****   HAL_StatusTypeDef status = HAL_OK;
 2952              		.loc 1 1276 0
 2953              		.cfi_startproc
 2954              		@ args = 0, pretend = 0, frame = 0
 2955              		@ frame_needed = 0, uses_anonymous_args = 0
 2956              	.LVL221:
 2957 0000 70B5     		push	{r4, r5, r6, lr}
 2958              	.LCFI33:
 2959              		.cfi_def_cfa_offset 16
 2960              		.cfi_offset 4, -16
ARM GAS  /tmp/cczycJk4.s 			page 104


 2961              		.cfi_offset 5, -12
 2962              		.cfi_offset 6, -8
 2963              		.cfi_offset 14, -4
 2964              	.LVL222:
1283:Drivers/STM32F4xx_HAL_Driver/Src/stm32f4xx_hal_tim_ex.c ****   {
 2965              		.loc 1 1283 0
 2966 0002 0429     		cmp	r1, #4
 2967 0004 0DD0     		beq	.L299
 2968 0006 0829     		cmp	r1, #8
 2969 0008 12D0     		beq	.L300
 2970 000a 09B1     		cbz	r1, .L312
1307:Drivers/STM32F4xx_HAL_Driver/Src/stm32f4xx_hal_tim_ex.c ****       break;
 2971              		.loc 1 1307 0
 2972 000c 0126     		movs	r6, #1
 2973 000e 05E0     		b	.L298
 2974              	.L312:
1288:Drivers/STM32F4xx_HAL_Driver/Src/stm32f4xx_hal_tim_ex.c ****       break;
 2975              		.loc 1 1288 0
 2976 0010 0268     		ldr	r2, [r0]
 2977 0012 D368     		ldr	r3, [r2, #12]
 2978 0014 23F00203 		bic	r3, r3, #2
 2979 0018 D360     		str	r3, [r2, #12]
1277:Drivers/STM32F4xx_HAL_Driver/Src/stm32f4xx_hal_tim_ex.c ****   uint32_t tmpccer;
 2980              		.loc 1 1277 0
 2981 001a 0026     		movs	r6, #0
 2982              	.L298:
 2983              	.LVL223:
1311:Drivers/STM32F4xx_HAL_Driver/Src/stm32f4xx_hal_tim_ex.c ****   {
 2984              		.loc 1 1311 0
 2985 001c 7EB1     		cbz	r6, .L313
 2986              	.LVL224:
 2987              	.L302:
1335:Drivers/STM32F4xx_HAL_Driver/Src/stm32f4xx_hal_tim_ex.c **** 
 2988              		.loc 1 1335 0
 2989 001e 3046     		mov	r0, r6
 2990 0020 70BD     		pop	{r4, r5, r6, pc}
 2991              	.LVL225:
 2992              	.L299:
1295:Drivers/STM32F4xx_HAL_Driver/Src/stm32f4xx_hal_tim_ex.c ****       break;
 2993              		.loc 1 1295 0
 2994 0022 0268     		ldr	r2, [r0]
 2995 0024 D368     		ldr	r3, [r2, #12]
 2996 0026 23F00403 		bic	r3, r3, #4
 2997 002a D360     		str	r3, [r2, #12]
1277:Drivers/STM32F4xx_HAL_Driver/Src/stm32f4xx_hal_tim_ex.c ****   uint32_t tmpccer;
 2998              		.loc 1 1277 0
 2999 002c 0026     		movs	r6, #0
1296:Drivers/STM32F4xx_HAL_Driver/Src/stm32f4xx_hal_tim_ex.c ****     }
 3000              		.loc 1 1296 0
 3001 002e F5E7     		b	.L298
 3002              	.L300:
1302:Drivers/STM32F4xx_HAL_Driver/Src/stm32f4xx_hal_tim_ex.c ****       break;
 3003              		.loc 1 1302 0
 3004 0030 0268     		ldr	r2, [r0]
 3005 0032 D368     		ldr	r3, [r2, #12]
 3006 0034 23F00803 		bic	r3, r3, #8
 3007 0038 D360     		str	r3, [r2, #12]
ARM GAS  /tmp/cczycJk4.s 			page 105


1277:Drivers/STM32F4xx_HAL_Driver/Src/stm32f4xx_hal_tim_ex.c ****   uint32_t tmpccer;
 3008              		.loc 1 1277 0
 3009 003a 0026     		movs	r6, #0
1303:Drivers/STM32F4xx_HAL_Driver/Src/stm32f4xx_hal_tim_ex.c ****     }
 3010              		.loc 1 1303 0
 3011 003c EEE7     		b	.L298
 3012              	.LVL226:
 3013              	.L313:
 3014 003e 0D46     		mov	r5, r1
 3015 0040 0446     		mov	r4, r0
1314:Drivers/STM32F4xx_HAL_Driver/Src/stm32f4xx_hal_tim_ex.c **** 
 3016              		.loc 1 1314 0
 3017 0042 0022     		movs	r2, #0
 3018 0044 0068     		ldr	r0, [r0]
 3019              	.LVL227:
 3020 0046 FFF7FEFF 		bl	TIM_CCxNChannelCmd
 3021              	.LVL228:
1317:Drivers/STM32F4xx_HAL_Driver/Src/stm32f4xx_hal_tim_ex.c ****     if ((tmpccer & (TIM_CCER_CC1NE | TIM_CCER_CC2NE | TIM_CCER_CC3NE)) == (uint32_t)RESET)
 3022              		.loc 1 1317 0
 3023 004a 2368     		ldr	r3, [r4]
 3024 004c 196A     		ldr	r1, [r3, #32]
 3025              	.LVL229:
1318:Drivers/STM32F4xx_HAL_Driver/Src/stm32f4xx_hal_tim_ex.c ****     {
 3026              		.loc 1 1318 0
 3027 004e 40F24442 		movw	r2, #1092
 3028 0052 1142     		tst	r1, r2
 3029 0054 03D1     		bne	.L303
1320:Drivers/STM32F4xx_HAL_Driver/Src/stm32f4xx_hal_tim_ex.c ****     }
 3030              		.loc 1 1320 0
 3031 0056 DA68     		ldr	r2, [r3, #12]
 3032 0058 22F08002 		bic	r2, r2, #128
 3033 005c DA60     		str	r2, [r3, #12]
 3034              	.L303:
1324:Drivers/STM32F4xx_HAL_Driver/Src/stm32f4xx_hal_tim_ex.c **** 
 3035              		.loc 1 1324 0
 3036 005e 2368     		ldr	r3, [r4]
 3037 0060 196A     		ldr	r1, [r3, #32]
 3038              	.LVL230:
 3039 0062 41F21112 		movw	r2, #4369
 3040 0066 1142     		tst	r1, r2
 3041 0068 08D1     		bne	.L304
1324:Drivers/STM32F4xx_HAL_Driver/Src/stm32f4xx_hal_tim_ex.c **** 
 3042              		.loc 1 1324 0 is_stmt 0 discriminator 1
 3043 006a 196A     		ldr	r1, [r3, #32]
 3044 006c 40F24442 		movw	r2, #1092
 3045 0070 1142     		tst	r1, r2
 3046 0072 03D1     		bne	.L304
1324:Drivers/STM32F4xx_HAL_Driver/Src/stm32f4xx_hal_tim_ex.c **** 
 3047              		.loc 1 1324 0 discriminator 2
 3048 0074 5A6C     		ldr	r2, [r3, #68]
 3049 0076 22F40042 		bic	r2, r2, #32768
 3050 007a 5A64     		str	r2, [r3, #68]
 3051              	.L304:
1327:Drivers/STM32F4xx_HAL_Driver/Src/stm32f4xx_hal_tim_ex.c **** 
 3052              		.loc 1 1327 0 is_stmt 1
 3053 007c 2368     		ldr	r3, [r4]
 3054 007e 196A     		ldr	r1, [r3, #32]
ARM GAS  /tmp/cczycJk4.s 			page 106


 3055 0080 41F21112 		movw	r2, #4369
 3056 0084 1142     		tst	r1, r2
 3057 0086 08D1     		bne	.L305
1327:Drivers/STM32F4xx_HAL_Driver/Src/stm32f4xx_hal_tim_ex.c **** 
 3058              		.loc 1 1327 0 is_stmt 0 discriminator 1
 3059 0088 196A     		ldr	r1, [r3, #32]
 3060 008a 40F24442 		movw	r2, #1092
 3061 008e 1142     		tst	r1, r2
 3062 0090 03D1     		bne	.L305
1327:Drivers/STM32F4xx_HAL_Driver/Src/stm32f4xx_hal_tim_ex.c **** 
 3063              		.loc 1 1327 0 discriminator 2
 3064 0092 1A68     		ldr	r2, [r3]
 3065 0094 22F00102 		bic	r2, r2, #1
 3066 0098 1A60     		str	r2, [r3]
 3067              	.L305:
1330:Drivers/STM32F4xx_HAL_Driver/Src/stm32f4xx_hal_tim_ex.c ****   }
 3068              		.loc 1 1330 0 is_stmt 1
 3069 009a 3DB1     		cbz	r5, .L314
1330:Drivers/STM32F4xx_HAL_Driver/Src/stm32f4xx_hal_tim_ex.c ****   }
 3070              		.loc 1 1330 0 is_stmt 0 discriminator 2
 3071 009c 042D     		cmp	r5, #4
 3072 009e 09D0     		beq	.L315
1330:Drivers/STM32F4xx_HAL_Driver/Src/stm32f4xx_hal_tim_ex.c ****   }
 3073              		.loc 1 1330 0 discriminator 4
 3074 00a0 082D     		cmp	r5, #8
 3075 00a2 0BD0     		beq	.L316
1330:Drivers/STM32F4xx_HAL_Driver/Src/stm32f4xx_hal_tim_ex.c ****   }
 3076              		.loc 1 1330 0 discriminator 7
 3077 00a4 0123     		movs	r3, #1
 3078 00a6 84F84530 		strb	r3, [r4, #69]
 3079 00aa B8E7     		b	.L302
 3080              	.L314:
1330:Drivers/STM32F4xx_HAL_Driver/Src/stm32f4xx_hal_tim_ex.c ****   }
 3081              		.loc 1 1330 0 discriminator 1
 3082 00ac 0123     		movs	r3, #1
 3083 00ae 84F84230 		strb	r3, [r4, #66]
 3084 00b2 B4E7     		b	.L302
 3085              	.L315:
1330:Drivers/STM32F4xx_HAL_Driver/Src/stm32f4xx_hal_tim_ex.c ****   }
 3086              		.loc 1 1330 0 discriminator 3
 3087 00b4 0123     		movs	r3, #1
 3088 00b6 84F84330 		strb	r3, [r4, #67]
 3089 00ba B0E7     		b	.L302
 3090              	.L316:
1330:Drivers/STM32F4xx_HAL_Driver/Src/stm32f4xx_hal_tim_ex.c ****   }
 3091              		.loc 1 1330 0 discriminator 6
 3092 00bc 0123     		movs	r3, #1
 3093 00be 84F84430 		strb	r3, [r4, #68]
 3094 00c2 ACE7     		b	.L302
 3095              		.cfi_endproc
 3096              	.LFE149:
 3098              		.section	.text.HAL_TIMEx_PWMN_Start_DMA,"ax",%progbits
 3099              		.align	1
 3100              		.global	HAL_TIMEx_PWMN_Start_DMA
 3101              		.syntax unified
 3102              		.thumb
 3103              		.thumb_func
ARM GAS  /tmp/cczycJk4.s 			page 107


 3104              		.fpu fpv4-sp-d16
 3106              	HAL_TIMEx_PWMN_Start_DMA:
 3107              	.LFB150:
1351:Drivers/STM32F4xx_HAL_Driver/Src/stm32f4xx_hal_tim_ex.c ****   HAL_StatusTypeDef status = HAL_OK;
 3108              		.loc 1 1351 0 is_stmt 1
 3109              		.cfi_startproc
 3110              		@ args = 0, pretend = 0, frame = 0
 3111              		@ frame_needed = 0, uses_anonymous_args = 0
 3112              	.LVL231:
 3113 0000 70B5     		push	{r4, r5, r6, lr}
 3114              	.LCFI34:
 3115              		.cfi_def_cfa_offset 16
 3116              		.cfi_offset 4, -16
 3117              		.cfi_offset 5, -12
 3118              		.cfi_offset 6, -8
 3119              		.cfi_offset 14, -4
 3120              	.LVL232:
1359:Drivers/STM32F4xx_HAL_Driver/Src/stm32f4xx_hal_tim_ex.c ****   {
 3121              		.loc 1 1359 0
 3122 0002 0D46     		mov	r5, r1
 3123 0004 51B9     		cbnz	r1, .L318
1359:Drivers/STM32F4xx_HAL_Driver/Src/stm32f4xx_hal_tim_ex.c ****   {
 3124              		.loc 1 1359 0 is_stmt 0 discriminator 1
 3125 0006 90F84240 		ldrb	r4, [r0, #66]	@ zero_extendqisi2
 3126 000a E4B2     		uxtb	r4, r4
 3127 000c 022C     		cmp	r4, #2
 3128 000e 14BF     		ite	ne
 3129 0010 0024     		movne	r4, #0
 3130 0012 0124     		moveq	r4, #1
 3131              	.L319:
1359:Drivers/STM32F4xx_HAL_Driver/Src/stm32f4xx_hal_tim_ex.c ****   {
 3132              		.loc 1 1359 0 discriminator 12
 3133 0014 F4B1     		cbz	r4, .L347
1361:Drivers/STM32F4xx_HAL_Driver/Src/stm32f4xx_hal_tim_ex.c ****   }
 3134              		.loc 1 1361 0 is_stmt 1
 3135 0016 0224     		movs	r4, #2
 3136              	.LVL233:
 3137              	.L322:
1474:Drivers/STM32F4xx_HAL_Driver/Src/stm32f4xx_hal_tim_ex.c **** 
 3138              		.loc 1 1474 0
 3139 0018 2046     		mov	r0, r4
 3140 001a 70BD     		pop	{r4, r5, r6, pc}
 3141              	.LVL234:
 3142              	.L318:
1359:Drivers/STM32F4xx_HAL_Driver/Src/stm32f4xx_hal_tim_ex.c ****   {
 3143              		.loc 1 1359 0 discriminator 2
 3144 001c 0429     		cmp	r1, #4
 3145 001e 09D0     		beq	.L348
1359:Drivers/STM32F4xx_HAL_Driver/Src/stm32f4xx_hal_tim_ex.c ****   {
 3146              		.loc 1 1359 0 is_stmt 0 discriminator 5
 3147 0020 0829     		cmp	r1, #8
 3148 0022 0FD0     		beq	.L349
1359:Drivers/STM32F4xx_HAL_Driver/Src/stm32f4xx_hal_tim_ex.c ****   {
 3149              		.loc 1 1359 0 discriminator 8
 3150 0024 90F84540 		ldrb	r4, [r0, #69]	@ zero_extendqisi2
 3151 0028 E4B2     		uxtb	r4, r4
 3152 002a 022C     		cmp	r4, #2
ARM GAS  /tmp/cczycJk4.s 			page 108


 3153 002c 14BF     		ite	ne
 3154 002e 0024     		movne	r4, #0
 3155 0030 0124     		moveq	r4, #1
 3156 0032 EFE7     		b	.L319
 3157              	.L348:
1359:Drivers/STM32F4xx_HAL_Driver/Src/stm32f4xx_hal_tim_ex.c ****   {
 3158              		.loc 1 1359 0 discriminator 4
 3159 0034 90F84340 		ldrb	r4, [r0, #67]	@ zero_extendqisi2
 3160 0038 E4B2     		uxtb	r4, r4
 3161 003a 022C     		cmp	r4, #2
 3162 003c 14BF     		ite	ne
 3163 003e 0024     		movne	r4, #0
 3164 0040 0124     		moveq	r4, #1
 3165 0042 E7E7     		b	.L319
 3166              	.L349:
1359:Drivers/STM32F4xx_HAL_Driver/Src/stm32f4xx_hal_tim_ex.c ****   {
 3167              		.loc 1 1359 0 discriminator 7
 3168 0044 90F84440 		ldrb	r4, [r0, #68]	@ zero_extendqisi2
 3169 0048 E4B2     		uxtb	r4, r4
 3170 004a 022C     		cmp	r4, #2
 3171 004c 14BF     		ite	ne
 3172 004e 0024     		movne	r4, #0
 3173 0050 0124     		moveq	r4, #1
 3174 0052 DFE7     		b	.L319
 3175              	.L347:
1363:Drivers/STM32F4xx_HAL_Driver/Src/stm32f4xx_hal_tim_ex.c ****   {
 3176              		.loc 1 1363 0 is_stmt 1
 3177 0054 002D     		cmp	r5, #0
 3178 0056 50D1     		bne	.L323
1363:Drivers/STM32F4xx_HAL_Driver/Src/stm32f4xx_hal_tim_ex.c ****   {
 3179              		.loc 1 1363 0 is_stmt 0 discriminator 1
 3180 0058 90F84210 		ldrb	r1, [r0, #66]	@ zero_extendqisi2
 3181              	.LVL235:
 3182 005c C9B2     		uxtb	r1, r1
 3183 005e 0129     		cmp	r1, #1
 3184 0060 14BF     		ite	ne
 3185 0062 0021     		movne	r1, #0
 3186 0064 0121     		moveq	r1, #1
 3187              	.L324:
1363:Drivers/STM32F4xx_HAL_Driver/Src/stm32f4xx_hal_tim_ex.c ****   {
 3188              		.loc 1 1363 0 discriminator 12
 3189 0066 0029     		cmp	r1, #0
 3190 0068 00F0C580 		beq	.L339
1365:Drivers/STM32F4xx_HAL_Driver/Src/stm32f4xx_hal_tim_ex.c ****     {
 3191              		.loc 1 1365 0 is_stmt 1
 3192 006c 002A     		cmp	r2, #0
 3193 006e 60D0     		beq	.L350
 3194              	.L327:
1371:Drivers/STM32F4xx_HAL_Driver/Src/stm32f4xx_hal_tim_ex.c ****     }
 3195              		.loc 1 1371 0
 3196 0070 002D     		cmp	r5, #0
 3197 0072 62D1     		bne	.L328
1371:Drivers/STM32F4xx_HAL_Driver/Src/stm32f4xx_hal_tim_ex.c ****     }
 3198              		.loc 1 1371 0 is_stmt 0 discriminator 1
 3199 0074 0221     		movs	r1, #2
 3200 0076 80F84210 		strb	r1, [r0, #66]
 3201              	.L329:
ARM GAS  /tmp/cczycJk4.s 			page 109


 3202 007a 1146     		mov	r1, r2
 3203 007c 0646     		mov	r6, r0
1379:Drivers/STM32F4xx_HAL_Driver/Src/stm32f4xx_hal_tim_ex.c ****   {
 3204              		.loc 1 1379 0 is_stmt 1
 3205 007e 042D     		cmp	r5, #4
 3206 0080 00F08280 		beq	.L333
 3207              	.LVL236:
 3208 0084 082D     		cmp	r5, #8
 3209 0086 00F09580 		beq	.L334
 3210 008a 002D     		cmp	r5, #0
 3211 008c 65D0     		beq	.L351
1445:Drivers/STM32F4xx_HAL_Driver/Src/stm32f4xx_hal_tim_ex.c ****       break;
 3212              		.loc 1 1445 0
 3213 008e 0124     		movs	r4, #1
 3214              	.LVL237:
 3215              	.L332:
1449:Drivers/STM32F4xx_HAL_Driver/Src/stm32f4xx_hal_tim_ex.c ****   {
 3216              		.loc 1 1449 0
 3217 0090 002C     		cmp	r4, #0
 3218 0092 C1D1     		bne	.L322
1452:Drivers/STM32F4xx_HAL_Driver/Src/stm32f4xx_hal_tim_ex.c **** 
 3219              		.loc 1 1452 0
 3220 0094 0422     		movs	r2, #4
 3221 0096 2946     		mov	r1, r5
 3222 0098 3068     		ldr	r0, [r6]
 3223 009a FFF7FEFF 		bl	TIM_CCxNChannelCmd
 3224              	.LVL238:
1455:Drivers/STM32F4xx_HAL_Driver/Src/stm32f4xx_hal_tim_ex.c **** 
 3225              		.loc 1 1455 0
 3226 009e 3268     		ldr	r2, [r6]
 3227 00a0 536C     		ldr	r3, [r2, #68]
 3228 00a2 43F40043 		orr	r3, r3, #32768
 3229 00a6 5364     		str	r3, [r2, #68]
1458:Drivers/STM32F4xx_HAL_Driver/Src/stm32f4xx_hal_tim_ex.c ****     {
 3230              		.loc 1 1458 0
 3231 00a8 3368     		ldr	r3, [r6]
 3232 00aa 574A     		ldr	r2, .L356
 3233 00ac 9342     		cmp	r3, r2
 3234 00ae 00F09780 		beq	.L336
1458:Drivers/STM32F4xx_HAL_Driver/Src/stm32f4xx_hal_tim_ex.c ****     {
 3235              		.loc 1 1458 0 is_stmt 0 discriminator 1
 3236 00b2 B3F1804F 		cmp	r3, #1073741824
 3237 00b6 00F09380 		beq	.L336
1458:Drivers/STM32F4xx_HAL_Driver/Src/stm32f4xx_hal_tim_ex.c ****     {
 3238              		.loc 1 1458 0 discriminator 2
 3239 00ba A2F57C42 		sub	r2, r2, #64512
 3240 00be 9342     		cmp	r3, r2
 3241 00c0 00F08E80 		beq	.L336
1458:Drivers/STM32F4xx_HAL_Driver/Src/stm32f4xx_hal_tim_ex.c ****     {
 3242              		.loc 1 1458 0 discriminator 3
 3243 00c4 02F58062 		add	r2, r2, #1024
 3244 00c8 9342     		cmp	r3, r2
 3245 00ca 00F08980 		beq	.L336
1458:Drivers/STM32F4xx_HAL_Driver/Src/stm32f4xx_hal_tim_ex.c ****     {
 3246              		.loc 1 1458 0 discriminator 4
 3247 00ce 02F58062 		add	r2, r2, #1024
 3248 00d2 9342     		cmp	r3, r2
ARM GAS  /tmp/cczycJk4.s 			page 110


 3249 00d4 00F08480 		beq	.L336
1458:Drivers/STM32F4xx_HAL_Driver/Src/stm32f4xx_hal_tim_ex.c ****     {
 3250              		.loc 1 1458 0 discriminator 5
 3251 00d8 02F57842 		add	r2, r2, #63488
 3252 00dc 9342     		cmp	r3, r2
 3253 00de 7FD0     		beq	.L336
1458:Drivers/STM32F4xx_HAL_Driver/Src/stm32f4xx_hal_tim_ex.c ****     {
 3254              		.loc 1 1458 0 discriminator 6
 3255 00e0 02F57052 		add	r2, r2, #15360
 3256 00e4 9342     		cmp	r3, r2
 3257 00e6 7BD0     		beq	.L336
1458:Drivers/STM32F4xx_HAL_Driver/Src/stm32f4xx_hal_tim_ex.c ****     {
 3258              		.loc 1 1458 0 discriminator 7
 3259 00e8 A2F59432 		sub	r2, r2, #75776
 3260 00ec 9342     		cmp	r3, r2
 3261 00ee 77D0     		beq	.L336
1468:Drivers/STM32F4xx_HAL_Driver/Src/stm32f4xx_hal_tim_ex.c ****     }
 3262              		.loc 1 1468 0 is_stmt 1
 3263 00f0 1A68     		ldr	r2, [r3]
 3264 00f2 42F00102 		orr	r2, r2, #1
 3265 00f6 1A60     		str	r2, [r3]
 3266 00f8 8EE7     		b	.L322
 3267              	.LVL239:
 3268              	.L323:
1363:Drivers/STM32F4xx_HAL_Driver/Src/stm32f4xx_hal_tim_ex.c ****   {
 3269              		.loc 1 1363 0 discriminator 2
 3270 00fa 042D     		cmp	r5, #4
 3271 00fc 09D0     		beq	.L352
1363:Drivers/STM32F4xx_HAL_Driver/Src/stm32f4xx_hal_tim_ex.c ****   {
 3272              		.loc 1 1363 0 is_stmt 0 discriminator 5
 3273 00fe 082D     		cmp	r5, #8
 3274 0100 0FD0     		beq	.L353
1363:Drivers/STM32F4xx_HAL_Driver/Src/stm32f4xx_hal_tim_ex.c ****   {
 3275              		.loc 1 1363 0 discriminator 8
 3276 0102 90F84510 		ldrb	r1, [r0, #69]	@ zero_extendqisi2
 3277              	.LVL240:
 3278 0106 C9B2     		uxtb	r1, r1
 3279 0108 0129     		cmp	r1, #1
 3280 010a 14BF     		ite	ne
 3281 010c 0021     		movne	r1, #0
 3282 010e 0121     		moveq	r1, #1
 3283 0110 A9E7     		b	.L324
 3284              	.LVL241:
 3285              	.L352:
1363:Drivers/STM32F4xx_HAL_Driver/Src/stm32f4xx_hal_tim_ex.c ****   {
 3286              		.loc 1 1363 0 discriminator 4
 3287 0112 90F84310 		ldrb	r1, [r0, #67]	@ zero_extendqisi2
 3288              	.LVL242:
 3289 0116 C9B2     		uxtb	r1, r1
 3290 0118 0129     		cmp	r1, #1
 3291 011a 14BF     		ite	ne
 3292 011c 0021     		movne	r1, #0
 3293 011e 0121     		moveq	r1, #1
 3294 0120 A1E7     		b	.L324
 3295              	.LVL243:
 3296              	.L353:
1363:Drivers/STM32F4xx_HAL_Driver/Src/stm32f4xx_hal_tim_ex.c ****   {
ARM GAS  /tmp/cczycJk4.s 			page 111


 3297              		.loc 1 1363 0 discriminator 7
 3298 0122 90F84410 		ldrb	r1, [r0, #68]	@ zero_extendqisi2
 3299              	.LVL244:
 3300 0126 C9B2     		uxtb	r1, r1
 3301 0128 0129     		cmp	r1, #1
 3302 012a 14BF     		ite	ne
 3303 012c 0021     		movne	r1, #0
 3304 012e 0121     		moveq	r1, #1
 3305 0130 99E7     		b	.L324
 3306              	.L350:
1365:Drivers/STM32F4xx_HAL_Driver/Src/stm32f4xx_hal_tim_ex.c ****     {
 3307              		.loc 1 1365 0 is_stmt 1 discriminator 1
 3308 0132 002B     		cmp	r3, #0
 3309 0134 9CD0     		beq	.L327
1367:Drivers/STM32F4xx_HAL_Driver/Src/stm32f4xx_hal_tim_ex.c ****     }
 3310              		.loc 1 1367 0
 3311 0136 0124     		movs	r4, #1
 3312 0138 6EE7     		b	.L322
 3313              	.L328:
1371:Drivers/STM32F4xx_HAL_Driver/Src/stm32f4xx_hal_tim_ex.c ****     }
 3314              		.loc 1 1371 0 discriminator 2
 3315 013a 042D     		cmp	r5, #4
 3316 013c 05D0     		beq	.L354
1371:Drivers/STM32F4xx_HAL_Driver/Src/stm32f4xx_hal_tim_ex.c ****     }
 3317              		.loc 1 1371 0 is_stmt 0 discriminator 4
 3318 013e 082D     		cmp	r5, #8
 3319 0140 07D0     		beq	.L355
1371:Drivers/STM32F4xx_HAL_Driver/Src/stm32f4xx_hal_tim_ex.c ****     }
 3320              		.loc 1 1371 0 discriminator 7
 3321 0142 0221     		movs	r1, #2
 3322 0144 80F84510 		strb	r1, [r0, #69]
 3323 0148 97E7     		b	.L329
 3324              	.L354:
1371:Drivers/STM32F4xx_HAL_Driver/Src/stm32f4xx_hal_tim_ex.c ****     }
 3325              		.loc 1 1371 0 discriminator 3
 3326 014a 0221     		movs	r1, #2
 3327 014c 80F84310 		strb	r1, [r0, #67]
 3328 0150 93E7     		b	.L329
 3329              	.L355:
1371:Drivers/STM32F4xx_HAL_Driver/Src/stm32f4xx_hal_tim_ex.c ****     }
 3330              		.loc 1 1371 0 discriminator 6
 3331 0152 0221     		movs	r1, #2
 3332 0154 80F84410 		strb	r1, [r0, #68]
 3333 0158 8FE7     		b	.L329
 3334              	.LVL245:
 3335              	.L351:
1384:Drivers/STM32F4xx_HAL_Driver/Src/stm32f4xx_hal_tim_ex.c ****       htim->hdma[TIM_DMA_ID_CC1]->XferHalfCpltCallback = TIM_DMADelayPulseHalfCplt;
 3336              		.loc 1 1384 0 is_stmt 1
 3337 015a 426A     		ldr	r2, [r0, #36]
 3338 015c 2B48     		ldr	r0, .L356+4
 3339              	.LVL246:
 3340 015e D063     		str	r0, [r2, #60]
1385:Drivers/STM32F4xx_HAL_Driver/Src/stm32f4xx_hal_tim_ex.c **** 
 3341              		.loc 1 1385 0
 3342 0160 726A     		ldr	r2, [r6, #36]
 3343 0162 2B48     		ldr	r0, .L356+8
 3344 0164 1064     		str	r0, [r2, #64]
ARM GAS  /tmp/cczycJk4.s 			page 112


1388:Drivers/STM32F4xx_HAL_Driver/Src/stm32f4xx_hal_tim_ex.c **** 
 3345              		.loc 1 1388 0
 3346 0166 726A     		ldr	r2, [r6, #36]
 3347 0168 2A48     		ldr	r0, .L356+12
 3348 016a D064     		str	r0, [r2, #76]
1391:Drivers/STM32F4xx_HAL_Driver/Src/stm32f4xx_hal_tim_ex.c ****                            Length) != HAL_OK)
 3349              		.loc 1 1391 0
 3350 016c 3268     		ldr	r2, [r6]
 3351 016e 3432     		adds	r2, r2, #52
 3352 0170 706A     		ldr	r0, [r6, #36]
 3353 0172 FFF7FEFF 		bl	HAL_DMA_Start_IT
 3354              	.LVL247:
 3355 0176 0446     		mov	r4, r0
 3356 0178 0028     		cmp	r0, #0
 3357 017a 3ED1     		bne	.L342
1398:Drivers/STM32F4xx_HAL_Driver/Src/stm32f4xx_hal_tim_ex.c ****       break;
 3358              		.loc 1 1398 0
 3359 017c 3268     		ldr	r2, [r6]
 3360 017e D368     		ldr	r3, [r2, #12]
 3361 0180 43F40073 		orr	r3, r3, #512
 3362 0184 D360     		str	r3, [r2, #12]
1399:Drivers/STM32F4xx_HAL_Driver/Src/stm32f4xx_hal_tim_ex.c ****     }
 3363              		.loc 1 1399 0
 3364 0186 83E7     		b	.L332
 3365              	.LVL248:
 3366              	.L333:
1405:Drivers/STM32F4xx_HAL_Driver/Src/stm32f4xx_hal_tim_ex.c ****       htim->hdma[TIM_DMA_ID_CC2]->XferHalfCpltCallback = TIM_DMADelayPulseHalfCplt;
 3367              		.loc 1 1405 0
 3368 0188 826A     		ldr	r2, [r0, #40]
 3369 018a 2048     		ldr	r0, .L356+4
 3370              	.LVL249:
 3371 018c D063     		str	r0, [r2, #60]
1406:Drivers/STM32F4xx_HAL_Driver/Src/stm32f4xx_hal_tim_ex.c **** 
 3372              		.loc 1 1406 0
 3373 018e B26A     		ldr	r2, [r6, #40]
 3374 0190 1F48     		ldr	r0, .L356+8
 3375 0192 1064     		str	r0, [r2, #64]
1409:Drivers/STM32F4xx_HAL_Driver/Src/stm32f4xx_hal_tim_ex.c **** 
 3376              		.loc 1 1409 0
 3377 0194 B26A     		ldr	r2, [r6, #40]
 3378 0196 1F48     		ldr	r0, .L356+12
 3379 0198 D064     		str	r0, [r2, #76]
1412:Drivers/STM32F4xx_HAL_Driver/Src/stm32f4xx_hal_tim_ex.c ****                            Length) != HAL_OK)
 3380              		.loc 1 1412 0
 3381 019a 3268     		ldr	r2, [r6]
 3382 019c 3832     		adds	r2, r2, #56
 3383 019e B06A     		ldr	r0, [r6, #40]
 3384 01a0 FFF7FEFF 		bl	HAL_DMA_Start_IT
 3385              	.LVL250:
 3386 01a4 0446     		mov	r4, r0
 3387 01a6 50BB     		cbnz	r0, .L343
1419:Drivers/STM32F4xx_HAL_Driver/Src/stm32f4xx_hal_tim_ex.c ****       break;
 3388              		.loc 1 1419 0
 3389 01a8 3268     		ldr	r2, [r6]
 3390 01aa D368     		ldr	r3, [r2, #12]
 3391 01ac 43F48063 		orr	r3, r3, #1024
 3392 01b0 D360     		str	r3, [r2, #12]
ARM GAS  /tmp/cczycJk4.s 			page 113


1420:Drivers/STM32F4xx_HAL_Driver/Src/stm32f4xx_hal_tim_ex.c ****     }
 3393              		.loc 1 1420 0
 3394 01b2 6DE7     		b	.L332
 3395              	.LVL251:
 3396              	.L334:
1426:Drivers/STM32F4xx_HAL_Driver/Src/stm32f4xx_hal_tim_ex.c ****       htim->hdma[TIM_DMA_ID_CC3]->XferHalfCpltCallback = TIM_DMADelayPulseHalfCplt;
 3397              		.loc 1 1426 0
 3398 01b4 C26A     		ldr	r2, [r0, #44]
 3399 01b6 1548     		ldr	r0, .L356+4
 3400              	.LVL252:
 3401 01b8 D063     		str	r0, [r2, #60]
1427:Drivers/STM32F4xx_HAL_Driver/Src/stm32f4xx_hal_tim_ex.c **** 
 3402              		.loc 1 1427 0
 3403 01ba F26A     		ldr	r2, [r6, #44]
 3404 01bc 1448     		ldr	r0, .L356+8
 3405 01be 1064     		str	r0, [r2, #64]
1430:Drivers/STM32F4xx_HAL_Driver/Src/stm32f4xx_hal_tim_ex.c **** 
 3406              		.loc 1 1430 0
 3407 01c0 F26A     		ldr	r2, [r6, #44]
 3408 01c2 1448     		ldr	r0, .L356+12
 3409 01c4 D064     		str	r0, [r2, #76]
1433:Drivers/STM32F4xx_HAL_Driver/Src/stm32f4xx_hal_tim_ex.c ****                            Length) != HAL_OK)
 3410              		.loc 1 1433 0
 3411 01c6 3268     		ldr	r2, [r6]
 3412 01c8 3C32     		adds	r2, r2, #60
 3413 01ca F06A     		ldr	r0, [r6, #44]
 3414 01cc FFF7FEFF 		bl	HAL_DMA_Start_IT
 3415              	.LVL253:
 3416 01d0 0446     		mov	r4, r0
 3417 01d2 B0B9     		cbnz	r0, .L344
1440:Drivers/STM32F4xx_HAL_Driver/Src/stm32f4xx_hal_tim_ex.c ****       break;
 3418              		.loc 1 1440 0
 3419 01d4 3268     		ldr	r2, [r6]
 3420 01d6 D368     		ldr	r3, [r2, #12]
 3421 01d8 43F40063 		orr	r3, r3, #2048
 3422 01dc D360     		str	r3, [r2, #12]
1441:Drivers/STM32F4xx_HAL_Driver/Src/stm32f4xx_hal_tim_ex.c ****     }
 3423              		.loc 1 1441 0
 3424 01de 57E7     		b	.L332
 3425              	.LVL254:
 3426              	.L336:
1460:Drivers/STM32F4xx_HAL_Driver/Src/stm32f4xx_hal_tim_ex.c ****       if (!IS_TIM_SLAVEMODE_TRIGGER_ENABLED(tmpsmcr))
 3427              		.loc 1 1460 0
 3428 01e0 9A68     		ldr	r2, [r3, #8]
 3429 01e2 02F00702 		and	r2, r2, #7
 3430              	.LVL255:
1461:Drivers/STM32F4xx_HAL_Driver/Src/stm32f4xx_hal_tim_ex.c ****       {
 3431              		.loc 1 1461 0
 3432 01e6 062A     		cmp	r2, #6
 3433 01e8 3FF416AF 		beq	.L322
1463:Drivers/STM32F4xx_HAL_Driver/Src/stm32f4xx_hal_tim_ex.c ****       }
 3434              		.loc 1 1463 0
 3435 01ec 1A68     		ldr	r2, [r3]
 3436              	.LVL256:
 3437 01ee 42F00102 		orr	r2, r2, #1
 3438 01f2 1A60     		str	r2, [r3]
 3439 01f4 10E7     		b	.L322
ARM GAS  /tmp/cczycJk4.s 			page 114


 3440              	.LVL257:
 3441              	.L339:
1376:Drivers/STM32F4xx_HAL_Driver/Src/stm32f4xx_hal_tim_ex.c ****   }
 3442              		.loc 1 1376 0
 3443 01f6 0124     		movs	r4, #1
 3444 01f8 0EE7     		b	.L322
 3445              	.LVL258:
 3446              	.L342:
1395:Drivers/STM32F4xx_HAL_Driver/Src/stm32f4xx_hal_tim_ex.c ****       }
 3447              		.loc 1 1395 0
 3448 01fa 0124     		movs	r4, #1
 3449 01fc 0CE7     		b	.L322
 3450              	.L343:
1416:Drivers/STM32F4xx_HAL_Driver/Src/stm32f4xx_hal_tim_ex.c ****       }
 3451              		.loc 1 1416 0
 3452 01fe 0124     		movs	r4, #1
 3453 0200 0AE7     		b	.L322
 3454              	.L344:
1437:Drivers/STM32F4xx_HAL_Driver/Src/stm32f4xx_hal_tim_ex.c ****       }
 3455              		.loc 1 1437 0
 3456 0202 0124     		movs	r4, #1
 3457 0204 08E7     		b	.L322
 3458              	.L357:
 3459 0206 00BF     		.align	2
 3460              	.L356:
 3461 0208 00000140 		.word	1073807360
 3462 020c 00000000 		.word	TIM_DMADelayPulseNCplt
 3463 0210 00000000 		.word	TIM_DMADelayPulseHalfCplt
 3464 0214 00000000 		.word	TIM_DMAErrorCCxN
 3465              		.cfi_endproc
 3466              	.LFE150:
 3468              		.section	.text.HAL_TIMEx_PWMN_Stop_DMA,"ax",%progbits
 3469              		.align	1
 3470              		.global	HAL_TIMEx_PWMN_Stop_DMA
 3471              		.syntax unified
 3472              		.thumb
 3473              		.thumb_func
 3474              		.fpu fpv4-sp-d16
 3476              	HAL_TIMEx_PWMN_Stop_DMA:
 3477              	.LFB151:
1488:Drivers/STM32F4xx_HAL_Driver/Src/stm32f4xx_hal_tim_ex.c ****   HAL_StatusTypeDef status = HAL_OK;
 3478              		.loc 1 1488 0
 3479              		.cfi_startproc
 3480              		@ args = 0, pretend = 0, frame = 0
 3481              		@ frame_needed = 0, uses_anonymous_args = 0
 3482              	.LVL259:
 3483 0000 70B5     		push	{r4, r5, r6, lr}
 3484              	.LCFI35:
 3485              		.cfi_def_cfa_offset 16
 3486              		.cfi_offset 4, -16
 3487              		.cfi_offset 5, -12
 3488              		.cfi_offset 6, -8
 3489              		.cfi_offset 14, -4
 3490 0002 0546     		mov	r5, r0
 3491 0004 0C46     		mov	r4, r1
 3492              	.LVL260:
1494:Drivers/STM32F4xx_HAL_Driver/Src/stm32f4xx_hal_tim_ex.c ****   {
ARM GAS  /tmp/cczycJk4.s 			page 115


 3493              		.loc 1 1494 0
 3494 0006 0429     		cmp	r1, #4
 3495 0008 10D0     		beq	.L360
 3496 000a 0829     		cmp	r1, #8
 3497 000c 18D0     		beq	.L361
 3498 000e 09B1     		cbz	r1, .L372
1521:Drivers/STM32F4xx_HAL_Driver/Src/stm32f4xx_hal_tim_ex.c ****       break;
 3499              		.loc 1 1521 0
 3500 0010 0126     		movs	r6, #1
 3501 0012 08E0     		b	.L359
 3502              	.L372:
1499:Drivers/STM32F4xx_HAL_Driver/Src/stm32f4xx_hal_tim_ex.c ****       (void)HAL_DMA_Abort_IT(htim->hdma[TIM_DMA_ID_CC1]);
 3503              		.loc 1 1499 0
 3504 0014 0268     		ldr	r2, [r0]
 3505 0016 D368     		ldr	r3, [r2, #12]
 3506 0018 23F40073 		bic	r3, r3, #512
 3507 001c D360     		str	r3, [r2, #12]
1500:Drivers/STM32F4xx_HAL_Driver/Src/stm32f4xx_hal_tim_ex.c ****       break;
 3508              		.loc 1 1500 0
 3509 001e 406A     		ldr	r0, [r0, #36]
 3510              	.LVL261:
 3511 0020 FFF7FEFF 		bl	HAL_DMA_Abort_IT
 3512              	.LVL262:
1489:Drivers/STM32F4xx_HAL_Driver/Src/stm32f4xx_hal_tim_ex.c **** 
 3513              		.loc 1 1489 0
 3514 0024 0026     		movs	r6, #0
 3515              	.L359:
 3516              	.LVL263:
1525:Drivers/STM32F4xx_HAL_Driver/Src/stm32f4xx_hal_tim_ex.c ****   {
 3517              		.loc 1 1525 0
 3518 0026 AEB1     		cbz	r6, .L373
 3519              	.L363:
1542:Drivers/STM32F4xx_HAL_Driver/Src/stm32f4xx_hal_tim_ex.c **** 
 3520              		.loc 1 1542 0
 3521 0028 3046     		mov	r0, r6
 3522 002a 70BD     		pop	{r4, r5, r6, pc}
 3523              	.LVL264:
 3524              	.L360:
1507:Drivers/STM32F4xx_HAL_Driver/Src/stm32f4xx_hal_tim_ex.c ****       (void)HAL_DMA_Abort_IT(htim->hdma[TIM_DMA_ID_CC2]);
 3525              		.loc 1 1507 0
 3526 002c 0268     		ldr	r2, [r0]
 3527 002e D368     		ldr	r3, [r2, #12]
 3528 0030 23F48063 		bic	r3, r3, #1024
 3529 0034 D360     		str	r3, [r2, #12]
1508:Drivers/STM32F4xx_HAL_Driver/Src/stm32f4xx_hal_tim_ex.c ****       break;
 3530              		.loc 1 1508 0
 3531 0036 806A     		ldr	r0, [r0, #40]
 3532              	.LVL265:
 3533 0038 FFF7FEFF 		bl	HAL_DMA_Abort_IT
 3534              	.LVL266:
1489:Drivers/STM32F4xx_HAL_Driver/Src/stm32f4xx_hal_tim_ex.c **** 
 3535              		.loc 1 1489 0
 3536 003c 0026     		movs	r6, #0
1509:Drivers/STM32F4xx_HAL_Driver/Src/stm32f4xx_hal_tim_ex.c ****     }
 3537              		.loc 1 1509 0
 3538 003e F2E7     		b	.L359
 3539              	.LVL267:
ARM GAS  /tmp/cczycJk4.s 			page 116


 3540              	.L361:
1515:Drivers/STM32F4xx_HAL_Driver/Src/stm32f4xx_hal_tim_ex.c ****       (void)HAL_DMA_Abort_IT(htim->hdma[TIM_DMA_ID_CC3]);
 3541              		.loc 1 1515 0
 3542 0040 0268     		ldr	r2, [r0]
 3543 0042 D368     		ldr	r3, [r2, #12]
 3544 0044 23F40063 		bic	r3, r3, #2048
 3545 0048 D360     		str	r3, [r2, #12]
1516:Drivers/STM32F4xx_HAL_Driver/Src/stm32f4xx_hal_tim_ex.c ****       break;
 3546              		.loc 1 1516 0
 3547 004a C06A     		ldr	r0, [r0, #44]
 3548              	.LVL268:
 3549 004c FFF7FEFF 		bl	HAL_DMA_Abort_IT
 3550              	.LVL269:
1489:Drivers/STM32F4xx_HAL_Driver/Src/stm32f4xx_hal_tim_ex.c **** 
 3551              		.loc 1 1489 0
 3552 0050 0026     		movs	r6, #0
1517:Drivers/STM32F4xx_HAL_Driver/Src/stm32f4xx_hal_tim_ex.c ****     }
 3553              		.loc 1 1517 0
 3554 0052 E8E7     		b	.L359
 3555              	.LVL270:
 3556              	.L373:
1528:Drivers/STM32F4xx_HAL_Driver/Src/stm32f4xx_hal_tim_ex.c **** 
 3557              		.loc 1 1528 0
 3558 0054 0022     		movs	r2, #0
 3559 0056 2146     		mov	r1, r4
 3560 0058 2868     		ldr	r0, [r5]
 3561 005a FFF7FEFF 		bl	TIM_CCxNChannelCmd
 3562              	.LVL271:
1531:Drivers/STM32F4xx_HAL_Driver/Src/stm32f4xx_hal_tim_ex.c **** 
 3563              		.loc 1 1531 0
 3564 005e 2B68     		ldr	r3, [r5]
 3565 0060 196A     		ldr	r1, [r3, #32]
 3566 0062 41F21112 		movw	r2, #4369
 3567 0066 1142     		tst	r1, r2
 3568 0068 08D1     		bne	.L364
1531:Drivers/STM32F4xx_HAL_Driver/Src/stm32f4xx_hal_tim_ex.c **** 
 3569              		.loc 1 1531 0 is_stmt 0 discriminator 1
 3570 006a 196A     		ldr	r1, [r3, #32]
 3571 006c 40F24442 		movw	r2, #1092
 3572 0070 1142     		tst	r1, r2
 3573 0072 03D1     		bne	.L364
1531:Drivers/STM32F4xx_HAL_Driver/Src/stm32f4xx_hal_tim_ex.c **** 
 3574              		.loc 1 1531 0 discriminator 2
 3575 0074 5A6C     		ldr	r2, [r3, #68]
 3576 0076 22F40042 		bic	r2, r2, #32768
 3577 007a 5A64     		str	r2, [r3, #68]
 3578              	.L364:
1534:Drivers/STM32F4xx_HAL_Driver/Src/stm32f4xx_hal_tim_ex.c **** 
 3579              		.loc 1 1534 0 is_stmt 1
 3580 007c 2B68     		ldr	r3, [r5]
 3581 007e 196A     		ldr	r1, [r3, #32]
 3582 0080 41F21112 		movw	r2, #4369
 3583 0084 1142     		tst	r1, r2
 3584 0086 08D1     		bne	.L365
1534:Drivers/STM32F4xx_HAL_Driver/Src/stm32f4xx_hal_tim_ex.c **** 
 3585              		.loc 1 1534 0 is_stmt 0 discriminator 1
 3586 0088 196A     		ldr	r1, [r3, #32]
ARM GAS  /tmp/cczycJk4.s 			page 117


 3587 008a 40F24442 		movw	r2, #1092
 3588 008e 1142     		tst	r1, r2
 3589 0090 03D1     		bne	.L365
1534:Drivers/STM32F4xx_HAL_Driver/Src/stm32f4xx_hal_tim_ex.c **** 
 3590              		.loc 1 1534 0 discriminator 2
 3591 0092 1A68     		ldr	r2, [r3]
 3592 0094 22F00102 		bic	r2, r2, #1
 3593 0098 1A60     		str	r2, [r3]
 3594              	.L365:
1537:Drivers/STM32F4xx_HAL_Driver/Src/stm32f4xx_hal_tim_ex.c ****   }
 3595              		.loc 1 1537 0 is_stmt 1
 3596 009a 3CB1     		cbz	r4, .L374
1537:Drivers/STM32F4xx_HAL_Driver/Src/stm32f4xx_hal_tim_ex.c ****   }
 3597              		.loc 1 1537 0 is_stmt 0 discriminator 2
 3598 009c 042C     		cmp	r4, #4
 3599 009e 09D0     		beq	.L375
1537:Drivers/STM32F4xx_HAL_Driver/Src/stm32f4xx_hal_tim_ex.c ****   }
 3600              		.loc 1 1537 0 discriminator 4
 3601 00a0 082C     		cmp	r4, #8
 3602 00a2 0BD0     		beq	.L376
1537:Drivers/STM32F4xx_HAL_Driver/Src/stm32f4xx_hal_tim_ex.c ****   }
 3603              		.loc 1 1537 0 discriminator 7
 3604 00a4 0123     		movs	r3, #1
 3605 00a6 85F84530 		strb	r3, [r5, #69]
 3606 00aa BDE7     		b	.L363
 3607              	.L374:
1537:Drivers/STM32F4xx_HAL_Driver/Src/stm32f4xx_hal_tim_ex.c ****   }
 3608              		.loc 1 1537 0 discriminator 1
 3609 00ac 0123     		movs	r3, #1
 3610 00ae 85F84230 		strb	r3, [r5, #66]
 3611 00b2 B9E7     		b	.L363
 3612              	.L375:
1537:Drivers/STM32F4xx_HAL_Driver/Src/stm32f4xx_hal_tim_ex.c ****   }
 3613              		.loc 1 1537 0 discriminator 3
 3614 00b4 0123     		movs	r3, #1
 3615 00b6 85F84330 		strb	r3, [r5, #67]
 3616 00ba B5E7     		b	.L363
 3617              	.L376:
1537:Drivers/STM32F4xx_HAL_Driver/Src/stm32f4xx_hal_tim_ex.c ****   }
 3618              		.loc 1 1537 0 discriminator 6
 3619 00bc 0123     		movs	r3, #1
 3620 00be 85F84430 		strb	r3, [r5, #68]
 3621 00c2 B1E7     		b	.L363
 3622              		.cfi_endproc
 3623              	.LFE151:
 3625              		.section	.text.HAL_TIMEx_OnePulseN_Start,"ax",%progbits
 3626              		.align	1
 3627              		.global	HAL_TIMEx_OnePulseN_Start
 3628              		.syntax unified
 3629              		.thumb
 3630              		.thumb_func
 3631              		.fpu fpv4-sp-d16
 3633              	HAL_TIMEx_OnePulseN_Start:
 3634              	.LFB152:
1579:Drivers/STM32F4xx_HAL_Driver/Src/stm32f4xx_hal_tim_ex.c ****   uint32_t input_channel = (OutputChannel == TIM_CHANNEL_1) ? TIM_CHANNEL_2 : TIM_CHANNEL_1;
 3635              		.loc 1 1579 0 is_stmt 1
 3636              		.cfi_startproc
ARM GAS  /tmp/cczycJk4.s 			page 118


 3637              		@ args = 0, pretend = 0, frame = 0
 3638              		@ frame_needed = 0, uses_anonymous_args = 0
 3639              	.LVL272:
 3640 0000 F8B5     		push	{r3, r4, r5, r6, r7, lr}
 3641              	.LCFI36:
 3642              		.cfi_def_cfa_offset 24
 3643              		.cfi_offset 3, -24
 3644              		.cfi_offset 4, -20
 3645              		.cfi_offset 5, -16
 3646              		.cfi_offset 6, -12
 3647              		.cfi_offset 7, -8
 3648              		.cfi_offset 14, -4
1580:Drivers/STM32F4xx_HAL_Driver/Src/stm32f4xx_hal_tim_ex.c ****   HAL_TIM_ChannelStateTypeDef channel_1_state = TIM_CHANNEL_STATE_GET(htim, TIM_CHANNEL_1);
 3649              		.loc 1 1580 0
 3650 0002 0F46     		mov	r7, r1
 3651 0004 81B9     		cbnz	r1, .L380
 3652 0006 0425     		movs	r5, #4
 3653              	.L378:
 3654              	.LVL273:
1581:Drivers/STM32F4xx_HAL_Driver/Src/stm32f4xx_hal_tim_ex.c ****   HAL_TIM_ChannelStateTypeDef channel_2_state = TIM_CHANNEL_STATE_GET(htim, TIM_CHANNEL_2);
 3655              		.loc 1 1581 0 discriminator 4
 3656 0008 90F83E30 		ldrb	r3, [r0, #62]	@ zero_extendqisi2
 3657 000c DBB2     		uxtb	r3, r3
 3658              	.LVL274:
1582:Drivers/STM32F4xx_HAL_Driver/Src/stm32f4xx_hal_tim_ex.c ****   HAL_TIM_ChannelStateTypeDef complementary_channel_1_state = TIM_CHANNEL_N_STATE_GET(htim, TIM_CHA
 3659              		.loc 1 1582 0 discriminator 4
 3660 000e 90F83F20 		ldrb	r2, [r0, #63]	@ zero_extendqisi2
 3661 0012 D2B2     		uxtb	r2, r2
 3662              	.LVL275:
1583:Drivers/STM32F4xx_HAL_Driver/Src/stm32f4xx_hal_tim_ex.c ****   HAL_TIM_ChannelStateTypeDef complementary_channel_2_state = TIM_CHANNEL_N_STATE_GET(htim, TIM_CHA
 3663              		.loc 1 1583 0 discriminator 4
 3664 0014 90F84240 		ldrb	r4, [r0, #66]	@ zero_extendqisi2
 3665 0018 E4B2     		uxtb	r4, r4
 3666              	.LVL276:
1584:Drivers/STM32F4xx_HAL_Driver/Src/stm32f4xx_hal_tim_ex.c **** 
 3667              		.loc 1 1584 0 discriminator 4
 3668 001a 90F84360 		ldrb	r6, [r0, #67]	@ zero_extendqisi2
 3669 001e F6B2     		uxtb	r6, r6
 3670              	.LVL277:
1590:Drivers/STM32F4xx_HAL_Driver/Src/stm32f4xx_hal_tim_ex.c ****       || (channel_2_state != HAL_TIM_CHANNEL_STATE_READY)
 3671              		.loc 1 1590 0 discriminator 4
 3672 0020 012B     		cmp	r3, #1
 3673 0022 03D0     		beq	.L386
1595:Drivers/STM32F4xx_HAL_Driver/Src/stm32f4xx_hal_tim_ex.c ****   }
 3674              		.loc 1 1595 0
 3675 0024 0120     		movs	r0, #1
 3676              	.LVL278:
 3677 0026 F8BD     		pop	{r3, r4, r5, r6, r7, pc}
 3678              	.LVL279:
 3679              	.L380:
1580:Drivers/STM32F4xx_HAL_Driver/Src/stm32f4xx_hal_tim_ex.c ****   HAL_TIM_ChannelStateTypeDef channel_1_state = TIM_CHANNEL_STATE_GET(htim, TIM_CHANNEL_1);
 3680              		.loc 1 1580 0
 3681 0028 0025     		movs	r5, #0
 3682 002a EDE7     		b	.L378
 3683              	.LVL280:
 3684              	.L386:
1591:Drivers/STM32F4xx_HAL_Driver/Src/stm32f4xx_hal_tim_ex.c ****       || (complementary_channel_1_state != HAL_TIM_CHANNEL_STATE_READY)
ARM GAS  /tmp/cczycJk4.s 			page 119


 3685              		.loc 1 1591 0
 3686 002c 012A     		cmp	r2, #1
 3687 002e 01D0     		beq	.L387
1595:Drivers/STM32F4xx_HAL_Driver/Src/stm32f4xx_hal_tim_ex.c ****   }
 3688              		.loc 1 1595 0
 3689 0030 0120     		movs	r0, #1
 3690              	.LVL281:
 3691 0032 F8BD     		pop	{r3, r4, r5, r6, r7, pc}
 3692              	.LVL282:
 3693              	.L387:
1592:Drivers/STM32F4xx_HAL_Driver/Src/stm32f4xx_hal_tim_ex.c ****       || (complementary_channel_2_state != HAL_TIM_CHANNEL_STATE_READY))
 3694              		.loc 1 1592 0
 3695 0034 012C     		cmp	r4, #1
 3696 0036 01D0     		beq	.L388
1595:Drivers/STM32F4xx_HAL_Driver/Src/stm32f4xx_hal_tim_ex.c ****   }
 3697              		.loc 1 1595 0
 3698 0038 0120     		movs	r0, #1
 3699              	.LVL283:
 3700 003a F8BD     		pop	{r3, r4, r5, r6, r7, pc}
 3701              	.LVL284:
 3702              	.L388:
1593:Drivers/STM32F4xx_HAL_Driver/Src/stm32f4xx_hal_tim_ex.c ****   {
 3703              		.loc 1 1593 0
 3704 003c 012E     		cmp	r6, #1
 3705 003e 01D0     		beq	.L389
1595:Drivers/STM32F4xx_HAL_Driver/Src/stm32f4xx_hal_tim_ex.c ****   }
 3706              		.loc 1 1595 0
 3707 0040 0120     		movs	r0, #1
 3708              	.LVL285:
1613:Drivers/STM32F4xx_HAL_Driver/Src/stm32f4xx_hal_tim_ex.c **** 
 3709              		.loc 1 1613 0
 3710 0042 F8BD     		pop	{r3, r4, r5, r6, r7, pc}
 3711              	.LVL286:
 3712              	.L389:
 3713 0044 3946     		mov	r1, r7
 3714              	.LVL287:
 3715 0046 0446     		mov	r4, r0
 3716              	.LVL288:
1599:Drivers/STM32F4xx_HAL_Driver/Src/stm32f4xx_hal_tim_ex.c ****   TIM_CHANNEL_STATE_SET(htim, TIM_CHANNEL_2, HAL_TIM_CHANNEL_STATE_BUSY);
 3717              		.loc 1 1599 0
 3718 0048 0223     		movs	r3, #2
 3719              	.LVL289:
 3720 004a 80F83E30 		strb	r3, [r0, #62]
1600:Drivers/STM32F4xx_HAL_Driver/Src/stm32f4xx_hal_tim_ex.c ****   TIM_CHANNEL_N_STATE_SET(htim, TIM_CHANNEL_1, HAL_TIM_CHANNEL_STATE_BUSY);
 3721              		.loc 1 1600 0
 3722 004e 80F83F30 		strb	r3, [r0, #63]
1601:Drivers/STM32F4xx_HAL_Driver/Src/stm32f4xx_hal_tim_ex.c ****   TIM_CHANNEL_N_STATE_SET(htim, TIM_CHANNEL_2, HAL_TIM_CHANNEL_STATE_BUSY);
 3723              		.loc 1 1601 0
 3724 0052 80F84230 		strb	r3, [r0, #66]
1602:Drivers/STM32F4xx_HAL_Driver/Src/stm32f4xx_hal_tim_ex.c **** 
 3725              		.loc 1 1602 0
 3726 0056 80F84330 		strb	r3, [r0, #67]
1605:Drivers/STM32F4xx_HAL_Driver/Src/stm32f4xx_hal_tim_ex.c ****   TIM_CCxChannelCmd(htim->Instance, input_channel, TIM_CCx_ENABLE);
 3727              		.loc 1 1605 0
 3728 005a 0422     		movs	r2, #4
 3729              	.LVL290:
 3730 005c 0068     		ldr	r0, [r0]
ARM GAS  /tmp/cczycJk4.s 			page 120


 3731              	.LVL291:
 3732 005e FFF7FEFF 		bl	TIM_CCxNChannelCmd
 3733              	.LVL292:
1606:Drivers/STM32F4xx_HAL_Driver/Src/stm32f4xx_hal_tim_ex.c **** 
 3734              		.loc 1 1606 0
 3735 0062 0122     		movs	r2, #1
 3736 0064 2946     		mov	r1, r5
 3737 0066 2068     		ldr	r0, [r4]
 3738 0068 FFF7FEFF 		bl	TIM_CCxChannelCmd
 3739              	.LVL293:
1609:Drivers/STM32F4xx_HAL_Driver/Src/stm32f4xx_hal_tim_ex.c **** 
 3740              		.loc 1 1609 0
 3741 006c 2268     		ldr	r2, [r4]
 3742 006e 536C     		ldr	r3, [r2, #68]
 3743 0070 43F40043 		orr	r3, r3, #32768
 3744 0074 5364     		str	r3, [r2, #68]
1612:Drivers/STM32F4xx_HAL_Driver/Src/stm32f4xx_hal_tim_ex.c **** }
 3745              		.loc 1 1612 0
 3746 0076 0020     		movs	r0, #0
 3747 0078 F8BD     		pop	{r3, r4, r5, r6, r7, pc}
 3748              		.cfi_endproc
 3749              	.LFE152:
 3751              		.section	.text.HAL_TIMEx_OnePulseN_Stop,"ax",%progbits
 3752              		.align	1
 3753              		.global	HAL_TIMEx_OnePulseN_Stop
 3754              		.syntax unified
 3755              		.thumb
 3756              		.thumb_func
 3757              		.fpu fpv4-sp-d16
 3759              	HAL_TIMEx_OnePulseN_Stop:
 3760              	.LFB153:
1628:Drivers/STM32F4xx_HAL_Driver/Src/stm32f4xx_hal_tim_ex.c ****   uint32_t input_channel = (OutputChannel == TIM_CHANNEL_1) ? TIM_CHANNEL_2 : TIM_CHANNEL_1;
 3761              		.loc 1 1628 0
 3762              		.cfi_startproc
 3763              		@ args = 0, pretend = 0, frame = 0
 3764              		@ frame_needed = 0, uses_anonymous_args = 0
 3765              	.LVL294:
 3766 0000 38B5     		push	{r3, r4, r5, lr}
 3767              	.LCFI37:
 3768              		.cfi_def_cfa_offset 16
 3769              		.cfi_offset 3, -16
 3770              		.cfi_offset 4, -12
 3771              		.cfi_offset 5, -8
 3772              		.cfi_offset 14, -4
 3773 0002 0446     		mov	r4, r0
1629:Drivers/STM32F4xx_HAL_Driver/Src/stm32f4xx_hal_tim_ex.c **** 
 3774              		.loc 1 1629 0
 3775 0004 0B46     		mov	r3, r1
 3776 0006 0029     		cmp	r1, #0
 3777 0008 33D1     		bne	.L394
 3778 000a 0425     		movs	r5, #4
 3779              	.L391:
 3780              	.LVL295:
1635:Drivers/STM32F4xx_HAL_Driver/Src/stm32f4xx_hal_tim_ex.c ****   TIM_CCxChannelCmd(htim->Instance, input_channel, TIM_CCx_DISABLE);
 3781              		.loc 1 1635 0 discriminator 4
 3782 000c 0022     		movs	r2, #0
 3783 000e 1946     		mov	r1, r3
ARM GAS  /tmp/cczycJk4.s 			page 121


 3784              	.LVL296:
 3785 0010 2068     		ldr	r0, [r4]
 3786              	.LVL297:
 3787 0012 FFF7FEFF 		bl	TIM_CCxNChannelCmd
 3788              	.LVL298:
1636:Drivers/STM32F4xx_HAL_Driver/Src/stm32f4xx_hal_tim_ex.c **** 
 3789              		.loc 1 1636 0 discriminator 4
 3790 0016 0022     		movs	r2, #0
 3791 0018 2946     		mov	r1, r5
 3792 001a 2068     		ldr	r0, [r4]
 3793 001c FFF7FEFF 		bl	TIM_CCxChannelCmd
 3794              	.LVL299:
1639:Drivers/STM32F4xx_HAL_Driver/Src/stm32f4xx_hal_tim_ex.c **** 
 3795              		.loc 1 1639 0 discriminator 4
 3796 0020 2368     		ldr	r3, [r4]
 3797 0022 196A     		ldr	r1, [r3, #32]
 3798 0024 41F21112 		movw	r2, #4369
 3799 0028 1142     		tst	r1, r2
 3800 002a 08D1     		bne	.L392
1639:Drivers/STM32F4xx_HAL_Driver/Src/stm32f4xx_hal_tim_ex.c **** 
 3801              		.loc 1 1639 0 is_stmt 0 discriminator 1
 3802 002c 196A     		ldr	r1, [r3, #32]
 3803 002e 40F24442 		movw	r2, #1092
 3804 0032 1142     		tst	r1, r2
 3805 0034 03D1     		bne	.L392
1639:Drivers/STM32F4xx_HAL_Driver/Src/stm32f4xx_hal_tim_ex.c **** 
 3806              		.loc 1 1639 0 discriminator 2
 3807 0036 5A6C     		ldr	r2, [r3, #68]
 3808 0038 22F40042 		bic	r2, r2, #32768
 3809 003c 5A64     		str	r2, [r3, #68]
 3810              	.L392:
1642:Drivers/STM32F4xx_HAL_Driver/Src/stm32f4xx_hal_tim_ex.c **** 
 3811              		.loc 1 1642 0 is_stmt 1
 3812 003e 2368     		ldr	r3, [r4]
 3813 0040 196A     		ldr	r1, [r3, #32]
 3814 0042 41F21112 		movw	r2, #4369
 3815 0046 1142     		tst	r1, r2
 3816 0048 08D1     		bne	.L393
1642:Drivers/STM32F4xx_HAL_Driver/Src/stm32f4xx_hal_tim_ex.c **** 
 3817              		.loc 1 1642 0 is_stmt 0 discriminator 1
 3818 004a 196A     		ldr	r1, [r3, #32]
 3819 004c 40F24442 		movw	r2, #1092
 3820 0050 1142     		tst	r1, r2
 3821 0052 03D1     		bne	.L393
1642:Drivers/STM32F4xx_HAL_Driver/Src/stm32f4xx_hal_tim_ex.c **** 
 3822              		.loc 1 1642 0 discriminator 2
 3823 0054 1A68     		ldr	r2, [r3]
 3824 0056 22F00102 		bic	r2, r2, #1
 3825 005a 1A60     		str	r2, [r3]
 3826              	.L393:
1645:Drivers/STM32F4xx_HAL_Driver/Src/stm32f4xx_hal_tim_ex.c ****   TIM_CHANNEL_STATE_SET(htim, TIM_CHANNEL_2, HAL_TIM_CHANNEL_STATE_READY);
 3827              		.loc 1 1645 0 is_stmt 1
 3828 005c 0123     		movs	r3, #1
 3829 005e 84F83E30 		strb	r3, [r4, #62]
1646:Drivers/STM32F4xx_HAL_Driver/Src/stm32f4xx_hal_tim_ex.c ****   TIM_CHANNEL_N_STATE_SET(htim, TIM_CHANNEL_1, HAL_TIM_CHANNEL_STATE_READY);
 3830              		.loc 1 1646 0
 3831 0062 84F83F30 		strb	r3, [r4, #63]
ARM GAS  /tmp/cczycJk4.s 			page 122


1647:Drivers/STM32F4xx_HAL_Driver/Src/stm32f4xx_hal_tim_ex.c ****   TIM_CHANNEL_N_STATE_SET(htim, TIM_CHANNEL_2, HAL_TIM_CHANNEL_STATE_READY);
 3832              		.loc 1 1647 0
 3833 0066 84F84230 		strb	r3, [r4, #66]
1648:Drivers/STM32F4xx_HAL_Driver/Src/stm32f4xx_hal_tim_ex.c **** 
 3834              		.loc 1 1648 0
 3835 006a 84F84330 		strb	r3, [r4, #67]
1652:Drivers/STM32F4xx_HAL_Driver/Src/stm32f4xx_hal_tim_ex.c **** 
 3836              		.loc 1 1652 0
 3837 006e 0020     		movs	r0, #0
 3838 0070 38BD     		pop	{r3, r4, r5, pc}
 3839              	.LVL300:
 3840              	.L394:
1629:Drivers/STM32F4xx_HAL_Driver/Src/stm32f4xx_hal_tim_ex.c **** 
 3841              		.loc 1 1629 0
 3842 0072 0025     		movs	r5, #0
 3843 0074 CAE7     		b	.L391
 3844              		.cfi_endproc
 3845              	.LFE153:
 3847              		.section	.text.HAL_TIMEx_OnePulseN_Start_IT,"ax",%progbits
 3848              		.align	1
 3849              		.global	HAL_TIMEx_OnePulseN_Start_IT
 3850              		.syntax unified
 3851              		.thumb
 3852              		.thumb_func
 3853              		.fpu fpv4-sp-d16
 3855              	HAL_TIMEx_OnePulseN_Start_IT:
 3856              	.LFB154:
1667:Drivers/STM32F4xx_HAL_Driver/Src/stm32f4xx_hal_tim_ex.c ****   uint32_t input_channel = (OutputChannel == TIM_CHANNEL_1) ? TIM_CHANNEL_2 : TIM_CHANNEL_1;
 3857              		.loc 1 1667 0
 3858              		.cfi_startproc
 3859              		@ args = 0, pretend = 0, frame = 0
 3860              		@ frame_needed = 0, uses_anonymous_args = 0
 3861              	.LVL301:
 3862 0000 F8B5     		push	{r3, r4, r5, r6, r7, lr}
 3863              	.LCFI38:
 3864              		.cfi_def_cfa_offset 24
 3865              		.cfi_offset 3, -24
 3866              		.cfi_offset 4, -20
 3867              		.cfi_offset 5, -16
 3868              		.cfi_offset 6, -12
 3869              		.cfi_offset 7, -8
 3870              		.cfi_offset 14, -4
1668:Drivers/STM32F4xx_HAL_Driver/Src/stm32f4xx_hal_tim_ex.c ****   HAL_TIM_ChannelStateTypeDef channel_1_state = TIM_CHANNEL_STATE_GET(htim, TIM_CHANNEL_1);
 3871              		.loc 1 1668 0
 3872 0002 0F46     		mov	r7, r1
 3873 0004 81B9     		cbnz	r1, .L399
 3874 0006 0425     		movs	r5, #4
 3875              	.L397:
 3876              	.LVL302:
1669:Drivers/STM32F4xx_HAL_Driver/Src/stm32f4xx_hal_tim_ex.c ****   HAL_TIM_ChannelStateTypeDef channel_2_state = TIM_CHANNEL_STATE_GET(htim, TIM_CHANNEL_2);
 3877              		.loc 1 1669 0 discriminator 4
 3878 0008 90F83E30 		ldrb	r3, [r0, #62]	@ zero_extendqisi2
 3879 000c DBB2     		uxtb	r3, r3
 3880              	.LVL303:
1670:Drivers/STM32F4xx_HAL_Driver/Src/stm32f4xx_hal_tim_ex.c ****   HAL_TIM_ChannelStateTypeDef complementary_channel_1_state = TIM_CHANNEL_N_STATE_GET(htim, TIM_CHA
 3881              		.loc 1 1670 0 discriminator 4
 3882 000e 90F83F20 		ldrb	r2, [r0, #63]	@ zero_extendqisi2
ARM GAS  /tmp/cczycJk4.s 			page 123


 3883 0012 D2B2     		uxtb	r2, r2
 3884              	.LVL304:
1671:Drivers/STM32F4xx_HAL_Driver/Src/stm32f4xx_hal_tim_ex.c ****   HAL_TIM_ChannelStateTypeDef complementary_channel_2_state = TIM_CHANNEL_N_STATE_GET(htim, TIM_CHA
 3885              		.loc 1 1671 0 discriminator 4
 3886 0014 90F84240 		ldrb	r4, [r0, #66]	@ zero_extendqisi2
 3887 0018 E4B2     		uxtb	r4, r4
 3888              	.LVL305:
1672:Drivers/STM32F4xx_HAL_Driver/Src/stm32f4xx_hal_tim_ex.c **** 
 3889              		.loc 1 1672 0 discriminator 4
 3890 001a 90F84360 		ldrb	r6, [r0, #67]	@ zero_extendqisi2
 3891 001e F6B2     		uxtb	r6, r6
 3892              	.LVL306:
1678:Drivers/STM32F4xx_HAL_Driver/Src/stm32f4xx_hal_tim_ex.c ****       || (channel_2_state != HAL_TIM_CHANNEL_STATE_READY)
 3893              		.loc 1 1678 0 discriminator 4
 3894 0020 012B     		cmp	r3, #1
 3895 0022 03D0     		beq	.L405
1683:Drivers/STM32F4xx_HAL_Driver/Src/stm32f4xx_hal_tim_ex.c ****   }
 3896              		.loc 1 1683 0
 3897 0024 0120     		movs	r0, #1
 3898              	.LVL307:
 3899 0026 F8BD     		pop	{r3, r4, r5, r6, r7, pc}
 3900              	.LVL308:
 3901              	.L399:
1668:Drivers/STM32F4xx_HAL_Driver/Src/stm32f4xx_hal_tim_ex.c ****   HAL_TIM_ChannelStateTypeDef channel_1_state = TIM_CHANNEL_STATE_GET(htim, TIM_CHANNEL_1);
 3902              		.loc 1 1668 0
 3903 0028 0025     		movs	r5, #0
 3904 002a EDE7     		b	.L397
 3905              	.LVL309:
 3906              	.L405:
1679:Drivers/STM32F4xx_HAL_Driver/Src/stm32f4xx_hal_tim_ex.c ****       || (complementary_channel_1_state != HAL_TIM_CHANNEL_STATE_READY)
 3907              		.loc 1 1679 0
 3908 002c 012A     		cmp	r2, #1
 3909 002e 01D0     		beq	.L406
1683:Drivers/STM32F4xx_HAL_Driver/Src/stm32f4xx_hal_tim_ex.c ****   }
 3910              		.loc 1 1683 0
 3911 0030 0120     		movs	r0, #1
 3912              	.LVL310:
 3913 0032 F8BD     		pop	{r3, r4, r5, r6, r7, pc}
 3914              	.LVL311:
 3915              	.L406:
1680:Drivers/STM32F4xx_HAL_Driver/Src/stm32f4xx_hal_tim_ex.c ****       || (complementary_channel_2_state != HAL_TIM_CHANNEL_STATE_READY))
 3916              		.loc 1 1680 0
 3917 0034 012C     		cmp	r4, #1
 3918 0036 01D0     		beq	.L407
1683:Drivers/STM32F4xx_HAL_Driver/Src/stm32f4xx_hal_tim_ex.c ****   }
 3919              		.loc 1 1683 0
 3920 0038 0120     		movs	r0, #1
 3921              	.LVL312:
 3922 003a F8BD     		pop	{r3, r4, r5, r6, r7, pc}
 3923              	.LVL313:
 3924              	.L407:
1681:Drivers/STM32F4xx_HAL_Driver/Src/stm32f4xx_hal_tim_ex.c ****   {
 3925              		.loc 1 1681 0
 3926 003c 012E     		cmp	r6, #1
 3927 003e 01D0     		beq	.L408
1683:Drivers/STM32F4xx_HAL_Driver/Src/stm32f4xx_hal_tim_ex.c ****   }
 3928              		.loc 1 1683 0
ARM GAS  /tmp/cczycJk4.s 			page 124


 3929 0040 0120     		movs	r0, #1
 3930              	.LVL314:
1707:Drivers/STM32F4xx_HAL_Driver/Src/stm32f4xx_hal_tim_ex.c **** 
 3931              		.loc 1 1707 0
 3932 0042 F8BD     		pop	{r3, r4, r5, r6, r7, pc}
 3933              	.LVL315:
 3934              	.L408:
 3935 0044 3946     		mov	r1, r7
 3936              	.LVL316:
 3937 0046 0446     		mov	r4, r0
 3938              	.LVL317:
1687:Drivers/STM32F4xx_HAL_Driver/Src/stm32f4xx_hal_tim_ex.c ****   TIM_CHANNEL_STATE_SET(htim, TIM_CHANNEL_2, HAL_TIM_CHANNEL_STATE_BUSY);
 3939              		.loc 1 1687 0
 3940 0048 0223     		movs	r3, #2
 3941              	.LVL318:
 3942 004a 80F83E30 		strb	r3, [r0, #62]
1688:Drivers/STM32F4xx_HAL_Driver/Src/stm32f4xx_hal_tim_ex.c ****   TIM_CHANNEL_N_STATE_SET(htim, TIM_CHANNEL_1, HAL_TIM_CHANNEL_STATE_BUSY);
 3943              		.loc 1 1688 0
 3944 004e 80F83F30 		strb	r3, [r0, #63]
1689:Drivers/STM32F4xx_HAL_Driver/Src/stm32f4xx_hal_tim_ex.c ****   TIM_CHANNEL_N_STATE_SET(htim, TIM_CHANNEL_2, HAL_TIM_CHANNEL_STATE_BUSY);
 3945              		.loc 1 1689 0
 3946 0052 80F84230 		strb	r3, [r0, #66]
1690:Drivers/STM32F4xx_HAL_Driver/Src/stm32f4xx_hal_tim_ex.c **** 
 3947              		.loc 1 1690 0
 3948 0056 80F84330 		strb	r3, [r0, #67]
1693:Drivers/STM32F4xx_HAL_Driver/Src/stm32f4xx_hal_tim_ex.c **** 
 3949              		.loc 1 1693 0
 3950 005a 0268     		ldr	r2, [r0]
 3951              	.LVL319:
 3952 005c D368     		ldr	r3, [r2, #12]
 3953 005e 43F00203 		orr	r3, r3, #2
 3954 0062 D360     		str	r3, [r2, #12]
1696:Drivers/STM32F4xx_HAL_Driver/Src/stm32f4xx_hal_tim_ex.c **** 
 3955              		.loc 1 1696 0
 3956 0064 0268     		ldr	r2, [r0]
 3957 0066 D368     		ldr	r3, [r2, #12]
 3958 0068 43F00403 		orr	r3, r3, #4
 3959 006c D360     		str	r3, [r2, #12]
1699:Drivers/STM32F4xx_HAL_Driver/Src/stm32f4xx_hal_tim_ex.c ****   TIM_CCxChannelCmd(htim->Instance, input_channel, TIM_CCx_ENABLE);
 3960              		.loc 1 1699 0
 3961 006e 0422     		movs	r2, #4
 3962 0070 0068     		ldr	r0, [r0]
 3963              	.LVL320:
 3964 0072 FFF7FEFF 		bl	TIM_CCxNChannelCmd
 3965              	.LVL321:
1700:Drivers/STM32F4xx_HAL_Driver/Src/stm32f4xx_hal_tim_ex.c **** 
 3966              		.loc 1 1700 0
 3967 0076 0122     		movs	r2, #1
 3968 0078 2946     		mov	r1, r5
 3969 007a 2068     		ldr	r0, [r4]
 3970 007c FFF7FEFF 		bl	TIM_CCxChannelCmd
 3971              	.LVL322:
1703:Drivers/STM32F4xx_HAL_Driver/Src/stm32f4xx_hal_tim_ex.c **** 
 3972              		.loc 1 1703 0
 3973 0080 2268     		ldr	r2, [r4]
 3974 0082 536C     		ldr	r3, [r2, #68]
 3975 0084 43F40043 		orr	r3, r3, #32768
ARM GAS  /tmp/cczycJk4.s 			page 125


 3976 0088 5364     		str	r3, [r2, #68]
1706:Drivers/STM32F4xx_HAL_Driver/Src/stm32f4xx_hal_tim_ex.c **** }
 3977              		.loc 1 1706 0
 3978 008a 0020     		movs	r0, #0
 3979 008c F8BD     		pop	{r3, r4, r5, r6, r7, pc}
 3980              		.cfi_endproc
 3981              	.LFE154:
 3983              		.section	.text.HAL_TIMEx_OnePulseN_Stop_IT,"ax",%progbits
 3984              		.align	1
 3985              		.global	HAL_TIMEx_OnePulseN_Stop_IT
 3986              		.syntax unified
 3987              		.thumb
 3988              		.thumb_func
 3989              		.fpu fpv4-sp-d16
 3991              	HAL_TIMEx_OnePulseN_Stop_IT:
 3992              	.LFB155:
1722:Drivers/STM32F4xx_HAL_Driver/Src/stm32f4xx_hal_tim_ex.c ****   uint32_t input_channel = (OutputChannel == TIM_CHANNEL_1) ? TIM_CHANNEL_2 : TIM_CHANNEL_1;
 3993              		.loc 1 1722 0
 3994              		.cfi_startproc
 3995              		@ args = 0, pretend = 0, frame = 0
 3996              		@ frame_needed = 0, uses_anonymous_args = 0
 3997              	.LVL323:
 3998 0000 38B5     		push	{r3, r4, r5, lr}
 3999              	.LCFI39:
 4000              		.cfi_def_cfa_offset 16
 4001              		.cfi_offset 3, -16
 4002              		.cfi_offset 4, -12
 4003              		.cfi_offset 5, -8
 4004              		.cfi_offset 14, -4
 4005 0002 0446     		mov	r4, r0
1723:Drivers/STM32F4xx_HAL_Driver/Src/stm32f4xx_hal_tim_ex.c **** 
 4006              		.loc 1 1723 0
 4007 0004 0846     		mov	r0, r1
 4008              	.LVL324:
 4009 0006 0029     		cmp	r1, #0
 4010 0008 3DD1     		bne	.L413
 4011 000a 0425     		movs	r5, #4
 4012              	.L410:
 4013              	.LVL325:
1729:Drivers/STM32F4xx_HAL_Driver/Src/stm32f4xx_hal_tim_ex.c **** 
 4014              		.loc 1 1729 0 discriminator 4
 4015 000c 2268     		ldr	r2, [r4]
 4016 000e D368     		ldr	r3, [r2, #12]
 4017 0010 23F00203 		bic	r3, r3, #2
 4018 0014 D360     		str	r3, [r2, #12]
1732:Drivers/STM32F4xx_HAL_Driver/Src/stm32f4xx_hal_tim_ex.c **** 
 4019              		.loc 1 1732 0 discriminator 4
 4020 0016 2268     		ldr	r2, [r4]
 4021 0018 D368     		ldr	r3, [r2, #12]
 4022 001a 23F00403 		bic	r3, r3, #4
 4023 001e D360     		str	r3, [r2, #12]
1735:Drivers/STM32F4xx_HAL_Driver/Src/stm32f4xx_hal_tim_ex.c ****   TIM_CCxChannelCmd(htim->Instance, input_channel, TIM_CCx_DISABLE);
 4024              		.loc 1 1735 0 discriminator 4
 4025 0020 0022     		movs	r2, #0
 4026 0022 0146     		mov	r1, r0
 4027              	.LVL326:
 4028 0024 2068     		ldr	r0, [r4]
ARM GAS  /tmp/cczycJk4.s 			page 126


 4029              	.LVL327:
 4030 0026 FFF7FEFF 		bl	TIM_CCxNChannelCmd
 4031              	.LVL328:
1736:Drivers/STM32F4xx_HAL_Driver/Src/stm32f4xx_hal_tim_ex.c **** 
 4032              		.loc 1 1736 0 discriminator 4
 4033 002a 0022     		movs	r2, #0
 4034 002c 2946     		mov	r1, r5
 4035 002e 2068     		ldr	r0, [r4]
 4036 0030 FFF7FEFF 		bl	TIM_CCxChannelCmd
 4037              	.LVL329:
1739:Drivers/STM32F4xx_HAL_Driver/Src/stm32f4xx_hal_tim_ex.c **** 
 4038              		.loc 1 1739 0 discriminator 4
 4039 0034 2368     		ldr	r3, [r4]
 4040 0036 196A     		ldr	r1, [r3, #32]
 4041 0038 41F21112 		movw	r2, #4369
 4042 003c 1142     		tst	r1, r2
 4043 003e 08D1     		bne	.L411
1739:Drivers/STM32F4xx_HAL_Driver/Src/stm32f4xx_hal_tim_ex.c **** 
 4044              		.loc 1 1739 0 is_stmt 0 discriminator 1
 4045 0040 196A     		ldr	r1, [r3, #32]
 4046 0042 40F24442 		movw	r2, #1092
 4047 0046 1142     		tst	r1, r2
 4048 0048 03D1     		bne	.L411
1739:Drivers/STM32F4xx_HAL_Driver/Src/stm32f4xx_hal_tim_ex.c **** 
 4049              		.loc 1 1739 0 discriminator 2
 4050 004a 5A6C     		ldr	r2, [r3, #68]
 4051 004c 22F40042 		bic	r2, r2, #32768
 4052 0050 5A64     		str	r2, [r3, #68]
 4053              	.L411:
1742:Drivers/STM32F4xx_HAL_Driver/Src/stm32f4xx_hal_tim_ex.c **** 
 4054              		.loc 1 1742 0 is_stmt 1
 4055 0052 2368     		ldr	r3, [r4]
 4056 0054 196A     		ldr	r1, [r3, #32]
 4057 0056 41F21112 		movw	r2, #4369
 4058 005a 1142     		tst	r1, r2
 4059 005c 08D1     		bne	.L412
1742:Drivers/STM32F4xx_HAL_Driver/Src/stm32f4xx_hal_tim_ex.c **** 
 4060              		.loc 1 1742 0 is_stmt 0 discriminator 1
 4061 005e 196A     		ldr	r1, [r3, #32]
 4062 0060 40F24442 		movw	r2, #1092
 4063 0064 1142     		tst	r1, r2
 4064 0066 03D1     		bne	.L412
1742:Drivers/STM32F4xx_HAL_Driver/Src/stm32f4xx_hal_tim_ex.c **** 
 4065              		.loc 1 1742 0 discriminator 2
 4066 0068 1A68     		ldr	r2, [r3]
 4067 006a 22F00102 		bic	r2, r2, #1
 4068 006e 1A60     		str	r2, [r3]
 4069              	.L412:
1745:Drivers/STM32F4xx_HAL_Driver/Src/stm32f4xx_hal_tim_ex.c ****   TIM_CHANNEL_STATE_SET(htim, TIM_CHANNEL_2, HAL_TIM_CHANNEL_STATE_READY);
 4070              		.loc 1 1745 0 is_stmt 1
 4071 0070 0123     		movs	r3, #1
 4072 0072 84F83E30 		strb	r3, [r4, #62]
1746:Drivers/STM32F4xx_HAL_Driver/Src/stm32f4xx_hal_tim_ex.c ****   TIM_CHANNEL_N_STATE_SET(htim, TIM_CHANNEL_1, HAL_TIM_CHANNEL_STATE_READY);
 4073              		.loc 1 1746 0
 4074 0076 84F83F30 		strb	r3, [r4, #63]
1747:Drivers/STM32F4xx_HAL_Driver/Src/stm32f4xx_hal_tim_ex.c ****   TIM_CHANNEL_N_STATE_SET(htim, TIM_CHANNEL_2, HAL_TIM_CHANNEL_STATE_READY);
 4075              		.loc 1 1747 0
ARM GAS  /tmp/cczycJk4.s 			page 127


 4076 007a 84F84230 		strb	r3, [r4, #66]
1748:Drivers/STM32F4xx_HAL_Driver/Src/stm32f4xx_hal_tim_ex.c **** 
 4077              		.loc 1 1748 0
 4078 007e 84F84330 		strb	r3, [r4, #67]
1752:Drivers/STM32F4xx_HAL_Driver/Src/stm32f4xx_hal_tim_ex.c **** 
 4079              		.loc 1 1752 0
 4080 0082 0020     		movs	r0, #0
 4081 0084 38BD     		pop	{r3, r4, r5, pc}
 4082              	.LVL330:
 4083              	.L413:
1723:Drivers/STM32F4xx_HAL_Driver/Src/stm32f4xx_hal_tim_ex.c **** 
 4084              		.loc 1 1723 0
 4085 0086 0025     		movs	r5, #0
 4086 0088 C0E7     		b	.L410
 4087              		.cfi_endproc
 4088              	.LFE155:
 4090              		.section	.text.HAL_TIMEx_ConfigCommutEvent,"ax",%progbits
 4091              		.align	1
 4092              		.global	HAL_TIMEx_ConfigCommutEvent
 4093              		.syntax unified
 4094              		.thumb
 4095              		.thumb_func
 4096              		.fpu fpv4-sp-d16
 4098              	HAL_TIMEx_ConfigCommutEvent:
 4099              	.LFB156:
1802:Drivers/STM32F4xx_HAL_Driver/Src/stm32f4xx_hal_tim_ex.c ****   /* Check the parameters */
 4100              		.loc 1 1802 0
 4101              		.cfi_startproc
 4102              		@ args = 0, pretend = 0, frame = 0
 4103              		@ frame_needed = 0, uses_anonymous_args = 0
 4104              		@ link register save eliminated.
 4105              	.LVL331:
1807:Drivers/STM32F4xx_HAL_Driver/Src/stm32f4xx_hal_tim_ex.c **** 
 4106              		.loc 1 1807 0
 4107 0000 90F83C30 		ldrb	r3, [r0, #60]	@ zero_extendqisi2
 4108 0004 012B     		cmp	r3, #1
 4109 0006 32D0     		beq	.L419
1802:Drivers/STM32F4xx_HAL_Driver/Src/stm32f4xx_hal_tim_ex.c ****   /* Check the parameters */
 4110              		.loc 1 1802 0 discriminator 2
 4111 0008 10B4     		push	{r4}
 4112              	.LCFI40:
 4113              		.cfi_def_cfa_offset 4
 4114              		.cfi_offset 4, -4
1807:Drivers/STM32F4xx_HAL_Driver/Src/stm32f4xx_hal_tim_ex.c **** 
 4115              		.loc 1 1807 0 discriminator 2
 4116 000a 0123     		movs	r3, #1
 4117 000c 80F83C30 		strb	r3, [r0, #60]
1809:Drivers/STM32F4xx_HAL_Driver/Src/stm32f4xx_hal_tim_ex.c ****       (InputTrigger == TIM_TS_ITR2) || (InputTrigger == TIM_TS_ITR3))
 4118              		.loc 1 1809 0 discriminator 2
 4119 0010 29B1     		cbz	r1, .L417
1809:Drivers/STM32F4xx_HAL_Driver/Src/stm32f4xx_hal_tim_ex.c ****       (InputTrigger == TIM_TS_ITR2) || (InputTrigger == TIM_TS_ITR3))
 4120              		.loc 1 1809 0 is_stmt 0 discriminator 1
 4121 0012 1029     		cmp	r1, #16
 4122 0014 03D0     		beq	.L417
1809:Drivers/STM32F4xx_HAL_Driver/Src/stm32f4xx_hal_tim_ex.c ****       (InputTrigger == TIM_TS_ITR2) || (InputTrigger == TIM_TS_ITR3))
 4123              		.loc 1 1809 0 discriminator 2
 4124 0016 2029     		cmp	r1, #32
ARM GAS  /tmp/cczycJk4.s 			page 128


 4125 0018 01D0     		beq	.L417
1810:Drivers/STM32F4xx_HAL_Driver/Src/stm32f4xx_hal_tim_ex.c ****   {
 4126              		.loc 1 1810 0 is_stmt 1
 4127 001a 3029     		cmp	r1, #48
 4128 001c 08D1     		bne	.L418
 4129              	.L417:
1813:Drivers/STM32F4xx_HAL_Driver/Src/stm32f4xx_hal_tim_ex.c ****     htim->Instance->SMCR |= InputTrigger;
 4130              		.loc 1 1813 0
 4131 001e 0468     		ldr	r4, [r0]
 4132 0020 A368     		ldr	r3, [r4, #8]
 4133 0022 23F07003 		bic	r3, r3, #112
 4134 0026 A360     		str	r3, [r4, #8]
1814:Drivers/STM32F4xx_HAL_Driver/Src/stm32f4xx_hal_tim_ex.c ****   }
 4135              		.loc 1 1814 0
 4136 0028 0368     		ldr	r3, [r0]
 4137 002a 9C68     		ldr	r4, [r3, #8]
 4138 002c 2143     		orrs	r1, r1, r4
 4139              	.LVL332:
 4140 002e 9960     		str	r1, [r3, #8]
 4141              	.L418:
1818:Drivers/STM32F4xx_HAL_Driver/Src/stm32f4xx_hal_tim_ex.c ****   /* Select the Commutation event source */
 4142              		.loc 1 1818 0
 4143 0030 0168     		ldr	r1, [r0]
 4144 0032 4B68     		ldr	r3, [r1, #4]
 4145 0034 43F00103 		orr	r3, r3, #1
 4146 0038 4B60     		str	r3, [r1, #4]
1820:Drivers/STM32F4xx_HAL_Driver/Src/stm32f4xx_hal_tim_ex.c ****   htim->Instance->CR2 |= CommutationSource;
 4147              		.loc 1 1820 0
 4148 003a 0168     		ldr	r1, [r0]
 4149 003c 4B68     		ldr	r3, [r1, #4]
 4150 003e 23F00403 		bic	r3, r3, #4
 4151 0042 4B60     		str	r3, [r1, #4]
1821:Drivers/STM32F4xx_HAL_Driver/Src/stm32f4xx_hal_tim_ex.c **** 
 4152              		.loc 1 1821 0
 4153 0044 0168     		ldr	r1, [r0]
 4154 0046 4B68     		ldr	r3, [r1, #4]
 4155 0048 1A43     		orrs	r2, r2, r3
 4156              	.LVL333:
 4157 004a 4A60     		str	r2, [r1, #4]
1824:Drivers/STM32F4xx_HAL_Driver/Src/stm32f4xx_hal_tim_ex.c **** 
 4158              		.loc 1 1824 0
 4159 004c 0268     		ldr	r2, [r0]
 4160 004e D368     		ldr	r3, [r2, #12]
 4161 0050 23F02003 		bic	r3, r3, #32
 4162 0054 D360     		str	r3, [r2, #12]
1827:Drivers/STM32F4xx_HAL_Driver/Src/stm32f4xx_hal_tim_ex.c **** 
 4163              		.loc 1 1827 0
 4164 0056 0268     		ldr	r2, [r0]
 4165 0058 D368     		ldr	r3, [r2, #12]
 4166 005a 23F40053 		bic	r3, r3, #8192
 4167 005e D360     		str	r3, [r2, #12]
1829:Drivers/STM32F4xx_HAL_Driver/Src/stm32f4xx_hal_tim_ex.c **** 
 4168              		.loc 1 1829 0
 4169 0060 0023     		movs	r3, #0
 4170 0062 80F83C30 		strb	r3, [r0, #60]
1831:Drivers/STM32F4xx_HAL_Driver/Src/stm32f4xx_hal_tim_ex.c **** }
 4171              		.loc 1 1831 0
ARM GAS  /tmp/cczycJk4.s 			page 129


 4172 0066 1846     		mov	r0, r3
 4173              	.LVL334:
1832:Drivers/STM32F4xx_HAL_Driver/Src/stm32f4xx_hal_tim_ex.c **** 
 4174              		.loc 1 1832 0
 4175 0068 5DF8044B 		ldr	r4, [sp], #4
 4176              	.LCFI41:
 4177              		.cfi_restore 4
 4178              		.cfi_def_cfa_offset 0
 4179 006c 7047     		bx	lr
 4180              	.LVL335:
 4181              	.L419:
1807:Drivers/STM32F4xx_HAL_Driver/Src/stm32f4xx_hal_tim_ex.c **** 
 4182              		.loc 1 1807 0
 4183 006e 0220     		movs	r0, #2
 4184              	.LVL336:
 4185 0070 7047     		bx	lr
 4186              		.cfi_endproc
 4187              	.LFE156:
 4189              		.section	.text.HAL_TIMEx_ConfigCommutEvent_IT,"ax",%progbits
 4190              		.align	1
 4191              		.global	HAL_TIMEx_ConfigCommutEvent_IT
 4192              		.syntax unified
 4193              		.thumb
 4194              		.thumb_func
 4195              		.fpu fpv4-sp-d16
 4197              	HAL_TIMEx_ConfigCommutEvent_IT:
 4198              	.LFB157:
1858:Drivers/STM32F4xx_HAL_Driver/Src/stm32f4xx_hal_tim_ex.c ****   /* Check the parameters */
 4199              		.loc 1 1858 0
 4200              		.cfi_startproc
 4201              		@ args = 0, pretend = 0, frame = 0
 4202              		@ frame_needed = 0, uses_anonymous_args = 0
 4203              		@ link register save eliminated.
 4204              	.LVL337:
1863:Drivers/STM32F4xx_HAL_Driver/Src/stm32f4xx_hal_tim_ex.c **** 
 4205              		.loc 1 1863 0
 4206 0000 90F83C30 		ldrb	r3, [r0, #60]	@ zero_extendqisi2
 4207 0004 012B     		cmp	r3, #1
 4208 0006 32D0     		beq	.L428
1858:Drivers/STM32F4xx_HAL_Driver/Src/stm32f4xx_hal_tim_ex.c ****   /* Check the parameters */
 4209              		.loc 1 1858 0 discriminator 2
 4210 0008 10B4     		push	{r4}
 4211              	.LCFI42:
 4212              		.cfi_def_cfa_offset 4
 4213              		.cfi_offset 4, -4
1863:Drivers/STM32F4xx_HAL_Driver/Src/stm32f4xx_hal_tim_ex.c **** 
 4214              		.loc 1 1863 0 discriminator 2
 4215 000a 0123     		movs	r3, #1
 4216 000c 80F83C30 		strb	r3, [r0, #60]
1865:Drivers/STM32F4xx_HAL_Driver/Src/stm32f4xx_hal_tim_ex.c ****       (InputTrigger == TIM_TS_ITR2) || (InputTrigger == TIM_TS_ITR3))
 4217              		.loc 1 1865 0 discriminator 2
 4218 0010 29B1     		cbz	r1, .L426
1865:Drivers/STM32F4xx_HAL_Driver/Src/stm32f4xx_hal_tim_ex.c ****       (InputTrigger == TIM_TS_ITR2) || (InputTrigger == TIM_TS_ITR3))
 4219              		.loc 1 1865 0 is_stmt 0 discriminator 1
 4220 0012 1029     		cmp	r1, #16
 4221 0014 03D0     		beq	.L426
1865:Drivers/STM32F4xx_HAL_Driver/Src/stm32f4xx_hal_tim_ex.c ****       (InputTrigger == TIM_TS_ITR2) || (InputTrigger == TIM_TS_ITR3))
ARM GAS  /tmp/cczycJk4.s 			page 130


 4222              		.loc 1 1865 0 discriminator 2
 4223 0016 2029     		cmp	r1, #32
 4224 0018 01D0     		beq	.L426
1866:Drivers/STM32F4xx_HAL_Driver/Src/stm32f4xx_hal_tim_ex.c ****   {
 4225              		.loc 1 1866 0 is_stmt 1
 4226 001a 3029     		cmp	r1, #48
 4227 001c 08D1     		bne	.L427
 4228              	.L426:
1869:Drivers/STM32F4xx_HAL_Driver/Src/stm32f4xx_hal_tim_ex.c ****     htim->Instance->SMCR |= InputTrigger;
 4229              		.loc 1 1869 0
 4230 001e 0468     		ldr	r4, [r0]
 4231 0020 A368     		ldr	r3, [r4, #8]
 4232 0022 23F07003 		bic	r3, r3, #112
 4233 0026 A360     		str	r3, [r4, #8]
1870:Drivers/STM32F4xx_HAL_Driver/Src/stm32f4xx_hal_tim_ex.c ****   }
 4234              		.loc 1 1870 0
 4235 0028 0368     		ldr	r3, [r0]
 4236 002a 9C68     		ldr	r4, [r3, #8]
 4237 002c 2143     		orrs	r1, r1, r4
 4238              	.LVL338:
 4239 002e 9960     		str	r1, [r3, #8]
 4240              	.L427:
1874:Drivers/STM32F4xx_HAL_Driver/Src/stm32f4xx_hal_tim_ex.c ****   /* Select the Commutation event source */
 4241              		.loc 1 1874 0
 4242 0030 0168     		ldr	r1, [r0]
 4243 0032 4B68     		ldr	r3, [r1, #4]
 4244 0034 43F00103 		orr	r3, r3, #1
 4245 0038 4B60     		str	r3, [r1, #4]
1876:Drivers/STM32F4xx_HAL_Driver/Src/stm32f4xx_hal_tim_ex.c ****   htim->Instance->CR2 |= CommutationSource;
 4246              		.loc 1 1876 0
 4247 003a 0168     		ldr	r1, [r0]
 4248 003c 4B68     		ldr	r3, [r1, #4]
 4249 003e 23F00403 		bic	r3, r3, #4
 4250 0042 4B60     		str	r3, [r1, #4]
1877:Drivers/STM32F4xx_HAL_Driver/Src/stm32f4xx_hal_tim_ex.c **** 
 4251              		.loc 1 1877 0
 4252 0044 0168     		ldr	r1, [r0]
 4253 0046 4B68     		ldr	r3, [r1, #4]
 4254 0048 1A43     		orrs	r2, r2, r3
 4255              	.LVL339:
 4256 004a 4A60     		str	r2, [r1, #4]
1880:Drivers/STM32F4xx_HAL_Driver/Src/stm32f4xx_hal_tim_ex.c **** 
 4257              		.loc 1 1880 0
 4258 004c 0268     		ldr	r2, [r0]
 4259 004e D368     		ldr	r3, [r2, #12]
 4260 0050 23F40053 		bic	r3, r3, #8192
 4261 0054 D360     		str	r3, [r2, #12]
1883:Drivers/STM32F4xx_HAL_Driver/Src/stm32f4xx_hal_tim_ex.c **** 
 4262              		.loc 1 1883 0
 4263 0056 0268     		ldr	r2, [r0]
 4264 0058 D368     		ldr	r3, [r2, #12]
 4265 005a 43F02003 		orr	r3, r3, #32
 4266 005e D360     		str	r3, [r2, #12]
1885:Drivers/STM32F4xx_HAL_Driver/Src/stm32f4xx_hal_tim_ex.c **** 
 4267              		.loc 1 1885 0
 4268 0060 0023     		movs	r3, #0
 4269 0062 80F83C30 		strb	r3, [r0, #60]
ARM GAS  /tmp/cczycJk4.s 			page 131


1887:Drivers/STM32F4xx_HAL_Driver/Src/stm32f4xx_hal_tim_ex.c **** }
 4270              		.loc 1 1887 0
 4271 0066 1846     		mov	r0, r3
 4272              	.LVL340:
1888:Drivers/STM32F4xx_HAL_Driver/Src/stm32f4xx_hal_tim_ex.c **** 
 4273              		.loc 1 1888 0
 4274 0068 5DF8044B 		ldr	r4, [sp], #4
 4275              	.LCFI43:
 4276              		.cfi_restore 4
 4277              		.cfi_def_cfa_offset 0
 4278 006c 7047     		bx	lr
 4279              	.LVL341:
 4280              	.L428:
1863:Drivers/STM32F4xx_HAL_Driver/Src/stm32f4xx_hal_tim_ex.c **** 
 4281              		.loc 1 1863 0
 4282 006e 0220     		movs	r0, #2
 4283              	.LVL342:
 4284 0070 7047     		bx	lr
 4285              		.cfi_endproc
 4286              	.LFE157:
 4288              		.section	.text.HAL_TIMEx_ConfigCommutEvent_DMA,"ax",%progbits
 4289              		.align	1
 4290              		.global	HAL_TIMEx_ConfigCommutEvent_DMA
 4291              		.syntax unified
 4292              		.thumb
 4293              		.thumb_func
 4294              		.fpu fpv4-sp-d16
 4296              	HAL_TIMEx_ConfigCommutEvent_DMA:
 4297              	.LFB158:
1915:Drivers/STM32F4xx_HAL_Driver/Src/stm32f4xx_hal_tim_ex.c ****   /* Check the parameters */
 4298              		.loc 1 1915 0
 4299              		.cfi_startproc
 4300              		@ args = 0, pretend = 0, frame = 0
 4301              		@ frame_needed = 0, uses_anonymous_args = 0
 4302              		@ link register save eliminated.
 4303              	.LVL343:
1920:Drivers/STM32F4xx_HAL_Driver/Src/stm32f4xx_hal_tim_ex.c **** 
 4304              		.loc 1 1920 0
 4305 0000 90F83C30 		ldrb	r3, [r0, #60]	@ zero_extendqisi2
 4306 0004 012B     		cmp	r3, #1
 4307 0006 3BD0     		beq	.L437
1915:Drivers/STM32F4xx_HAL_Driver/Src/stm32f4xx_hal_tim_ex.c ****   /* Check the parameters */
 4308              		.loc 1 1915 0 discriminator 2
 4309 0008 10B4     		push	{r4}
 4310              	.LCFI44:
 4311              		.cfi_def_cfa_offset 4
 4312              		.cfi_offset 4, -4
1920:Drivers/STM32F4xx_HAL_Driver/Src/stm32f4xx_hal_tim_ex.c **** 
 4313              		.loc 1 1920 0 discriminator 2
 4314 000a 0123     		movs	r3, #1
 4315 000c 80F83C30 		strb	r3, [r0, #60]
1922:Drivers/STM32F4xx_HAL_Driver/Src/stm32f4xx_hal_tim_ex.c ****       (InputTrigger == TIM_TS_ITR2) || (InputTrigger == TIM_TS_ITR3))
 4316              		.loc 1 1922 0 discriminator 2
 4317 0010 29B1     		cbz	r1, .L435
1922:Drivers/STM32F4xx_HAL_Driver/Src/stm32f4xx_hal_tim_ex.c ****       (InputTrigger == TIM_TS_ITR2) || (InputTrigger == TIM_TS_ITR3))
 4318              		.loc 1 1922 0 is_stmt 0 discriminator 1
 4319 0012 1029     		cmp	r1, #16
ARM GAS  /tmp/cczycJk4.s 			page 132


 4320 0014 03D0     		beq	.L435
1922:Drivers/STM32F4xx_HAL_Driver/Src/stm32f4xx_hal_tim_ex.c ****       (InputTrigger == TIM_TS_ITR2) || (InputTrigger == TIM_TS_ITR3))
 4321              		.loc 1 1922 0 discriminator 2
 4322 0016 2029     		cmp	r1, #32
 4323 0018 01D0     		beq	.L435
1923:Drivers/STM32F4xx_HAL_Driver/Src/stm32f4xx_hal_tim_ex.c ****   {
 4324              		.loc 1 1923 0 is_stmt 1
 4325 001a 3029     		cmp	r1, #48
 4326 001c 08D1     		bne	.L436
 4327              	.L435:
1926:Drivers/STM32F4xx_HAL_Driver/Src/stm32f4xx_hal_tim_ex.c ****     htim->Instance->SMCR |= InputTrigger;
 4328              		.loc 1 1926 0
 4329 001e 0468     		ldr	r4, [r0]
 4330 0020 A368     		ldr	r3, [r4, #8]
 4331 0022 23F07003 		bic	r3, r3, #112
 4332 0026 A360     		str	r3, [r4, #8]
1927:Drivers/STM32F4xx_HAL_Driver/Src/stm32f4xx_hal_tim_ex.c ****   }
 4333              		.loc 1 1927 0
 4334 0028 0368     		ldr	r3, [r0]
 4335 002a 9C68     		ldr	r4, [r3, #8]
 4336 002c 2143     		orrs	r1, r1, r4
 4337              	.LVL344:
 4338 002e 9960     		str	r1, [r3, #8]
 4339              	.L436:
1931:Drivers/STM32F4xx_HAL_Driver/Src/stm32f4xx_hal_tim_ex.c ****   /* Select the Commutation event source */
 4340              		.loc 1 1931 0
 4341 0030 0168     		ldr	r1, [r0]
 4342 0032 4B68     		ldr	r3, [r1, #4]
 4343 0034 43F00103 		orr	r3, r3, #1
 4344 0038 4B60     		str	r3, [r1, #4]
1933:Drivers/STM32F4xx_HAL_Driver/Src/stm32f4xx_hal_tim_ex.c ****   htim->Instance->CR2 |= CommutationSource;
 4345              		.loc 1 1933 0
 4346 003a 0168     		ldr	r1, [r0]
 4347 003c 4B68     		ldr	r3, [r1, #4]
 4348 003e 23F00403 		bic	r3, r3, #4
 4349 0042 4B60     		str	r3, [r1, #4]
1934:Drivers/STM32F4xx_HAL_Driver/Src/stm32f4xx_hal_tim_ex.c **** 
 4350              		.loc 1 1934 0
 4351 0044 0168     		ldr	r1, [r0]
 4352 0046 4B68     		ldr	r3, [r1, #4]
 4353 0048 1A43     		orrs	r2, r2, r3
 4354              	.LVL345:
 4355 004a 4A60     		str	r2, [r1, #4]
1938:Drivers/STM32F4xx_HAL_Driver/Src/stm32f4xx_hal_tim_ex.c ****   htim->hdma[TIM_DMA_ID_COMMUTATION]->XferHalfCpltCallback = TIMEx_DMACommutationHalfCplt;
 4356              		.loc 1 1938 0
 4357 004c 436B     		ldr	r3, [r0, #52]
 4358 004e 0D4A     		ldr	r2, .L442
 4359 0050 DA63     		str	r2, [r3, #60]
1939:Drivers/STM32F4xx_HAL_Driver/Src/stm32f4xx_hal_tim_ex.c ****   /* Set the DMA error callback */
 4360              		.loc 1 1939 0
 4361 0052 436B     		ldr	r3, [r0, #52]
 4362 0054 0C4A     		ldr	r2, .L442+4
 4363 0056 1A64     		str	r2, [r3, #64]
1941:Drivers/STM32F4xx_HAL_Driver/Src/stm32f4xx_hal_tim_ex.c **** 
 4364              		.loc 1 1941 0
 4365 0058 436B     		ldr	r3, [r0, #52]
 4366 005a 0C4A     		ldr	r2, .L442+8
ARM GAS  /tmp/cczycJk4.s 			page 133


 4367 005c DA64     		str	r2, [r3, #76]
1944:Drivers/STM32F4xx_HAL_Driver/Src/stm32f4xx_hal_tim_ex.c **** 
 4368              		.loc 1 1944 0
 4369 005e 0268     		ldr	r2, [r0]
 4370 0060 D368     		ldr	r3, [r2, #12]
 4371 0062 23F02003 		bic	r3, r3, #32
 4372 0066 D360     		str	r3, [r2, #12]
1947:Drivers/STM32F4xx_HAL_Driver/Src/stm32f4xx_hal_tim_ex.c **** 
 4373              		.loc 1 1947 0
 4374 0068 0268     		ldr	r2, [r0]
 4375 006a D368     		ldr	r3, [r2, #12]
 4376 006c 43F40053 		orr	r3, r3, #8192
 4377 0070 D360     		str	r3, [r2, #12]
1949:Drivers/STM32F4xx_HAL_Driver/Src/stm32f4xx_hal_tim_ex.c **** 
 4378              		.loc 1 1949 0
 4379 0072 0023     		movs	r3, #0
 4380 0074 80F83C30 		strb	r3, [r0, #60]
1951:Drivers/STM32F4xx_HAL_Driver/Src/stm32f4xx_hal_tim_ex.c **** }
 4381              		.loc 1 1951 0
 4382 0078 1846     		mov	r0, r3
 4383              	.LVL346:
1952:Drivers/STM32F4xx_HAL_Driver/Src/stm32f4xx_hal_tim_ex.c **** 
 4384              		.loc 1 1952 0
 4385 007a 5DF8044B 		ldr	r4, [sp], #4
 4386              	.LCFI45:
 4387              		.cfi_restore 4
 4388              		.cfi_def_cfa_offset 0
 4389 007e 7047     		bx	lr
 4390              	.LVL347:
 4391              	.L437:
1920:Drivers/STM32F4xx_HAL_Driver/Src/stm32f4xx_hal_tim_ex.c **** 
 4392              		.loc 1 1920 0
 4393 0080 0220     		movs	r0, #2
 4394              	.LVL348:
 4395 0082 7047     		bx	lr
 4396              	.L443:
 4397              		.align	2
 4398              	.L442:
 4399 0084 00000000 		.word	TIMEx_DMACommutationCplt
 4400 0088 00000000 		.word	TIMEx_DMACommutationHalfCplt
 4401 008c 00000000 		.word	TIM_DMAError
 4402              		.cfi_endproc
 4403              	.LFE158:
 4405              		.section	.text.HAL_TIMEx_MasterConfigSynchronization,"ax",%progbits
 4406              		.align	1
 4407              		.global	HAL_TIMEx_MasterConfigSynchronization
 4408              		.syntax unified
 4409              		.thumb
 4410              		.thumb_func
 4411              		.fpu fpv4-sp-d16
 4413              	HAL_TIMEx_MasterConfigSynchronization:
 4414              	.LFB159:
1964:Drivers/STM32F4xx_HAL_Driver/Src/stm32f4xx_hal_tim_ex.c ****   uint32_t tmpcr2;
 4415              		.loc 1 1964 0
 4416              		.cfi_startproc
 4417              		@ args = 0, pretend = 0, frame = 0
 4418              		@ frame_needed = 0, uses_anonymous_args = 0
ARM GAS  /tmp/cczycJk4.s 			page 134


 4419              		@ link register save eliminated.
 4420              	.LVL349:
1974:Drivers/STM32F4xx_HAL_Driver/Src/stm32f4xx_hal_tim_ex.c **** 
 4421              		.loc 1 1974 0
 4422 0000 90F83C30 		ldrb	r3, [r0, #60]	@ zero_extendqisi2
 4423 0004 012B     		cmp	r3, #1
 4424 0006 3BD0     		beq	.L448
1964:Drivers/STM32F4xx_HAL_Driver/Src/stm32f4xx_hal_tim_ex.c ****   uint32_t tmpcr2;
 4425              		.loc 1 1964 0 discriminator 2
 4426 0008 30B4     		push	{r4, r5}
 4427              	.LCFI46:
 4428              		.cfi_def_cfa_offset 8
 4429              		.cfi_offset 4, -8
 4430              		.cfi_offset 5, -4
1974:Drivers/STM32F4xx_HAL_Driver/Src/stm32f4xx_hal_tim_ex.c **** 
 4431              		.loc 1 1974 0 discriminator 2
 4432 000a 0123     		movs	r3, #1
 4433 000c 80F83C30 		strb	r3, [r0, #60]
1977:Drivers/STM32F4xx_HAL_Driver/Src/stm32f4xx_hal_tim_ex.c **** 
 4434              		.loc 1 1977 0 discriminator 2
 4435 0010 0223     		movs	r3, #2
 4436 0012 80F83D30 		strb	r3, [r0, #61]
1980:Drivers/STM32F4xx_HAL_Driver/Src/stm32f4xx_hal_tim_ex.c **** 
 4437              		.loc 1 1980 0 discriminator 2
 4438 0016 0468     		ldr	r4, [r0]
 4439 0018 6368     		ldr	r3, [r4, #4]
 4440              	.LVL350:
1983:Drivers/STM32F4xx_HAL_Driver/Src/stm32f4xx_hal_tim_ex.c **** 
 4441              		.loc 1 1983 0 discriminator 2
 4442 001a A268     		ldr	r2, [r4, #8]
 4443              	.LVL351:
1986:Drivers/STM32F4xx_HAL_Driver/Src/stm32f4xx_hal_tim_ex.c ****   /* Select the TRGO source */
 4444              		.loc 1 1986 0 discriminator 2
 4445 001c 23F07003 		bic	r3, r3, #112
 4446              	.LVL352:
1988:Drivers/STM32F4xx_HAL_Driver/Src/stm32f4xx_hal_tim_ex.c **** 
 4447              		.loc 1 1988 0 discriminator 2
 4448 0020 0D68     		ldr	r5, [r1]
 4449 0022 2B43     		orrs	r3, r3, r5
 4450              	.LVL353:
1991:Drivers/STM32F4xx_HAL_Driver/Src/stm32f4xx_hal_tim_ex.c **** 
 4451              		.loc 1 1991 0 discriminator 2
 4452 0024 6360     		str	r3, [r4, #4]
1993:Drivers/STM32F4xx_HAL_Driver/Src/stm32f4xx_hal_tim_ex.c ****   {
 4453              		.loc 1 1993 0 discriminator 2
 4454 0026 0368     		ldr	r3, [r0]
 4455              	.LVL354:
 4456 0028 164C     		ldr	r4, .L453
 4457              	.LVL355:
 4458 002a A342     		cmp	r3, r4
 4459 002c 1AD0     		beq	.L446
1993:Drivers/STM32F4xx_HAL_Driver/Src/stm32f4xx_hal_tim_ex.c ****   {
 4460              		.loc 1 1993 0 is_stmt 0 discriminator 1
 4461 002e B3F1804F 		cmp	r3, #1073741824
 4462 0032 17D0     		beq	.L446
1993:Drivers/STM32F4xx_HAL_Driver/Src/stm32f4xx_hal_tim_ex.c ****   {
 4463              		.loc 1 1993 0 discriminator 2
ARM GAS  /tmp/cczycJk4.s 			page 135


 4464 0034 A4F57C44 		sub	r4, r4, #64512
 4465 0038 A342     		cmp	r3, r4
 4466 003a 13D0     		beq	.L446
1993:Drivers/STM32F4xx_HAL_Driver/Src/stm32f4xx_hal_tim_ex.c ****   {
 4467              		.loc 1 1993 0 discriminator 3
 4468 003c 04F58064 		add	r4, r4, #1024
 4469 0040 A342     		cmp	r3, r4
 4470 0042 0FD0     		beq	.L446
1993:Drivers/STM32F4xx_HAL_Driver/Src/stm32f4xx_hal_tim_ex.c ****   {
 4471              		.loc 1 1993 0 discriminator 4
 4472 0044 04F58064 		add	r4, r4, #1024
 4473 0048 A342     		cmp	r3, r4
 4474 004a 0BD0     		beq	.L446
1993:Drivers/STM32F4xx_HAL_Driver/Src/stm32f4xx_hal_tim_ex.c ****   {
 4475              		.loc 1 1993 0 discriminator 5
 4476 004c 04F57844 		add	r4, r4, #63488
 4477 0050 A342     		cmp	r3, r4
 4478 0052 07D0     		beq	.L446
1993:Drivers/STM32F4xx_HAL_Driver/Src/stm32f4xx_hal_tim_ex.c ****   {
 4479              		.loc 1 1993 0 discriminator 6
 4480 0054 04F57054 		add	r4, r4, #15360
 4481 0058 A342     		cmp	r3, r4
 4482 005a 03D0     		beq	.L446
1993:Drivers/STM32F4xx_HAL_Driver/Src/stm32f4xx_hal_tim_ex.c ****   {
 4483              		.loc 1 1993 0 discriminator 7
 4484 005c A4F59434 		sub	r4, r4, #75776
 4485 0060 A342     		cmp	r3, r4
 4486 0062 04D1     		bne	.L447
 4487              	.L446:
1996:Drivers/STM32F4xx_HAL_Driver/Src/stm32f4xx_hal_tim_ex.c ****     /* Set master mode */
 4488              		.loc 1 1996 0 is_stmt 1
 4489 0064 22F08002 		bic	r2, r2, #128
 4490              	.LVL356:
1998:Drivers/STM32F4xx_HAL_Driver/Src/stm32f4xx_hal_tim_ex.c **** 
 4491              		.loc 1 1998 0
 4492 0068 4968     		ldr	r1, [r1, #4]
 4493              	.LVL357:
 4494 006a 0A43     		orrs	r2, r2, r1
 4495              	.LVL358:
2001:Drivers/STM32F4xx_HAL_Driver/Src/stm32f4xx_hal_tim_ex.c ****   }
 4496              		.loc 1 2001 0
 4497 006c 9A60     		str	r2, [r3, #8]
 4498              	.L447:
2005:Drivers/STM32F4xx_HAL_Driver/Src/stm32f4xx_hal_tim_ex.c **** 
 4499              		.loc 1 2005 0
 4500 006e 0123     		movs	r3, #1
 4501 0070 80F83D30 		strb	r3, [r0, #61]
2007:Drivers/STM32F4xx_HAL_Driver/Src/stm32f4xx_hal_tim_ex.c **** 
 4502              		.loc 1 2007 0
 4503 0074 0023     		movs	r3, #0
 4504 0076 80F83C30 		strb	r3, [r0, #60]
2009:Drivers/STM32F4xx_HAL_Driver/Src/stm32f4xx_hal_tim_ex.c **** }
 4505              		.loc 1 2009 0
 4506 007a 1846     		mov	r0, r3
 4507              	.LVL359:
2010:Drivers/STM32F4xx_HAL_Driver/Src/stm32f4xx_hal_tim_ex.c **** 
 4508              		.loc 1 2010 0
ARM GAS  /tmp/cczycJk4.s 			page 136


 4509 007c 30BC     		pop	{r4, r5}
 4510              	.LCFI47:
 4511              		.cfi_restore 5
 4512              		.cfi_restore 4
 4513              		.cfi_def_cfa_offset 0
 4514 007e 7047     		bx	lr
 4515              	.LVL360:
 4516              	.L448:
1974:Drivers/STM32F4xx_HAL_Driver/Src/stm32f4xx_hal_tim_ex.c **** 
 4517              		.loc 1 1974 0
 4518 0080 0220     		movs	r0, #2
 4519              	.LVL361:
 4520 0082 7047     		bx	lr
 4521              	.L454:
 4522              		.align	2
 4523              	.L453:
 4524 0084 00000140 		.word	1073807360
 4525              		.cfi_endproc
 4526              	.LFE159:
 4528              		.section	.text.HAL_TIMEx_ConfigBreakDeadTime,"ax",%progbits
 4529              		.align	1
 4530              		.global	HAL_TIMEx_ConfigBreakDeadTime
 4531              		.syntax unified
 4532              		.thumb
 4533              		.thumb_func
 4534              		.fpu fpv4-sp-d16
 4536              	HAL_TIMEx_ConfigBreakDeadTime:
 4537              	.LFB160:
2025:Drivers/STM32F4xx_HAL_Driver/Src/stm32f4xx_hal_tim_ex.c ****   /* Keep this variable initialized to 0 as it is used to configure BDTR register */
 4538              		.loc 1 2025 0
 4539              		.cfi_startproc
 4540              		@ args = 0, pretend = 0, frame = 0
 4541              		@ frame_needed = 0, uses_anonymous_args = 0
 4542              		@ link register save eliminated.
 4543              	.LVL362:
2040:Drivers/STM32F4xx_HAL_Driver/Src/stm32f4xx_hal_tim_ex.c **** 
 4544              		.loc 1 2040 0
 4545 0000 90F83C30 		ldrb	r3, [r0, #60]	@ zero_extendqisi2
 4546 0004 012B     		cmp	r3, #1
 4547 0006 22D0     		beq	.L457
2040:Drivers/STM32F4xx_HAL_Driver/Src/stm32f4xx_hal_tim_ex.c **** 
 4548              		.loc 1 2040 0 is_stmt 0 discriminator 2
 4549 0008 0123     		movs	r3, #1
 4550 000a 80F83C30 		strb	r3, [r0, #60]
2046:Drivers/STM32F4xx_HAL_Driver/Src/stm32f4xx_hal_tim_ex.c ****   MODIFY_REG(tmpbdtr, TIM_BDTR_LOCK, sBreakDeadTimeConfig->LockLevel);
 4551              		.loc 1 2046 0 is_stmt 1 discriminator 2
 4552 000e CB68     		ldr	r3, [r1, #12]
 4553              	.LVL363:
2047:Drivers/STM32F4xx_HAL_Driver/Src/stm32f4xx_hal_tim_ex.c ****   MODIFY_REG(tmpbdtr, TIM_BDTR_OSSI, sBreakDeadTimeConfig->OffStateIDLEMode);
 4554              		.loc 1 2047 0 discriminator 2
 4555 0010 23F44073 		bic	r3, r3, #768
 4556              	.LVL364:
 4557 0014 8A68     		ldr	r2, [r1, #8]
 4558 0016 1343     		orrs	r3, r3, r2
 4559              	.LVL365:
2048:Drivers/STM32F4xx_HAL_Driver/Src/stm32f4xx_hal_tim_ex.c ****   MODIFY_REG(tmpbdtr, TIM_BDTR_OSSR, sBreakDeadTimeConfig->OffStateRunMode);
 4560              		.loc 1 2048 0 discriminator 2
ARM GAS  /tmp/cczycJk4.s 			page 137


 4561 0018 23F48063 		bic	r3, r3, #1024
 4562              	.LVL366:
 4563 001c 4A68     		ldr	r2, [r1, #4]
 4564              	.LVL367:
 4565 001e 1343     		orrs	r3, r3, r2
 4566              	.LVL368:
2049:Drivers/STM32F4xx_HAL_Driver/Src/stm32f4xx_hal_tim_ex.c ****   MODIFY_REG(tmpbdtr, TIM_BDTR_BKE, sBreakDeadTimeConfig->BreakState);
 4567              		.loc 1 2049 0 discriminator 2
 4568 0020 23F40063 		bic	r3, r3, #2048
 4569              	.LVL369:
 4570 0024 0A68     		ldr	r2, [r1]
 4571              	.LVL370:
 4572 0026 1343     		orrs	r3, r3, r2
 4573              	.LVL371:
2050:Drivers/STM32F4xx_HAL_Driver/Src/stm32f4xx_hal_tim_ex.c ****   MODIFY_REG(tmpbdtr, TIM_BDTR_BKP, sBreakDeadTimeConfig->BreakPolarity);
 4574              		.loc 1 2050 0 discriminator 2
 4575 0028 23F48053 		bic	r3, r3, #4096
 4576              	.LVL372:
 4577 002c 0A69     		ldr	r2, [r1, #16]
 4578              	.LVL373:
 4579 002e 1343     		orrs	r3, r3, r2
 4580              	.LVL374:
2051:Drivers/STM32F4xx_HAL_Driver/Src/stm32f4xx_hal_tim_ex.c ****   MODIFY_REG(tmpbdtr, TIM_BDTR_AOE, sBreakDeadTimeConfig->AutomaticOutput);
 4581              		.loc 1 2051 0 discriminator 2
 4582 0030 23F40053 		bic	r3, r3, #8192
 4583              	.LVL375:
 4584 0034 4A69     		ldr	r2, [r1, #20]
 4585              	.LVL376:
 4586 0036 1343     		orrs	r3, r3, r2
 4587              	.LVL377:
2052:Drivers/STM32F4xx_HAL_Driver/Src/stm32f4xx_hal_tim_ex.c **** 
 4588              		.loc 1 2052 0 discriminator 2
 4589 0038 23F48043 		bic	r3, r3, #16384
 4590              	.LVL378:
 4591 003c CA69     		ldr	r2, [r1, #28]
 4592              	.LVL379:
 4593 003e 1343     		orrs	r3, r3, r2
 4594              	.LVL380:
2056:Drivers/STM32F4xx_HAL_Driver/Src/stm32f4xx_hal_tim_ex.c **** 
 4595              		.loc 1 2056 0 discriminator 2
 4596 0040 0268     		ldr	r2, [r0]
 4597 0042 5364     		str	r3, [r2, #68]
2058:Drivers/STM32F4xx_HAL_Driver/Src/stm32f4xx_hal_tim_ex.c **** 
 4598              		.loc 1 2058 0 discriminator 2
 4599 0044 0023     		movs	r3, #0
 4600              	.LVL381:
 4601 0046 80F83C30 		strb	r3, [r0, #60]
 4602              	.LVL382:
2060:Drivers/STM32F4xx_HAL_Driver/Src/stm32f4xx_hal_tim_ex.c **** }
 4603              		.loc 1 2060 0 discriminator 2
 4604 004a 1846     		mov	r0, r3
 4605              	.LVL383:
 4606 004c 7047     		bx	lr
 4607              	.LVL384:
 4608              	.L457:
2040:Drivers/STM32F4xx_HAL_Driver/Src/stm32f4xx_hal_tim_ex.c **** 
 4609              		.loc 1 2040 0
ARM GAS  /tmp/cczycJk4.s 			page 138


 4610 004e 0220     		movs	r0, #2
 4611              	.LVL385:
2061:Drivers/STM32F4xx_HAL_Driver/Src/stm32f4xx_hal_tim_ex.c **** 
 4612              		.loc 1 2061 0
 4613 0050 7047     		bx	lr
 4614              		.cfi_endproc
 4615              	.LFE160:
 4617              		.section	.text.HAL_TIMEx_RemapConfig,"ax",%progbits
 4618              		.align	1
 4619              		.global	HAL_TIMEx_RemapConfig
 4620              		.syntax unified
 4621              		.thumb
 4622              		.thumb_func
 4623              		.fpu fpv4-sp-d16
 4625              	HAL_TIMEx_RemapConfig:
 4626              	.LFB161:
2100:Drivers/STM32F4xx_HAL_Driver/Src/stm32f4xx_hal_tim_ex.c **** 
 4627              		.loc 1 2100 0
 4628              		.cfi_startproc
 4629              		@ args = 0, pretend = 0, frame = 0
 4630              		@ frame_needed = 0, uses_anonymous_args = 0
 4631              		@ link register save eliminated.
 4632              	.LVL386:
2105:Drivers/STM32F4xx_HAL_Driver/Src/stm32f4xx_hal_tim_ex.c **** 
 4633              		.loc 1 2105 0
 4634 0000 90F83C30 		ldrb	r3, [r0, #60]	@ zero_extendqisi2
 4635 0004 012B     		cmp	r3, #1
 4636 0006 06D0     		beq	.L460
2123:Drivers/STM32F4xx_HAL_Driver/Src/stm32f4xx_hal_tim_ex.c **** #endif /* LPTIM_OR_TIM1_ITR2_RMP &&  LPTIM_OR_TIM5_ITR1_RMP && LPTIM_OR_TIM9_ITR1_RMP */
 4637              		.loc 1 2123 0 discriminator 2
 4638 0008 0368     		ldr	r3, [r0]
 4639 000a 1965     		str	r1, [r3, #80]
2126:Drivers/STM32F4xx_HAL_Driver/Src/stm32f4xx_hal_tim_ex.c **** 
 4640              		.loc 1 2126 0 discriminator 2
 4641 000c 0023     		movs	r3, #0
 4642 000e 80F83C30 		strb	r3, [r0, #60]
2128:Drivers/STM32F4xx_HAL_Driver/Src/stm32f4xx_hal_tim_ex.c **** }
 4643              		.loc 1 2128 0 discriminator 2
 4644 0012 1846     		mov	r0, r3
 4645              	.LVL387:
 4646 0014 7047     		bx	lr
 4647              	.LVL388:
 4648              	.L460:
2105:Drivers/STM32F4xx_HAL_Driver/Src/stm32f4xx_hal_tim_ex.c **** 
 4649              		.loc 1 2105 0
 4650 0016 0220     		movs	r0, #2
 4651              	.LVL389:
2129:Drivers/STM32F4xx_HAL_Driver/Src/stm32f4xx_hal_tim_ex.c **** 
 4652              		.loc 1 2129 0
 4653 0018 7047     		bx	lr
 4654              		.cfi_endproc
 4655              	.LFE161:
 4657              		.section	.text.HAL_TIMEx_CommutCallback,"ax",%progbits
 4658              		.align	1
 4659              		.weak	HAL_TIMEx_CommutCallback
 4660              		.syntax unified
 4661              		.thumb
ARM GAS  /tmp/cczycJk4.s 			page 139


 4662              		.thumb_func
 4663              		.fpu fpv4-sp-d16
 4665              	HAL_TIMEx_CommutCallback:
 4666              	.LFB162:
2157:Drivers/STM32F4xx_HAL_Driver/Src/stm32f4xx_hal_tim_ex.c ****   /* Prevent unused argument(s) compilation warning */
 4667              		.loc 1 2157 0
 4668              		.cfi_startproc
 4669              		@ args = 0, pretend = 0, frame = 0
 4670              		@ frame_needed = 0, uses_anonymous_args = 0
 4671              		@ link register save eliminated.
 4672              	.LVL390:
 4673 0000 7047     		bx	lr
 4674              		.cfi_endproc
 4675              	.LFE162:
 4677              		.section	.text.TIMEx_DMACommutationCplt,"ax",%progbits
 4678              		.align	1
 4679              		.global	TIMEx_DMACommutationCplt
 4680              		.syntax unified
 4681              		.thumb
 4682              		.thumb_func
 4683              		.fpu fpv4-sp-d16
 4685              	TIMEx_DMACommutationCplt:
 4686              	.LFB167:
2263:Drivers/STM32F4xx_HAL_Driver/Src/stm32f4xx_hal_tim_ex.c ****   TIM_HandleTypeDef *htim = (TIM_HandleTypeDef *)((DMA_HandleTypeDef *)hdma)->Parent;
 4687              		.loc 1 2263 0
 4688              		.cfi_startproc
 4689              		@ args = 0, pretend = 0, frame = 0
 4690              		@ frame_needed = 0, uses_anonymous_args = 0
 4691              	.LVL391:
2263:Drivers/STM32F4xx_HAL_Driver/Src/stm32f4xx_hal_tim_ex.c ****   TIM_HandleTypeDef *htim = (TIM_HandleTypeDef *)((DMA_HandleTypeDef *)hdma)->Parent;
 4692              		.loc 1 2263 0
 4693 0000 08B5     		push	{r3, lr}
 4694              	.LCFI48:
 4695              		.cfi_def_cfa_offset 8
 4696              		.cfi_offset 3, -8
 4697              		.cfi_offset 14, -4
2264:Drivers/STM32F4xx_HAL_Driver/Src/stm32f4xx_hal_tim_ex.c **** 
 4698              		.loc 1 2264 0
 4699 0002 806B     		ldr	r0, [r0, #56]
 4700              	.LVL392:
2267:Drivers/STM32F4xx_HAL_Driver/Src/stm32f4xx_hal_tim_ex.c **** 
 4701              		.loc 1 2267 0
 4702 0004 0123     		movs	r3, #1
 4703 0006 80F83D30 		strb	r3, [r0, #61]
2272:Drivers/STM32F4xx_HAL_Driver/Src/stm32f4xx_hal_tim_ex.c **** #endif /* USE_HAL_TIM_REGISTER_CALLBACKS */
 4704              		.loc 1 2272 0
 4705 000a FFF7FEFF 		bl	HAL_TIMEx_CommutCallback
 4706              	.LVL393:
 4707 000e 08BD     		pop	{r3, pc}
 4708              		.cfi_endproc
 4709              	.LFE167:
 4711              		.section	.text.HAL_TIMEx_CommutHalfCpltCallback,"ax",%progbits
 4712              		.align	1
 4713              		.weak	HAL_TIMEx_CommutHalfCpltCallback
 4714              		.syntax unified
 4715              		.thumb
 4716              		.thumb_func
ARM GAS  /tmp/cczycJk4.s 			page 140


 4717              		.fpu fpv4-sp-d16
 4719              	HAL_TIMEx_CommutHalfCpltCallback:
 4720              	.LFB163:
2171:Drivers/STM32F4xx_HAL_Driver/Src/stm32f4xx_hal_tim_ex.c ****   /* Prevent unused argument(s) compilation warning */
 4721              		.loc 1 2171 0
 4722              		.cfi_startproc
 4723              		@ args = 0, pretend = 0, frame = 0
 4724              		@ frame_needed = 0, uses_anonymous_args = 0
 4725              		@ link register save eliminated.
 4726              	.LVL394:
 4727 0000 7047     		bx	lr
 4728              		.cfi_endproc
 4729              	.LFE163:
 4731              		.section	.text.TIMEx_DMACommutationHalfCplt,"ax",%progbits
 4732              		.align	1
 4733              		.global	TIMEx_DMACommutationHalfCplt
 4734              		.syntax unified
 4735              		.thumb
 4736              		.thumb_func
 4737              		.fpu fpv4-sp-d16
 4739              	TIMEx_DMACommutationHalfCplt:
 4740              	.LFB168:
2282:Drivers/STM32F4xx_HAL_Driver/Src/stm32f4xx_hal_tim_ex.c ****   TIM_HandleTypeDef *htim = (TIM_HandleTypeDef *)((DMA_HandleTypeDef *)hdma)->Parent;
 4741              		.loc 1 2282 0
 4742              		.cfi_startproc
 4743              		@ args = 0, pretend = 0, frame = 0
 4744              		@ frame_needed = 0, uses_anonymous_args = 0
 4745              	.LVL395:
2282:Drivers/STM32F4xx_HAL_Driver/Src/stm32f4xx_hal_tim_ex.c ****   TIM_HandleTypeDef *htim = (TIM_HandleTypeDef *)((DMA_HandleTypeDef *)hdma)->Parent;
 4746              		.loc 1 2282 0
 4747 0000 08B5     		push	{r3, lr}
 4748              	.LCFI49:
 4749              		.cfi_def_cfa_offset 8
 4750              		.cfi_offset 3, -8
 4751              		.cfi_offset 14, -4
2283:Drivers/STM32F4xx_HAL_Driver/Src/stm32f4xx_hal_tim_ex.c **** 
 4752              		.loc 1 2283 0
 4753 0002 806B     		ldr	r0, [r0, #56]
 4754              	.LVL396:
2286:Drivers/STM32F4xx_HAL_Driver/Src/stm32f4xx_hal_tim_ex.c **** 
 4755              		.loc 1 2286 0
 4756 0004 0123     		movs	r3, #1
 4757 0006 80F83D30 		strb	r3, [r0, #61]
2291:Drivers/STM32F4xx_HAL_Driver/Src/stm32f4xx_hal_tim_ex.c **** #endif /* USE_HAL_TIM_REGISTER_CALLBACKS */
 4758              		.loc 1 2291 0
 4759 000a FFF7FEFF 		bl	HAL_TIMEx_CommutHalfCpltCallback
 4760              	.LVL397:
 4761 000e 08BD     		pop	{r3, pc}
 4762              		.cfi_endproc
 4763              	.LFE168:
 4765              		.section	.text.HAL_TIMEx_BreakCallback,"ax",%progbits
 4766              		.align	1
 4767              		.weak	HAL_TIMEx_BreakCallback
 4768              		.syntax unified
 4769              		.thumb
 4770              		.thumb_func
 4771              		.fpu fpv4-sp-d16
ARM GAS  /tmp/cczycJk4.s 			page 141


 4773              	HAL_TIMEx_BreakCallback:
 4774              	.LFB164:
2186:Drivers/STM32F4xx_HAL_Driver/Src/stm32f4xx_hal_tim_ex.c ****   /* Prevent unused argument(s) compilation warning */
 4775              		.loc 1 2186 0
 4776              		.cfi_startproc
 4777              		@ args = 0, pretend = 0, frame = 0
 4778              		@ frame_needed = 0, uses_anonymous_args = 0
 4779              		@ link register save eliminated.
 4780              	.LVL398:
 4781 0000 7047     		bx	lr
 4782              		.cfi_endproc
 4783              	.LFE164:
 4785              		.section	.text.HAL_TIMEx_HallSensor_GetState,"ax",%progbits
 4786              		.align	1
 4787              		.global	HAL_TIMEx_HallSensor_GetState
 4788              		.syntax unified
 4789              		.thumb
 4790              		.thumb_func
 4791              		.fpu fpv4-sp-d16
 4793              	HAL_TIMEx_HallSensor_GetState:
 4794              	.LFB165:
2219:Drivers/STM32F4xx_HAL_Driver/Src/stm32f4xx_hal_tim_ex.c ****   return htim->State;
 4795              		.loc 1 2219 0
 4796              		.cfi_startproc
 4797              		@ args = 0, pretend = 0, frame = 0
 4798              		@ frame_needed = 0, uses_anonymous_args = 0
 4799              		@ link register save eliminated.
 4800              	.LVL399:
2220:Drivers/STM32F4xx_HAL_Driver/Src/stm32f4xx_hal_tim_ex.c **** }
 4801              		.loc 1 2220 0
 4802 0000 90F83D00 		ldrb	r0, [r0, #61]	@ zero_extendqisi2
 4803              	.LVL400:
2221:Drivers/STM32F4xx_HAL_Driver/Src/stm32f4xx_hal_tim_ex.c **** 
 4804              		.loc 1 2221 0
 4805 0004 7047     		bx	lr
 4806              		.cfi_endproc
 4807              	.LFE165:
 4809              		.section	.text.HAL_TIMEx_GetChannelNState,"ax",%progbits
 4810              		.align	1
 4811              		.global	HAL_TIMEx_GetChannelNState
 4812              		.syntax unified
 4813              		.thumb
 4814              		.thumb_func
 4815              		.fpu fpv4-sp-d16
 4817              	HAL_TIMEx_GetChannelNState:
 4818              	.LFB166:
2234:Drivers/STM32F4xx_HAL_Driver/Src/stm32f4xx_hal_tim_ex.c ****   HAL_TIM_ChannelStateTypeDef channel_state;
 4819              		.loc 1 2234 0
 4820              		.cfi_startproc
 4821              		@ args = 0, pretend = 0, frame = 0
 4822              		@ frame_needed = 0, uses_anonymous_args = 0
 4823              		@ link register save eliminated.
 4824              	.LVL401:
2240:Drivers/STM32F4xx_HAL_Driver/Src/stm32f4xx_hal_tim_ex.c **** 
 4825              		.loc 1 2240 0
 4826 0000 39B1     		cbz	r1, .L474
2240:Drivers/STM32F4xx_HAL_Driver/Src/stm32f4xx_hal_tim_ex.c **** 
ARM GAS  /tmp/cczycJk4.s 			page 142


 4827              		.loc 1 2240 0 is_stmt 0 discriminator 2
 4828 0002 0429     		cmp	r1, #4
 4829 0004 09D0     		beq	.L475
2240:Drivers/STM32F4xx_HAL_Driver/Src/stm32f4xx_hal_tim_ex.c **** 
 4830              		.loc 1 2240 0 discriminator 5
 4831 0006 0829     		cmp	r1, #8
 4832 0008 0BD0     		beq	.L476
2240:Drivers/STM32F4xx_HAL_Driver/Src/stm32f4xx_hal_tim_ex.c **** 
 4833              		.loc 1 2240 0 discriminator 8
 4834 000a 90F84500 		ldrb	r0, [r0, #69]	@ zero_extendqisi2
 4835              	.LVL402:
 4836 000e C0B2     		uxtb	r0, r0
 4837              	.LVL403:
2243:Drivers/STM32F4xx_HAL_Driver/Src/stm32f4xx_hal_tim_ex.c **** /**
 4838              		.loc 1 2243 0 is_stmt 1 discriminator 8
 4839 0010 7047     		bx	lr
 4840              	.LVL404:
 4841              	.L474:
2240:Drivers/STM32F4xx_HAL_Driver/Src/stm32f4xx_hal_tim_ex.c **** 
 4842              		.loc 1 2240 0 discriminator 1
 4843 0012 90F84200 		ldrb	r0, [r0, #66]	@ zero_extendqisi2
 4844              	.LVL405:
 4845 0016 C0B2     		uxtb	r0, r0
 4846 0018 7047     		bx	lr
 4847              	.LVL406:
 4848              	.L475:
2240:Drivers/STM32F4xx_HAL_Driver/Src/stm32f4xx_hal_tim_ex.c **** 
 4849              		.loc 1 2240 0 is_stmt 0 discriminator 4
 4850 001a 90F84300 		ldrb	r0, [r0, #67]	@ zero_extendqisi2
 4851              	.LVL407:
 4852 001e C0B2     		uxtb	r0, r0
 4853 0020 7047     		bx	lr
 4854              	.LVL408:
 4855              	.L476:
2240:Drivers/STM32F4xx_HAL_Driver/Src/stm32f4xx_hal_tim_ex.c **** 
 4856              		.loc 1 2240 0 discriminator 7
 4857 0022 90F84400 		ldrb	r0, [r0, #68]	@ zero_extendqisi2
 4858              	.LVL409:
 4859 0026 C0B2     		uxtb	r0, r0
 4860 0028 7047     		bx	lr
 4861              		.cfi_endproc
 4862              	.LFE166:
 4864              		.text
 4865              	.Letext0:
 4866              		.file 2 "/usr/include/newlib/machine/_default_types.h"
 4867              		.file 3 "/usr/include/newlib/sys/_stdint.h"
 4868              		.file 4 "Drivers/CMSIS/Include/core_cm4.h"
 4869              		.file 5 "Drivers/CMSIS/Device/ST/STM32F4xx/Include/system_stm32f4xx.h"
 4870              		.file 6 "Drivers/CMSIS/Device/ST/STM32F4xx/Include/stm32f407xx.h"
 4871              		.file 7 "Drivers/CMSIS/Device/ST/STM32F4xx/Include/stm32f4xx.h"
 4872              		.file 8 "Drivers/STM32F4xx_HAL_Driver/Inc/stm32f4xx_hal_def.h"
 4873              		.file 9 "Drivers/STM32F4xx_HAL_Driver/Inc/stm32f4xx_hal_dma.h"
 4874              		.file 10 "Drivers/STM32F4xx_HAL_Driver/Inc/stm32f4xx_hal_tim.h"
 4875              		.file 11 "Drivers/STM32F4xx_HAL_Driver/Inc/stm32f4xx_hal_tim_ex.h"
 4876              		.file 12 "Drivers/STM32F4xx_HAL_Driver/Inc/stm32f4xx_hal.h"
ARM GAS  /tmp/cczycJk4.s 			page 143


DEFINED SYMBOLS
                            *ABS*:0000000000000000 stm32f4xx_hal_tim_ex.c
     /tmp/cczycJk4.s:18     .text.TIM_CCxNChannelCmd:0000000000000000 $t
     /tmp/cczycJk4.s:24     .text.TIM_CCxNChannelCmd:0000000000000000 TIM_CCxNChannelCmd
     /tmp/cczycJk4.s:64     .text.TIM_DMAErrorCCxN:0000000000000000 $t
     /tmp/cczycJk4.s:70     .text.TIM_DMAErrorCCxN:0000000000000000 TIM_DMAErrorCCxN
     /tmp/cczycJk4.s:135    .text.TIM_DMADelayPulseNCplt:0000000000000000 $t
     /tmp/cczycJk4.s:141    .text.TIM_DMADelayPulseNCplt:0000000000000000 TIM_DMADelayPulseNCplt
     /tmp/cczycJk4.s:235    .text.HAL_TIMEx_HallSensor_MspInit:0000000000000000 $t
     /tmp/cczycJk4.s:242    .text.HAL_TIMEx_HallSensor_MspInit:0000000000000000 HAL_TIMEx_HallSensor_MspInit
     /tmp/cczycJk4.s:255    .text.HAL_TIMEx_HallSensor_Init:0000000000000000 $t
     /tmp/cczycJk4.s:262    .text.HAL_TIMEx_HallSensor_Init:0000000000000000 HAL_TIMEx_HallSensor_Init
     /tmp/cczycJk4.s:422    .text.HAL_TIMEx_HallSensor_MspDeInit:0000000000000000 $t
     /tmp/cczycJk4.s:429    .text.HAL_TIMEx_HallSensor_MspDeInit:0000000000000000 HAL_TIMEx_HallSensor_MspDeInit
     /tmp/cczycJk4.s:442    .text.HAL_TIMEx_HallSensor_DeInit:0000000000000000 $t
     /tmp/cczycJk4.s:449    .text.HAL_TIMEx_HallSensor_DeInit:0000000000000000 HAL_TIMEx_HallSensor_DeInit
     /tmp/cczycJk4.s:508    .text.HAL_TIMEx_HallSensor_Start:0000000000000000 $t
     /tmp/cczycJk4.s:515    .text.HAL_TIMEx_HallSensor_Start:0000000000000000 HAL_TIMEx_HallSensor_Start
     /tmp/cczycJk4.s:663    .text.HAL_TIMEx_HallSensor_Start:00000000000000bc $d
     /tmp/cczycJk4.s:668    .text.HAL_TIMEx_HallSensor_Stop:0000000000000000 $t
     /tmp/cczycJk4.s:675    .text.HAL_TIMEx_HallSensor_Stop:0000000000000000 HAL_TIMEx_HallSensor_Stop
     /tmp/cczycJk4.s:727    .text.HAL_TIMEx_HallSensor_Start_IT:0000000000000000 $t
     /tmp/cczycJk4.s:734    .text.HAL_TIMEx_HallSensor_Start_IT:0000000000000000 HAL_TIMEx_HallSensor_Start_IT
     /tmp/cczycJk4.s:889    .text.HAL_TIMEx_HallSensor_Start_IT:00000000000000c8 $d
     /tmp/cczycJk4.s:894    .text.HAL_TIMEx_HallSensor_Stop_IT:0000000000000000 $t
     /tmp/cczycJk4.s:901    .text.HAL_TIMEx_HallSensor_Stop_IT:0000000000000000 HAL_TIMEx_HallSensor_Stop_IT
     /tmp/cczycJk4.s:958    .text.HAL_TIMEx_HallSensor_Start_DMA:0000000000000000 $t
     /tmp/cczycJk4.s:965    .text.HAL_TIMEx_HallSensor_Start_DMA:0000000000000000 HAL_TIMEx_HallSensor_Start_DMA
     /tmp/cczycJk4.s:1140   .text.HAL_TIMEx_HallSensor_Start_DMA:00000000000000e8 $d
     /tmp/cczycJk4.s:1148   .text.HAL_TIMEx_HallSensor_Stop_DMA:0000000000000000 $t
     /tmp/cczycJk4.s:1155   .text.HAL_TIMEx_HallSensor_Stop_DMA:0000000000000000 HAL_TIMEx_HallSensor_Stop_DMA
     /tmp/cczycJk4.s:1212   .text.HAL_TIMEx_OCN_Start:0000000000000000 $t
     /tmp/cczycJk4.s:1219   .text.HAL_TIMEx_OCN_Start:0000000000000000 HAL_TIMEx_OCN_Start
     /tmp/cczycJk4.s:1408   .text.HAL_TIMEx_OCN_Start:00000000000000fc $d
     /tmp/cczycJk4.s:1413   .text.HAL_TIMEx_OCN_Stop:0000000000000000 $t
     /tmp/cczycJk4.s:1420   .text.HAL_TIMEx_OCN_Stop:0000000000000000 HAL_TIMEx_OCN_Stop
     /tmp/cczycJk4.s:1509   .text.HAL_TIMEx_OCN_Start_IT:0000000000000000 $t
     /tmp/cczycJk4.s:1516   .text.HAL_TIMEx_OCN_Start_IT:0000000000000000 HAL_TIMEx_OCN_Start_IT
     /tmp/cczycJk4.s:1731   .text.HAL_TIMEx_OCN_Start_IT:0000000000000138 $d
     /tmp/cczycJk4.s:1736   .text.HAL_TIMEx_OCN_Stop_IT:0000000000000000 $t
     /tmp/cczycJk4.s:1743   .text.HAL_TIMEx_OCN_Stop_IT:0000000000000000 HAL_TIMEx_OCN_Stop_IT
     /tmp/cczycJk4.s:1892   .text.HAL_TIMEx_OCN_Start_DMA:0000000000000000 $t
     /tmp/cczycJk4.s:1899   .text.HAL_TIMEx_OCN_Start_DMA:0000000000000000 HAL_TIMEx_OCN_Start_DMA
     /tmp/cczycJk4.s:2254   .text.HAL_TIMEx_OCN_Start_DMA:0000000000000208 $d
     /tmp/cczycJk4.s:2262   .text.HAL_TIMEx_OCN_Stop_DMA:0000000000000000 $t
     /tmp/cczycJk4.s:2269   .text.HAL_TIMEx_OCN_Stop_DMA:0000000000000000 HAL_TIMEx_OCN_Stop_DMA
     /tmp/cczycJk4.s:2419   .text.HAL_TIMEx_PWMN_Start:0000000000000000 $t
     /tmp/cczycJk4.s:2426   .text.HAL_TIMEx_PWMN_Start:0000000000000000 HAL_TIMEx_PWMN_Start
     /tmp/cczycJk4.s:2615   .text.HAL_TIMEx_PWMN_Start:00000000000000fc $d
     /tmp/cczycJk4.s:2620   .text.HAL_TIMEx_PWMN_Stop:0000000000000000 $t
     /tmp/cczycJk4.s:2627   .text.HAL_TIMEx_PWMN_Stop:0000000000000000 HAL_TIMEx_PWMN_Stop
     /tmp/cczycJk4.s:2716   .text.HAL_TIMEx_PWMN_Start_IT:0000000000000000 $t
     /tmp/cczycJk4.s:2723   .text.HAL_TIMEx_PWMN_Start_IT:0000000000000000 HAL_TIMEx_PWMN_Start_IT
     /tmp/cczycJk4.s:2938   .text.HAL_TIMEx_PWMN_Start_IT:0000000000000138 $d
     /tmp/cczycJk4.s:2943   .text.HAL_TIMEx_PWMN_Stop_IT:0000000000000000 $t
     /tmp/cczycJk4.s:2950   .text.HAL_TIMEx_PWMN_Stop_IT:0000000000000000 HAL_TIMEx_PWMN_Stop_IT
     /tmp/cczycJk4.s:3099   .text.HAL_TIMEx_PWMN_Start_DMA:0000000000000000 $t
ARM GAS  /tmp/cczycJk4.s 			page 144


     /tmp/cczycJk4.s:3106   .text.HAL_TIMEx_PWMN_Start_DMA:0000000000000000 HAL_TIMEx_PWMN_Start_DMA
     /tmp/cczycJk4.s:3461   .text.HAL_TIMEx_PWMN_Start_DMA:0000000000000208 $d
     /tmp/cczycJk4.s:3469   .text.HAL_TIMEx_PWMN_Stop_DMA:0000000000000000 $t
     /tmp/cczycJk4.s:3476   .text.HAL_TIMEx_PWMN_Stop_DMA:0000000000000000 HAL_TIMEx_PWMN_Stop_DMA
     /tmp/cczycJk4.s:3626   .text.HAL_TIMEx_OnePulseN_Start:0000000000000000 $t
     /tmp/cczycJk4.s:3633   .text.HAL_TIMEx_OnePulseN_Start:0000000000000000 HAL_TIMEx_OnePulseN_Start
     /tmp/cczycJk4.s:3752   .text.HAL_TIMEx_OnePulseN_Stop:0000000000000000 $t
     /tmp/cczycJk4.s:3759   .text.HAL_TIMEx_OnePulseN_Stop:0000000000000000 HAL_TIMEx_OnePulseN_Stop
     /tmp/cczycJk4.s:3848   .text.HAL_TIMEx_OnePulseN_Start_IT:0000000000000000 $t
     /tmp/cczycJk4.s:3855   .text.HAL_TIMEx_OnePulseN_Start_IT:0000000000000000 HAL_TIMEx_OnePulseN_Start_IT
     /tmp/cczycJk4.s:3984   .text.HAL_TIMEx_OnePulseN_Stop_IT:0000000000000000 $t
     /tmp/cczycJk4.s:3991   .text.HAL_TIMEx_OnePulseN_Stop_IT:0000000000000000 HAL_TIMEx_OnePulseN_Stop_IT
     /tmp/cczycJk4.s:4091   .text.HAL_TIMEx_ConfigCommutEvent:0000000000000000 $t
     /tmp/cczycJk4.s:4098   .text.HAL_TIMEx_ConfigCommutEvent:0000000000000000 HAL_TIMEx_ConfigCommutEvent
     /tmp/cczycJk4.s:4190   .text.HAL_TIMEx_ConfigCommutEvent_IT:0000000000000000 $t
     /tmp/cczycJk4.s:4197   .text.HAL_TIMEx_ConfigCommutEvent_IT:0000000000000000 HAL_TIMEx_ConfigCommutEvent_IT
     /tmp/cczycJk4.s:4289   .text.HAL_TIMEx_ConfigCommutEvent_DMA:0000000000000000 $t
     /tmp/cczycJk4.s:4296   .text.HAL_TIMEx_ConfigCommutEvent_DMA:0000000000000000 HAL_TIMEx_ConfigCommutEvent_DMA
     /tmp/cczycJk4.s:4399   .text.HAL_TIMEx_ConfigCommutEvent_DMA:0000000000000084 $d
     /tmp/cczycJk4.s:4685   .text.TIMEx_DMACommutationCplt:0000000000000000 TIMEx_DMACommutationCplt
     /tmp/cczycJk4.s:4739   .text.TIMEx_DMACommutationHalfCplt:0000000000000000 TIMEx_DMACommutationHalfCplt
     /tmp/cczycJk4.s:4406   .text.HAL_TIMEx_MasterConfigSynchronization:0000000000000000 $t
     /tmp/cczycJk4.s:4413   .text.HAL_TIMEx_MasterConfigSynchronization:0000000000000000 HAL_TIMEx_MasterConfigSynchronization
     /tmp/cczycJk4.s:4524   .text.HAL_TIMEx_MasterConfigSynchronization:0000000000000084 $d
     /tmp/cczycJk4.s:4529   .text.HAL_TIMEx_ConfigBreakDeadTime:0000000000000000 $t
     /tmp/cczycJk4.s:4536   .text.HAL_TIMEx_ConfigBreakDeadTime:0000000000000000 HAL_TIMEx_ConfigBreakDeadTime
     /tmp/cczycJk4.s:4618   .text.HAL_TIMEx_RemapConfig:0000000000000000 $t
     /tmp/cczycJk4.s:4625   .text.HAL_TIMEx_RemapConfig:0000000000000000 HAL_TIMEx_RemapConfig
     /tmp/cczycJk4.s:4658   .text.HAL_TIMEx_CommutCallback:0000000000000000 $t
     /tmp/cczycJk4.s:4665   .text.HAL_TIMEx_CommutCallback:0000000000000000 HAL_TIMEx_CommutCallback
     /tmp/cczycJk4.s:4678   .text.TIMEx_DMACommutationCplt:0000000000000000 $t
     /tmp/cczycJk4.s:4712   .text.HAL_TIMEx_CommutHalfCpltCallback:0000000000000000 $t
     /tmp/cczycJk4.s:4719   .text.HAL_TIMEx_CommutHalfCpltCallback:0000000000000000 HAL_TIMEx_CommutHalfCpltCallback
     /tmp/cczycJk4.s:4732   .text.TIMEx_DMACommutationHalfCplt:0000000000000000 $t
     /tmp/cczycJk4.s:4766   .text.HAL_TIMEx_BreakCallback:0000000000000000 $t
     /tmp/cczycJk4.s:4773   .text.HAL_TIMEx_BreakCallback:0000000000000000 HAL_TIMEx_BreakCallback
     /tmp/cczycJk4.s:4786   .text.HAL_TIMEx_HallSensor_GetState:0000000000000000 $t
     /tmp/cczycJk4.s:4793   .text.HAL_TIMEx_HallSensor_GetState:0000000000000000 HAL_TIMEx_HallSensor_GetState
     /tmp/cczycJk4.s:4810   .text.HAL_TIMEx_GetChannelNState:0000000000000000 $t
     /tmp/cczycJk4.s:4817   .text.HAL_TIMEx_GetChannelNState:0000000000000000 HAL_TIMEx_GetChannelNState
                     .debug_frame:0000000000000010 $d

UNDEFINED SYMBOLS
HAL_TIM_ErrorCallback
HAL_TIM_PWM_PulseFinishedCallback
TIM_Base_SetConfig
TIM_TI1_SetConfig
TIM_OC2_SetConfig
TIM_CCxChannelCmd
HAL_DMA_Start_IT
TIM_DMACaptureCplt
TIM_DMACaptureHalfCplt
TIM_DMAError
HAL_DMA_Abort_IT
TIM_DMADelayPulseHalfCplt
