:020000040800F2
:1000000000000220258F0008193C00081B3C000856
:100010001D3C00081F3C0008213C000800000000B7
:100020000000000000000000000000001171000846
:10003000233C000800000000B1710008676E000852
:10004000758F0008758F0008758F0008758F000880
:10005000758F0008758F0008758F0008758F000870
:10006000758F0008758F0008758F0008758F000860
:10007000758F0008758F0008758F0008758F000850
:10008000758F0008758F0008758F0008758F000840
:10009000758F0008758F0008758F0008758F000830
:1000A000758F0008758F0008758F0008758F000820
:1000B000758F0008758F0008758F0008758F000810
:1000C000758F0008758F0008758F0008758F000800
:1000D000758F0008758F0008758F0008758F0008F0
:1000E000758F0008758F0008758F0008758F0008E0
:1000F000758F0008253C0008758F0008758F000873
:10010000758F0008758F0008758F0008758F0008BF
:10011000758F0008758F0008758F0008758F0008AF
:10012000758F0008758F0008353C0008758F000832
:10013000758F0008758F0008758F0008758F00088F
:10014000758F0008758F0008758F0008758F00087F
:10015000758F0008758F0008453C0008758F0008F2
:10016000758F0008758F0008758F0008758F00085F
:10017000758F0008758F0008758F0008000000005B
:08018000758F0008758F00085F
:1001C0000348044B834202D0034B03B118477047E6
:1001D0001801002018010020000000000548064911
:1001E0000B1AD90F01EBA301491002D0034B03B145
:1001F0001847704718010020180100200000000077
:1002000010B5064C237843B9FFF7DAFF044B13B15E
:100210000448AFF300800123237010BD18010020B3
:1002200000000000D41B010808B5044B1BB10449B1
:100230000448AFF30080BDE80840CFE700000000AD
:100240001C010020D41B0108014B1868704700BF37
:100250000000002070B50D4E0D4D761BB61006D077
:10026000002455F8043B01349847A642F9D1094EC1
:10027000094D761B11F0AEFCB61006D0002455F8DF
:10028000043B01349847A642F9D170BD60280108AB
:10029000602801086828010860280108024B01460F
:1002A000186800F059B900BF00000020024B014659
:1002B000186800F0EFB800BF00000020844641EA53
:1002C000000313F003036DD1403A41D351F8043BCE
:1002D00040F8043B51F8043B40F8043B51F8043B20
:1002E00040F8043B51F8043B40F8043B51F8043B10
:1002F00040F8043B51F8043B40F8043B51F8043B00
:1003000040F8043B51F8043B40F8043B51F8043BEF
:1003100040F8043B51F8043B40F8043B51F8043BDF
:1003200040F8043B51F8043B40F8043B51F8043BCF
:1003300040F8043B51F8043B40F8043B51F8043BBF
:1003400040F8043B51F8043B40F8043B403ABDD22E
:10035000303211D351F8043B40F8043B51F8043BD0
:1003600040F8043B51F8043B40F8043B51F8043B8F
:1003700040F8043B103AEDD20C3205D351F8043B5F
:1003800040F8043B043AF9D2043208D0D2071CBF2B
:1003900011F8013B00F8013B01D30B880380604654
:1003A000704700BF082A13D38B078DD010F00303CA
:1003B0008AD0C3F10403D21ADB071CBF11F8013B3A
:1003C00000F8013B80D331F8023B20F8023B7BE789
:1003D000043AD9D3013A11F8013B00F8013BF9D2B4
:1003E0000B7803704B7843708B788370604670474E
:1003F000830730B548D0541E002A3FD0CAB2034606
:1004000001E0013C3AD303F8012B9D07F9D1032CFD
:100410002DD9CDB245EA05250F2C45EA054536D93B
:10042000A4F1100222F00F0C03F1200EE6444FEA73
:10043000121C03F1100242E9045542E90255103240
:100440007245F8D10CF1010214F00C0F03EB02120B
:1004500004F00F0C13D0ACF1040323F003030433B6
:10046000134442F8045B9342FBD10CF003042CB11B
:10047000CAB21C4403F8012B9C42FBD130BD644638
:100480001346002CF4D1F9E703461446BFE71A4699
:10049000A446E0E7002958D030B551F8043C83B0B9
:1004A000002BA1F10404B8BFE418019000F0B8FCDF
:1004B000284A0198136833B1A3420DD9216804EB8F
:1004C000010C63452FD06360146003B0BDE8304079
:1004D00000F0A8BCA34210D81A465B68002BF9D1E3
:1004E000116802EB010C644519D02FD3636054608E
:1004F00003B0BDE8304000F095BC116802EB010C80
:10050000A44516D022D8216804EB010C6345EDD137
:100510001D685B682944C4E900135460D5E723686B
:1005200019441160D1E71D685B682944C4E90013D0
:10053000CAE7246821445418A3421160C5D1D3E905
:1005400000432144C2E90013BFE770470C23036056
:10055000BBE700BF34010020F8B5CD1C25F0030532
:1005600008350C2D38BF0C25002D064623DBA9428B
:1005700021D8254F00F054FC3A6822B3144603E01A
:1005800063682246FBB11C4623685B1BF8D40B2B27
:1005900015D8636894420CBF3B605360304600F04E
:1005A00041FC04F10B00231D20F00700C21A01D00A
:1005B0001B1AA350F8BD0C2333600020F8BD236044
:1005C0001C442560EAE77968C9B12946304600F045
:1005D0004DF8431C0CD0C41C24F00304A04205D0E9
:1005E000211A304600F042F8013001D02560D5E7ED
:1005F0000C233046336000F015FC0020F8BD304677
:1006000000F034F87860E0E7340100200EB410B553
:10061000044683B008B183695BB106ABA168059A53
:100620000193204600F03CFE03B0BDE8104003B04B
:10063000704700F003FBF0E70FB410B50A4B1C68DD
:1006400082B00CB1A3695BB105ABA168049A0193B8
:10065000204600F025FE02B0BDE8104004B070470F
:10066000204600F0EBFAEFE70000002038B5074D18
:100670000022044608462A6008F0ACF9431C00D06A
:1006800038BD2B68002BFBD0236038BD3C01002017
:10069000F8B50D461446064608B1836943B3254BA9
:1006A0009C422AD0244B9C4229D0244B9C4208BF18
:1006B000F468A389A269A2601A0722D5236903B34B
:1006C00022686169D31AEDB299422F4629DD0133C0
:1006D000A1680139A160511C2160157062699A42BC
:1006E00016D0A389DB0701D50A2D11D03846F8BDF5
:1006F00000F0A4FA0F4B9C42D4D17468D9E7B468D7
:10070000D7E72146304600F027F838B92369D7E704
:100710002146304600F02CF90028E7D04FF0FF3793
:10072000E4E72146304600F023F90028F6D122689C
:100730000123CDE7341C0108141C0108F41B010837
:1007400010B4044C03460A4620685DF8044B194671
:10075000FFF79EBF000000203C4B70B51D680646A9
:100760000C460DB1AB69E3B1394B9C421FD0394BFC
:100770009C424DD0384B9C4208BFEC68B4F90C3019
:1007800018079AB219D5216911B312F001002FD0C0
:100790000020A06060694042A06100292ED00020A6
:1007A00070BD284600F04AFA294B9C42DFD16C68A4
:1007B000B4F90C3018079AB2E5D4D1063ED55207E9
:1007C00028D4216943F00803A3819AB20029DCD11F
:1007D00002F42070B0F5007FD7D02146304600F0FB
:1007E00091FAB4F90C3021699AB212F00100CFD11C
:1007F000950758BF6069A0600029D0D1120658BF84
:100800000846CDD543F04003A3814FF0FF3070BDC3
:10081000AC68B3E7616B51B104F14402914204D07A
:100820003046FFF737FEB4F90C30002262632169CD
:100830000022C4E9001223F02403C3E7092243F095
:10084000400332604FF0FF30A38170BD00000020F4
:10085000341C0108141C0108F41B01088B891A07B9
:100860002DE9F0410C4680463FD44A68002A58DD05
:10087000E66A002E52D00022D8F80050C8F80020B6
:1008800013F4805251D10123216A4046B047431CE2
:100890005ED0A389E66A5F0705D56368C01A636BFB
:1008A0000BB1236CC01A216A024600234046B047B0
:1008B000411C3CD1D8F80030002B38D01D2B01D082
:1008C000162B4DD123690022C4E90032616BC8F8B0
:1008D000005019B304F14403994202D04046FFF797
:1008E000D9FD00206063BDE8F0810E69B6B10D68E6
:1008F0000E609A070CBF4B690023AD1B8B600BE0A9
:100900002B463246216AA76A4046B847B0F1000C30
:10091000A5EB0C05664413DD002DF1DC0020BDE8DD
:10092000F0810A6C002AA3DCF8E7606DB3E70023CE
:10093000636023692360A389DB04C7D56065C5E7CD
:10094000A38943F040034FF0FF30A381BDE8F0815D
:10095000D8F80030002B9CD01D2B06D0162B04D0CD
:10096000A38943F04003A381D9E7C8F80050D5E735
:1009700038B50B69BBB10D46044608B18369B3B104
:100980000D4B9D4211D00D4B9D4213D00C4B9D42FF
:1009900008BFE568B5F90C302BB129462046BDE803
:1009A0003840FFF75BBF002038BD6568F2E700F014
:1009B00045F9E5E7A568EDE7341C0108141C0108BA
:1009C000F41B010838B540B303690446E3B1174B83
:1009D0001D680DB1AB69CBB1154B9C420FD0154BC7
:1009E0009C4221D0144B9C4208BFEC68B4F90C30F7
:1009F00053B121462846BDE83840FFF72FBF6C6849
:100A0000B4F90C30002BF4D1002038BD284600F09A
:100A100015F9074B9C42E2D1F1E7084B08491868E9
:100A2000BDE8384000F04AB9AC68DFE700000020BC
:100A3000341C0108141C0108F41B0108F01B0108F8
:100A40007109000800207047014900F037B900BF64
:100A5000710900080020704770B568224D1E02FB26
:100A600005F50E4605F17401FFF776FD044640B129
:100A700000210C30C4E90016A06005F16802FFF700
:100A8000B7FC204670BD00BF274B2DE9F0411E6822
:100A9000B369074653B348364FF00408D6E901342A
:100AA000013B04D51EE05A1C04F168041AD0B4F9C5
:100AB0000C50013B002DF6D11C4B6566C4E9005576
:100AC000C4E90253C4E90455A5610822294604F18A
:100AD0005C00FFF78DFCC4E90D55C4E912552046B2
:100AE000BDE8F08135682DB12E46D7E7304600F0DD
:100AF0001FF8D0E74FF4D6713846FFF72DFD0446B6
:100B000068B10560C0F804800C302946A060254615
:100B10004FF4D072FFF76CFC34602E46BEE70C2316
:100B200030603B60DBE700BFF01B01080100FFFF06
:100B30002DE9F84F344B35491A68816290424FF0E5
:100B40000003C0E91233036504BF01238361054636
:100B5000FFF79AFF68602846FFF796FFA8602846CF
:100B6000FFF792FF6F68E86000240423C7E902439F
:100B700008222146C7E90044C7E904447C66BC61F9
:100B800007F15C00FFF734FCDFF88CB0AE68DFF8EB
:100B90008CA0DFF88C90DFF88C801D4BC7F828A064
:100BA000C7E9087BC7F82C90C7F830800822F360AB
:100BB000C6E90044C6E904447466B460B4612146E1
:100BC00006F15C00FFF714FCC6E9086BC6E90AA948
:100BD000C6F83080EE680F4BF360C6E90044C6E902
:100BE00004447466B460B4612146082206F15C00D6
:100BF000FFF7FEFB0123C6E9086BC6E90B98C6F8B0
:100C000028A0AB61BDE8F88FF01B0108490A000875
:100C100009000100120002001D1900084519000812
:100C200085190008A5190008024B0349186800F04F
:100C300045B800BFF01B010871090008836903B9BA
:100C400076E77047704700BF704700BF704700BF2E
:100C5000704700BF024B0349186800F00FB800BF8F
:100C600000000020450A0008024B0349186800F004
:100C700005B800BF00000020550A00082DE9F0412A
:100C8000884600F148070026D7E90154013D0FD4FA
:100C9000A389012B05F1FF3506D9B4F90E300133D4
:100CA000204601D0C04706436B1C04F16804EFD115
:100CB0003F68002FE8D13046BDE8F0812DE9F843C8
:100CC0000746884600F148064FF00009D6E901546E
:100CD000013D11D4A389012B05F1FF3508D9B4F9E1
:100CE0000E300133214603D03846C04749EA000997
:100CF0006B1C04F16804EDD13668002EE6D148463D
:100D0000BDE8F883F0B58B890C46990797B007D5F5
:100D100004F147030122C4E90432236017B0F0BD97
:100D2000B4F90E10002905462DDB6A4600F066FE78
:100D3000002827DB019E06F470464FF48067A6F575
:100D40000056B6FA86F6394628467609FFF704FCBF
:100D500030B3A3891A4AAA6243F08003C4E90407A6
:100D6000A3812060002ED9D0B4F90E10284600F0DF
:100D7000D3FF0028D2D0A38923F0030343F001035B
:100D8000A381CBE7A38913F0800F14BF40274FF452
:100D90008067394628460026FFF7DEFB0028D8D1B9
:100DA000B4F90C309A05B9D423F0030304F14702D7
:100DB00043F002030121C4E90421A3812260ADE7CD
:100DC000490A000870B50C46B1F90E10002996B01A
:100DD00016461D4613DB6A4600F010FE00280EDBA7
:100DE000019901F47041A1F50051B1FA81F14FF47C
:100DF0008063490900202960336016B070BDB4F9E2
:100E00000C3000221B062A6004D5402300203360EA
:100E100016B070BD4FF480630020336016B070BD13
:100E2000704700BF704700BF2DE9F0478F689F42B1
:100E30000C461D46164638D88246888910F4906FB5
:100E40000ED108683D462A46314600F0E1FFA2680F
:100E50002368D21B2B44A26023600020BDE8F087EA
:100E60004B69096903EB4308236808EBD878A3EBC7
:100E700001096B1C4FEA68084B444345424684BF56
:100E800098464246430513D511465046FFF764FB8A
:100E9000074608B321694A46FFF710FAA38923F4ED
:100EA000906343F08003A38107E008681F46CAE708
:100EB000504601F029F8074650B107EB0900A8EBAE
:100EC00009032761C4F81480A36020602F46BAE7A5
:100ED00021695046FFF7DEFA0C23CAF80030A389D7
:100EE00043F040034FF0FF30A381B7E72DE9F04F07
:100EF000936883B09146002B6ED017688D6880464A
:100F00000C460868083744E0A38913F4906F2ED08C
:100F1000D4E90415A0EB010A05EB450505EBD575F1
:100F20000AEB06006D100130A8422A4684BF054630
:100F30002A465B0537D511464046FFF70DFB0028D2
:100F40003BD0524621690190FFF7B8F9A289019B75
:100F500022F4906242F08002A281A5EB0A0203EB28
:100F60000A006561A260236120603546B246594699
:100F7000524600F04DFFA068D9F808102368451BC1
:100F80008E1B03EB0A00A5602060C9F808601EB341
:100F9000083757E902B6002EFAD0B542AA46B3D9AF
:100FA0003546B246E3E7404600F0AEFF0346002870
:100FB000D3D121694046FFF76DFA0C23C8F8003001
:100FC000A389002243F040034FF0FF30A381C9E919
:100FD000012203B0BDE8F08F0020C9F8040003B07F
:100FE000BDE8F08F2DE9F04F92468A8915069DB035
:100FF000884681461C4603D50A69002A00F0EF8026
:10100000002209929AF800307E4D039420228DF838
:10101000292030228DF82A200126002B72D0544638
:1010200003E014F8013F002B76D0252BF9D1B4EB67
:101030000A0B74D12278002A64D000234FF0FF32CB
:10104000CDE90523049307938DF853301A930134A7
:1010500004E0049A06FA03F313430493A24605221C
:1010600014F8011B284600F083FE431B0028F0D132
:10107000049BD80644BF20228DF8532019079AF804
:10108000001044BF2B228DF853202A2954D1039AF3
:1010900011680432002903927CDB07919AF8011051
:1010A0000AF1010A2E2959D0574C0322204600F09C
:1010B0005FFE40B1049B001B402404FA00F0034390
:1010C00004930AF1010A1AF8011B50488DF8281000
:1010D000062200F04DFE002862D04D4B002B52D06E
:1010E00003AA00924B4B424604A94846AFF3008046
:1010F00007467A1C06D0099B3B4409939AF80030B6
:10110000002B8CD1B8F80C305B0654BF09984FF017
:10111000FF301DB0BDE8F08FB4EB0A0BF2D05B4698
:10112000524641464846FFF77FFE0130EAD0099B10
:1011300022785B4409937EE7A1F13002092AB1D8F5
:10114000079B1AF8011F03EB830302EB4303A1F192
:101150003002092AF5D92E290793A5D19AF8011052
:101160002A2927D1039B9AF802101A6805920433A2
:10117000002A0AF102000393B8BF4FF0FF33824602
:10118000B8BF059390E7039B073323F007030833A9
:101190000393B0E7494243F00203079104937DE7CC
:1011A00003AA00921B4B424604A9484600F05EFA8F
:1011B00007469EE7A1F130020023092A05930AF1B0
:1011C000010A3FF671AF1AF8011F03EB830302EB2C
:1011D0004303A1F13002092AF5D9059364E74021C0
:1011E000FFF7BAF9C8F80000C8F8100018B140229B
:1011F000C8F8142004E70C23C9F800304FF0FF3082
:1012000087E700BF601E0108681E01086C1E010808
:1012100000000000290E00089368013B002B93603A
:1012200011DA10B49469A34209DB0A2907D01368C4
:10123000581C1060197008465DF8044B70475DF843
:10124000044BFFF725BA1368581C10601970084644
:10125000704700BF9BB1F8B5134406460F46541EB5
:101260005D1E01E0AC4208D014F8011F3A4630463A
:10127000FFF7D2FF431CF5D1F8BD0020F8BD0020D8
:10128000704700BF936810B5144613B953601846F1
:1012900010BD00F0C9FB0023C4E9013310BD00BF3D
:1012A0002DE9F04F88469FB015461C46814618B17F
:1012B0008369002B00F0A280924B984500F0A48037
:1012C000914B984500F0B180904B984508BFD9F8F4
:1012D0000C80B8F80C30180740F19D80D8F8103019
:1012E000002B00F0988000230B932978884E0594FA
:1012F00020238DF8313030238DF83230012700293A
:1013000074D02C460B4604E014F8013F002B00F08B
:101310008F80252BF8D1B4EB050B40F08C8023781F
:10132000002B63D000234FF0FF32CDE90723069353
:1013300009938DF85B301C93013404E0069A07FA98
:1013400003F3134306932546052214F8011B304688
:1013500000F00EFD831B0028F0D1069BD90644BF88
:1013600020228DF85B2029781A0744BF2B228DF8A4
:101370005B202A2970D1059A116804320029059250
:10138000C0F29B800991697801352E2976D0614C95
:101390000322204600F0ECFC38B1069B001B4024E1
:1013A00004FA00F003430693013515F8011B5A486F
:1013B0008DF83010062200F0DBFC002800F083805E
:1013C000564B002B6DD005AA0092554B424606A9FC
:1013D0004846AFF300800390039B013306D00B9B7C
:1013E000039A297813440B9300298AD1B8F80C305A
:1013F0005B0617D40B981FB0BDE8F08FFFF71EFCFB
:10140000404B98457FF45CAFD9F80480B8F80C30B5
:1014100018073FF563AF41464846FFF79DF900289E
:101420003FF461AF4FF0FF30E5E7D9F8088050E7AF
:10143000B4EB050BDAD0AA46C5F1010503E09345EC
:1014400036D91AF8011F42464846FFF7E5FE01303B
:1014500005EB0A02F3D1C9E7A1F13002092A94D8B9
:10146000099B15F8011F03EB830302EB4303A1F172
:101470003002092AF5D92E29099388D169782A29B9
:101480002BD1059BA9781A6807920433002A05F12D
:1014900002000593B8BF4FF0FF330546B8BF07936E
:1014A00075E7059B073323F007030833059396E799
:1014B0000B9A23785A440B9232E7494243F00203D5
:1014C000099106935FE705AA0092154B424606A9CB
:1014D000484600F0CBF803907EE7A1F130020023EC
:1014E000092A079305F101053FF651AF15F8011FD1
:1014F00003EB830302EB4303A1F13002092AF5D980
:10150000079344E7341C0108141C0108F41B01086C
:10151000601E0108681E01086C1E01080000000022
:101520005512000810B4054C8446134620685DF837
:10153000044B0A466146FFF7B3BE00BF000000201F
:101540002DE9F84F92461F460A698B68DDF828900E
:101550009A42B8BF1A46CAF8002091F843300C46A8
:10156000064613B10132CAF80020226891065DD503
:10157000DAF800300233CAF80030226812F0060FA1
:1015800011461ED1E168CB1A002BD8BF114618DDD9
:1015900004F1190B4FF0000805E0E568DAF80030B7
:1015A000ED1A45450CDD01235A4639463046C847F9
:1015B000013008F10108F0D14FF0FF30BDE8F88F9D
:1015C000216894F84330003B18BF01238A060AD5EE
:1015D000E1185A1C302081F84300224494F8451049
:1015E00082F84310023304F1430239463046C847BB
:1015F0000130E1D0236803F00603042B1DD0A3685B
:101600002269934225DD4FF000089B1A98441A3452
:10161000002501E045451CDA0123224639463046C3
:10162000C847013005F10105F4D1C5E712F0060FF6
:1016300012D0003B18BF0123D5E7DAF80030E1688B
:101640002269C91AA368934221EAE178DDDC002906
:10165000DDDC0020BDE8F88FE168DAF80030CB1A55
:10166000002BD8BF114693DCABE700BF2DE9F04754
:101670000C4684B09046227E0C990746994604F1A8
:101680004300002A33D0A2F15803DDB2202D67D8E1
:10169000202B65D8DFE813F0DE00640064006400EE
:1016A0006400640064006400640064006400A300DB
:1016B0006E0064006400640064006E0064006400F6
:1016C0006400640021007F00C00064006400AE007C
:1016D00064007F0064006400E50023681A0640F19E
:1016E00004810B6862691D1D0D601B681A60002370
:1016F00082462361CDF80090434603AA214638462E
:10170000FFF71EFF013020D023695246414638467C
:10171000C847013019D02368E068039E9B0719D59C
:10172000831B002B16DD04F1190A002504E0E06894
:10173000039E831BAB420DDD0123524641463846D2
:10174000C847013005F10105F1D14FF0FF3004B079
:10175000BDE8F087B042B8BF304604B0BDE8F087BE
:10176000012384F84220236104F1420A002384F813
:101770004330BFE723681A0602D45E0600F1C18039
:101780000D682A6804350D601546002A6BDBDFF80A
:1017900084C10A2610E023681D0640F19C800B6876
:1017A0001D1D0D601D68DFF86CC16F2A0CBF082677
:1017B0000A26002384F843306268A260002A7FDB97
:1017C000236823F004032360002D5BD1002A79D124
:1017D0008246082E65D0A0EB0A0020618AE70B68DC
:1017E0000122186804330B6004F1420A84F84200B5
:1017F0002261BBE70B686268181D0860D3F800A07F
:101800000021504600F0B4FA002800F08180A0EBDF
:101810000A0060602061A9E7236843F02003236089
:101820007822DFF8F4C084F845200A68151D0D60A1
:101830001D0643D4590641D51588DE0744BF43F041
:1018400020032360002D44D1236823F0200323606C
:101850001026AEE7582384F84530DFF8B8C0236877
:10186000E3E72368DCE76268A2602D21002AC5F166
:10187000000584F8431002DB23F004032360DFF843
:1018800094C00A268246B5FBF6F306FB13512A469E
:101890001CF801100AF8011DB2421D46F3D2082EB1
:1018A00099D12368D90796D5626823699A4292DC58
:1018B00030230AF8013C0AF1FF3A8CE71568BCE7CF
:1018C000002DDFD19CF8003084F8423004F1420A48
:1018D0007FE710266DE713F0400F0B6803F1040556
:1018E0000D600CBF1D681D885DE713F0400F0B688D
:1018F000626903F104050D601B6814BF1A801A6049
:10190000F5E60A68B2F9005004320A602A463CE75C
:1019100060687FE7741E0108881E010810B50C4638
:10192000B1F90E1000F018FB002803DB636D0344CF
:10193000636510BDA38923F48053A38110BD00BF4C
:10194000002070472DE9F0410C46B1F90C101F46FC
:10195000CB05054616460BD421F48051A1813B46A8
:10196000B4F90E1032462846BDE8F04100F01EB82A
:10197000B4F90E100223002200F0E0F9B4F90C10C3
:10198000EAE700BF10B50C46B1F90E1000F0D6F929
:10199000A389421C0EBF23F4805343F48053606537
:1019A000A38110BDB1F90E1000F016B838B50C4681
:1019B000084D8446114620461A4600232B60644693
:1019C00006F0FAFF431C00D038BD2B68002BFBD07B
:1019D000236038BD3C01002038B5074D0022044685
:1019E00008462A6007F01CF8431C00D038BD2B685D
:1019F000002BFBD0236038BD3C01002070B50C46A5
:101A0000084D03460026204611461C462E6007F06E
:101A10000AF8431C00D070BD2B68002BFBD023605C
:101A200070BD00BF3C0100209368002B00F0858052
:101A30002DE9F04FB1F90C300C461907804683B000
:101A4000174698B225D523691BB310F002033D68F1
:101A50002DD04FF0000ADFF8BCB25646B9465E45BD
:101A60003346524628BF5B464046002E52D0216A7C
:101A7000A76AB847002856DDD9F808301B1A8244F7
:101A8000361AC9F80830002BE9D1002003B0BDE8B0
:101A9000F08F21464046FEF75FFE002840F0368179
:101AA000B4F90C303D6898B210F00203D1D110F0B7
:101AB000010944D14E46009746B38205D4F808B0D8
:101AC00040F18380B3455A4600F2B28010F4906F23
:101AD00040F0BF8020680192494600F099F9A36860
:101AE000019AA3EB0B012368A1601344B246236063
:101AF0000026009B9868A0EB0A00D144986000285B
:101B0000C3D0B4F90C0080B2002ED6D1D5E900962E
:101B10000835D1E7D5E900A60835A0E721464046BB
:101B2000FEF726FF80B3B4F90C3043F040034FF0CA
:101B3000FF30A38103B0BDE8F08F002070471E4640
:101B4000AA46994618461D46009756B388B34A469A
:101B5000D4E904132068B24228BF3246884205D92E
:101B6000A16803EB010B5A4500F3A680934263DCA6
:101B7000216AA76A2A464046B847B0F1000BD2DD79
:101B8000B9EB0B09CAD00120009A9368A3EB0B03B1
:101B90005D44A6EB0B069360002B3FF476AF002E5E
:101BA000D4D10AF1080353E902569A460833002EAD
:101BB000F9D032460A21284600F0DAF8002800F071
:101BC0009C800130A0EB0509C1E720682369984299
:101BD00016D86369B34213D86FF00042B24228BFEF
:101BE0003246216A92FBF3F2A76A02FB03F34046F6
:101BF0004A46B847B0F1000A95DDA6EB0A0678E739
:101C0000B345DA4628BFB2465246494600F000F9CD
:101C1000A3682268A3EB0A035244A3602260002B4E
:101C2000EBD121464046FEF7A3FE0028E5D07AE737
:101C30002068B34632464EE72946019200F0E8F8A4
:101C4000019AA3689B1AA3602368134423609346F8
:101C500096E723682169A3EB010B636903EB430A51
:101C60000AEBDA7A0BF101034FEA6A0A334453456F
:101C7000524684BF9A46524643052CD511464046EB
:101C8000FEF76AFC00283BD05A4621690190FEF716
:101C900015FBA289019B22F4906242F08002A2818E
:101CA00003EB0B002361AAEB0B03C4F814A0A360A1
:101CB0002060B34632460EE729465A4600F0A8F89F
:101CC00023685B44236021464046FEF751FE00280E
:101CD0003FF456AF27E7404600F016F903460028C8
:101CE000DED121694046FEF7D5FBB4F90C300C2259
:101CF00023F08003C8F8002017E7721C914627E7FD
:101D00000C22B4F90C30C8F800200EE74FF0FF3079
:101D1000BCE600BF00FCFF7F38B5074D002204463B
:101D200008462A6006F084FE431C00D038BD2B68AC
:101D3000002BFBD0236038BD3C01002038B50C4699
:101D4000084D8446114620461A4600232B606446FF
:101D500006F070FE431C00D038BD2B68002BFBD072
:101D6000236038BD3C01002000000000000000009E
:101D700001F0FF01102A2BDB10F0070F08D010F83C
:101D8000013B013A8B422DD010F0070F42B3F6D140
:101D9000F0B441EA012141EA014122F007047FF059
:101DA00000070023F0E80256083C85EA010586EAB0
:101DB000010685FA47F5A3FA87F586FA47F6A5FAEC
:101DC00087F68EB9EED1F0BC01F0FF0102F00702F8
:101DD00032B110F8013B013A83EA010313B1F8D1A3
:101DE0000020704701387047002D06BF3546033884
:101DF000073815F0010F07D1013015F4807F02BFBD
:101E0000013015F4C03F0130F0BC0138704700BF0D
:101E100088420DD98B1883420AD900EB020CBAB163
:101E2000624613F801CD02F801CD9942F9D170470D
:101E30000F2A0ED8034602F1FF3C4AB10CF1010C07
:101E4000013B8C4411F8012B03F8012F6145F9D1B6
:101E5000704740EA01039B0750D1A2F1100370B50F
:101E600001F1200C23F00F0501F1100E00F1100418
:101E7000AC441B095EF8105C44F8105C5EF80C5C26
:101E800044F80C5C5EF8085C44F8085C5EF8045C9E
:101E900044F8045C0EF1100EE64504F11004E9D19B
:101EA000013312F00C0F01EB031102F00F0400EBF1
:101EB000031327D0043C24F003064FEA940C1E447D
:101EC0001C1F8E465EF8045B44F8045FB442F9D1EF
:101ED0000CF1010402F0030203EB840301EB840123
:101EE00002F1FF3C4AB10CF1010C013B8C4411F8AA
:101EF000012B03F8012F6145F9D170BD02F1FF3CC0
:101F000003469BE72246EBE7F8B51446F9B1CAB1A0
:101F100006460D4600F036F8A04202D32F4638465A
:101F2000F8BD21463046FEF717FB07460028F6D0DD
:101F300022462946FEF7C2F930462946FEF7AAFA9C
:101F40003846F8BD2746FEF7A5FA3846F8BDBDE885
:101F5000F8401146FEF700BB38B50C46084D8446E4
:101F6000114620461A4600232B60644606F014FDF5
:101F7000431C00D038BD2B68002BFBD0236038BD3C
:101F80003C01002051F8040C0028A0F10400BCBF63
:101F90000B58C018704700BF7BB972B90029BEBF8B
:101FA00000204FF0004106E008BF00281CBF6FF082
:101FB00000414FF0FF3000F0BFB9ADF1080C6DE902
:101FC00004CE002909DB002B1ADB00F04DF8DDF808
:101FD00004E0DDE9022304B07047404261EB4101B7
:101FE000002B1BDB00F040F8DDF804E0DDE9022304
:101FF00004B0404261EB4101524263EB430370473E
:10200000524263EB430300F02FF8DDF804E0DDE912
:10201000022304B0404261EB41017047524263EB3E
:10202000430300F021F8DDF804E0DDE9022304B009
:10203000524263EB4303704753B94AB9002908BFC2
:1020400000281CBF4FF0FF314FF0FF3000F074B993
:10205000ADF1080C6DE904CE00F006F8DDF804E0FF
:10206000DDE9022304B070472DE9F047089D0446DE
:102070008E46002B4DD18A42944669D9B2FA82F23B
:1020800052B101FA02F3C2F1200120FA01F10CFA77
:1020900002FC41EA030E94404FEA1C48210CBEFBAF
:1020A000F8F61FFA8CF708FB16E341EA034306FB38
:1020B00007F199420AD91CEB030306F1FF3080F0C7
:1020C0001F81994240F21C81023E63445B1AA4B214
:1020D000B3FBF8F008FB103344EA034400FB07F7B6
:1020E000A7420AD91CEB040400F1FF3380F00A81F7
:1020F000A74240F207816444023840EA0640E41BEC
:1021000000261DB1D4400023C5E900433146BDE897
:10211000F0878B4209D9002D00F0EF800026C5E939
:10212000000130463146BDE8F087B3FA83F6002E51
:102130004AD18B4202D3824200F2F980841A61EBC9
:10214000030301209E46002DE0D0C5E9004EDDE7E7
:1021500002B9FFDEB2FA82F2002A40F09280A1EBCF
:102160000C014FEA1C471FFA8CFE0126200CB1FB24
:10217000F7F307FB131140EA01410EFB03F088421D
:1021800008D91CEB010103F1FF3802D2884200F2AA
:10219000CB804346091AA4B2B1FBF7F007FB10113C
:1021A00044EA01440EFB00FEA64508D91CEB0404DA
:1021B00000F1FF3102D2A64500F2BB800846A4EB35
:1021C0000E0440EA03409CE7C6F12007B34022FA20
:1021D00007FC4CEA030C20FA07F401FA06F31C434F
:1021E000F9404FEA1C4900FA06F3B1FBF9F8200C5C
:1021F0001FFA8CFE09FB181140EA014108FB0EF0A2
:10220000884202FA06F20BD91CEB010108F1FF3AF1
:1022100080F08880884240F28580A8F102086144FD
:10222000091AA4B2B1FBF9F009FB101144EA01410B
:1022300000FB0EFE8E4508D91CEB010100F1FF34B6
:102240006CD28E456AD90238614440EA0840A0FB4E
:102250000294A1EB0E01A142C846A64656D353D024
:102260005DB1B3EB080261EB0E0101FA07F722FA48
:1022700006F3F1401F43C5E9007100263146BDE871
:10228000F087C2F12003D8400CFA02FC21FA03F3D4
:10229000914001434FEA1C471FFA8CFEB3FBF7F055
:1022A00007FB10360B0C43EA064300FB0EF69E427A
:1022B00004FA02F408D91CEB030300F1FF382FD213
:1022C0009E422DD9023863449B1B89B2B3FBF7F6BB
:1022D00007FB163341EA034106FB0EF38B4208D994
:1022E0001CEB010106F1FF3816D28B4214D9023ED5
:1022F0006144C91A46EA004638E72E46284605E7F3
:102300000646E3E61846F8E64B45A9D2B9EB0208C3
:1023100064EB0C0E0138A3E74646EAE7204694E753
:102320004046D1E7D0467BE7023B614432E7304686
:1023300009E76444023842E7704700BF10B4044C18
:1023400003460A4620685DF8044B194600F064B85D
:102350000000002010B4044C03460A4620685DF8D3
:10236000044B194600F010B80000002000B5054BE2
:1023700083B0014601AA186800F006F803B05DF8C2
:1023800004FB00BF000000202DE9F047DFF8748057
:1023900006468946174600F09DFFD8F8005055B113
:1023A00099F800301C4673B14C4602E014F8013F26
:1023B0003BB13D2BFAD1304600F08EFF0020BDE846
:1023C000F087A4EB090428680028F4D02246494687
:1023D00000F0E4FB28B92B681A5D3D2A03EB040AE0
:1023E00004D055F8040F0028F0D1E4E7D8F8003005
:1023F000ED1AAD1030463D6000F06EFF0AF10100AD
:10240000BDE8F0877400002000B583B001AAFFF793
:10241000BBFF03B05DF804FB38B502FB01F52946AC
:10242000FEF79AF8044618B12A460021FDF7E0FFAE
:10243000204638BD0000000038B5124B1D68AA6B5D
:1024400004461AB10023C2E9044338BD1820FDF741
:1024500025FF0246A86378B101200021C2E90401EA
:10246000094B0A480A499160C2E900030B23938192
:102470000023C2E9044338BD064B0748422100F05F
:1024800003FF00BF0000002034126DE60E33CDAB19
:10249000ECDE0500CC270108E42701081C4B10B531
:1024A0001C68A26B8AB113691A4954691A4803FB64
:1024B00001F100FB0411A3FB0030013341EB0001EB
:1024C000C2E9043121F0004010BD1820FDF7E6FEFE
:1024D0000246A06388B1114C114B0E48114991601E
:1024E0009FED097BC2E900430B2393810E4B01460C
:1024F00082ED047BC2E9043110BD0C4B0C484E2127
:1025000000F0C2FEAFF300800100000000000000F8
:10251000000000202DF451582D7F954C0E33CDAB8B
:1025200034126DE6ECDE05002E7F954CCC270108B9
:10253000E427010810B4044C03460A4620685DF8FD
:10254000044B1946FFF7E0BC0000002008B410B5AA
:10255000002A9DB0044633DB4FF40273ADF814300B
:102560000291069120AB17D0013A4FF6FF71049209
:102570000792ADF816101F9A019302A9FEF732FDDB
:10258000421C01DA8B232360029B00221A701DB0CB
:10259000BDE8104001B070474FF6FF7104920792FA
:1025A000ADF816101F9A019302A9FEF71BFD431CFC
:1025B00001DA8B2323601DB0BDE8104001B07047E5
:1025C0008B2303604FF0FF30F5E700BF0CB410B56C
:1025D0001F4B00291C689CB035DB4FF40273ADF82B
:1025E0001430029006901FAB18D001394FF6FF72DD
:1025F00004910791ADF8162002A91E9A0193204676
:10260000FEF7F0FC421C01DA8B232360029B0022C0
:102610001A701CB0BDE8104002B070474FF6FF7250
:1026200004910791ADF8162002A91E9A0193204645
:10263000FEF7D8FC431C01DA8B2323601CB0BDE8F5
:10264000104002B070478B2323604FF0FF30F5E756
:102650000000002011F0FF01034644D0820732D170
:1026600010B5046841EA012E4EEA0E4E8EEA0402CD
:10267000A2F1013323EA0203A4F1013222EA0402A7
:10268000134313F0803F0FD150F8044F84EA0E0C2F
:10269000A4F10133ACF1013223EA040322EA0C0273
:1026A000134313F0803FEFD0037823B936E010F8DE
:1026B000013F002B32D09942F9D110BD8A4211D08E
:1026C0009A071846CCD0184613F8012B002AF5D1EA
:1026D000104670479907184607D01846013302780C
:1026E000002AF7D170478207F7D10268A2F10133BF
:1026F00023EA020313F0803F08D150F8042FA2F11F
:10270000013323EA020313F0803FF6D00378002B55
:10271000E8D010F8013F002BFBD17047184610BDE0
:10272000A2EB0300704700BF02780B78012A28BF94
:102730009A42F5D16DE9044540EA0104CDE902670A
:102740006FF0000C4FEA447212B380EA010414F0F7
:10275000070F6AD100F0070420F0070004F003051A
:1027600021F007014FEAC505F0E8042314F0040F37
:10277000F1E804670CFA05F462EA040266EA04066A
:102780000AD063EA0403624667EA0407664603E088
:10279000F0E80423F1E8046782FA4CF582EA0604C3
:1027A000A4FA8CF46CBB83FA4CF583EA0705A5FA0E
:1027B0008CF595B950E9022351E9026782FA4CF58C
:1027C00082EA0604A4FA8CF483FA4CF583EA07053E
:1027D000A5FA8CF52543DBD09CB92DBAB5FA85F462
:1027E00024F0070427FA04F1DDE9026723FA04F371
:1027F00003F0FF0001F0FF01FDE80445A0EB01003C
:10280000704724BAB4FA84F424F0070426FA04F1D9
:10281000DDE9026722FA04F202F0FF0001F0FF0195
:10282000FDE80445A0EB0100704714F0030F3CD114
:1028300010F0030428D150F8082B51F8083B82FA15
:102840004CF582EA0305A5FA8CF55DB950F8042C25
:1028500051F8043C82FA4CF582EA0305A5FA8CF59E
:10286000002DE8D02DBAB5FA85F424F0070423FA38
:1028700004F122FA04F202F0FF0001F0FF01FDE88A
:102880000445A0EB010070474FEAC40420F00300A8
:1028900050F8082B21F0030151F8083B0CFA04F41E
:1028A00062EA040263EA0403C9E710F003041AD0E1
:1028B000A1EB040120F00300E40750F8042B06D03C
:1028C0000FD28B785FFAA2F4E41A06D12BB1CB7841
:1028D0005FFAB2F4E41A00D11BB920465DF8104B40
:1028E000704701F1040150F8042BCC0721F00301DB
:1028F00051F8043B48D824D222F07F4482FA4CF5A8
:1029000094EA1325A5FA8CF50AD165B951F8043B70
:1029100084EA0204B4EB036F0ED150F8042BEBE70A
:102920004FEA132355E035F07F454DD10878FDE897
:102930000445C0F1000070474FEA126203F0FF0344
:1029400047E002EA1C4482FA4CF594EA1345A5FAE2
:102950008CF50AD165B951F8043B84EA0204B4EB62
:10296000034F0CD150F8042BEBE74FEA134330E050
:1029700015EA1C4528D10B884FEA124229E04FEA9C
:10298000124203EA1C4324E002F0FF0482FA4CF5F1
:1029900094EA1365A5FA8CF50AD165B951F8043BA0
:1029A00084EA0204B4EB032F09D150F8042BEBE7BF
:1029B0004FEA13630DE015F0FF0F05D10B684FEAE6
:1029C000122223F07F4304E04FF00000FDE80445AD
:1029D000704712BA1BBA82FA4CF482EA0304A4FAD2
:1029E0008CF5B5FA85F402FA04F203FA04F34FEA1F
:1029F0001260FDE80445A0EB1360704780EA010215
:102A0000844612F0030F4FD111F0030F32D14DF86D
:102A1000044D11F0040F51F8043B0BD0A3F1013227
:102A20009A4312F0803F04BF4CF8043B51F8043B3A
:102A300016D100BF51F8044BA3F101329A4312F0B2
:102A4000803FA4F101320BD14CF8043BA24312F0B9
:102A5000803F04BF51F8043B4CF8044BEAD02346B6
:102A60000CF8013B13F0FF0F4FEA3323F8D15DF868
:102A7000044B704711F0010F06D011F8012B0CF830
:102A8000012B002A08BF704711F0020FBFD031F8A8
:102A9000022B12F0FF0F16BF2CF8022B8CF800202F
:102AA00012F47F4FB3D1704711F8012B0CF8012BB2
:102AB000002AF9D1704700BF0000000000000000AC
:102AC00090F800F06DE9024520F007016FF0000C6E
:102AD00010F0070491F820F040F049804FF0000416
:102AE0006FF00700D1E9002391F840F000F10800F1
:102AF00082FA4CF2A4FA8CF283FA4CF3A2FA8CF329
:102B00004BBBD1E9022382FA4CF200F10800A4FA8F
:102B10008CF283FA4CF3A2FA8CF3E3B9D1E90423E3
:102B200082FA4CF200F10800A4FA8CF283FA4CF31A
:102B3000A2FA8CF37BB9D1E9062301F1200182FAD4
:102B40004CF200F10800A4FA8CF283FA4CF3A2FADA
:102B50008CF3002BC6D0002A04BF04301A4612BAE8
:102B6000B2FA82F2FDE8024500EBD2007047D1E9EB
:102B7000002304F00305C4F100004FEAC50514F07A
:102B8000040F91F840F00CFA05F562EA05021CBF4B
:102B900063EA050362464FF00004A9E7A2B330B52B
:102BA00040EA0104A40784460B462AD09CF80000A2
:102BB0000C7884422FD1012A0DD0E64660B11EF870
:102BC000010F11F8014F6FEA0E03A042134422D106
:102BD0001CEB0303F2D1002030BD0468194653F802
:102BE000045BA4F1013EAC4284462EEA040E00F1DF
:102BF00004000BD1043A84461946ECD01EF0803F05
:102C0000E9D1032AE9D8D1E7104670479CF80000C3
:102C10000C78A042D1D0001B30BD00BF2DE9F04F91
:102C2000012BADF21C4D1D4681460F46904640F2E9
:102C300045810123002419464FF0FF309C4606E0F1
:102C4000A3EB000C1C46012163189D4210D908EB30
:102C5000000218F80360525C9642F1D300F08280C3
:102C60004FF0010C20466146644463189D42EED843
:102C7000CDF808C04FF0010C002461464FF0FF363C
:102C8000634606E0A3EB060C1C46012163189D4237
:102C90000FD908EB010218F803E0925D9645F1D8D0
:102CA00066D04FF0010C26466146644463189D428D
:102CB000EFD8013600F1010BB34502D8CDF808C0BA
:102CC000B34605AB0DF2144243F8045F9342FBD1C7
:102CD000002D00F0F8806C1E06AE08F1FF3208EB04
:102CE0000400019612F8011FD3432B444344904241
:102CF00046F82130F6D1029B5A4608EB03014046C4
:102D000000F00EFB002840F08280029B0BF1FF32A6
:102D1000EB1A824606460592039309EB060E019ACA
:102D20001EF8043052F8233043B3BAF1000F04D038
:102D3000029A9342039A38BF13461E444FF0000A8A
:102D40007B1BB342E9D209EB070045F4006100F0B8
:102D500019FB07447B1BB342DFD200200DF21C4D50
:102D6000BDE8F08F8C4512BF0131644401216BE74F
:102D700061450ABF64180131012187E7D3455B46ED
:102D800038BF5346A34211D2591E9A1941444A44AE
:102D900002E00133A34209D212F8010B11F801CF6E
:102DA0008445F6D0CBF101021644C6E7D345059B16
:102DB00040F282800BEB06024A4408EB0B01CDF88F
:102DC00010B002E0534516D0034612F8010D11F879
:102DD00001CD844503F1010B03F1FF30F2D05B46D6
:102DE000DDF810B00AF1010A9A450BD8029BDDF814
:102DF0000CA01E44A4E753460AF1010A9A45DDF8E7
:102E000010B0F3D970460DF21C4DBDE8F08FA5EB64
:102E10000B035B4538BF5B46013304930BF1FF3373
:102E20000293CBF101030026039345F4006A09EBFA
:102E30000601019A0B5D52F823306BB11E447B1BD7
:102E40009E42F4D909EB0700514600F09BFA074473
:102E50007B1B9E42EBD980E7A34514D2029B0BEB70
:102E6000060208EB030C4A445B4602E00133A3422E
:102E700009D212F8010B1CF801EF8645F6D0039A2F
:102E800016441E44DBE7BBF1000F10D00BEB06002D
:102E9000484408EB0B0201E0434508D012F801ED6D
:102EA00010F801CDE6451346F6D0049BC6E7084668
:102EB0000DF21C4DBDE8F08F5B4693E701230293B2
:102EC0004FF0000BFDE606AB4FF0FF34019312E725
:102ED0002DE9F0410D46097890B00446002953D001
:102EE0006A78002A00F08380AB78002B50D0E87815
:102EF000002800F083802B79002B57D02846FFF75D
:102F0000DFFD064640F40071204600F03BFA8642A1
:102F10005CD8FE2E00F28780801B27184022711C8F
:102F20006846FDF765FA7EB16A1E5FFA86FC901965
:102F300012F8013F03F03F0340336B44A91A614488
:102F4000824203F8401CF3D1013CA35D03F03F0330
:102F500040336B4413F8400C0444A74203D23AE0D8
:102F60004444A74237D314F806C00CF03F0C0CF1D0
:102F700040030DEB030C2046324629461CF8408CDA
:102F800000F0CEF90028EBD1204610B0BDE8F0816A
:102F9000007842EA014200E00C4640EA0343611C2B
:102FA000A0B19A426078F7D1013CEDE722786AB18E
:102FB000296809BA01E099421ED042EA032320465B
:102FC00014F8012F002AF6D1994215D0002420468A
:102FD00010B0BDE8F081BB5DB819002BF6D04FF4FE
:102FE000006100F0CFF90744BC42ADD9EEE710B064
:102FF000BDE8F041FFF72EBBC41EC5E7120442EA4C
:10300000016242EA03232178024600E02C4641EAAD
:103010000200651C02020029D8D0B3EB002F6178B2
:10302000F4D1023CB0E7014633462A46204610B0B0
:10303000BDE8F041F2E500BF2DE9F04707464B48F7
:103040000E46354616F801CB10F80C4014F0080473
:10305000F7D1BCF12D0FE64658D0BCF12B0F04BFC1
:1030600096F800E0AE1C5BB1102B54D04FF0FF3847
:10307000B8FBF3F803FB08FA6FEA0A0A994608E07E
:10308000BEF1300F5AD00A23DFF8E4804FF0050A72
:1030900099460025284607E0404515D829D009FB68
:1030A00000C0012516F801EBAEF1300CBCF1090FA0
:1030B00006D9AEF1410CBCF1190F08D8AEF1370CAE
:1030C00063450DDD002DE7DA4FF0FF35EAE7AEF19D
:1030D000610CBCF1190F03D8AEF1570C6345F1DC5C
:1030E000002D0BDB04B140420AB16DB91160BDE89F
:1030F000F087D445D3DD4FF0FF35D3E722233B6083
:103100004FF0FF30002AF2D0711EEFE796F800E092
:103110000124AE1CA7E7BEF1300F21D1307800F0BA
:10312000DF00582816D14FF0100996F801E04FF053
:103130000F0A02366FF070484B46AAE7337803F067
:10314000DF03582BEFD008234FF0070A6FF06048D9
:1031500099469EE799466FF070484FF00F0A98E73E
:103160004FF00F0A6FF07048994692E7611C010812
:103170009999991960E700BF10B4044C844613462E
:1031800020685DF8044B0A46614655E700000020C0
:1031900010B4044C8446134620685DF8044B0A467C
:1031A000614649E70000002010B51A4C0029246848
:1031B0009AB02ADB009004904FF40270ADF80C0036
:1031C00013D001394FF6FF7002910591ADF80E0052
:1031D00069462046FDF706FF421C01DA8B23236077
:1031E000009B00221A701AB010BD4FF6FF700291BA
:1031F0000591ADF80E0069462046FDF7F3FE431C2D
:1032000001DA8B2323601AB010BD8B2323604FF0AB
:10321000FF30F8E70000002030B5141E9BB00546D3
:103220002CDB4FF4027200910491ADF80C2014D005
:103230004FF6FF711A46013CADF80E101E9B02942A
:1032400069460594FDF7CEFE421C01DA8B232B6004
:10325000009B00221A701BB030BD4FF6FF711A465A
:10326000ADF80E101E9B029469460594FDF7BAFE58
:10327000431C01DA8B232B601BB030BD8B23036012
:103280004FF0FF30F8E700BF00B50B4C256814463F
:10329000EE681A4685B003460D464CB107490095C5
:1032A000CDE901143046064900F026F800F07CF81C
:1032B00004490C46F3E700BF00000020182801086D
:1032C000282801082428010808B513460022FFF722
:1032D000DBFF00BF704700BF704700BF0CB400B5F4
:1032E00083B004AB53F8042B0193FDF7D9FF03B06F
:1032F0005DF804EB02B070470EB410B583B005ABB7
:10330000064C53F8042B019301462068FDF7C8FFD3
:1033100003B0BDE8104003B0704700BF00000020BC
:10332000032A70B515D940EA010C1CF0030F0446BE
:103330000B4621D1194620460E680568B54204F1B6
:10334000040403F1040317D1043A032A2046194662
:10335000F0D8541EA2B100F1FF3C013901E0C318BE
:103360000CD01CF801EF11F8012F9645A4EB0C03CB
:10337000F5D0AEEB020070BD541EECE7184670BDF0
:10338000104670BD71B1034600EB010C01E06345CE
:1033900006D01A46013311780029F8D1101A704767
:1033A000181A70470846704708B5062000F098F8CC
:1033B000012005F0EBFA00BF38B5446C0CB10020D9
:1033C00038BD80210546FDF7C7F80246686430B174
:1033D000031F7C3243F8044F9342FBD1EFE74FF0D9
:1033E000FF3038BD1F29F8B5054608D8466C0C4695
:1033F00017464EB156F8240046F82470F8BD16233F
:1034000003604FF0FF30F8BD8021FDF7A5F80646B8
:10341000686440B1031F00F17C05002143F8041FDC
:103420009D42FBD1E6E74FF0FF30F8BD1F2938B5CC
:10343000054620D8426C0C466AB152F8213053B18F
:10344000012B16D0591C10D00025204642F82450DC
:103450009847284638BD284600F0F8F8224601462D
:103460002846BDE8384000F0DBB816230360012091
:1034700038BD002038BD162303604FF0FF3038BD43
:103480001F292AD8426C38B50C46054682B152F83D
:10349000243002EB84024BB1591C19D0012B15D0FA
:1034A0000025204615609847284638BD012038BDC4
:1034B0008021FDF751F80246686458B1031F0021CE
:1034C0007C3043F8041F9842FBD1E0E7032038BD6D
:1034D000022038BD4FF0FF3038BD4FF0FF3070474D
:1034E00038B5144B1F281D681FD86A6C044662B19A
:1034F00052F820304BB1012B15D0591C0FD00025AC
:1035000042F820509847284638BD284600F09EF8DB
:10351000224601462846BDE8384000F081B816230F
:103520002B60012038BD002038BD16232B604FF0E2
:10353000FF3038BD00000020124B1F2870B51E68F8
:1035400008D80D46716C044649B151F8240041F881
:10355000245070BD162333604FF0FF3070BD8021C2
:103560003046FCF7F9FF0146706440B1031F00F1DB
:103570007C0C002243F8042F6345FBD1E5E74FF0B4
:10358000FF3070BD0000002038B50B4B1D686C6C1F
:103590000CB1002038BD80212846FCF7DDFF6864AF
:1035A00038B1031F00F17C0243F8044F9342FBD172
:1035B000EFE74FF0FF3038BD0000002038B5174B63
:1035C0001F281D6826D86A6C044682B152F8243040
:1035D00002EB84024BB1591C1AD0012B16D00025E6
:1035E000204615609847284638BD012038BD802107
:1035F0002846FCF7B1FF0246686458B1031F00215A
:103600007C3043F8041F8342FBD1DFE7032038BD41
:10361000022038BD4FF0FF3038BD00BF0000002051
:1036200070B50C46084D03460026204611461C4640
:103630002E6005F0A3F9431C00D070BD2B68002B51
:10364000FBD0236070BD00BF3C01002005F094B9A1
:1036500008B50268034B9A4200D008BD01F0FAFA9F
:10366000FBE700BF0020004072B6FEE700B595B052
:103670003022002108A8FCF7BBFE0023039304932B
:103680000593069307930193204A116C41F08051F2
:103690001164126C02F080520192019A02931C4B49
:1036A0001A6842F480421A601B6803F48043029354
:1036B000029B012308934FF48033099302230E9356
:1036C0004FF480020F920F221092902211921293C7
:1036D0000523139308A800F0DFFA98B90F2303938A
:1036E00002230493002305934FF4A05306934FF451
:1036F00080530793032103A800F01CFD20B915B0E7
:103700005DF804FBFFF7B0FFFFF7AEFF00380240A3
:103710000070004008B501F083FAFFF7A7FF00F042
:1037200021F800F00FF900F02FF903F057FE03F035
:10373000BFFE03F00FFF03F063FF04F043F804F053
:10374000B7F804F00FF900F039F900F051F904F07E
:103750005DFD04F0D1FC03F093FB00F0D7F803F01B
:10376000A1FBFEE700B58DB00022079208920992F6
:103770000A920B920192264B196B41F004011963D6
:10378000196B01F00401019101990292196B41F04A
:1037900080011963196B01F0800102910299039273
:1037A000196B41F001011963196B01F001010391DB
:1037B00003990492196B41F010011963196B01F020
:1037C0001001049104990592196B41F002011963EB
:1037D000196B01F002010591059906921A6B42F0EE
:1037E00008021A631B6B03F008030693069B4FF451
:1037F000E05307930223089303230A930A230B93AE
:1038000007A9044800F06EFE0DB05DF804FB00BF90
:10381000003802400000024008B5032003F0BCFB62
:10382000FBE7000000B5A5B02A4B01932A4B00939B
:103830002A4B2B4A2B49012005F0CEFD1FA805F08D
:103840004BFD294B1F93294B2093294B2193294B47
:1038500022931FA805F04EFD28B302A805F068FDCD
:103860000DF12C0E0DF1080CBCE80F00AEE80F00B6
:10387000DCF80030CEF800300BAB0022114610A867
:1038800005F068FC10AB1C4A1C4909A805F0ACFC0B
:1038900006F028FA02461A4B09A91EA805F0E0FC1A
:1038A00000231D930EE0BA211648FCF7C5FED4E7AD
:1038B000DB211548FCF7C0FE1D9B01331D930A2038
:1038C00003F06AFB00221DA91EA805F01FFC0028BA
:1038D000EED1F1E7AD8E00086F8E0008618E000812
:1038E000498E000864340020E18C0008058D000832
:1038F000258D0008658D0008242801088C1D01080D
:10390000981D0108641D0108AC1D010808B5074A8F
:103910000021074803F0E2FA064B1860064A00212E
:10392000064803F0DBFA064B186008BDE01D0108ED
:103930001938000840010020041E0108253800083D
:10394000A033002010B582B0002401940D4B1A6BF7
:1039500042F480021A631B6B03F480030193019B02
:10396000224605213A2001F015F93A2001F04AF9E2
:1039700022460521462001F00DF9462001F042F9CA
:1039800002B010BD0038024008B50A480A4B036077
:103990004FF4E133436000238360C36003610C2272
:1039A00042618361C36101F09DFD00B908BDFFF76D
:1039B0005BFEFBE7643400200010014008B50A48B4
:1039C0000A4B03604FF4E133436000238360C3601C
:1039D00003610C2242618361C36101F083FD00B980
:1039E00008BDFFF741FEFBE7A8340020004400407B
:1039F00008B50B480B4B03604FF4E13343600023E1
:103A00008360C36003610C2242618361C36103620E
:103A100004F08AFF00B908BDFFF726FEFBE700BFF0
:103A2000EC340020004800402DE9F0418AB000232A
:103A3000059306930793089309930368504A9342AA
:103A400005D0504A934278D00AB0BDE8F0810446D0
:103A5000002500954C4B5A6C42F010025A645A6C87
:103A600002F010020092009A01951A6B42F00102D6
:103A70001A631A6B02F001020192019A02951A6B05
:103A800042F002021A631B6B03F002030293029BD3
:103A90004FF4007305934FF00208CDF81880032708
:103AA00008970726099605A9384800F01BFD8023D2
:103AB0000593CDF8188007950897099605A934480D
:103AC00000F010FD3348344B03604FF00063436057
:103AD0008560C5604FF480630361456185614FF483
:103AE0008073C3614FF440330362456200F06CFEA3
:103AF000E8B9284BA3639C632848294B03604FF027
:103B000000634360402383600023C3604FF48062FE
:103B1000026143618361C3614FF4403202624362D8
:103B200000F052FE30B91D4B63639C638CE7FFF7D6
:103B30009BFDDEE7FFF798FDF5E700210391124BAF
:103B40001A6C42F400321A641A6C02F400320392C6
:103B5000039A04911A6B42F008021A631B6B03F07C
:103B600008030493049B6023059302230693032315
:103B700008930723099305A90A4800F0B3FC63E7FB
:103B800000100140004400400038024000000240A4
:103B900000040240A43300204064024004340020AA
:103BA000B8640240000C024000B589B000230393C2
:103BB00004930593069307930268154B9A4202D02B
:103BC00009B05DF804FB0021019103F5F8331A6C8C
:103BD00042F480221A641A6C02F480220192019A43
:103BE00002911A6B42F008021A631B6B03F0080380
:103BF0000293029B4FF4E063039302230493032395
:103C000006930723079303A9024800F06BFCD7E74C
:103C100000480040000C0240FEE7FEE7FEE7FEE73A
:103C2000FEE7704708B5024801F004F908BD00BF7F
:103C30001880002008B5024800F0ACFE08BD00BFA7
:103C4000A433002008B5024800F0A4FE08BD00BF60
:103C50000434002000B583B0002200920D4B596C53
:103C600041F480415964596C01F4804100910099FC
:103C70000192196C41F0805119641B6C03F0805360
:103C80000193019B0F216FF0010000F083FF03B04F
:103C90005DF804FB00380240002800F0E08170B5B8
:103CA00082B00446036813F0010F3BD09F4B9B6822
:103CB00003F00C03042B2CD09C4B9B6803F00C03EB
:103CC000082B21D06368B3F5803F4FD0B3F5A02F08
:103CD00052D0964B1A6822F480321A601A6822F485
:103CE00080221A606368002B50D000F0BFFF0546A9
:103CF0008E4B1B6813F4003F14D100F0B7FF401B3C
:103D00006428F5D90320B1E1884B5B6813F4800F78
:103D1000D8D0864B1B6813F4003F03D06368002B98
:103D200000F09F81236813F0020F54D07F4B9B68F3
:103D300013F00C0F3ED07D4B9B6803F00C03082B57
:103D400033D0E368002B68D0794B01221A6000F071
:103D50008DFF0546754B1B6813F0020F54D100F020
:103D600085FF401B0228F5D903207FE16F4A1368C5
:103D700043F480331360B5E76C4B1A6842F4802239
:103D80001A601A6842F480321A60ABE700F06EFFE6
:103D90000546664B1B6813F4003FC3D000F066FF76
:103DA000401B6428F5D9032060E1604B5B6813F485
:103DB000800FC6D15D4B1B6813F0020F03D0E36880
:103DC000012B40F05081594A136823F0F803216910
:103DD00043EAC1031360236813F0080F42D06369FC
:103DE0006BB3534B0122C3F8802E00F03FFF054612
:103DF0004E4B5B6F13F0020F34D100F037FF401BC6
:103E00000228F5D9032031E1484A136823F0F8036A
:103E1000216943EAC1031360DDE7454B00221A60C4
:103E200000F024FF0546414B1B6813F0020FD2D06F
:103E300000F01CFF401B0228F5D9032016E13C4B83
:103E40000022C3F8802E00F011FF0546374B5B6F50
:103E500013F0020F06D000F009FF401B0228F5D92D
:103E6000032003E1236813F0040F77D02F4B1B6C62
:103E700013F0805F33D1002301932C4B1A6C42F076
:103E800080521A641B6C03F080530193019B01253F
:103E9000284B1B6813F4807F23D0A368012B34D0F8
:103EA000052B38D0214B1A6F22F001021A671A6FC6
:103EB00022F004021A67A368002B3DD000F0D6FE62
:103EC00006461A4B1B6F13F0020F46D100F0CEFED0
:103ED000801B41F288339842F3D90320C6E00025C5
:103EE000D6E7144A136843F48073136000F0BEFEF3
:103EF0000646104B1B6813F4807FCED100F0B6FE4F
:103F0000801B0228F5D90320B0E0084A136F43F064
:103F100001031367CFE7054B1A6F42F004021A67DB
:103F20001A6F42F001021A67C5E700BF003802406D
:103F3000000047420070004000F098FE0646524BD9
:103F40001B6F13F0020F08D000F090FE801B41F2AF
:103F500088339842F3D9032088E0EDB9A369002B98
:103F600000F08380484A926802F00C02082A51D07F
:103F7000022B17D0454B00221A6600F077FE04464C
:103F8000414B1B6813F0007F42D000F06FFE001B16
:103F90000228F5D9032069E03B4A136C23F08053D3
:103FA0001364DBE7394B00221A6600F05FFE05461A
:103FB000354B1B6813F0007F06D000F057FE401B06
:103FC0000228F5D9032051E0E369226A1343626AAB
:103FD00043EA8213A26A5208013A43EA0243E26AC0
:103FE00043EA0263284A5360284B01221A6600F014
:103FF0003DFE0446244B1B6813F0007F06D100F001
:1040000035FE001B0228F5D903202FE000202DE00B
:1040100000202BE0012B2BD01B4B5B6803F48001AD
:10402000E269914226D103F03F02216A8A4223D1FC
:10403000616A47F6C0721A40B2EB811F1ED103F4C9
:104040004031A26A5208013AB1EB024F18D103F095
:104050007063E26AB3EB026F14D1002006E0012026
:104060007047012002E0012000E0002002B070BD96
:104070000120FBE70120F9E70120F7E70120F5E740
:104080000120F3E70120F1E7003802400000474239
:1040900008B5254B9B6803F00C03042B3FD0082B7D
:1040A0003FD1214B5A6802F03F025B6813F4800F46
:1040B00012D01D4B5968C1F388111C480023A1FB85
:1040C0000001FDF7B9FF184B5B68C3F301430133EF
:1040D0005B00B0FBF3F025E0134B5968C1F3881C7B
:1040E0004FEA4C11B1EB0C006EEB0E0E4FEA8E1343
:1040F00043EA90638101091A63EB0E03DB0043EA94
:104100005173C90011EB0C0C43F100039902002319
:104110004FEA8C2041EA9C51FDF78EFFD3E703481C
:1041200000E0034808BD00BF0038024040787D0130
:104130000024F400002800F09B8070B50D46044672
:104140004F4B1B6803F007038B4208D2CBB24C4A9B
:104150001370136803F007038B4240F08B802368D1
:1041600013F0020F17D013F0040F04D0454A9368E0
:1041700043F4E0539360236813F0080F04D0414ADE
:10418000936843F4604393603E4A936823F0F003DE
:10419000A1680B439360236813F0010F32D063686A
:1041A000012B21D09A1E012A25D9364A126812F015
:1041B000020F61D033498A6822F0030213438B60F7
:1041C00000F054FD06462F4B9B6803F00C03626819
:1041D000B3EB820F16D000F049FD801B41F288330B
:1041E0009842F0D9032042E0264A126812F4003FB8
:1041F000E0D101203BE0234A126812F0007FD9D1C0
:10420000012034E01E4B1B6803F00703AB4207D9C3
:10421000EAB21B4B1A701B6803F00703AB422DD1A7
:10422000236813F0040F06D0164A936823F4E05372
:10423000E1680B439360236813F0080F07D0114A1D
:10424000936823F46043216943EAC1039360FFF755
:104250001FFF0C4B9B68C3F303130B4AD35CD8407E
:104260000A4B18600A4B186803F0F4FE002070BD7A
:10427000012070470120FAE70120F8E70120F6E766
:10428000003C024000380240301E01086C00002053
:1042900068000020014B1868704700BF6C000020C8
:1042A00008B5FFF7F7FF044B9B68C3F38223034A6B
:1042B000D35CD84008BD00BF00380240401E010852
:1042C00008B5FFF7E7FF044B9B68C3F34233034A8B
:1042D000D35CD84008BD00BF00380240401E010832
:1042E0000F2303600B4B9A6802F0030242609A6846
:1042F00002F0F00282609A6802F4E052C2609B68A9
:10430000DB0803F4E0530361034B1B6803F007036E
:104310000B60704700380240003C024030B583B06B
:104320000446036813F0050F06D1236813F0020F4B
:104330002ED1002003B030BD4A4B00229A6600F017
:1043400095FC0546484B1B6813F0006F06D000F043
:104350008DFC431B022BF5D90320EBE76268A368B1
:104360001B0743EA8213404AC2F884303D4B0122C6
:104370009A6600F07BFC05463B4B1B6813F0006F10
:10438000D3D100F073FC431B022BF5D90320D1E7F6
:1043900000230193344B1A6C42F080521A641B6C58
:1043A00003F080530193019B304A136843F48073F8
:1043B000136000F05BFC05462C4B1B6813F4807FF8
:1043C00006D100F053FC431B022BF5D90320B1E7C3
:1043D000254B1B6F13F4407314D0E26802F4407253
:1043E0009A420FD0204B1A6F22F440721D490120CF
:1043F000C1F8400E0020C1F8400E1A671B6F13F081
:10440000010F13D1E36803F44072B2F5407F1ED070
:10441000154A936823F4F813936013490B6FE2680D
:10442000C2F30B0213430B67002083E700F01EFC6E
:1044300005460D4B1B6F13F0020FE3D100F016FC85
:10444000401B41F288339842F3D9032072E70649B2
:104450008A6822F4F81223F0704323F44073134364
:104460008B60DAE7000047420038024000700040ED
:10447000012801D000207047164B9B6813F40003FD
:1044800003D0012B23D114487047124B5B6813F4FF
:10449000800F14D00F4B5B6803F03F030F48B0FB55
:1044A000F3F30C4AD2F88400C0F3881003FB00F049
:1044B000D2F88430C3F30273B0FBF3F07047054BBE
:1044C0005B6803F03F030648B0FBF3F3E9E7002025
:1044D000704700BF003802400080BB0040787D017B
:1044E0000024F40000230F2B00F2E48070B582B0AA
:1044F00060E085685E000324B44025EA0405CC68CA
:10450000B4402C438460456825EA02054C68C4F336
:1045100000129A402A4342605AE0DC08083450F8FE
:10452000246003F0070295000F22AA4026EA020E3B
:104530000A69AA4042EA0E0240F824205CE0072201
:1045400000E0002202FA0EF22A4302345A4D45F8E6
:1045500024205A4A94686FEA0C0224EA0C054E683B
:1045600016F4801F01D04CEA0405544CA560E468A1
:1045700002EA04054E6816F4001F01D04CEA040557
:104580004E4CE560646802EA04054E6816F4003F8C
:1045900001D04CEA0405494C6560246822404D680E
:1045A00015F4803F01D04CEA0402444C22600133F0
:1045B0000F2B7DD801229A400C6804EA020C32EAE3
:1045C0000404F4D14C6804F00304013C012C90D99C
:1045D0004A6802F00302032A09D0C4685D0003227E
:1045E000AA4024EA02048A68AA402243C2604A68B8
:1045F00002F00302022A90D004684FEA430E03221D
:1046000002FA0EF224EA02044A6802F0030202FAF5
:104610000EF2224302604A6812F4403FC7D00022E3
:104620000192274A546C44F480445464526C02F45E
:1046300080420192019A9C08A51C1F4A52F82550FD
:1046400003F003024FEA820E0F2202FA0EF225EA6D
:1046500002051C4A90423FF474AF02F5806290421A
:104660001AD002F58062904218D002F58062904222
:1046700016D002F58062904214D002F5806290421A
:1046800012D002F58062904210D002F58062904212
:104690003FF455AF082255E7012253E7022251E7C4
:1046A00003224FE704224DE705224BE7062249E7A4
:1046B00002B070BD704700BF00380140003C0140AF
:1046C000003802400000024030B405682C6824F431
:1046D00080242C60046863608368402B05D00368E5
:1046E00099600368DA6030BC704703689A600368B9
:1046F000D960F8E710B40368D9B210390C4AA2FBAC
:10470000014212090B4CA25CC2655F2909D923F44E
:104710007F7323F0030304338365806D5DF8044BDE
:10472000704723F47F7323F003038365F5E700BF2D
:10473000ABAAAAAA281E0108836A826992B9012B32
:104740000AD0022B02D00BB100207047C36A13F0CD
:10475000807F28D100207047C36AB3F1C07F24D086
:1047600000207047B2F5005F09D0022B25D9032B3A
:1047700025D1C36A13F0807F23D100207047032B1B
:1047800003D8DFE803F01404140A00207047C36A5A
:1047900013F0807F0DD100207047C36AB3F1C07F52
:1047A00009D0002070470120704701207047012088
:1047B000704701207047012070470120704700209A
:1047C000704701207047000070B5044600F04EFAB3
:1047D000002C5BD00546022384F83530002384F892
:1047E00034302268136823F00103136023681A68C9
:1047F00012F0010F0AD000F039FA431B052BF5D94E
:1048000020236365032084F8350070BD1A682048B2
:1048100010406168A2680A43E1680A4321690A43BB
:1048200061690A43A1690A43E1690A43216A0A43AB
:104830000243616A04291ED01A602668756925F052
:104840000705636A1D43042B07D1A36A1D43E36A6E
:104850001BB12046FFF770FF90B975612046FFF746
:1048600049FFE26D3F239340836000206065012390
:1048700084F83530C9E7E16A206B01430A43DBE77E
:1048800040236365012084F83500BEE70120BCE7C2
:104890003F8010F038B50446856D90F8340001284B
:1048A0002BD0012084F8340094F83500C0B20128E0
:1048B00004D0002384F83430022038BD022084F86C
:1048C0003500002060652046FFF7FEFEE26D3F23C5
:1048D0009340AB602268136843F016031360236CA7
:1048E00023B12268136843F0080313602268136839
:1048F00043F0010313600020DFE70220DDE770B51D
:104900000446866D00F0B2F994F83530DBB2022B24
:1049100006D080236365002384F83430012070BD05
:1049200005462268136823F0160313602268536952
:1049300023F080035361236CE3B12268136823F0F2
:10494000080313602268136823F0010313602368CF
:104950001B6813F0010F11D000F088F9431B052BE1
:10496000F5D920236365032084F83500002384F8FB
:104970003430D4E7A36C002BDFD1E3E7E26D3F23B3
:104980009340B360012384F83530002084F834006C
:10499000C5E70000F0B583B0044600230193724BD5
:1049A0001D68724BA3FB0535AD0A876D3E68C26D6D
:1049B00008239340334210D003681A6812F0040FA2
:1049C0000BD01A6822F004021A60C26D08239340CB
:1049D000BB60436D43F001034365E26D01239340E7
:1049E000334209D02268526912F0800F04D0BB60B4
:1049F000636D43F002036365E26D04239340334229
:104A000009D02268126812F0020F04D0BB60636DF7
:104A100043F004036365E26D10239340334224D0D6
:104A20002268126812F0080F1FD0BB6023681A6852
:104A300012F4802F0DD01B6813F4002F04D1236CC7
:104A40009BB12046984710E0A36C73B1204698476D
:104A50000BE01A6812F4807F03D11A6822F0080272
:104A60001A60236C0BB120469847E26D20239340D7
:104A7000334255D02268126812F0100F50D0BB603C
:104A800094F83530DBB2052B0ED023681A6812F487
:104A9000802F33D01B6813F4002F2AD1636C002BB6
:104AA0003ED0204698473BE02268136823F0160367
:104AB00013602268536923F080035361236CA3B110
:104AC0002268136823F008031360E26D3F239340CC
:104AD000BB60012384F83530002384F83430236D23
:104AE000002B3FD0204698473CE0A36C002BE7D139
:104AF000EBE7E36BA3B12046984711E01A6812F484
:104B0000807F09D11A6822F010021A60012384F80C
:104B10003530002384F83430E36B0BB120469847DE
:104B2000636DFBB1636D13F0010F17D0052384F89B
:104B300035302268136823F001031360019B0133B1
:104B40000193AB4204D823681B6813F0010FF5D121
:104B5000012384F83530002384F83430E36C0BB142
:104B60002046984703B0F0BD6C000020B5814E1B75
:104B7000074AD36823F4E0631B041B0C000200F413
:104B8000E060034343F0BF6343F40033D3607047F6
:104B900000ED00E000B5194BDB68C3F30223C3F15D
:104BA000070CBCF1040F28BF4FF0040C03F1040EF6
:104BB000BEF1060F18D9033B4FF0FF3E0EFA0CFC76
:104BC00021EA0C0199400EFA03F322EA0303194388
:104BD00000280BDB0901C9B200F1604000F561401B
:104BE00080F800135DF804FB0023E5E700F00F00F8
:104BF0000901C9B2024B1954F4E700BF00ED00E00F
:104C000014ED00E0002807DB00F01F02400901233B
:104C10009340024A42F82030704700BF00E100E0B4
:104C200008B50B4B1A6842F400721A601A6842F415
:104C300080621A601A6842F480721A600320FFF7DB
:104C400097FF0F2003F006FAFFF704F8002008BDD5
:104C5000003C0240034A1168034B1B780B4413606D
:104C6000704700BF3035002064000020014B1868F9
:104C7000704700BF3035002030B4036A23F00103D1
:104C80000362036A4268846924F073040D682C434C
:104C900023F0020C8B6843EA0C03104DA84203D0AA
:104CA00005F58065A84205D123F00803CD682B43A4
:104CB00023F00403094DA84203D005F58065A842FE
:104CC00005D122F440724D692A438D692A4342601E
:104CD00084614A684263036230BC7047000001404F
:104CE00030B4036A23F480730362036A4268C469C0
:104CF00024F0730C0C6844EA0C0523F400738C68F0
:104D000043EA0423114CA04203D004F58064A0427E
:104D100006D123F40063CC6843EA042323F48063C0
:104D20000A4CA04203D004F58064A04207D122F4CB
:104D300040524C6942EA04128C6942EA0412426011
:104D4000C5614A68C263036230BC7047000001401D
:104D500030B4036A23F480530362036A4468C2696F
:104D600022F4E6420D6842EA052223F400538D68DE
:104D700043EA0533094DA84203D005F58065A842F2
:104D800004D124F480444D6944EA85144460C2612E
:104D90004A680264036230BC704700BF00000140F3
:104DA0007047000090F83D30DBB2012B37D1022371
:104DB00080F83D300268D36843F00103D360036894
:104DC000194A934220D0B3F1804F1DD0A2F57C4206
:104DD000934219D002F58062934215D002F58062A9
:104DE000934211D002F5784293420DD002F57052F1
:104DF000934209D0A2F59432934205D01A6842F04A
:104E000001021A60002070479A6802F00702062A21
:104E100007D01A6842F001021A6000207047012092
:104E200070470020704700BF000001407047704786
:104E30007047704710B5044603681A6912F0020FF4
:104E400011D0DA6812F0020F0DD06FF002021A6171
:104E50000123037703689B6913F0030F70D0FFF7FA
:104E6000E6FF0023237723681A6912F0040F12D09B
:104E7000DA6812F0040F0ED06FF004021A610223F8
:104E8000237723689B6913F4407F5FD02046FFF7A8
:104E9000CEFF0023237723681A6912F0080F12D07F
:104EA000DA6812F0080F0ED06FF008021A610423BE
:104EB00023772368DB6913F0030F4ED02046FFF7FA
:104EC000B6FF0023237723681A6912F0100F12D05F
:104ED000DA6812F0100F0ED06FF010021A6108237A
:104EE00023772368DB6913F4407F3DD02046FFF72A
:104EF0009EFF0023237723681A6912F0010F03D065
:104F0000DA6812F0010F36D123681A6912F0800FA7
:104F100003D0DA6812F0800F34D123681A6912F0D6
:104F2000400F03D0DA6812F0400F32D123681A69BB
:104F300012F0200F03D0DA6812F0200F30D110BD2C
:104F4000FFF774FF2046FFF773FF8AE72046FFF75D
:104F50006DFF2046FFF76CFF9BE72046FFF766FFDB
:104F60002046FFF765FFACE72046FFF75FFF2046CE
:104F7000FFF75EFFBDE76FF001021A612046FEF702
:104F800067FBC1E76FF080021A61204600F0E2F98A
:104F9000C3E76FF040021A612046FFF74AFFC5E7FA
:104FA0006FF020021A61204600F0D3F9C7E7000035
:104FB0000368304A904212D0B0F1804F0FD0A2F572
:104FC0007C4290420BD002F58062904207D002F5FD
:104FD0008062904203D002F57842904203D123F0E0
:104FE00070034A681343234A90422AD0B0F1804F9D
:104FF00027D0A2F57C42904223D002F580629042F5
:105000001FD002F5806290421BD002F57842904298
:1050100017D002F57052904213D002F58062904290
:105020000FD002F5806290420BD0A2F598329042E8
:1050300007D002F58062904203D002F58062904270
:1050400003D123F44073CA68134323F080034A69F1
:10505000134303608B68C3620B688362054B9842FD
:1050600003D003F58063984201D10B6903630123E8
:10507000436170470000014040B310B5044690F80A
:105080003D30F3B1022384F83D30214651F8040B42
:10509000FFF78EFF012384F8463084F83E3084F811
:1050A0003F3084F8403084F8413084F8423084F84E
:1050B000433084F8443084F8453084F83D30002093
:1050C00010BD80F83C30FFF76BFEDBE70120704736
:1050D00040B310B5044690F83D30F3B1022384F894
:1050E0003D30214651F8040BFFF762FF012384F89D
:1050F000463084F83E3084F83F3084F8403084F8FD
:10510000413084F8423084F8433084F8443084F8E5
:10511000453084F83D30002010BD80F83C3002F06E
:10512000C7FADBE70120704730B4036A23F01003AD
:105130000362036A4468826922F4E6420D6842EA27
:10514000052223F020038D6843EA0513114DA84280
:1051500003D005F58065A84206D123F08003CD6811
:1051600043EA051323F040030A4DA84203D005F596
:105170008065A84207D124F440644D6944EA85045F
:105180008D6944EA8504446082614A6882630362EF
:1051900030BC70470000014038B590F83C30012B1E
:1051A00066D004460D46012380F83C300C2A5AD8BC
:1051B000DFE802F0075959591B59595930595959C3
:1051C00044000068FFF758FD2268936943F0080324
:1051D00093612268936923F00403936122689369C1
:1051E00029690B43936100203EE00068FFF79CFFB4
:1051F0002268936943F4006393612268936923F4FE
:105200008063936122689369296943EA012393616A
:10521000002029E00068FFF763FD2268D36943F0AE
:105220000803D3612268D36923F00403D3612268A1
:10523000D36929690B43D361002015E00068FFF7AB
:1052400087FD2268D36943F40063D3612268D36980
:1052500023F48063D3612268D369296943EA012377
:10526000D361002000E00120002384F83C3038BDE9
:105270000220FCE790F83C30012B3DD010B4012314
:1052800080F83C30022380F83D3003685A689C68FF
:1052900022F0700C0A6842EA0C025A600368174A4E
:1052A00093421AD0B3F1804F17D0A2F57C429342BB
:1052B00013D002F5806293420FD002F580629342D0
:1052C0000BD002F57842934207D002F57052934218
:1052D00003D0A2F59432934204D124F080044A68AA
:1052E00014439C60012380F83D30002380F83C305B
:1052F00018465DF8044B70470220704700000140DB
:1053000090F83C30012B22D0012380F83C30CB6850
:1053100023F440738A68134323F480634A68134379
:1053200023F400630A68134323F480530A69134388
:1053300023F400534A69134323F48043CA69134397
:1053400002685364002380F83C30184670470220FE
:10535000704770477047026802F10C0353E8003F42
:1053600023F0C0030C3242E800310029F3D120239E
:1053700080F83D307047026802F10C0353E8003FAB
:1053800023F490730C3242E800310029F3D1026813
:1053900002F1140353E8003F23F00103143242E802
:1053A00000310029F3D1036B012B05D0202380F8B5
:1053B0003E30002303637047026802F10C0353E898
:1053C000003F23F010030C3242E800310029F3D1F2
:1053D000ECE7000038B504460268136923F4405333
:1053E000C1680B4313618368026913434269134325
:1053F000C2691A430168CB6823F4164323F00C03F7
:105400001343CB600268536923F4407381690B43F3
:1054100053610368314A934206D002F58062934299
:1054200002D0FEF73DFF01E0FEF74AFFE369B3F566
:10543000004F29D00021031849411B1841F10001F8
:10544000C90041EA5371DB00181863684FEA830210
:105450004FEA937341F10001FCF7EEFD204DA5FBEF
:1054600000325109642303FB11031B013233A5FBF6
:1054700003235B0903F0F00202EB011203F00F03B8
:10548000216813448B6038BD0023021843EB0301ED
:10549000121841F10001C90041EA5271D2001018FE
:1054A00041F10001626892185B41FCF7C5FD0C4DAB
:1054B000A5FB00325109642303FB1103DB003233E7
:1054C000A5FB03235B095A0002F4F87202EB0112F8
:1054D00003F00703216813448B60D4E700100140F8
:1054E0001F85EB5158B310B5044690F83D300BB30F
:1054F000242384F83D302268D36823F40053D3601A
:105500002046FFF767FF2268136923F49043136175
:105510002268536923F02A0353612268D36843F455
:105520000053D36000202064202384F83D3084F8A9
:105530003E3010BD80F83C30FEF776FAD8E7012007
:105540007047000038B590F83D30DBB2202B38D1E1
:105550000446002937D0002A37D090F83C30012B80
:1055600035D0012380F83C3001628284C28400255A
:105570000564212380F83D30436B1648D863636B84
:1055800015481864636B1548D864636B1D65206803
:105590001346021D606BFFF77DF923686FF0400230
:1055A0001A6084F83C50226802F1140353E8003F6B
:1055B00043F08003143242E800310029F3D1002087
:1055C00000E0022038BD0120FCE70120FAE70220BC
:1055D000F8E700BF67560008B5560008C556000832
:1055E00010B5044603685A6990F83D30DBB2212BB0
:1055F0000AD023685A6902F0400294F83E30DBB2C8
:10560000222B19D0002010BD02F08002002AF0D019
:10561000226802F1140353E8003F23F080031432A0
:1056200042E800310029F3D1606B08B1FFF767F958
:105630002046FFF790FEDCE7002AE3D0226802F163
:10564000140353E8003F23F04003143242E80031D2
:105650000029F3D1A06B08B1FFF751F92046FFF7FD
:105660008AFECFE7704708B50346806B1B681B684E
:1056700013F4807F1AD10023C384026802F114035B
:1056800053E8003F23F08003143242E80031002940
:10569000F3D1026802F10C0353E8003F43F04003EA
:1056A0000C3242E800310029F3D108BDFFF7DAFFE0
:1056B000FBE7704708B5806BFFF7FBFF08BD70473D
:1056C0007047704710B5846B23685A6994F83D3071
:1056D000DBB2212B10D023685A6902F0400294F803
:1056E0003E30DBB2222B11D0236C43F01003236435
:1056F0002046FFF7E6FF10BD02F08002002AEAD044
:105700000023E3842046FFF726FEE4E7002AEBD0DF
:105710000023E3852046FFF72EFEE5E7704708B536
:10572000806B036B012B02D0FFF7CAFF08BD818D90
:105730004908FFF7F3FFF9E708B50346806B1B68DC
:105740001B6813F4807F2BD10023C385026802F10C
:105750000C0353E8003F23F480730C3242E800311D
:105760000029F3D1026802F1140353E8003F23F04B
:105770000103143242E800310029F3D1026802F13A
:10578000140353E8003F23F04003143242E8003191
:105790000029F3D1202380F83E30036B012B05D084
:1057A000036B012B0FD0FFF78AFF08BD026802F1DF
:1057B0000C0353E8003F23F010030C3242E80031A1
:1057C0000029F3D1ECE7818DFFF7A8FFEDE700009A
:1057D00030B583B004461346816282850025056496
:1057E000222280F83E20826B2048D063A26B2048A2
:1057F0001064A26B1F48D064A26B156520680A462E
:10580000011DA06BFFF746F8019523681A68019205
:105810005B680193019B84F83C5023695BB122686B
:1058200002F10C0353E8003F43F480730C3242E86A
:1058300000310029F3D1226802F1140353E8003F3C
:1058400043F00103143242E800310029F3D1226809
:1058500002F1140353E8003F43F04003143242E8DE
:1058600000310029F3D1002003B030BD39570008C2
:105870001F570008C556000808B590F83E30DBB247
:10588000202B0DD171B17AB190F83C30012B0DD0A5
:10589000012380F83C3000230363FFF799FF00E009
:1058A000022008BD0120FCE70120FAE70220F8E70A
:1058B000034AD2F8883043F47003C2F88830704746
:1058C00000ED00E000F1080343604FF0FF3282601A
:1058D000C3600361002303607047002303617047C6
:1058E00043684B609A688A605160996008610368F8
:1058F00001330360704730B40D68B5F1FF3F11D03C
:1059000000F108031C465B681A68AA42FAD963686A
:105910004B6099608C6061600861036801330360CB
:1059200030BC70470469F2E70369416882688A60A5
:10593000416851605A68824206D0002202611A68AA
:10594000013A1A601868704782685A60F5E710B526
:10595000044601F0EFFBA26BE36B9A4204D00024F3
:1059600001F00AFC204610BD0124F9E710B50446F9
:1059700001F0E0FBA36B23B9012401F0FDFB2046FD
:1059800010BD0024F9E770B504461546866B026C1D
:105990005AB903681BB100200136A66370BD806848
:1059A00000F0F0FF0023A360F6E76DB94068FAF756
:1059B00085FC226C636813446360A268934219D328
:1059C000236863602846E7E7C068FAF777FC226C33
:1059D0005142E3689B1AE3602268934202D2A368B3
:1059E0000B44E360022D01D00020D5E726B1013E33
:1059F0000020D1E72846CFE70020CDE70346026C20
:105A00006AB110B50846D9681144D9609C68A142B2
:105A100001D31968D960D968FAF750FC10BD7047F6
:105A200038B5054601F086FB95F8454064B201E0C3
:105A3000013C64B2002C0ADD6B6A43B105F124001D
:105A400000F0DAFE0028F3D000F086FFF0E7FF2335
:105A500085F8453001F090FB01F06CFB95F844406F
:105A600064B201E0013C64B2002C0ADD2B6943B151
:105A700005F1100000F0C0FE0028F3D000F06CFF2C
:105A8000F0E7FF2385F8443001F076FB38BD38B5E8
:105A9000E0B10D46044601F04DFB2368E26B216C3A
:105AA00001FB0230A0600020A0636360013A02FBAA
:105AB0000133E360FF2384F8443084F84530FDB9B6
:105AC000236963B901F058FB012038BD4FF0500342
:105AD00083F31188BFF36F8FBFF34F8FFEE704F19D
:105AE000100000F089FE0028ECD04FF0E0234FF0CA
:105AF0008052C3F8042DBFF34F8FBFF36F8FE1E7E0
:105B000004F11000FFF7DEFE04F12400FFF7DAFED7
:105B1000D8E738B51D46049C0B4649B92460E063BC
:105B2000236401212046FFF7B2FF84F84C5038BDB2
:105B30002260F4E740B94FF0500383F31188BFF3BC
:105B40006F8FBFF34F8FFEE710B584B01C468446BD
:105B500053B192B189B94FF0500383F31188BFF369
:105B60006F8FBFF34F8FFEE74FF0500383F3118821
:105B7000BFF36F8FBFF34F8FFEE76AB150230393DC
:105B8000039B502B13D04FF0500383F31188BFF3C6
:105B90006F8FBFF34F8FFEE70029EFD04FF0500318
:105BA00083F31188BFF36F8FBFF34F8FFEE7039B23
:105BB000012384F8463000949DF818306046FFF7C2
:105BC000A8FF204604B010BDF0B585B0019288B1A1
:105BD0000F461D460446B1B1022D20D1E36B012BC7
:105BE0001DD04FF0500383F31188BFF36F8FBFF3C5
:105BF0004F8FFEE74FF0500383F31188BFF36F8F91
:105C0000BFF34F8FFEE7036C002BE5D04FF050033E
:105C100083F31188BFF36F8FBFF34F8FFEE700F060
:105C2000A1FE064658B9019B002B48D04FF0500307
:105C300083F31188BFF36F8FBFF34F8FFEE700260A
:105C40003DE02A4639462046FFF79DFE636A7BB950
:105C500048B14FF0E0234FF08052C3F8042DBFF35A
:105C60004F8FBFF36F8F01F087FA012005B0F0BDB1
:105C700004F1240000F0C0FD0028F4D04FF0E02330
:105C80004FF08052C3F8042DBFF34F8FBFF36F8FD7
:105C9000E9E701F071FA0020E8E702A800F00EFE43
:105CA000012619E0002384F8443021E0002384F821
:105CB000453023E02046FFF7B3FE00F07DFC01F005
:105CC00039FAA26BE36B9A42BBD3022DB9D0019B88
:105CD000002BDED0002EE0D001F04EFA00F0D2FB17
:105CE00001F028FA94F8442052B2B2F1FF3FD9D023
:105CF00094F8452052B2B2F1FF3FD7D001F03CFA00
:105D000001A902A800F0E6FDD8B92046FFF71FFE62
:105D10000028CFD0019904F1100000F039FD204691
:105D2000FFF77EFE00F048FC0028C8D14FF0E023CA
:105D30004FF08052C3F8042DBFF34F8FBFF36F8F26
:105D4000BDE72046FFF76CFE00F036FC00208DE733
:105D50002DE9F84390B10F4616461C460546B1B1F1
:105D6000022C20D1EB6B012B1DD04FF0500383F39D
:105D70001188BFF36F8FBFF34F8FFEE74FF05003D3
:105D800083F31188BFF36F8FBFF34F8FFEE7036C70
:105D9000002BE5D04FF0500383F31188BFF36F8FD2
:105DA000BFF34F8FFEE701F0EBFAEFF311894FF0ED
:105DB000500383F31188BFF36F8FBFF34F8FAA6B2C
:105DC000EB6B9A4206D3022C04D0002089F3118891
:105DD000BDE8F88395F845804FFA88F8AB6B22460A
:105DE00039462846FFF7CFFDB8F1FF3F06D008F14E
:105DF00001035BB285F845300120E7E76B6A0BB918
:105E00000120E3E705F1240000F0F6FC18B126B10B
:105E100001203060DAE70120D8E70120D6E7F0B5AD
:105E200085B0019290B10F460446C1B100F09AFDD1
:105E3000064600BB019B002B5ED04FF0500383F35E
:105E40001188BFF36F8FBFF34F8FFEE74FF0500302
:105E500083F31188BFF36F8FBFF34F8FFEE7036C9F
:105E6000002BE3D04FF0500383F31188BFF36F8F03
:105E7000BFF34F8FFEE700263EE039462046FFF78E
:105E8000BDFD013DA563236923B901F075F901202A
:105E900005B0F0BD04F1100000F0AEFC0028F4D015
:105EA0004FF0E0234FF08052C3F8042DBFF34F8F23
:105EB000BFF36F8FE9E701F05FF90020E8E702A880
:105EC00000F0FCFC012621E0002384F8443029E0A6
:105ED000002384F845302BE02046FFF7A1FD00F0B9
:105EE0006BFB09E02046FFF79BFD00F065FB2046B9
:105EF000FFF73CFD00283FD101F01CF9A56B002DF8
:105F0000BBD1019B002BD6D0002ED8D001F034F9A4
:105F100000F0B8FA01F00EF994F844305BB2B3F136
:105F2000FF3FD1D094F845305BB2B3F1FF3FCFD003
:105F300001F022F901A902A800F0CCFC0028D1D17F
:105F40002046FFF713FD0028C6D0019904F1240074
:105F500000F01EFC2046FFF763FD00F02DFB00283B
:105F6000CAD14FF0E0234FF08052C3F8042DBFF3A5
:105F70004F8FBFF36F8FBFE7002089E70023072B08
:105F80000CD8074A52F833200AB10133F7E7044A24
:105F900042F8331002EBC30358607047704700BFEC
:105FA0003435002070B504460D46164601F0C2F89F
:105FB00094F844305BB2B3F1FF3F0DD094F8453014
:105FC0005BB2B3F1FF3F0BD001F0D6F8A36B5BB12E
:105FD0002046FFF725FD70BD002384F84430EDE72F
:105FE000002384F84530EFE73246294604F12400C7
:105FF00000F0E6FBECE70000084B1B681B6823B9C8
:10600000074B4FF0FF321A607047044B1B68DB6888
:10601000DB685A68024B1A60704700BF7835002071
:10602000203A00202DE9F04780460D461746994654
:10603000089EDDF824A00A9C9200A521206BFAF7A7
:10604000D7F9236B07F18042013A03EB820727F06F
:106050000707B5B34FF0000CBCF10F0F0BD815F8C4
:106060000C2004EB0C0383F8342015F80C3013B12A
:106070000CF1010CF0E7002384F84330372E00D9EF
:106080003726E662E66400252565201DFFF725FC1E
:1060900004F11800FFF721FC2461C6F13806A6615F
:1060A0006462656584F858504A464146384601F0B6
:1060B00013F82060BAF1000F01D0CAF80040BDE823
:1060C000F087002384F83430D8E7000038B5002486
:1060D00007E004EB840293000E481844FFF7F2FB3C
:1060E0000134372CF5D90C4D2846FFF7EBFB0B4C50
:1060F0002046FFF7E7FB0A48FFF7E4FB0948FFF7F4
:10610000E1FB0948FFF7DEFB084B1D60084B1C60F4
:1061100038BD00BF80350020F4390020083A002047
:106120002C3A0020583A0020443A002078350020CC
:106130007C35002010B5044600F0FCFF224A1368AD
:1061400001331360214B1B685BB1214B1B686BB99A
:106150001E4B1B68DA6AE36A9A4207D81B4B1C6025
:1061600004E01A4B1C601368012B29D0194A1368EC
:10617000013313606364E06A174B1B68984201D9CE
:10618000154B186000EB8000211D144B03EB8000C1
:10619000FFF7A6FB00F0F0FF0D4B1B687BB10B4B2C
:1061A0001B68DA6AE36A9A4209D24FF0E0234FF0A3
:1061B0008052C3F8042DBFF34F8FBFF36F8F10BD14
:1061C000FFF784FFD2E700BFE039002074350020DC
:1061D000403A0020EC390020F039002080350020C2
:1061E00010B5044690F8593063B1012B11D0022B41
:1061F0000ED04FF0500383F31188BFF36F8FBFF3BE
:106200004F8FFEE7006B00F01DFF204600F01AFFE5
:1062100010BD00F017FFFBE70F4B1B68D3B110B5A3
:1062200000F088FF0D4BDB68DC68201DFFF77CFB6E
:106230000B4A1368013B1360074A1368013B136064
:1062400000F09AFF2046FFF7CBFF034B1B68002BA3
:10625000E6D110BD704700BFE4390020583A002055
:10626000E039002008B5FFF7D7FF074B1B68012B6B
:10627000F9D94FF0E0234FF08052C3F8042DBFF35B
:106280004F8FBFF36F8FEEE78035002070B5044667
:106290000D46174B1E68174B18680430FFF744FB78
:1062A000B4F1FF3F0DD03444124B1B685C60A64232
:1062B00010D9114B18680F4B19680431FFF71BFBFD
:1062C00070BD002DEFD00B4B196804310B48FFF760
:1062D00007FBF5E70A4B1868064B19680431FFF70E
:1062E0000AFB084B1B68A342EAD9064B1C60E7E790
:1062F0006C3A0020743500207C350020443A0020A0
:1063000078350020203A002030B587B00B9C7CB156
:106310000C9DB5B15C250495049D5C2D1AD04FF001
:10632000500383F31188BFF36F8FBFF34F8FFEE7E6
:106330004FF0500383F31188BFF36F8FBFF34F8F7C
:10634000FEE74FF0500383F31188BFF36F8FBFF365
:106350004F8FFEE7049D0C9D2C63022485F8594065
:1063600000240394029505AC01940A9C0094FFF765
:1063700059FE0C98FFF7DEFE059807B030BD2DE9F9
:10638000F04385B00746884614461E46900000F04C
:1063900029FE00B381465C2000F024FE0546B0B122
:1063A000C0F83090E5B1002385F859300393029589
:1063B0000D9B01930C9B0093334622464146384681
:1063C000FFF730FE2846FFF7B5FE012005E04846FE
:1063D00000F038FEE6E74FF0FF3005B0BDE8F0838F
:1063E0004FF0FF30F9E7000010B588B000240594A5
:1063F000069407AA06A905A800F0DCFD059B0293F8
:10640000069B019300942346079A18491848FFF702
:106410007BFF184B186040B100F068FB012806D0E4
:10642000B0F1FF3F18D008B010BD0020F6E74FF0E4
:10643000500383F31188BFF36F8FBFF34F8F0E4B61
:106440004FF0FF321A600D4B01221A600C4B0022F4
:106450001A6000F009FFE6E74FF0500383F311885C
:10646000BFF36F8FBFF34F8FFEE700BF481E0108D9
:10647000656200081C3A0020203A0020403A0020C3
:106480006C3A0020024A136801331360704700BF62
:10649000E8390020014B1868704700BF6C3A0020B3
:1064A000F8B53A4B1B68002B69D1394B1D68013593
:1064B0001D60C5B9374B1B681B6843B14FF05003D3
:1064C00083F31188BFF36F8FBFF34F8FFEE7314A1D
:1064D0001168314B186810601960304A1368013335
:1064E0001360FFF789FD2E4B1B68AB423DD9002797
:1064F0002C4B1B68DB6A03EB83039A002A4B9B58E7
:10650000012B00D90127294B1B68002B3CD0012708
:106510003AE001271F4B1B681B6843B31D4B1B68E8
:10652000DB68DC6863689D4226D3261D3046FFF792
:10653000FBF9A36A1BB104F11800FFF7F5F9E36A50
:106540001B4A1268934201D9194A136003EB830373
:106550009A00314614481044FFF7C2F9E26A114B21
:106560001B68DB6A9A42D4D2D4E70027D2E70C4BEF
:106570004FF0FF321A60BBE7094A1360B8E70D4AD3
:1065800013680133136000273846F8BDE83900204E
:106590006C3A0020783500207C350020243A002019
:1065A000203A00207435002080350020703A002009
:1065B000F0390020283A002038B5354B1B6843B924
:1065C0004FF0500383F31188BFF36F8FBFF34F8FEA
:1065D000FEE700F0AFFD2E4B1A68013A1A601B6807
:1065E000002B4FD12B4B1B680BB900244BE0002430
:1065F000294B1B681BB3284BDB68DC6804F11800CF
:10660000FFF792F9251D2846FFF78EF9E06A234B24
:106610001B68984201D9214B186000EB8000294685
:106620001F4B03EB8000FFF75BF9E26A1D4B1B6811
:10663000DB6A9A42DCD31C4B01221A60D8E70CB10A
:10664000FFF7DAFC194B1C6884B9174B1C68D4B1EE
:106650004FF0E0234FF08052C3F8042DBFF34F8F6B
:10666000BFF36F8F01240EE0013C07D0FFF718FF46
:106670000028F9D00C4B01221A60F5E70B4B0022E1
:106680001A60E2E7002400F077FD204638BD00BF25
:10669000E8390020E03900202C3A0020F0390020B1
:1066A0008035002074350020703A0020283A002000
:1066B00010B5A8B10446104B1B6843B14FF050030E
:1066C00083F31188BFF36F8FBFF34F8FFEE7FFF7A0
:1066D000D9FE00212046FFF7D9FDFFF76DFF48B92D
:1066E0004FF0E0234FF08052C3F8042DBFF34F8FDB
:1066F000BFF36F8F10BD00BFE83900201F4B1B6830
:106700001BB11F4B01221A6070471D4B00221A60FB
:106710001C4B1B6803EB83018A001B498A585AB93A
:106720000BB1013BF6E74FF0500383F31188BFF341
:106730006F8FBFF34F8FFEE703EB830082000A44A5
:1067400050684068506003EB830C4FEA8C020832BB
:10675000114488420BD003EB830291000A4A0A4499
:106760005268D168094A1160064A13607047406850
:1067700062469100044A0A445060ECE7E839002080
:10678000703A0020F0390020803500207435002058
:1067900058B110B50C46094A11681831FFF7ABF82B
:1067A00001212046FFF772FD10BD4FF0500383F327
:1067B0001188BFF36F8FBFF34F8FFEE77435002052
:1067C00038B570B10D4614460A4A11681831FFF702
:1067D00087F80CB14FF0FF3521462846FFF756FDEC
:1067E00038BD4FF0500383F31188BFF36F8FBFF3B1
:1067F0004F8FFEE77435002038B5C368DC6824B3DA
:1068000004F118052846FFF78FF8184B1B682BBBBF
:10681000251D2846FFF788F8E06A154B1B6898424B
:1068200001D9134B186000EB80002946114B03EB94
:106830008000FFF755F8E26A0F4B1B68DB6A9A424B
:1068400011D901200D4B186038BD4FF0500383F370
:106850001188BFF36F8FBFF34F8FFEE729460848BB
:10686000FFF73EF8E7E70020EEE700BFE839002039
:10687000F03900208035002074350020703A002067
:106880002C3A002060B110B5044600F053FC094BCF
:106890001B682360084B1B68636000F06DFC10BD33
:1068A0004FF0500383F31188BFF36F8FBFF34F8F07
:1068B000FEE700BF243A00206C3A0020034B1B681F
:1068C0000360034B1B684360704700BF243A0020FD
:1068D0006C3A0020F8B5C8B10C460546F9B100F095
:1068E00029FC1B4B19686B68C81A2268B2F1FF3F7C
:1068F00026D0184E36682F68B74201D08B4224D973
:10690000824215D80023236001241AE04FF050037F
:1069100083F31188BFF36F8FBFF34F8FFEE74FF004
:10692000500383F31188BFF36F8FBFF34F8FFEE7E0
:106930005B1A134423602846FFF7C0FF002400E0E1
:10694000002400F019FC2046F8BD0124F9E700BF3F
:106950006C3A0020243A0020014B01221A60704753
:10696000703A0020054B1B6833B1054B1B680BB117
:10697000002070470220704701207047403A0020F5
:10698000E839002000283BD038B504461E4B1B6870
:10699000834208D04FF0500383F31188BFF36F8F09
:1069A000BFF34F8FFEE7036D43B94FF0500383F3FE
:1069B0001188BFF36F8FBFF34F8FFEE7013B036575
:1069C000C16AC26C91421DD00BB1002038BD051DBB
:1069D0002846FEF7A9FFE06CE062C0F13803A3612E
:1069E0000A4B1B68984201D9084B186000EB8000E5
:1069F0002946074B03EB8000FEF772FF0120E5E715
:106A0000002070470020E1E774350020F0390020B5
:106A100080350020064B1A6813682BB901230360E8
:106A200023B9D368186870470023F8E7002070473F
:106A3000743A002008B54160006191420CD8D21A26
:106A400083699A4201D3012008BD011D094B1868D2
:106A5000FEF751FF0020F7E79A4201D2994206D291
:106A6000011D054B1868FEF746FF0020ECE70120EA
:106A7000EAE700BF783A0020743A002030B583B0CE
:106A800000F058FB114B1B681BB100F075FB03B005
:106A900030BD0F4D2846FEF715FF0E4C2046FEF781
:106AA00011FF0D4B1D600D4B1C60002300930C4B20
:106AB0000C4A10210A20FFF73DF8044B186000280B
:106AC000E3D00949FFF75AFADFE700BF983B0020FF
:106AD0001C3B0020303B0020743A0020783A002014
:106AE000483B00207C3A0020501E010810B588B0B9
:106AF000FFF7C4FF124B1B68CBB10024059406942A
:106B000007AA06A905A800F061FA059B0293069B57
:106B10000193022300932346079A0A490A48FFF784
:106B2000F3FB0A4B186010B1012008B010BD4FF004
:106B3000500383F31188BFF36F8FBFF34F8FFEE7CE
:106B4000983B0020581E0108516E00089C3B002015
:106B5000B8B19C4603461848006858B300B585B0E4
:106B600000910192029305291CDCFFF7FBFE02282D
:106B700010D000231A4669460F480068FFF724F832
:106B800015E04FF0500383F31188BFF36F8FBFF30D
:106B90004F8FFEE70023069A694607480068FFF713
:106BA00013F804E0002362466946FFF7D1F805B008
:106BB0005DF804FB00207047983B002070B582B060
:106BC0001B4B1B681A6862B3DB681E68DC68251DF6
:106BD0002846FEF7A9FE236A2046984794F82830F5
:106BE00013F0040FECD0A36933449E4207D26360D4
:106BF000246129460E4B1868FEF77DFEE0E7002170
:106C000000910B4632462046FFF7A2FF0028D7D15D
:106C10004FF0500383F31188BFF36F8FBFF34F8F93
:106C2000FEE7044A106802490860136002B070BDB4
:106C3000743A0020783A002038B50546FFF72AFC60
:106C40000446074B1B68834205D800232B60044B86
:106C50001C60204638BDFFF7B1FF01232B60F6E72B
:106C6000443B002070B582B006460D4617490968BE
:106C7000C968CC68201DFEF757FE94F828C01CF0A8
:106C8000040F08D12CF0010C84F828C0236A204698
:106C9000984702B070BDA16933462A463144204668
:106CA000FFF7C8FE0028F1D0002100910B463246C4
:106CB0002046FFF74DFF0028E8D14FF0500383F343
:106CC0001188BFF36F8FBFF34F8FFEE7743A002038
:106CD00070B582B006460C46FFF7D4FB01A8FFF75B
:106CE000ABFF019B33BB05460CB9B04219D224B1AE
:106CF000124A12681268DAB901242246711B104B3D
:106D00001868FFF74FF9FFF757FCA8B94FF0E023D9
:106D10004FF08052C3F8042DBFF34F8FBFF36F8F36
:106D20000AE0FFF749FC29463046FFF79BFF03E0E6
:106D30001C46E2E7FFF740FC02B070BD783A002045
:106D4000983B002010B588B002E0049B002B0FDABE
:106D5000002204A93D4B1868FFF761F8002873D0A2
:106D6000049B002BF1DA07990698059B9847ECE7FE
:106D7000069C636913B1201DFEF7D6FD03A8FFF73B
:106D80005BFF049B092BE3D8DFE803F00505053022
:106D900037500505303794F8283043F0010384F864
:106DA0002830059BA169024619442046FFF742FEA0
:106DB0000028CDD0236A2046984794F8283013F055
:106DC000040FC5D0A269002100910B46059802442A
:106DD0002046FFF7BDFE0028BAD14FF0500383F3E1
:106DE0001188BFF36F8FBFF34F8FFEE794F8283001
:106DF00023F0010384F82830AAE794F8283043F000
:106E0000010384F828300599A16131B10346024697
:106E100001442046FFF70EFE9AE74FF0500383F33C
:106E20001188BFF36F8FBFF34F8FFEE794F82830C0
:106E300013F0020F04D023F0010384F8283087E711
:106E4000204600F0FFF883E708B010BD983B002013
:106E500000B583B001A8FFF7DDFD0199FFF738FF0A
:106E6000FFF770FFF6E708B54FF0E0231B69FFF767
:106E700079FD012800D108BD00F0CCF9FBE7000046
:106E8000EFF305832BB9064B186828B901221A6065
:106E900070476FF0050070474FF0FF30704700BF3C
:106EA000FC3D0020EFF3058373B90A4B1B68012BEF
:106EB0000DD110B50024084BDC77064B02221A6076
:106EC000FFF792FA204610BD6FF0050070474FF0B3
:106ED000FF307047FC3D002000ED00E0F0B587B0CA
:106EE00000240594EFF3058474BB68B322B31568DE
:106EF000936903B918235C1E372C49D8546814F0E1
:106F0000010F47D156696EB14FEA960C94682CB1C7
:106F1000D7685B2F02D9176907B1C6B92CB14FF0FA
:106F2000FF340EE04FF0800CF0E7D4688CB91469A0
:106F300094B14FF0FF3404E01546002418234FF0BD
:106F4000800C012C0AD0ACB1059807B0F0BD01242B
:106F5000F7E74FF0FF34F4E70024F2E71469926892
:106F60000292019400930B4662462946FFF7CCF942
:106F70000590E9E705AA019200930B461FFA8CF2EF
:106F80002946FFF7FCF90128DED000230593DBE753
:106F90000020DAE70020D8E708B5EFF3058333B91E
:106FA00008B9002008BDFFF783FB0020FAE76FF067
:106FB0000500F7E7034B0360034B0B60802313606E
:106FC000704700BFA03D0020A03B0020034B0360A2
:106FD000034B0B604FF48073136070470042002036
:106FE000003E002038B5044610F0070F02D020F014
:106FF00007040834FFF746FA0F4B1B688BB10F4BA1
:107000001B681C4443F6F732944210D8A34210D2B6
:10701000094A15681D44094B1C60FFF7CDFA284644
:1070200038BD074B23F00703034A1360E7E7002549
:10703000F3E70025F1E700BF5C420020607E0020FE
:107040006842002040B14FF0500383F31188BFF332
:107050006F8FBFF34F8FFEE77047000082B00023B1
:1070600001930D4B1B68B3F1FF3F08D04FF0500365
:1070700083F31188BFF36F8FBFF34F8FFEE74FF09D
:10708000500383F31188BFF36F8FBFF34F8F019BC2
:10709000002BFCD002B07047700000200848006848
:1070A000006880F308884FF0000080F3148862B60F
:1070B00061B6BFF34F8FBFF36F8F00DF00BF0000DB
:1070C00008ED00E0DFF80C00016841F47001016098
:1070D0007047000088ED00E04FF0807340F8043CFA
:1070E00021F0010140F8081C054B40F80C3C40F829
:1070F000202C6FF0020340F8243C4438704700BF56
:107100005D700008000000000000000000000000AA
:10711000074B19680868B0E8F04F80F30988BFF39F
:107120006F8F4FF0000080F311887047AFF300803D
:10713000743500204FF0500383F31188BFF36F8F35
:10714000BFF34F8F0B4A136801331360012B00D03C
:1071500070474FF0E023D3F8043D13F0FF0FF7D052
:107160004FF0500383F31188BFF36F8FBFF34F8F3E
:10717000FEE700BF70000020094B1B6843B94FF0C9
:10718000500383F31188BFF36F8FBFF34F8FFEE778
:10719000013B034A13600BB983F31188704700BFAA
:1071A000700000200000000000000000000000004F
:1071B000EFF30980BFF36F8F154B1A681EF0100FA5
:1071C00008BF20ED108A20E9F04F10602DE909007A
:1071D0004FF0500080F31188BFF34F8FBFF36F8FD4
:1071E000FFF78CFA4FF0000080F3118809BC196892
:1071F0000868B0E8F04F1EF0100F08BFB0EC108A1E
:1072000080F30988BFF36F8F704700BFAFF3008032
:107210007435002008B54FF0500383F31188BFF395
:107220006F8FBFF34F8FFFF73BF928B14FF0E0238B
:107230004FF08052C3F8042D002383F3118808BD5A
:107240004FF0E022002313619361054B1B68054951
:10725000A1FB03139B09013B536107231361704793
:107260006C000020D34D62104FF0E023D3F8002DC6
:107270003D4B9A421CD04FF0E023D3F8002D3B4BFE
:107280009A421ED030B583B0394B1A78D2B20192EF
:10729000FF221A701B78DBB28DF803309DF80330A3
:1072A00003F05003334A1370334B07221A601BE07C
:1072B0004FF0500383F31188BFF36F8FBFF34F8FED
:1072C000FEE74FF0500383F31188BFF36F8FBFF3D6
:1072D0004F8FFEE7284A1368013B13609DF8033087
:1072E0005B00DBB28DF803309DF8033013F0800FA4
:1072F000F0D1214B1B68032B08D04FF0500383F3D0
:107300001188BFF36F8FBFF34F8FFEE71B021A4A3E
:10731000136003F4E0631360019BDBB2144A137043
:107320004FF0E024D4F8203D43F47003C4F8203D2E
:10733000D4F8203D43F07043C4F8203DFFF780FFB0
:1073400000250E4B1D60FFF7BDFED4F8343F43F01F
:107350004043C4F8343FFFF7A1FEFFF7CFF9FFF732
:107360007DFE284603B030BD71C20F4170C20F418F
:1073700000E400E0647E0020687E002070000020B1
:10738000EFF305830F2B0FD9114A9B5CDBB2114A37
:1073900012789A4208D94FF0500383F31188BFF353
:1073A0006F8FBFF34F8FFEE74FF0E023D3F80C3D14
:1073B00003F4E063084A1268934208D94FF050037F
:1073C00083F31188BFF36F8FBFF34F8FFEE77047D2
:1073D000F0E300E0647E0020687E002000B585B008
:1073E000002300930193029303931448144A02600C
:1073F000436083600361037680F82030C362114AE2
:107400008262C3600122C26180F83030426100F0C4
:1074100045FB60B900230093012201920293694663
:10742000064800F067FB28B905B05DF804FBFCF7DF
:107430001BF9EFE7FCF718F9F6E700BF6C7E0020B8
:10744000002001400100000F00B589B00023039324
:107450000493059306930793026803F1804303F5B1
:1074600090339A4202D009B05DF804FB00210191EB
:1074700003F58C335A6C42F480725A645A6C02F4ED
:1074800080720192019A02911A6B42F001021A6312
:107490001B6B03F001030293029B0F23039303234F
:1074A000049303A90148FDF71DF8DCE70000024042
:1074B00008B50B480B4B0360102343600023836027
:1074C000C36003614361037643768376C3760377B3
:1074D000437700F0DBFB00B908BDFCF7C5F8FBE71C
:1074E000B47E00200064004000B589B000230393FF
:1074F00004930593069307930268144B9A4202D0B3
:1075000009B05DF804FB0021019103F5EA331A6C20
:1075100042F000721A641A6C02F000720192019A31
:1075200002911A6B42F008021A631B6B03F0080306
:107530000293029B032303930222049206930923DE
:10754000079303A90248FCF7CDFFD9E70064004088
:10755000000C024008B50B480B4B03600B4B43601B
:1075600000238360C3604FF4804202614361836102
:10757000C361036200F030FC00B908BDFCF774F889
:10758000FBE700BFDC7E002000540040A086010025
:1075900030B589B0002303930493059306930793B2
:1075A0000268144B9A4201D009B030BD0025019504
:1075B000114C236B43F002032363236B03F002039C
:1075C0000193019B4FF4107303931223049303233D
:1075D00006930423079303A90848FCF783FF029549
:1075E000236C43F400132364236C03F4001302930D
:1075F000029BD9E7005400400038024000040240DA
:1076000008B50D480D4B03604FF4827343600023AF
:107610008360C360036143614FF400728261C361A0
:107620000362436283620A23C36200F0B3FC00B9C1
:1076300008BDFCF719F8FBE7307F0020003001405F
:1076400000B589B000230393049305930693079331
:107650000268154B9A4202D009B05DF804FB002184
:10766000019103F584335A6C42F480525A645A6C87
:1076700002F480520192019A02911A6B42F00102C7
:107680001A631B6B03F001030293029BE023039335
:1076900002230493032306930523079303A90348B6
:1076A000FCF720FFD8E700BF003001400000024097
:1076B00082B00368104A934204D0B3F1804F0ED0D9
:1076C00002B07047002300930C4B5A6C42F0010249
:1076D0005A645B6C03F001030093009BF0E7002306
:1076E0000193064B1A6C42F001021A641B6C03F002
:1076F00001030193019BE3E70000014000380240D1
:1077000070B588B000230393049305930693079301
:107710000368274A934204D0B3F1804F19D008B0D0
:1077200070BD00230093234B1A6B42F010021A63C2
:107730001B6B03F010030093009B4FF4D44303939F
:10774000022304930123079303A91B48FCF7CAFEF5
:10775000E5E70024019403F50E331A6B42F00202B0
:107760001A631A6B02F002020192019A02941A6BD8
:1077700042F001021A631B6B03F001030293029BA8
:1077800040F608430393022604960125079503A9B2
:107790000A48FCF7A7FE4FF40043039304960594B0
:1077A0000694079503A90648FCF79CFEB7E700BFBF
:1077B0000000014000380240001002400004024076
:1077C0000000024010B592B0002410941194099466
:1077D0000A940B940C940D940E940F94202221463D
:1077E00001A8F8F705FE3048304B03604460846020
:1077F0004FF6FF73C360046144618461FDF768FC68
:1078000000283CD100231093119310A92648FDF7BE
:1078100031FD002836D16023099300220A920B9291
:107820000C920D920E920F9209A91F48FDF7B4FC1D
:1078300058BB042209A91C48FDF7AEFC40BB082236
:1078400009A91948FDF7A8FC28BB0C2209A916486C
:10785000FDF7A2FC10BB0023019302930393049352
:1078600005934FF400520692089301A90E48FDF7C4
:1078700047FDB0B90C48FFF743FF12B010BDFBF74E
:10788000F3FEBFE7FBF7F0FEC5E7FBF7EDFED0E741
:10789000FBF7EAFED3E7FBF7E7FED6E7FBF7E4FEEC
:1078A000D9E7FBF7E1FEE5E7887F00200000014013
:1078B00000B58BB0002308930993019302930393BF
:1078C000049305930693079325484FF08042026086
:1078D000436083604FF0FF32C26003618361FDF754
:1078E000F7FB58BB00230893099308A91C48FDF730
:1078F000C1FC30BB602301930022029203920592E7
:1079000001A91748FDF748FCF0B904220DEB02016C
:107910001348FDF741FCD0B9082201A91048FDF732
:107920003BFCB8B90C2201A90D48FDF735FCA0B904
:107930000B48FFF7E5FE0BB05DF804FBFBF794FE88
:10794000D0E7FBF791FED5E7FBF78EFEDDE7FBF70F
:107950008BFEE1E7FBF788FEE4E7FBF785FEE7E750
:10796000D07F0020704700004A4B5A6822F4403212
:107970005A605A6841680A435A600268536823F49F
:107980008073536002685368016943EA01235360BE
:107990000268536823F0407353600268536881683B
:1079A0000B4353600268936823F40063936002689A
:1079B0009368C1680B439360826A374B9A4257D0F1
:1079C0000268936823F07063936002689368816A29
:1079D0000B4393600268936823F0405393600268FE
:1079E0009368C16A0B4393600268936823F00203B3
:1079F000936002689368017E43EA4103936090F8C4
:107A00002030002B3FD00268536843F4006353607A
:107A10000268536823F46043536001684B68426A0C
:107A2000013A43EA42334B600268D36A23F470039D
:107A3000D3620168CB6AC269013A43EA0253CB625E
:107A40000268936823F4007393600268936890F867
:107A5000301043EA412393600268936823F4806303
:107A6000936002689368416943EA81239360704799
:107A70000268936823F0706393600268936823F050
:107A800040539360B0E70268536823F40063536087
:107A9000CAE700BF002301400100000F38B310B552
:107AA0000446036C43B1236C13F0100F0BD001207C
:107AB000002384F83C3010BDFFF7C6FC002363644C
:107AC00084F83C30EFE7236C23F4885323F002035F
:107AD00043F0020323642046FFF746FF0020606462
:107AE000236C23F0030343F001032364E0E7012048
:107AF0007047000030B482B00023019390F83C300E
:107B0000012B00F0BB80012380F83C300B68092B6F
:107B100041D90468E2689BB203EB43031E3B4FF07C
:107B2000070C0CFA03F322EA0303E3600468E2683B
:107B30000B8803EB43031E3B8D6805FA03F31343E5
:107B4000E3604B68062B3DD80468626B03EB83034C
:107B5000053B4FF01F0C0CFA03F322EA03036363A7
:107B60000468626B4B6803EB8303053BB1F800C00C
:107B70000CFA03F3134363630268414B9A4251D0FA
:107B800002683F4B9A4256D0002380F83C3018469A
:107B900002B030BC7047046822699BB203EB430318
:107BA0004FF0070C0CFA03F322EA03032361046885
:107BB00022690B8803EB43038D6805FA03F3134333
:107BC0002361BEE70C2B16D805682A6B03EB8303F1
:107BD000233B1F2404FA03F322EA03032B63056803
:107BE0002A6B4B6803EB8303233B0C8804FA03F3F3
:107BF00013432B63C0E70568EA6A03EB8303413B49
:107C00001F2404FA03F322EA0303EB620568EA6A1D
:107C10004B6803EB8303413B0C8804FA03F31343E3
:107C2000EB62A9E70B68122BAAD1164A536843F4FA
:107C300080035360A4E70B68103B012BA4D8114AC2
:107C4000536843F4000353600B68102B9CD10E4B18
:107C50001B6802F1467202F52E3202F28332A2FB59
:107C600003239B0C03EB83035B00019302E0019B66
:107C7000013B0193019B002BF9D185E7022087E7A7
:107C800000200140002301406C000020002800F08B
:107C9000A18038B5044690F82030D3B1226813682B
:107CA00043F001031360FCF7E1FF054623685A68BF
:107CB00012F0010F10D1FCF7D9FF401B0A28F5D9AB
:107CC000636A43F400336362052384F820300120A3
:107CD00038BDFFF709FCE1E71A6822F002021A60DA
:107CE000FCF7C4FF054623685A6812F0020F0DD056
:107CF000FCF7BCFF401B0A28F5D9636A43F4003344
:107D00006362052384F820300120E1E7227E012A06
:107D10003DD01A6822F080021A60637E012B3BD0AE
:107D20002268136823F040031360A37E012B39D02F
:107D30002268136823F020031360E37E012B37D001
:107D40002268136843F010031360237F012B35D0A2
:107D50002268136823F008031360637F012B33D07C
:107D60002268136823F004031360A368E2681343D6
:107D700022691343626913436268013A216813431D
:107D8000CB6100206062012384F82030A0E71A68EC
:107D900042F080021A60C0E72268136843F0400393
:107DA0001360C2E72268136843F020031360C4E73E
:107DB0002268136823F010031360C6E72268136873
:107DC00043F008031360C8E72268136843F0040314
:107DD0001360CAE701207047002800F0CC8070B51E
:107DE000044690F83D30002B77D0242384F83D30B2
:107DF0002268136823F0010313602268136843F4B8
:107E0000004313602268136823F400431360FCF7F7
:107E100047FA62685A4B9A4264D85A4B98428CBFD0
:107E200000230123002B40F0A8805749A1FB00311B
:107E30008B0C25686A6822F03F0242EA91426A6030
:107E400021680A6A22F03F0266684D4DAE424FD863
:107E5000013313430B622168CA6922F44F4222F0B6
:107E6000FF026668464B9E424CD8431E7600B3FB29
:107E7000F6F3013340F6FC70034278D0C3F30B03F2
:107E80001343CB6121680B6823F0C003E269206AC9
:107E9000024313430B6021688B6823F4034323F0F0
:107EA000FF032269E068024313438B602168CB68BB
:107EB00023F0FF036269A06902431343CB60226889
:107EC000136843F00103136000202064202384F82A
:107ED0003D30206384F83E0070BD80F83C30FFF7F1
:107EE00057FB82E7294B98428CBF0023012399E777
:107EF0004FF4967505FB03F3254DA5FB03539B0932
:107F00000133A6E7A368BBB9451E06EB460CB5FBDB
:107F1000FCF50135C5F30B05B5FA85F56D0945BBD3
:107F2000C3B9013806EB4603B0FBF3F30133C3F3E7
:107F30000B0343F40043A3E7451E06EB860C0CEB52
:107F40008C0CB5FBFCF50135C5F30B05B5FA85F5D1
:107F50006D09E4E7013806EB860303EB8303B0FB0E
:107F6000F3F30133C3F30B0343F4404388E70423E3
:107F700086E7012384E7012070470120ACE700BFBA
:107F8000A08601007F841E0083DE1B43FF083D00A6
:107F9000D34D621000285AD010B50446436A33B955
:107FA0004368B3F5827F05D00023C36102E000235C
:107FB000036143610023A36294F85130002B40D049
:107FC000022384F851302268136823F040031360C1
:107FD000636803F48273A26802F404421343E26804
:107FE00002F400621343226902F002021343626941
:107FF00002F001021343A26902F400721343E26922
:1080000002F038021343226A02F080021343A26A8C
:1080100002F40052216813430B60638B03F00403E6
:10802000626A02F01002216813434B602268D36930
:1080300023F40063D36100206065012384F851308C
:1080400010BD84F850302046FFF7FAFAB8E7012057
:108050007047000030B589B0044600230193214BDE
:108060001A6C42F480721A641B6C03F480730193DF
:10807000019B02A903A8FCF733F9069BCBB9FCF7D7
:108080000FF903461848A0FB03239B0C013B17483C
:10809000174A026040F2E732C26043600023036186
:1080A00083608361FCF7E8FF054630B1284609B0DC
:1080B00030BDFCF7F5F84300E4E70C48FCF772FE2E
:1080C00005460028F2D12D20FCF79CFD0F2C01D98C
:1080D0000125EBE7002221462D20FCF75BFD054B37
:1080E0001C60E3E70038024083DE1B431880002059
:1080F000002000406800002008B50C480C4B0360CD
:108100004FF40073436000238360C36003614FF446
:10811000FA5242618361C3610123036200F078F87F
:1081200000B908BDFBF7A0FAFBE700BF60800020A4
:1081300000380040F0B58DB00023079308930993F1
:108140000A930B93039304930593069302682B4BB6
:108150009A4201D00DB0F0BD01230393C0230493D4
:108160000223059303A8FCF7D9F8002843D1002483
:108170000094234B1A6C42F480421A641A6C02F485
:1081800080420092009A01941A6B42F004021A6332
:108190001A6B02F004020192019A02941A6B42F0E7
:1081A00002021A631B6B03F002030293029B042377
:1081B00007930225089509940A9406230B93114FFF
:1081C00007A93846FCF78EF9082307930895099408
:1081D0000A9405260B9607A93846FCF783F94FF455
:1081E00040530793089509940A940B9607A90648EB
:1081F000FCF778F9AEE7FBF737FAB8E7003800404C
:1082000000380240000802400004024070470000AD
:10821000002800F0BF8038B5044690F84130002BAC
:1082200051D0022284F841202168CB6923F47B637A
:1082300023F00F03CB6123681A626369934263D012
:10824000E368002B46D11025A368202B00D86D00D1
:108250000120FCF70DF92369B3F5007F3CD0B0FB9A
:10826000F5F000EB800043006069B3FBF0F30533E9
:10827000494AA2FB0323C3F3C002C2EBD3035B084A
:1082800011029A1EFD2A41D822690A43216813432C
:108290000B622168CB6923F47B6323F00F036268D0
:1082A000A0680243E0680243A0690243134343F419
:1082B0000063CB61236A012B2ED000206064012370
:1082C00084F8413038BD80F84030344B4363FFF7C9
:1082D00031FFA6E72025B7E7E36853B1AD00B0FB57
:1082E000F5F000EB800043006069B3FBF0F3053369
:1082F000BEE7ED00B0FBF5F000EB800043006069E5
:10830000B3FBF0F30533B3E70021BAE7636C43F046
:10831000100363640120D5E7214B63632268214B7E
:108320009A421FD04FF04022D36923F47B6323F09D
:108330000F03D36122681B4B9A4215D04FF04023A4
:1083400002221A622268174B9A4210D04FF0402541
:10835000EB699BB26268B2F5007F0AD0C2B94FF4F4
:10836000807008E0104ADFE7A3F58063E8E70E4D70
:10837000EEE74FF48070B4F808C0A189228B40EA80
:108380000C0001430A43134343F40063EB6194E799
:108390000020F0E701207047CDCCCCCC238400082E
:1083A000358600080038004000340040704708B5AA
:1083B000426A03681288DA60436A02334362438D7B
:1083C0009BB2013B9BB24385438D9BB203B108BD79
:1083D0000268536823F0A0035360012380F8413002
:1083E000FFF7E4FFF3E7704708B50368DA68C36A8C
:1083F0001A80C36A0233C362438E9BB2013B9BB2B5
:108400004386438E9BB203B108BD0268536823F0D4
:1084100060035360012380F84130FFF7E4FFF3E786
:10842000704710B584B0044602689368039390F8CF
:108430004130DBB2042B06D094F84130DBB2032B81
:108440002CD004B010BD039B13F0010F03D0536870
:1084500013F0400F1FD1039B13F0400FECD02368A3
:108460005A6812F0200FE7D05A6822F060025A6072
:10847000002301932368DA6801929B680193019BB2
:10848000012384F84130636C43F0020363642046A7
:10849000FFF7C6FFD0E7FFF7A7FFDCE7039B13F06A
:1084A000020F04D023685B6813F0800F1DD1039B7B
:1084B00013F0080FC5D023685A6812F0200FC0D0FF
:1084C0005A6822F0A0025A600023029323689B6836
:1084D0000293029B012384F84130636C43F0040350
:1084E00063642046FFF79CFFABE72046FFF75FFF82
:1084F000DDE7704708B5436A9A1C426202681B8830
:10850000D360438D9BB2013B9BB24385438D9BB2AD
:108510003BB90268536823F0A0035360438E9BB2BB
:1085200003B108BD012380F84130FFF7E2FFF8E70F
:1085300008B50268154B9A421CD04FF04023DA6808
:10854000C36A991CC1621A80438E9BB2013B9BB2E5
:108550004386438E9BB263B902680C4B9A420CD09F
:108560004FF04022536823F060035360438D9BB269
:108570002BB108BDA3F58063E1E7054AF2E70123CB
:1085800080F84130FFF7B5FFF3E700BF0038004047
:108590000034004008B5436A9A1C42621A88016898
:1085A000134B994218D04FF04023DA60438D9BB2B1
:1085B000013B9BB24385438D9BB263B902680C4B70
:1085C0009A420CD04FF04022536823F0A00353602E
:1085D000438E9BB22BB108BDA3F58063E5E7054A46
:1085E000F2E7012380F84130FFF783FFF3E700BF94
:1085F000003800400034004008B50368DA68C36AF8
:10860000991CC1621A80438E9BB2013B9BB2438688
:10861000438E9BB23BB90268536823F060035360FA
:10862000438D9BB203B108BD012380F84130FFF7B1
:1086300060FFF8E710B586B0044603689A680592B3
:10864000704A93426FD04FF04022916804915B686A
:108650000393536802936368B3F5007F01D0002B46
:1086600070D1059B13F0020F03D0039B13F0800F12
:108670005CD1049B13F0010F03D0029B13F0400F59
:1086800058D1049B13F0400F24D0029B13F0200F0D
:1086900020D022685B4B9A4250D04FF04022536862
:1086A00023F0600353602268536823F0A0035360F3
:1086B000002300932368DA6800929B680093009B74
:1086C000012384F84130636C43F002036364204665
:1086D000FFF7A6FE059B13F0080F22D0039B13F0B3
:1086E000200F1ED02268536823F0A0035360226835
:1086F000444B9A4224D04FF04022536823F0600349
:1087000053600023019323689B680193019B01231D
:1087100084F84130636C43F0040363642046FFF740
:108720007FFE06B010BDA2F580628EE72046FFF7FF
:10873000E1FE9EE72046FFF7FBFEA2E7324AAEE7E6
:10874000314ADAE7049B13F0020F03D0029B13F0C7
:10875000800F4AD1059B13F0010F03D0039B13F048
:10876000400F46D1059B13F0400F1CD0039B13F024
:10877000200F18D02268536823F0600353602268EA
:10878000204B9A4239D04FF04022536823F0A00387
:108790005360012384F84130636C43F00203636447
:1087A0002046FFF73DFE049B13F0080FB9D0029B53
:1087B00013F0200FB5D02268124B9A421FD04FF011
:1087C0004022536823F0A00353602268536823F0CB
:1087D00060035360012384F84130636C43F0040369
:1087E00063642046FFF71CFE9BE72046FFF7D2FE9E
:1087F000B0E72046FFF700FFB4E7034AC5E7024AA7
:10880000DFE700BF003800400034004038B50446C0
:108810000268D36823F00C03D36001680A6922F46C
:108820007C528369C0690343206A0343E0680343C1
:10883000134343F400630B612168CA6822F41642B3
:1088400022F00C02A36820690343606903431343C9
:1088500043F40043CB602268536923F440735361AF
:1088600023682F4A93422FD002F5806293422BD087
:10887000FBF716FD0023021843EB0301121841F128
:108880000001C90041EA5271D200101841F1000103
:10889000626892185B41F9F7CFFB224DA5FB0032CD
:1088A0005109642303FB1103DB003233A5FB0323CF
:1088B0005B095A0002F4F87202EB011203F007039D
:1088C000216813448B602AE0FBF7FAFC00230218AE
:1088D00043EB0301121841F10001C90041EA527152
:1088E000D200101841F10001626892185B41F9F75B
:1088F000A3FB0C4DA5FB00325109642303FB1103BC
:10890000DB003233A5FB03235B095A0002F4F87243
:1089100002EB011203F00703216813448B6038BD9A
:10892000001001401F85EB5120B310B5044690F8AC
:108930003D30D3B1022384F83D302046FFF766FF77
:108940002268136923F4804313612268536923F07A
:108950002A0353612268D36843F40053D360002094
:108960002064012384F83D3010BD80F83C30FBF7D3
:108970001BF9DFE7012070470120704708B5F7F7C2
:1089800063FC162303604FF0FF3008BD08B54FF0BD
:10899000FF31FFF7F3FFFEE770B50C4616460025E2
:1089A00006E0AFF30080214601F8010B01350C46CB
:1089B000B542F6DB304670BD70B50C461646002554
:1089C00004E014F8010BAFF300800135B542F8DB89
:1089D000304670BD08B503460D4A12685AB10C4ABC
:1089E000106803440B4A11780B4A521A934206D876
:1089F000074A136008BD064A08491160EFE700BE48
:108A0000F7F722FC0C2303604FF0FF30F2E700BFC2
:108A1000AC8000200004000000000220E00F0120D4
:108A20004FF0FF3070474FF400534B600020704709
:108A30000120704700207047124A12F0070F1ED025
:108A4000D11D21F00701C1F5705313440A460E48A9
:108A50000260002141601344083B23F007030B48E8
:108A6000036059601960991A51601360084B1960CE
:108A7000084B1960084B4FF000421A6070474FF4E2
:108A80007053E4E7B4800020C0BC0020B080002018
:108A9000BCBC0020B8BC0020B4BC0020164B1A4659
:108AA0001B688342FBD3516802EB010C844509D05B
:108AB000416800EB010C634509D00360904219D076
:108AC000106070474068014451601046F0E710B4F0
:108AD0000A4C2468A3420BD05B68194441601368B8
:108AE0001B680360904200D010605DF8044B704733
:108AF0000460F7E7704700BFC0BC0020B0800020D2
:108B000070B50546FDF7BEFC344B1B68A3B1344B72
:108B10001B681D424AD135B1083515F0070F02D048
:108B200025F007050835002D42D02E4B1B68AB42BF
:108B30004DD32D4A146804E0FFF77EFFE7E7224695
:108B40001C466368AB4202D22368002BF7D1234B4B
:108B50001B68A3423DD0166808362368136063681B
:108B60005B1B102B10D9601910F0070F08D04FF0C5
:108B7000500383F31188BFF36F8FBFF34F8FFEE76E
:108B800043606560FFF78AFF626816490B689B1AAD
:108B90000B60164909688B4201D214490B60104BD7
:108BA0001B68134363600023236002E0002600E09B
:108BB0000026FDF701FD16F0070F0CD04FF0500313
:108BC00083F31188BFF36F8FBFF34F8FFEE700264B
:108BD000EFE70026EDE7304670BD00BFB080002013
:108BE000B4BC0020B8BC0020C0BC0020BCBC00202D
:108BF00080B338B50446A0F1080550F8043C164A85
:108C00001268134208D14FF0500383F31188BFF369
:108C10006F8FBFF34F8FFEE750F8081C41B14FF044
:108C2000500383F31188BFF36F8FBFF34F8FFEE7BD
:108C300023EA020340F8043CFDF724FC54F8041C2A
:108C4000064A13680B4413602846FFF727FFFDF719
:108C5000B3FC38BD704700BFB4BC0020B8BC0020D6
:108C600050F8043C024A106823EA0000704700BF35
:108C7000B4BC002070B505460C46FDF703FC204649
:108C8000FFF73EFF064678B175B12846FFF7E8FFCB
:108C90000838844200D30446224629463046F7F776
:108CA0000DFB2846FFF7A4FFFDF786FC304670BD9C
:108CB00038B505460C46FDF7E5FB05FB04F42046F8
:108CC000FFF71EFF0546034603E0002103F8011BE2
:108CD0001446621E002CF8D1FDF76EFC284638BD04
:108CE00008B5034605490A6802440A6004490A684F
:108CF00013440B60FFF704FF08BD00BFC8BC002091
:108D0000CCBC002058B110B50446FFF7A9FF044AB7
:108D100013681B1A13602046FFF76AFF10BD7047E7
:108D2000CCBC002038B50C460C4A13680B441360C9
:108D30000B4A13680B44136058B10546FFF790FFC8
:108D4000074A13681B1A136021462846FFF792FF53
:108D500038BD0846FFF7D4FEFAE700BFC8BC0020C4
:108D6000CCBC002010B501FB00F3054C22681A446E
:108D70002260044C226813442360FFF799FF10BD62
:108D8000C8BC0020CCBC00202DE9F04107460E46AF
:108D9000144615A3D3E90023F9F7FEF80D468046E3
:108DA0002060616010A3D3E9002338463146F9F70B
:108DB000F3F8A260002A01DBBDE8F081084981FBDD
:108DC0000231D317C3EB21730133B8EB030165EB19
:108DD000E37521606560034901FB0322A260EBE7B4
:108DE000A12FB84400CA9A3B00CA9A3B0000000079
:108DF00030B583B00D460024009401946846FDF719
:108E000041FD0099019A4FEA411C4CEAD26C530192
:108E10009B1A6CEB010C4FEA4C2C4CEAD35C5B02C6
:108E20009B1841EB0C0C4FEA8C1E4EEA936E980196
:108E3000C31A6EEB0C0C98182A4641EB0C01FFF795
:108E4000A3FF204603B030BD08B54FF400620349CC
:108E5000D0F88C02FCF710FD012008BDD0BC00202A
:108E600008B5D0F88C02FCF7BBFB012008BD70B53B
:108E7000D0F88C5295F83D30DBB2202B01D0002089
:108E800070BD144692B22846FCF75CFB064646B914
:108E900095F83D30DBB2202B03D00120FEF77CF8A3
:108EA000F5E70EB92046EBE70020E9E72DE9F843A6
:108EB0000D4614461F46D0F88C82002672B6D8F8AC
:108EC00038301B685868C0F50060DFF85490C9F866
:108ED000000062B601360120FEF75EF80E4B1B68FB
:108EE000D9F80020934214D1BE42E7DB002008E00D
:108EF0000A49C95C29540133C3F30A0306490B60CC
:108F00000130054B1B689A4201D0A042F0D3BDE866
:108F1000F8830020F5E700BFD0C40020D0BC0020BB
:108F2000D4C40020DFF834D00D480E490E4A002387
:108F300002E0D458C4500433C4188C42F9D30B4A0D
:108F40000B4C002301E013600432A242FBD3FCF778
:108F5000AFFCF7F77FF9FAF7DDFB7047000002205E
:108F600000000020180100206C28010818010020D2
:108F7000E00F0120FEE70000014B1868704700BFBA
:108F80009C1E01082DE9F04788B0109D002D69D086
:108F900005F15009044648460E4690461F4600F02B
:108FA000D5F900285ED0002C5CD0D4F800A0BAF12E
:108FB000000F04D06427384608B0BDE8F08730467B
:108FC00004F0BAFF002852D0B8F1000F4AD0002FA9
:108FD00048D0CDE903AA07AA059205F1580393E802
:108FE00007008DE80700CDF81CA0394699E80C0071
:108FF000304604F0F5FF074600284FD12B6D296E4F
:10900000C8209847206000284ED0304604F0B6FFB4
:1090100005F164030093079A27682B46414600F048
:1090200055FA2368C7F8C400D3F8C40070B303F13D
:10903000700100F029FB23680746D0B995F8482055
:1090400083F8B820294670221846F7F737F93268B6
:10905000C0F8C02007986B6D296E9847384608B055
:10906000BDE8F0870B27384608B0BDE8F087C82771
:10907000A1E78BB1D3F8C42042B1304604F07EFFA3
:109080002368D3F8C41000F00FFB23686A6D296EC3
:1090900018469047002323600127DBE76728D9D0D3
:1090A000692803D00A28F7D10A27D3E76727D1E731
:1090B00070B5144D144988B0044650222846F7F77D
:1090C000FDF802A800F034F90DF1080CBCE80F001F
:1090D00005F1500EAEE80F006E46DCF80030CEF819
:1090E0000030304600F074F996E8030005F164039F
:1090F00083E80300702229462046F7F7DFF8204670
:1091000008B070BDD8C40020A01E0108F8B10368E3
:1091100070B50446B3B11646D3F8C42092B1D3F863
:10912000C0000D4604F02EFB60B12368D3F8C400E4
:1091300040B155B13246294600F068F9003818BFF1
:10914000012070BD4FF4967070BD0B2070BD4FF4C0
:10915000967070472DE9F04186B0B8B31C46ABB3AA
:109160000F469046064604F077FC04F10C03059088
:1091700093E803008DE8030005A894E80E0004F0CE
:109180006DFC0546E0B902AD284604F0F1FA95E819
:109190000300334686E8030005AA4146384604F03A
:1091A00057FB0546B8B9B460224606F10C0103200E
:1091B00005F0D2F8054670B905A804F0B5FC08B171
:1091C00000F0EAF8284606B0BDE8F0810B252846F5
:1091D00006B0BDE8F08100F0DFF805A804F0A4FCBB
:1091E0000028EFD0ECE700BFB8B32DE9F0430D46FF
:1091F000A1B029B316461AB31F460BB30DF11008E0
:109200000446404604F048FD98E803000DF11809B3
:1092100084E80300484604F0B7FE404604F03CFDF5
:10922000CDF8009098E803003B4684E803003246FE
:109230002946204604F03AFD30B921B0BDE8F0835C
:109240000B2021B0BDE8F083039000F0A5F800F0FA
:10925000A3F8039821B0BDE8F0830B20704700BF4E
:1092600068B32DE9F0410D46A0B021B3164612B304
:109270001F4603B30446FFF77FFE0DF11008206080
:109280004046FFF715FF0F4950224046F7F716F802
:10929000CDF800803B46324629462046FFF772FE55
:1092A00010B920B0BDE8F081039000F075F8039884
:1092B00020B0BDE8F0810B2020B0BDE8F0810B208C
:1092C000704700BFF01E0108F9F738B8F9F732B956
:1092D000F6F7ECBFF6F7E2BF10B5054C86468446BC
:1092E0000FCCACE80F002368CCF80030704610BDFE
:1092F000401F0108A8B10268A2B14168A1B110B431
:10930000C46864B1806838B1084B1A600022C3E9B0
:109310000342C3E9011001205DF8044B7047204669
:10932000FAE77047104670470846704778000020FB
:1093300010B5054C864684460FCCACE80F00236878
:10934000CCF80030704610BD7800002058B103689A
:1093500043B1436833B1C36823B18068003818BF94
:109360000120704718467047064B1B783BB1064BEF
:109370001A780AB901221A70044B18787047044B06
:109380001878704748C5002061C5002060C50020DE
:10939000541F0108000000009FED077B084A0948A0
:1093A00009490023138082ED027B084A03700B7089
:1093B00013707047AFF30080000000000000000051
:1093C00050C5002061C5002060C5002048C50020B0
:1093D000002202600271704770B4DDE9035662B189
:1093E0005BB155B14EB1064C2070C4E90112C4E91D
:1093F00003356661002070BC70470B2070BC70475D
:1094000064C50020C96F02F03DBB00BF002853D0E7
:1094100070B50D468EB000294BD00446006800F0B0
:1094200047FC002845D06668002E42D0B469284623
:1094300023699847F369059013B105A898470598E3
:10944000D6F880301B6900907269B16F03F52870FF
:1094500006AB03F003F9D8B1A36806A928469847DC
:10946000336A04460BB106A8984796F87A30012B68
:10947000D6F8803022D01869F16F00F5287002F01C
:1094800001FB2040C4B284F00100C0B20EB070BD38
:10949000D6F880301869059B00930B4B0193029618
:1094A0007269B16F00F5287006AB03F007F9002868
:1094B000D2D101200EB070BD01207047186900F5AF
:1094C000287001F059FFDEE7059400082DE9F04F00
:1094D00087B0002800F0CC800E46002900F0C8803C
:1094E000044600681546984600F0E2FB002800F0AC
:1094F000BF80002D00F0BC802B78002B00F0B880DE
:10950000B8F1000F00F0B4805C48D4F8049005F086
:109510009BFC002800F0AC808468C4F8884005F00B
:10952000B7FC04F19C0AC4F88400C4F88CA0284657
:10953000F9F7C6FA01303C2804F1840700F2918063
:109540004F4A2B463C215046F9F740F84FF47A73C6
:10955000E3674146C4F88090502204F12800F6F7F2
:10956000ADFE98F808304749022BD9F810300CBFEF
:10957000D3F87C33D3F87833A3670023C4E90733E7
:10958000304600F0A3FB00286BD04268A261002A9D
:1095900067D029464346484605F0E0FE6062002851
:1095A00063D0D9F8103003F580530321B3F8980540
:1095B000421CA3F8982501F091FDD4F88020D9F839
:1095C00010302061D3F8843310690625009519689E
:1095D0002269D9F8143000F5287001F0D9FC024650
:1095E000D9F81000D0F88C33D0F8841300F0E0FAEA
:1095F000B8B3D9F8103003F580530521B3F89A05B4
:10960000421CA3F89A2501F069FDD4F8803060610E
:109610001E69D9F81030D4F824B00DF1100A414673
:109620005046D3F8848300F0DFFA03959AE80300EC
:109630000190ADF80810DBF81030009306F528769D
:10964000D4E90432D8F80010304601F0D1FC0246CB
:10965000D9F81000D0F88C33D0F8841300F0A8FAB1
:1096600038B9606A08B100F047FA384600F0ECF902
:109670000027384607B0BDE8F08F00BF5C0E012020
:109680008C1F0108581F010850B108B50B4649B19D
:109690004168502228311846F6F710FE002008BD18
:1096A0000B2070470B2008BDF8B528B104460068B0
:1096B0000D4600F0FDFA10B901242046F8BD63689C
:1096C000002BF9D0002DF7D0286800F0F1FA00281F
:1096D000F2D06C68002CEFD0606AD4F8807005F08E
:1096E0008DFED4F8803062691869D0F8883300F5AF
:1096F0002870196801F098FBD4F8803022691B6942
:10970000D3F888130446096803F5287001F08CFB30
:109710003E692246D6F89033D6F888130446304680
:1097200000F046FA3E692246D6F89033D6F8881300
:109730000446304600F03CFA2CB120B10024284603
:1097400000F082F9B9E70224F9E700BFE2B12DE9A0
:10975000F041057B0646ADB9C823C0E900558360DA
:1097600040F20113174683810C46A8462146304635
:10977000013505F079FBAF42A46084F80C8004F158
:10978000C804F3D1BDE8F081704700BFE2B12DE914
:10979000F041057B0646ADB9C823C0E9005583609A
:1097A00040F20113174683810C46A84621463046F5
:1097B000013505F059FBAF42A46084F80C8004F138
:1097C000C804F3D1BDE8F081704700BFE2B12DE9D4
:1097D000F041057B0646ADB9D823C0E9005583604A
:1097E00040F20113174683810C46A84621463046B5
:1097F000013505F039FBAF42A46084F80C8004F118
:10980000D804F3D1BDE8F081704700BFE2B12DE983
:10981000F041057B0646ADB9D823C0E90055836009
:1098200040F20113174683810C46A8462146304674
:10983000013505F019FBAF42A46084F80C8004F1F7
:10984000D804F3D1BDE8F081704700BFE2B12DE943
:10985000F041057B0646ADB9A423C0E900558360FD
:1098600040F20113174683810C46A8462146304634
:10987000013505F0F9FAAF42A46084F80C8004F1D8
:10988000A404F3D1BDE8F081704700BFEAB12DE92F
:10989000F843057B0646B5B9C0E9005541F2A85822
:1098A00040F201131746C0F808800C468381A94690
:1098B00021463046013505F0D7FAAF42A46084F85E
:1098C0000C904444F4D1BDE8F8837047E2B12DE92F
:1098D000F041057B0646ADB91C23C0E90055836005
:1098E00040F20113174683810C46A84621463046B4
:1098F000013505F0B9FAAF42A46084F80C8004F198
:109900001C04F3D1BDE8F081704700BFEAB12DE936
:10991000F041057B0646B5B94FF40463C0E9005534
:10992000836040F20113174683810C46A846214606
:109930003046013505F098FAAF42A46084F80C80F7
:1099400004F50464F3D1BDE8F0817047E2B12DE97C
:10995000F041057B0646ADB92C23C0E90055836074
:1099600040F20113174683810C46A8462146304633
:10997000013505F079FAAF42A46084F80C8004F157
:109980002C04F3D1BDE8F081704700BFE2B12DE9AE
:10999000F041057B0646ADB91C23C0E90055836044
:1099A00040F20113174683810C46A84621463046F3
:1099B000013505F059FAAF42A46084F80C8004F137
:1099C0001C04F3D1BDE8F081704700BFE2B12DE97E
:1099D000F041057B0646ADB92023C0E90055836000
:1099E00040F20113174683810C46A84621463046B3
:1099F000013505F039FAAF42A46084F80C8004F117
:109A00002004F3D1BDE8F081704700BF0146014852
:109A100005F02ABA7C0E012038B50446006828B14A
:109A2000074B1968F8F780FE40B92060616829B1DA
:109A3000002504480D6105F017FA656038BD00BFC8
:109A4000742501084C0E012010B50446006828B1A9
:109A5000064B1968F8F768FE38B92060616821B1D3
:109A6000034805F001FA0023636010BD7425010866
:109A70005C0E012010B50446006828B1064B196839
:109A8000F8F752FE38B92060616821B1034805F04B
:109A9000EBF90023636010BD742501089C0E0120C2
:109AA00010B50446006828B1064B1968F8F73CFE6B
:109AB00038B92060616821B1034805F0D5F9002369
:109AC000636010BD742501086C0E012010B50446BA
:109AD000006828B1064B1968F8F726FE38B92060EF
:109AE000616821B1034805F0BFF90023636010BD30
:109AF0007425010880C5002010B50446214603489E
:109B000005F0B2F90023A36110BD00BFAC0E012027
:109B100082B030B525490D6803AC84E80C001C46C2
:109B2000002D41D02B4600219A685B68D2F814289A
:109B3000904208BF0131002BF6D19DF80C30022B6A
:109B400029D007D9032B05D00021BDE830400846B5
:109B500002B0704714B38C4220D8002DF4D00021FD
:109B60004FF0FF3C6FF0004402E06D68002DECD038
:109B7000AB68D3F814289042F7D1D3F8182803F52E
:109B80000263624553F8043C73EB040EEDDA94462D
:109B90001C462946E9E70CB18C42D5D9BDE83040D6
:109BA000024802B005F050B92946C6E78C0E0120E4
:109BB00010B58C7886B0012CADF80E200CD019466B
:109BC000012300930DF10E020DF1170300F528702B
:109BD00001F07EFF06B010BD00F5287001F0CCFB4F
:109BE000204606B010BD00BF4A7A91F808C0022A8C
:109BF00018BF002202700A7889888180ACF1020CBB
:109C0000A2F10202BCFA8CFCB2FA82F24FEA5C1CAE
:109C1000520980F801C08270704700BF30B5002340
:109C20000B70036887B01446D3B10F4A15460392F0
:109C3000009542680D48019008460D49049205912F
:109C400002910C4A2146F8F7C1FC002805DB84424A
:109C5000D4BF0020012007B030BD002007B030BDC8
:109C6000054B014A1D46E2E77C1F0108941F0108CD
:109C7000901F0108801F01082428010810B582B038
:109C800014460090084B094A08462146F8F79EFC06
:109C9000002805DB8442D4BF0020012002B010BDA3
:109CA000002002B010BD00BFA01F0108981F0108CE
:109CB00010B5044640B105F0EBF801462046F8F730
:109CC00033FDB0FA80F0400910BD00BF836818472B
:109CD00010B504460068F8F727FD00280CBF2046A1
:109CE000002010BD044B1A680AB103487047034AAC
:109CF000014812681A60704794000020100100208B
:109D0000024A034B12681A60704700BF100100201E
:109D10009400002005F0A0BD05F0A2BD044B1A6818
:109D20000AB103487047034A014812681A60704735
:109D3000DC0000201401002008B50421002001F0FF
:109D400007F8043008BD00BF09B100F019BF08468C
:109D5000704700BF38B108B50B461846042100F023
:109D6000F7FF043008BD70470A4618B10168104675
:109D700000F06EBE704700BF30B108B5042100206E
:109D800000F0E6FF043008BD704700BF0048704790
:109D9000E800002038B50D460121044600F08CFF94
:109DA00048B1A3681D70A268236901210A440B44CD
:109DB000A26023616175A07D80F0010038BD00BF05
:109DC00038B50D460121044600F076FF60B1A26867
:109DD000236912F8011B003918BF012129700133D2
:109DE0000121A26023616175A07D80F0010038BD72
:109DF00038B50D460121044600F05EFF48B1A36866
:109E00001D70A268236901210A440B44A2602361EA
:109E10006175A07D80F0010038BD00BF38B50D46EA
:109E20000121044600F048FF50B1A3681B782B7055
:109E3000A268236901210A440B44A2602361617571
:109E4000A07D80F0010038BD2DE9F04182B00B46C5
:109E500002210446ADF8063000F082FF014620469C
:109E6000677D00F0C1FF0221204600F019FF78BB9A
:109E7000D4E90135AB4226D95E1BA3602369C6F144
:109E80000208334423614146204600F015FF0028B4
:109E90003BD0237D012B4AD09DF807302B70002E3C
:109EA00040D09DF806306B702369A268A07D023314
:109EB0009E1B4244022380F00100A260266163756C
:109EC00002B0BDE8F0810221204600F0F5FE90B11D
:109ED000237D012BA36814D09DF807201A70A36876
:109EE0009DF806205A70A2682369023202330221CB
:109EF000A26023616175A07D80F0010002B0BDE821
:109F0000F081BDF806201A80EDE7A2682369A07DE4
:109F10006775921B9B1B80F00100A260236102B059
:109F2000BDE8F081A3689DF806201A70BCE72846BA
:109F30000DF1060529463246F6F7C0F9A0684246FB
:109F4000A919F6F7BBF9AFE72DE9F04383B00D4649
:109F500002210446ADF8062000F002FF014620462B
:109F600094F8158000F040FF0221204600F098FE92
:109F700070BBD4E90167BE4225D92369A660F61BF0
:109F80003344C6F1020923614946204600F094FE9D
:109F9000002839D0012D4AD09DF807303B70002EA3
:109FA00040D09DF806307B702369A268A07D023303
:109FB0004A449B1B022180F00100A260236161756D
:109FC00003B0BDE8F0830221204600F075FE88B1A1
:109FD000012DA36814D09DF807201A70A3689DF87E
:109FE00006205A70A2682369023202330221A2605D
:109FF00023616175A07D80F0010003B0BDE8F083AE
:10A00000BDF806201A80EDE7A2682369A07D84F8D8
:10A010001580921B9B1B80F00100A260236103B09E
:10A02000BDE8F083A3689DF806201A70BCE70DF127
:10A030000605294632463846F6F740F9A0684A46F2
:10A04000A919F6F73BF9AFE72DE9F8430D460221D0
:10A05000044600F085FE0146204694F8158000F085
:10A06000C3FE0221204600F01BFE60BBD4E901675D
:10A07000BE4223D92369A660F61B3344C6F1020908
:10A0800023614946204600F017FE002834D0237D86
:10A09000012B42D07B782B70002E3AD03B786B702E
:10A0A0002369A268A07D022102334A449B1B61758B
:10A0B000A260236180F00100BDE8F8830221204600
:10A0C00000F0FAFD80B1237D012BA36811D05B78ED
:10A0D0002B70A3681B786B70A2682369023202336D
:10A0E0000221A26023616175A07D80F00100BDE8BE
:10A0F000F8831B882B80EFE7A2682369A07D84F892
:10A100001580921B9B1BA260236180F00100BDE8BB
:10A11000F883A3681B786B70C2E73946324628463D
:10A12000F6F7CCF8A1684A46A819F6F7C7F8B7E7DA
:10A130002DE9F0470E4602210446154600F010FEB8
:10A140000146204694F8159000F04EFE022120466C
:10A1500000F0A6FD70BBD4E90178474525D92369F5
:10A16000A760A7EB08073B44C7F1020A23615146E9
:10A17000204600F0A1FD002834D0012E43D098F8ED
:10A1800001302B70002F3AD098F800306B702369A3
:10A19000A268A07D022102335244DB1B6175A260DC
:10A1A000236180F00100BDE8F0870221204600F025
:10A1B00083FD78B1012EA36811D05B782B70A36862
:10A1C0001B786B70A2682369023202330221A260FD
:10A1D00023616175A07D80F00100BDE8F0871B88D8
:10A1E0002B80EFE7A2682369A07D84F81590D21B2D
:10A1F000DB1BA260236180F00100BDE8F087A3684B
:10A200001B786B70C3E741463A462846F6F756F886
:10A21000A1685246E819F6F751F8B8E72DE9F04180
:10A2200082B004460191042100F09AFD01462046C7
:10A23000677D00F0D9FD0421204600F031FD0028A3
:10A2400039D1D4E90135AB4230D95E1BA360236913
:10A25000C6F10408334423614146204600F02CFD3A
:10A2600000284CD0237D012B63D09DF807302B7044
:10A27000002E51D09DF806306B70012E50D09DF805
:10A280000530AB70022E4FD09DF80430EB7023697F
:10A29000A268A07D04339E1B4244042380F0010089
:10A2A000A2602661637502B0BDE8F08104212046FA
:10A2B00000F002FDD0B1237D012BA3681CD09DF8D6
:10A2C00007201A70A3689DF806205A70A3689DF8AD
:10A2D00005209A70A3689DF80420DA70A2682369AB
:10A2E000043204330421A26023616175A07D80F0F3
:10A2F000010002B0BDE8F081019A1A60EEE7A268A1
:10A300002369A07D6775921B9B1B80F00100A260F2
:10A31000236102B0BDE8F081A3689DF806201A70A1
:10A32000A3689DF805201A70A3689DF804201A7090
:10A33000ADE7284601AD29463246F5F7BFFFA068D4
:10A340004246A919F5F7BAFFA1E700BF2DE9F0438E
:10A3500083B00D4604210446019200F001FD014640
:10A36000204694F8158000F03FFD0421204600F0BF
:10A3700097FC002838D1D4E90176B7422FD9236958
:10A38000A760BF1B3B44C7F104092361494620462F
:10A3900000F092FC00284AD0012D63D09DF80730D0
:10A3A0003370002F51D09DF806307370012F50D0BC
:10A3B0009DF80530B370022F4FD09DF80430F37034
:10A3C0002369A268A07D04334A44DB1B042180F08A
:10A3D0000100A2602361617503B0BDE8F083042130
:10A3E000204600F069FCC8B1012DA3681CD09DF87F
:10A3F00007201A70A3689DF806205A70A3689DF87C
:10A4000005209A70A3689DF80420DA70A268236979
:10A41000043204330421A26023616175A07D80F0C1
:10A42000010003B0BDE8F083019A1A60EEE7A2686C
:10A430002369A07D84F81580D21BDB1B80F001000E
:10A44000A260236103B0BDE8F083A3689DF80620F5
:10A450001A70A3689DF805201A70A3689DF804205F
:10A460001A70ADE701AD29463A463046F5F726FFAA
:10A47000A0684A46E919F5F721FFA1E72DE9F8435D
:10A480000D460421044600F06BFC0146204694F87A
:10A49000158000F0A9FC0421204600F001FC0028F2
:10A4A00038D1D4E90176B7422FD92369A760BF1B01
:10A4B0003B44C7F1040923614946204600F0FCFBF8
:10A4C000002846D0237D012B5CD0F3782B70002F21
:10A4D0004CD0B3786B70012F05F102034AD073782A
:10A4E000AB70022F05F1030348D03378EB7023697A
:10A4F000A268A07D042104334A44DB1B6175A2607D
:10A50000236180F00100BDE8F8830421204600F0BB
:10A51000D3FBB0B1237D012BA36817D0DB782B7060
:10A52000A3689B786B70A3685B78AB70A3681B789B
:10A53000EB70A2682369043204330421A260236112
:10A540006175A07D80F00100BDE8F8831B682B6079
:10A55000EFE7A2682369A07D84F81580D21BDB1B7E
:10A56000A260236180F00100BDE8F883A3689B78B6
:10A570006B70AB1CA268527803F8012BA2681278AA
:10A580001A70B4E731463A462846F5F797FEA168B7
:10A590004A46E819F5F792FEA9E700BF2DE9F04712
:10A5A0000E4604210446154600F0DAFB014620461B
:10A5B00094F8159000F018FC0421204600F070FB80
:10A5C00000283CD1D4E90137BB4233D9A3EB0708BB
:10A5D000A3602369C8F1040A43442361514620461D
:10A5E00000F06AFB002848D0012E61D0FB782B7068
:10A5F000B8F1000F50D0BB786B70B8F1010F05F1C6
:10A6000002034DD07B78AB70B8F1020F05F1030364
:10A610004AD03B78EB702369A268A07D0421043303
:10A620005244A3EB08036175A260236180F001002E
:10A63000BDE8F0870421204600F03EFBA8B1012EC2
:10A64000A36817D0DB782B70A3689B786B70A36826
:10A650005B78AB70A3681B78EB70A2682369043247
:10A6600004330421A26023616175A07D80F00100A4
:10A67000BDE8F0871B682B60EFE7A2682369A07D27
:10A6800084F81590A2EB0802A3EB0803A2602361F3
:10A6900080F00100BDE8F087A3689B786B70AB1C6D
:10A6A000A268527803F8012BA26812781A70B2E7F8
:10A6B000394642462846F5F701FEA168524605EBA9
:10A6C0000800F5F7FBFDA6E72DE9F041082182B06F
:10A6D0000446CDE9002300F043FB01462046677D98
:10A6E00000F082FB0821204600F0DAFA00284ED163
:10A6F000D4E90135AB4245D95E1BA3602369C6F19D
:10A700000808334423614146204600F0D5FA00286A
:10A7100074D0237D012B00F09B809DF807302B70B7
:10A72000002E78D09DF806306B70012E77D09DF802
:10A730000530AB70022E76D09DF80430EB70032EFE
:10A7400075D09DF803302B71042E74D09DF8023023
:10A750006B71052E73D09DF80130AB71062E72D04F
:10A760009DF80030EB712369A268A07D08339E1B21
:10A770004244082380F00100A2602661637502B0A4
:10A78000BDE8F0810821204600F096FA50B3237D01
:10A79000012B2DD0A3689DF807201A70A3689DF89F
:10A7A00006205A70A3689DF805209A70A3689DF84A
:10A7B0000420DA70A3689DF803201A71A3689DF83D
:10A7C00002205A71A3689DF801209A71A3689DF830
:10A7D0000020DA71A2682369083208330821A260D8
:10A7E00023616175A07D80F0010002B0BDE8F081B9
:10A7F0006B4603CBA36818605960EBE7A268236936
:10A80000A07D6775921B9B1B80F00100A2602361F5
:10A8100002B0BDE8F081A3689DF806201A70A36815
:10A820009DF805201A70A3689DF804201A70A3688B
:10A830009DF803201A70A3689DF802201A70A3687F
:10A840009DF801201A70A3689DF800201A708AE70D
:10A8500028466D4629463246F5F730FDA068424647
:10A86000A919F5F72BFD7EE72DE9F04182B00B46E3
:10A8700002210446ADF8063000F072FA0146204687
:10A88000677D00F0B1FA0221204600F009FA78BB9A
:10A89000D4E90135AB4226D95E1BA3602369C6F11A
:10A8A0000208334423614146204600F005FA00289F
:10A8B0003BD0237D012B4AD09DF807302B70002E12
:10A8C00040D09DF806306B702369A268A07D0233EA
:10A8D0009E1B4244022380F00100A2602661637542
:10A8E00002B0BDE8F0810221204600F0E5F990B108
:10A8F000237D012BA36814D09DF807201A70A3684C
:10A900009DF806205A70A2682369023202330221A0
:10A91000A26023616175A07D80F0010002B0BDE8F6
:10A92000F081BDF806201A80EDE7A2682369A07DBA
:10A930006775921B9B1B80F00100A260236102B02F
:10A94000BDE8F081A3689DF806201A70BCE7284690
:10A950000DF1060529463246F5F7B0FCA0684246DF
:10A96000A919F5F7ABFCAFE72DE9F8430D46022135
:10A97000044600F0F5F90146204694F8158000F0F1
:10A9800033FA0221204600F08BF960BBD4E901675D
:10A99000BE4223D92369A660F61B3344C6F10209DF
:10A9A00023614946204600F087F9002834D0237DF2
:10A9B000012B42D07B782B70002E3AD03B786B7005
:10A9C0002369A268A07D022102334A449B1B617562
:10A9D000A260236180F00100BDE8F88302212046D7
:10A9E00000F06AF980B1237D012BA36811D05B7858
:10A9F0002B70A3681B786B70A26823690232023344
:10AA00000221A26023616175A07D80F00100BDE894
:10AA1000F8831B882B80EFE7A2682369A07D84F868
:10AA20001580921B9B1BA260236180F00100BDE892
:10AA3000F883A3681B786B70C2E739463246284614
:10AA4000F5F73CFCA1684A46A819F5F737FCB7E7CB
:10AA50002DE9F04182B004460191042100F080F913
:10AA600001462046677D00F0BFF90421204600F032
:10AA700017F9002839D1D4E90135AB4230D95E1B32
:10AA8000A3602369C6F1040833442361414620468C
:10AA900000F012F900284CD0237D012B63D09DF8E3
:10AAA00007302B70002E51D09DF806306B70012EB0
:10AAB00050D09DF80530AB70022E4FD09DF8043079
:10AAC000EB702369A268A07D04339E1B42440423DB
:10AAD00080F00100A2602661637502B0BDE8F081DC
:10AAE0000421204600F0E8F8D0B1237D012BA368B3
:10AAF0001CD09DF807201A70A3689DF806205A7094
:10AB0000A3689DF805209A70A3689DF80420DA7068
:10AB1000A2682369043204330421A26023616175B1
:10AB2000A07D80F0010002B0BDE8F081019A1A60BA
:10AB3000EEE7A2682369A07D6775921B9B1B80F0DE
:10AB40000100A260236102B0BDE8F081A3689DF816
:10AB500006201A70A3689DF805201A70A3689DF856
:10AB600004201A70ADE7284601AD29463246F5F7B4
:10AB7000A5FBA0684246A919F5F7A0FBA1E700BF15
:10AB80002DE9F8430D460421044600F0E9F801469A
:10AB9000204694F8158000F027F90421204600F0A3
:10ABA0007FF8002838D1D4E90176B7422FD923693C
:10ABB000A760BF1B3B44C7F10409236149462046F7
:10ABC00000F07AF8002846D0237D012B5CD0F37882
:10ABD0002B70002F4CD0B3786B70012F05F102035E
:10ABE0004AD07378AB70022F05F1030348D0337855
:10ABF000EB702369A268A07D042104334A44DB1B67
:10AC00006175A260236180F00100BDE8F883042132
:10AC1000204600F051F8B0B1237D012BA36817D076
:10AC2000DB782B70A3689B786B70A3685B78AB7044
:10AC3000A3681B78EB70A2682369043204330421F3
:10AC4000A26023616175A07D80F00100BDE8F883FA
:10AC50001B682B60EFE7A2682369A07D84F815804C
:10AC6000D21BDB1BA260236180F00100BDE8F883EA
:10AC7000A3689B786B70AB1CA268527803F8012B19
:10AC8000A26812781A70B4E731463A462846F5F7BA
:10AC900015FBA1684A46E819F5F710FBA9E700BFC4
:10ACA000837D3BB9D0E901031944884234BF0020B9
:10ACB0000120704700207047837D43B9D0E901210E
:10ACC000914210B5044605D20123184610BD002359
:10ACD0001846704782693AB1C169904780F0010314
:10ACE000DBB2A075184610BD0120A075FAE700BFC1
:10ACF000C0E90612704700BF10B4019C01600A440D
:10AD000042600A191C44C0E9033482609DF808308F
:10AD100003750022C0E906225DF8044B4275827576
:10AD2000704700BF10B582B0049C009401240194C8
:10AD3000FFF7E2FF02B010BD10B582B0002400940E
:10AD4000FFF7F0FF02B010BD0023FFF7F5BF00BF13
:10AD5000B0FBF1F303FB1100081A013908407047FA
:10AD6000437D8B4208D20069B0FBF1F301FB130075
:10AD7000081A0139084070470020704738B504466A
:10AD80000D46FFF7EDFFA368216965751A18636822
:10AD90009342084428BF13462061A36038BD00BF1A
:10ADA00082680068101A7047D0E90120101A7047B5
:10ADB00038B5837D63B9D0E901329A4204460D4625
:10ADC00008D339B1836963B1C1699847A07508B1E7
:10ADD000002038BD2046FFF7E7FFA84228BF2846DD
:10ADE00038BD01238375F3E738B504460D46FFF7F8
:10ADF00057FF78B12369A2682B44236101232A44B9
:10AE00006375A26038BDA2682369024403442D1A09
:10AE1000A2602361294601222046FFF7C9FF0028CE
:10AE2000F1D10123637538BD10B500238EB0CDE993
:10AE3000013203230093042206AB0446039101F080
:10AE40006FF818B9044620460EB010BD029905AA45
:10AE5000204601F09BF905A9044606A802F000FB74
:10AE600020460EB010BD00BF10B5C2F3074C8CB029
:10AE7000CDE90221BCF1010F0CBF03F00102002259
:10AE80000E339DF8381001911A4401230093039961
:10AE900004AB92B2044601F043F818B904462046C8
:10AEA0000CB010BD02990F9A204601F06FF90F996E
:10AEB000044604A802F030FA20460CB010BD00BFD2
:10AEC00070B5ADF5167D11ACADF854320323CDE964
:10AED000022123729A9B9DF86C6201220021054693
:10AEE00022718DF81410CBB18DF81C2008934FF40B
:10AEF000007215A909A8FFF727FF05A909A801F005
:10AF0000D9FE0D9B00960194DDE90221E3602846FD
:10AF10009BB2FFF7A9FF0DF5167D70BD8DF81C30B3
:10AF2000E5E700BF70B5ADF5187DCDE903320591B9
:10AF3000054697A9184602239DF878628DF850308F
:10AF400000F0EEF89C9B06939D9B0A9303238DF8DB
:10AF5000543001234FF400728DF8243017A90023D8
:10AF60000BA88DF81C30FFF7EFFE06A90BA801F027
:10AF7000C3FE0F9B169313ACDDE9042100960194E8
:10AF80009BB22846FFF770FF0DF5187D70BD00BF1E
:10AF9000F0B5ADF28C4D054605911846032692A9F1
:10AFA000CDE903329DF8A0748DF83C6000F0B8F84C
:10AFB00000234FF4007212A906A88DF84C328DF8C8
:10AFC00054328DF84060FFF7BFFE93A906A801F048
:10AFD00047FF0A9B11930EACDDE904210097019411
:10AFE0009BB22846FFF740FF0DF28C4DF0BD00BF2D
:10AFF0002DE9F041ADF5227D1DACCDE90332BDF860
:10B00000A85205910646A1A91846052323719DF86B
:10B01000AC82032700F084F8A89827720EA900F0EC
:10B020007FF80023ADF844509DF8A5228DF86430D8
:10B03000003D18BF01258DF846308DF84C308DF855
:10B040005430ADF8403001238DF842508DF83A303D
:10B050008ABBADF840304FF0230E4FF0130C0B2598
:10B060002122112109209DF8A63223B9ADF84070A4
:10B070007246614628469DF8A432012B25D0032B49
:10B0800029D02BB34FF4007221A906A8FFF75CFE6C
:10B090000EA906A801F05AFF0A9BCDF80080019482
:10B0A000DDE90421E36030469BB2FFF7DDFE0DF5DC
:10B0B000227DBDE8F0814FF0220E4FF0120C0A25E0
:10B0C0002022102108200227CDE7ADF84010D9E753
:10B0D000ADF84000D6E7ADF84020D3E782B00023BA
:10B0E0008DF80610BDF8062060F30F0362F31F43CE
:10B0F000184602B0704700BF4378017882B003F071
:10B100000F028DF806201B09BDF8062003EB011382
:10B11000002063F30F0062F31F4002B0704700BFCE
:10B120000246C0F3034382B0C2F30B1C03EB0210D0
:10B1300081F800C0487002B0704700BF00B58BB006
:10B140000146042202A8FFF7FFFD0DF105030DF1F2
:10B15000060201A902A801F09BF99DF804300D2B0D
:10B1600003D000200BB05DF804FB9DF8053013F010
:10B17000020F14BF022001200BB05DF804FB00BFDA
:10B1800070B50025ADF5347D04464FF424720E46AB
:10B1900010A82946CDE90355F5F72AF903A9304649
:10B1A00002F04AF9BDF80C30ADF84030204600F00E
:10B1B000E5FF2B4600900C2205A908A8FFF7B2FD79
:10B1C00010A908A802F0AAF9089B2A462946204699
:10B1D00000F07EFF08A8FFF7E3FD236F024605A9F4
:10B1E000D3E90004A0470DF5347D70BD70B592B071
:10B1F00005460E46144600F0C1FF05A90090002345
:10B200000AA81122FFF78EFD182202FB0454002326
:10B21000052250340A210AA801F020F903A920468A
:10B2200004F020FF40BAADF80E0003A90AA88DF87B
:10B23000106002F0E3F900220A9B1146284600F054
:10B2400047FF0AA8FFF7ACFD2B6F024605A9D3E91B
:10B250000004A04712B070BD10B59FED0D7B002318
:10B26000C0E91C130446C0E91E33C0E92033C0E91D
:10B270002233C0E9243380ED267B80F8A030812181
:10B2800000F092FE04F10800BDE8104001F002B8A1
:10B290000000000000000000C0E92012704700BF5D
:10B2A000C0E92212704700BFC0E92912704700BFF1
:10B2B000C0E92B12704700BF10B584B0CDE9002162
:10B2C000044600F05BFFDDE90021034604F10800BD
:10B2D00004B0BDE8104001F027B800BF10B588B039
:10B2E000CDE904210446039300F048FFDDE9033271
:10B2F0000090059904F1080001F02AF80022C3B279
:10B3000063F30702C0F3072363F30F22C0F307437D
:10B3100063F31742030E63F31F62104608B010BDBB
:10B3200082B0083002B001F02DB800BF10B584B073
:10B330000B4C0094083001F03BF80022C3B263F3D9
:10B340000702C0F3072363F30F22C0F3074363F33D
:10B350001742030E63F31F62104604B010BD00BF16
:10B360003DB1000810B5044601F0D8F8D4E9263202
:10B37000C01A61EB020110BD2DE9F047037E84B0D5
:10B380000446002B35D04FF0000948460DF1020865
:10B3900003AF02AE06E0237E09F101095FFA89F0EE
:10B3A000834226D90122114604EB001500F01EFF4E
:10B3B0000835844643463A4631462846CDF804C00F
:10B3C00004F0D6FE0028E6D0029BBDF802209DF8CE
:10B3D0000410204600F07CFE236F039A5D68186815
:10B3E0000299A84709F10109237E5FFA89F0834297
:10B3F000D8D894F848308BB34FF000090DF102080B
:10B4000003AF02AE48460122022100EB800500F0A6
:10B41000EDFE04EBC505203501900DE0BDF80220DE
:10B420009DF80410029B00F053FE236F039AD3F89B
:10B4300004A002991868D04743463A463146284648
:10B4400005F0B4F803462046002BE7D194F84830C5
:10B4500009F101095FFA89F08342D4D804B0BDE84C
:10B46000F08700BF2DE9F0410D46ADF5247D69461A
:10B470000746284601F0EEFE02A9044628469DF83C
:10B480000580FEF79DFC9DF808300440E4B25BB9EE
:10B4900087A92846FEF794FC9DF81C3206464BB956
:10B4A0000DF5247DBDE8F08103A9284601F07AFD61
:10B4B0000440EDE788A92846FEF7B0FC3442EFD0FF
:10B4C0000028EDD09DF820320D2BE9D18AA928461D
:10B4D000FFF74AFA40B1BDF92832002B07DDB8F179
:10B4E000000F14BF0120022087F8B500D8E7002024
:10B4F000FAE700BF2DE9F04F97B0C14E099204461C
:10B500000D464FF001080DF12F030CAA0DF12E018D
:10B51000284600F0BDFF002800F03E819DF82E3047
:10B520009DF82620023B0D2BEDD801A151F823F008
:10B530008FB7000807B500087FB700081DB70008DF
:10B5400013B7000807B5000807B5000873B6000870
:10B5500003B60008C3B5000807B5000807B5000822
:10B5600007B5000869B5000810A9284602F096F84A
:10B57000D4F89090B9F1000F00F0168100F0CEFFE2
:10B58000159F02460B46149800218C46C0FB067C92
:10B59000CDE9047C1098119F8C46C0FB067CE246E6
:10B5A000BC46DDE91207C0FB0671CDE902CACDE950
:10B5B0000071D4F8941006912046C84784F8A08002
:10B5C000A1E710A9284602F057F800219DF8440091
:10B5D00000F036FEC0F307270F90394604F108004B
:10B5E00000F01CFF00288ED0BDF84010BDF84220AE
:10B5F00004F02CFD9DF83C103A462046FFF7F6FD7E
:10B6000081E710A9284602F00FF800219DF84400B8
:10B6100000F016FE0D90C0F3072104F1080000F0C1
:10B62000E9FE074600283FF46EAF9DF842309DF8D2
:10B630004310BDF8402001EB032189B205F060F80A
:10B64000384605F01DF80DF1380AADF8320006E075
:10B65000236F0F9AD3F804900E991868C8470DF11C
:10B6600032030FAA5146384605F00CF80028EFD1F6
:10B6700049E79DF825308DF835300DF1380A9DF8F1
:10B6800027308DF8373051469DF82430BDF83070A2
:10B690009DF82F908DF8362028468DF8343001F033
:10B6A00023FD50460FA90DF1320200F08DFDD4F8B4
:10B6B00080B00F99BDF832A01091043F09F00E0937
:10B6C000BFB2BBF1000F06D0D4F8843000935246CD
:10B6D00000232046D847E26F6AB1606F002102382C
:10B6E00002E00131914206D030F8023F5345F8D1D3
:10B6F000A36F00225A54BDF8321002910F990191A4
:10B700000D9900914B463A462946204605F07CF8B3
:10B71000F9E629462046FFF7A5FEF4E6002A3ED0CA
:10B7200010A9284601F0DCFE0EA90DAA10A800F011
:10B730004BFDD4F880A00E999DF84490BDF834706C
:10B740000F91BAF1000F06D0D4F8843000933A4636
:10B750004B462046D047E26F002A3FF4D4AE606FDC
:10B760000021023803E0013191423FF4CCAE30F8C1
:10B77000023FBB42F7D1A36F03F80190C3E6002A52
:10B780007FF4C1AE2946204600F064FCBBE62946A2
:10B790002046FFF7F5FCB6E617B0BDE8F08F294666
:10B7A000204600F063FCAEE600F0B8FE149B159A4C
:10B7B0004F46C3FB06271218129B139847EB010153
:10B7C0004F46C3FB06073B468446DDE91070C7FBC6
:10B7D00006091CEB000C4F4643EB0703B2EB0C0CC5
:10B7E00061EB0303DA0F12EB0C0243F10003520882
:10B7F00042EAC3725B10C4F89820C4F89C30DDE6BE
:10B8000000CA9A3B2DE9F04F0B1E9DB0B8BF6FF0F8
:10B8100000438046059300F067FE98F84820814673
:10B82000002A00F0A18000266FF000434FF0FF3B9C
:10B83000039330460F460FE0D3E90E2303995A4590
:10B8400006F1010673EB0101F0B201DA93460393AE
:10B8500098F84830834260D900EB8004022101222D
:10B8600000F0C4FCE40004F12005454401463B46D9
:10B870004A462846099104F0D9FE08EB0403002843
:10B88000DAD09DF824309DF825500493404600F00E
:10B8900075FC01350DF1500A05EB850508EBC50572
:10B8A0000023112200900CA95046FFF73BFA002319
:10B8B00005220B21504600F0D1FD6889012105F0D9
:10B8C0006DF82B89ADF82A300246049BADF828208C
:10B8D0000AA950468DF82C3001F0BAFE002211461C
:10B8E000149B404600F0F4FB5046FFF759FAD8F895
:10B8F000703002460CA9D3E900054444A847D4E9B6
:10B900000E2303995A4506F1010673EB0101F0B2CB
:10B910009CDB98F8483083429ED8039A6FF000432E
:10B920009A4208BFBBF1FF3F1ED0ABEB090305995C
:10B93000D8F87020002B08BF01239942A8BF1946F0
:10B940009468106889460B4608AA07A9A04768B9F9
:10B95000059BA3EB0903002B05933FF75CAF04465F
:10B9600020461DB0BDE8F08F059BE0E7DDE907123A
:10B9700004460CA8FFF7E8F900250DF11A0306AA02
:10B980000CA940468DF8185000F0B6FB18B92046B7
:10B990001DB0BDE8F08F29469DF8180000F050FC5E
:10B9A000C0F30745012DCDE90900BDF81AA0C0F389
:10B9B00007264BD0022D0FD0002DE8D1294628466E
:10B9C00000F03EFC0CA9024640460A92FFF792FDA9
:10B9D00020461DB0BDE8F08F314608F108009DF803
:10B9E000249000F01BFD074638B30E9A03920CA872
:10B9F000FFF7DAF903460DF119000090039A51465A
:10BA0000384604F029FAC0B19DF8193093B314AD4B
:10BA10004FF0020A0AE08DF828908DF829608DF821
:10BA20002AA00A9A29464046FFF764FD04222946C7
:10BA3000384604F091FA0028EDD140463246494696
:10BA4000FFF7D4FB20461DB0BDE8F08F314608F16A
:10BA5000080000F0D9FC002899D0514604F068F99C
:10BA6000002894D08DF82A500A9A0CA94046FFF776
:10BA700041FD8CE78DF82A500A9A0CA94046FFF741
:10BA800039FDC4E72DE9F04106460D4600F02CFDD6
:10BA900007463046FFF770FC002D06F10808A8BFE6
:10BAA0002C4607DA0EE0FFF7ADFE00F01DFDC31BCC
:10BAB000EC1A07D4404600F0BBFC03462146304652
:10BAC000002BF0D04046BDE8F04100F0B1BC00BF13
:10BAD0002DE9F843089C06460F4691461D46FFF7A0
:10BAE0004BFC24B12246FF212846F4F781FCC6E92D
:10BAF0001D95F46700F0F8FC013DA9F102098046AC
:10BB000039463046FFF77EFE00F0EEFCA0EB080061
:10BB1000391A44B32846AC46012302E0A3420DD2B1
:10BB200001331CF801EFBEF1FF0FF7D1A34239F842
:10BB3000132013D2002AF3D00029E2DC0023F3679C
:10BB40002C4401E0012B12D810F8013F8442F9D1B6
:10BB5000012B8CBF00200120BDE8F8830029EDDD1A
:10BB6000002ACED1EAE7F4670120BDE8F88300207F
:10BB7000BDE8F8832DE9F04F04469DB0FF206071C9
:10BB80000393002B00F0B6808A4691464FF0000BDD
:10BB9000236F4A46D3E900055146A84700F0A4FCAC
:10BBA0004FF47A73054609E000F09EFC401BC0F597
:10BBB0007A73002B40DD6079FF2845D1226F08A9F8
:10BBC0009668106809AAB0470028EDD0DDE9081290
:10BBD0000CA8FFF7B9F800260DF11E0307AA0CA95F
:10BBE00020468DF81C6000F087FA0028DCD0314632
:10BBF0009DF81C0000F024FBC0F30747BDF81E3081
:10BC00000293012FCDE90A00C0F307265CD0022F72
:10BC100020D0002FC8D13946384600F011FB0CA9BE
:10BC200002460B902046FFF765FC00F05DFC401BD0
:10BC3000C0F57A73002BBEDC039B60790BF1010B1E
:10BC40005B4501D0FF28A3D0FF3818BF01201DB0ED
:10BC5000BDE8F08F9DF828300493314604F10800C8
:10BC600000F0DCFB804648B30E9A05920CA8FFF763
:10BC70009BF803460DF11D000090059A029940467D
:10BC800004F0EAF8D0B19DF81D30002B3AD0049FA3
:10BC90000AE04FF002038DF82C708DF82D608DF8BE
:10BCA0002E300B9AFFF726FC14A90422404604F01C
:10BCB00053F9034614A92046002BEAD104993246D1
:10BCC0002046FFF793FA6FE7314604F1080000F0D1
:10BCD0009BFB00283FF468AF029904F029F8002884
:10BCE0003FF462AF8DF82E700B9A0CA92046FFF737
:10BCF00001FC59E7236FD3E90004A04701201DB0E0
:10BD0000BDE8F08F8DF82E700B9A0CA92046FFF736
:10BD1000F1FBBCE730B58FB004460D4600F02EFABB
:10BD200000231022009002A906A8FEF7FBFF06A937
:10BD3000204600F073F900221146069B204600F0D1
:10BD4000C7F906A8FFF72CF82B46024602A92046A1
:10BD5000FFF710FF18B16079B0FA80F040090FB01A
:10BD600030BD00BF2DE9F04F00F1080BABB0044629
:10BD7000584600F099FA204600F000FA002300909F
:10BD80001C220BA912A8FEF7CDFF236F1A8A043AD2
:10BD900092B212A9204600F017F91299204600F03D
:10BDA00083F912A8FEF7FCFFFF2363710A23DA462A
:10BDB00003938346236F5A46D3E900050BA9A8478E
:10BDC00000F092FB4FF47A73054609E000F08CFB1B
:10BDD000401BC0F57A73002B627938DDFF2A3CD115
:10BDE000226F07A99668106808AAB0470028EDD00E
:10BDF000DDE907121AA8FEF7A7FF00260DF11A03C6
:10BE000006AA1AA920468DF8186000F075F90028D6
:10BE1000DCD031469DF8180000F012FAC0F3074656
:10BE2000012ECDE90900BDF81A90C0F3072753D0C1
:10BE3000022E18D0002EC9D13146304600F000FA4B
:10BE40001AA902460A902046FFF754FBBEE7039B5F
:10BE5000013B039301D0FF2AACD0002A51D000202F
:10BE60002BB0BDE8F08F9DF824300493394650463E
:10BE700000F0D4FA804648B31C9A05921AA8FEF73F
:10BE800093FF03460DF119000090059A494640467C
:10BE900003F0E2FFD0B19DF81930002B38D0049E9A
:10BEA0000AE04FF002038DF828608DF829708DF8B4
:10BEB0002A300A9AFFF71EFB22A90422404604F00A
:10BEC0004BF8034622A92046002BEAD104993A46B2
:10BED0002046FFF78BF979E73946504600F094FA8F
:10BEE00000283FF473AF494603F022FF00283FF4D7
:10BEF0006DAF8DF82A600A9A1AA92046FFF7FAFA60
:10BF000064E7504600F0D0F901202BB0BDE8F08F77
:10BF10008DF82A600A9A1AA92046FFF7EBFABEE7C5
:10BF20002DE9F04782B08246104615461E469DF820
:10BF300028709DF82C800191C1F3072400F0CEFAFF
:10BF40009DF8063005F10409012B81441DD0022B18
:10BF500016D121460AF1080000F04CFA044658B107
:10BF60004946324604F0B4F904462CB14346AAB21D
:10BF70003946304600F072FA204602B0BDE8F0873C
:10BF80000024204602B0BDE8F08721460AF10800EF
:10BF900000F028FA04460028EED04946324604F064
:10BFA000C7F80446E1E700BF130E4370C2F307234E
:10BFB000C2F3074C0170C3700921FF2380F802C04F
:10BFC0000271C1804371704730B589B00023124DB2
:10BFD0000793ADF81C2001220193C2808DF8042044
:10BFE0002A680092AA88ADF80620D0F801200292B3
:10BFF0000C460278039319468DF80C202046102237
:10C00000CDE90433069300F029FA6946204601F091
:10C0100081F909B030BD00BF541C010810B50C4BAC
:10C0200082B0B3F808C0ADF806C00C4602224FF447
:10C030000073C280ADF8043004220023032120469F
:10C0400000F00CFA01A9204601F00AFA02B010BD76
:10C05000541C010810B588B00446084601A901F037
:10C060000FFA9DF80430637108B010BD10B5044696
:10C0700084B0084602A901F033FAE388022B01D00C
:10C0800004B010BD0DF10A00FFF736F89DF8082046
:10C090009DF8093003EB02239BB2022B04BF9DF8ED
:10C0A0000C30637104B010BD10B508228AB004468C
:10C0B0000DEB0200FEF748FE14F8011B009400236C
:10C0C0001A4601F0800102A800F0C2FB0AB010BDC0
:10C0D00030B58DB004460D460392194604A80822D7
:10C0E000FEF732FE14F8011B039B00942A4604A8B5
:10C0F00000F0AEFB0DB030BD2DE9F041074684B035
:10C1000008460C4615461E46FEF74EFE082803D884
:10C11000002004B0BDE8F0810DF10C0833462A463A
:10C12000CDF8008020460DF10B0100F0AFFB3A780E
:10C130009DF80B309342EBD11B061CD49DF80C20CC
:10C140007B789A4203D0012080F00100E1E79DF85E
:10C150000D20BB789A4207F10201F4D19DF80E2020
:10C1600011F8013F9A42EED19DF80F204B789A4288
:10C17000E9D10020E8E70120CBE700BF90F90030CB
:10C18000002BACBF08200420704700BF10B5C38847
:10C1900082B04FF6F4740191A3F10A0189B2A14271
:10C1A0000ED801339CB2C3F30721DBB2C4800198DF
:10C1B00011705370911CFEF7B3FF204602B010BD02
:10C1C0000A2300211C46F1E770B5044602300D46F3
:10C1D0001646FEF791FFC0F30F4328806B8022784C
:10C1E000637803EB0223338070BD00BF012982B066
:10C1F0001DD002294FF0000C1ED000236CF3070362
:10C2000060F30F2361F3174362F31F63DAB2002078
:10C2100062F30700C3F3072262F30F20C3F3074260
:10C2200062F317401B0E63F31F6002B0704700F10A
:10C23000010C5FFA8CFCE0E780F0800CDDE700BFCA
:10C2400082B030B1030620D4421ED2B24FF0010CAE
:10C2500001E084460246002360F3070362F30F23E4
:10C260006CF3174361F31F63DAB2002062F3070037
:10C27000C3F3072262F30F20C3F3074262F31740B0
:10C280001B0E63F31F6002B0704780F080024FF016
:10C29000020CE0E70023037480F8403080F844305B
:10C2A00080F86030704700BF70B5037C044653B11E
:10C2B00006460025304603F035FF237C0135AB42AE
:10C2C00006F11006F6D894F8443063B104F1420642
:10C2D0000025304603F028FD94F844300135AB4288
:10C2E00006F10206F5D894F8403063B104F118065F
:10C2F0000025304603F0C2FF94F840300135AB42D0
:10C3000006F12806F5D894F8603063B104F14806C8
:10C310000025304603F07CFD94F860300135AB42D7
:10C3200006F11806F5D870BD10B5047C04F1010CB7
:10C3300082B080F810C000EB041003F0E9FE012287
:10C340001146204602B0BDE81040FFF74FBF00BFC6
:10C3500010B584B084469DF8180000909CF84040C9
:10C36000282000FB04C004F1010E18308CF840E0D6
:10C3700003F04CFF01220221204604B0BDE810402A
:10C38000FFF734BF10B590F844400346621C04F137
:10C39000210082B003EB400083F8442003F0C0FC8E
:10C3A00000220121204602B0BDE81040FFF71EBF69
:10C3B00010B584B08446069800909CF86040182020
:10C3C00000FB04C004F1010E48308CF860E003F07B
:10C3D000F3FC00220221204604B0BDE81040FFF724
:10C3E00005BF00BF037C8B428CBF00EB0110002017
:10C3F000704700BF90F840308B4283BF282303FB77
:10C40000010018300020704790F844308B4286BFFE
:10C41000213100EB41000020704700BF90F86030F0
:10C420008B4283BF182303FB010048300020704774
:10C4300090F8403083B170B5064600F1180500242D
:10C4400001E0283538B1284604F088F996F84030E4
:10C450000134A342F5D870BD01207047F8B50446F9
:10C460000E46042115461F46FEF788FC012347EAC5
:10C4700003023146237520462B4600F027FA20465A
:10C48000FEF792FCA84234BF00200120F8BD00BF97
:10C490002DE9F04104460D46042116469846FEF764
:10C4A0006DFC2046FEF780FC03288CBF0127002787
:10C4B00002D83846BDE8F081334642462046294638
:10C4C00000F018FA98F8003003F0010203F0FE03C0
:10C4D00088F8003022753846BDE8F08110F003007E
:10C4E00018BFC0F10400704710B584B06946012040
:10C4F000FCF77EFC9DE815000649A0FB010300192E
:10C5000001FB023141EBE471034A0023F5F744FDDE
:10C5100004B010BD00CA9A3B40420F0010B584B071
:10C5200069460120FCF764FC064A00980299019CC8
:10C53000A0FB0203401802FB043343EBE17104B09B
:10C5400010BD00BF00CA9A3B2DE9F0410C468AB0ED
:10C5500091F8C110064604F10800FFF74BFF0546AD
:10C5600004F006F968B9D4E92E312046984718B985
:10C5700001200AB0BDE8F081284604F0F9F800284F
:10C58000F6D02989EB89287B6A68B2FBF1F8B3FB06
:10C59000F1F201FB1231C0F57F4089B208FB01F1D5
:10C5A000FC30A8F10408D4F8C430404487B2DB1B47
:10C5B000C4F8C4302B6804311944424651F8043C95
:10C5C000009302A80023FEF7ADFBD4F8C42002F1CB
:10C5D0000803434528D93A4600230D2102A8FFF756
:10C5E0003DFF2989EB89B3FBF1F201FB12339BB2CA
:10C5F0006A68B2FBF1F202FB03F32A6842F8038097
:10C60000E889012104F0CAF90499039AE881521AD1
:10C610003046FEF799FB30460F492246FEF768FB8D
:10C6200000200AB0BDE8F08192B202230D2102A8D9
:10C63000FFF714FF2889EB89B3FBF0F100FB1133FE
:10C64000D4F8C4206968B1FBF0F19BB201FB03F39D
:10C6500029680832CA50D3E749C50008F0B587B049
:10C66000072702920C9A039100250432CDE9007548
:10C670001C460646FFF754FC80F00102D2B2A275B8
:10C6800012B1284607B0F0BD05AA02993046FFF75F
:10C690007DFD05A90546204600F0A0FFD4E9012153
:10C6A000A669E769521A2046FEF74EFB20463A4635
:10C6B0003146FEF71DFB284607B0F0BD2DE9F04FCF
:10C6C00091B0054605910830C1F307211E4604923A
:10C6D000FFF790FE9DF81630012B00F09180044684
:10C6E000002800F08D8004F043F8002800F08380DB
:10C6F0002289E789B7FBF2F902FB19791FFA89F958
:10C700006368B3FBF2F22368039202FB09F909F1B3
:10C7100004099944237B59F8048C4345A2F1040B86
:10C720007AD3ABF1040AAAEB030A5A46002349461E
:10C7300008A8CDF80080FEF7F5FA1A9B1FFA8AFACE
:10C74000524603F1080ADA4534BF022300230D21C3
:10C7500008A8FFF783FE2189B7FBF1F201FB1272F3
:10C7600092B26368B3FBF1F302FB03F3226838462D
:10C7700042F803B0012104F011F9039B08F1040110
:10C78000A3F10802A2EB0802494407463046FEF72F
:10C79000DBFA1A9BE7811A1DB2F5803F28BF002201
:10C7A000002392B207213046FFF758FE049907AAEA
:10C7B0002846FFF7EBFC044618B307A9304600F003
:10C7C0000DFFD6E901213046521AFEF7BDFA059B4E
:10C7D000C5F8C0301B9BC5F8B8301C9B1B49C5F879
:10C7E000C4A03046C5F8BC302A46FEF781FA204680
:10C7F00011B0BDE8F08F1C991B9B2846984720B9C3
:10C800000024204611B0BDE8F08F204603F0B0FFB1
:10C8100000287FF46DAFF3E73846012104F0BEF83D
:10C820002189B0FBF1F201FB12091FFA89F263685A
:10C83000B3FBF1F9236802FB09F909F104099944F2
:10C840000746237B59F8048C6BE700BF49C50008F5
:10C85000F0B583B01646044601930D46089FFDF7D8
:10C86000C7FA31462046FDF7C3FA019A0121204656
:10C87000FDF76AFB2B0601D503B0F0BD0422394653
:10C88000204603B0BDE8F04003F050B8F0B583B0E7
:10C890001646044601930D46089FFDF7BFFA314640
:10C8A0002046FDF7BBFA019A01212046FDF740FC26
:10C8B00095F90030002B01DA03B0F0BD04223946AF
:10C8C000204603B0BDE8F04003F094B830B583B023
:10C8D000154604460193FDF78BFA29462046FDF7DD
:10C8E00087FA019A0121204603B0BDE83040FDF7E8
:10C8F0002BBB00BF30B583B0154604460193FDF74E
:10C900008DFA29462046FDF789FA019A0121204631
:10C9100003B0BDE83040FDF70BBC00BF2DE9F84384
:10C9200004220E46054603F001F802220746311D97
:10C93000284602F0FBFF38400222B11DC7B228464C
:10C9400002F0F4FF0422074006F10801284602F035
:10C95000EDFF317B07402846FDF74AFA717B07401F
:10C960002846FDF717FA737B07EA00083BB9B18B3D
:10C970002846FDF769FA08EA0000BDE8F883316946
:10C980002846FDF74BFC3369E3B1C0B137464FF0A1
:10C99000000901E0083794B17969284603F0E6F808
:10C9A000B9690446284603F0E1F8336909F1010941
:10C9B00004409945E4B2EDD308EA0408D7E74FF004
:10C9C0000008D4E708EA0008D1E700BF2DE9F843E2
:10C9D00004220C46054603F00DF802220746211DED
:10C9E000284603F007F838400222A11DC6B22846A7
:10C9F00003F000F80422064004F10801284602F082
:10CA0000F9FF04F10C0106402846FDF707FA04F18E
:10CA10000D0106EA00072846FDF7D2F9637B0740BF
:10CA20003BB904F11C012846FDF70EFB3840BDE878
:10CA3000F88304F110012846FDF720FD2369012B3E
:10CA400003D90123AB750027EBE70BB30028FAD01D
:10CA5000A0464FF0000901E0002EF4D0D8F81410E1
:10CA60004FF40072284603F091F84FF40072064626
:10CA7000D8F81810284603F089F8236909F101094C
:10CA80000640994508F10808F6B2E5D33740C8E7F3
:10CA90000740C6E72DE9F84304220F46054602F099
:10CAA00045FF02220446391D284602F03FFF204080
:10CAB0000222B91DC4B2284602F038FF397A044078
:10CAC0002846FDF767F93B7A00EA040813B94046A7
:10CAD000BDE8F883F9682846FDF7A0FBFB6803B3BF
:10CAE000D0B13E464FF0000901E00836A4B13169EB
:10CAF000284603F03BF871690446284603F036F8EF
:10CB0000FB6809F1010904409945E4B2EDD308EA54
:10CB100004084046BDE8F8834FF000084046BDE8F1
:10CB2000F88308EA0008D2E770B50D460978064692
:10CB3000FDF75EF9044630B12B78022B0CD0032BA5
:10CB400010D0012B08D0022205F50271304602F008
:10CB5000EDFE2040C0B270BD6968304603F006F8B3
:10CB60000446F0E72946304651F8042F043102F01C
:10CB7000D1FF0446E7E700BF70B50B78013B0C46D8
:10CB800005460D2B54D8DFE803F030071B1B0707C1
:10CB90000707530C0C0C4E49BDE870400431FFF7F9
:10CBA000C3BF0979FDF724F9E8B12379012B01D03E
:10CBB000022B3DD1A1682846BDE8704002F0D6BFE7
:10CBC0000979FDF715F9064620B12379022B39D0F2
:10CBD000032B2FD0022204F50371284602F0A6FE93
:10CBE0003040C0B270BD002070BD0979FDF700F97A
:10CBF000064658B12379022B03D0032B28D0012BF2
:10CC000004D1A168284602F0B1FF0646B4F90C121F
:10CC10002846FDF729FE3040C0B270BDBDE8704027
:10CC20000431FFF77BBEBDE870400431FFF732BF2F
:10CC3000012070BDA26804F10C01284602F06AFFD1
:10CC40000646C7E7A168284602F090FF0646C1E7FE
:10CC5000A26804F10C01284602F05CFF0646D5E705
:10CC600070B506460D46FDF7D9F8044630B12B786D
:10CC7000022B0CD0032B12D0012B08D0022205F579
:10CC80000271304602F0B6FE2040C0B270BD696845
:10CC90004FF40072304602F079FF0446EEE72B1D98
:10CCA0004FF4007205F10801304602F045FF0446DA
:10CCB000E4E700BF70B50D4609780646FDF76AF84F
:10CCC0002B7804464BB9297A3046FDF763F82B7A66
:10CCD0000440E4B243B9204670BD6968304602F0B2
:10CCE00045FF0440E4B2EEE7E968304602F03EFF5B
:10CCF0000440204670BD00BF70B50D460968064669
:10CD000002F034FF297904463046FDF743F82B79C9
:10CD10000440E4B243B9297B3046FDF73BF82B7B56
:10CD200004403BB9204670BDA968304602F01EFFA2
:10CD30000440F0E72969304602F018FF0440E4B2ED
:10CD4000204670BD2DE9F0410C4609780646FDF7F6
:10CD500021F8237805466BB994F828103046FDF782
:10CD600019F894F828300540EDB2002B69D1284617
:10CD7000BDE8F08161683046FDF750FA6368002B2A
:10CD80006BD0002867D0A168304602F0EFFE6368E0
:10CD9000012B53D900285ED0E168304602F0E6FE50
:10CDA0006368022B4AD9002855D02169304602F029
:10CDB000DDFE6368032B41D900284CD06169304601
:10CDC00002F0D4FE6368042B38D9002843D0A1694F
:10CDD000304602F0CBFE6368052B2FD900283AD0ED
:10CDE000E169304602F0C2FE6368062B26D990B393
:10CDF000216A304602F0BAFE6368072B1ED950B391
:10CE0000616A304602F0B2FE6368082B16D910B38F
:10CE1000A16A304602F0AAFE6368092B0ED9D0B190
:10CE200004F12C08092700E0A8B158F8041B30468B
:10CE300002F09CFE626801379742F5D30540EDB2DF
:10CE40008AE7E26A04F13001304602F063FE0540F1
:10CE50002846BDE8F08100257EE72840C5B27BE783
:10CE600070B50D4609780646FCF794FF2B7804460A
:10CE70004BB9297A3046FCF78DFF2B7A0440E4B297
:10CE800043B9204670BD6968304602F06FFE044029
:10CE9000E4B2EEE705F10C013046FFF753FF044022
:10CEA000204670BD2DE96843884609888146FCF715
:10CEB000CBFF98F8021006464846FCF76BFF98F83F
:10CEC00002300640F5B2EBB998F806104846FCF778
:10CED00061FF98F8063005407BBB98F80C10484677
:10CEE000FCF758FF98F80C300540F3B998F8141087
:10CEF0004846FCF74FFF98F8143005404BB92846D8
:10CF0000BDE86883B8F804104846FCF79DFF05406B
:10CF1000DAE7D8F8182008F11C01484602F0FAFDBB
:10CF20002840C5B22846BDE86883D8F810104846A6
:10CF3000FDF774F92840C5B2D8E7D8F8081048467C
:10CF4000FDF76CF92840C5B2C7E700BFF8B502226B
:10CF50000D46064602F0EAFCA97804463046FCF786
:10CF600019FFAB780440E4B20BB92046F8BD05F1D7
:10CF700008013046FFF796FF95F82C10074630461B
:10CF8000FCF708FF95F82C303840C7B213B93C4085
:10CF90002046F8BDD5E90C233046FDF795FB074048
:10CFA000F5E700BF70B505460E46FCF737FF68B1E0
:10CFB0003378013B04460D2B09D8DFE803F0410A22
:10CFC00023230A0A0A0A081010105C56002420467F
:10CFD00070BD311D2846BDE87040FFF741BE311DD0
:10CFE0002846FCF71BFF0028F0D03379012B01D035
:10CFF000022BECD1B16828464FF40072BDE87040B6
:10D0000002F0C4BD311D2846FCF708FF044670B18C
:10D010003379022B4CD0032B09D106F108034FF4CE
:10D02000007206F10C01284602F086FD0446022239
:10D0300006F50371284602F0DDFC2040C4B2C6E7C5
:10D04000311D2846FCF7EAFE044630B13379022B45
:10D0500036D0032B3CD0012B32D006F50371284685
:10D06000FDF782FC2040C4B2B1E7311D2846BDE87F
:10D070007040FFF7ABBC0422B118284602F0BAFC9E
:10D08000022206F108010446284602F0B3FC0222FF
:10D09000044006F10A01284602F0ACFCE4B2034663
:10D0A00006F10C0128461C40FCF78AFE04408EE77E
:10D0B000B1684FF40072284602F068FD0446B6E7F6
:10D0C000B1684FF40072284602F060FD0446C4E7E0
:10D0D00006F108034FF4007206F10C01284602F035
:10D0E0002BFD0446B9E700BF70B5022205460E4687
:10D0F00002F080FC02220446B118284602F07AFCB5
:10D100002040C0B270BD00BF2DE9F0470D46097840
:10D110000746FCF76DFE814638B12B78062B00F0F0
:10D1200082800D2B16D0052B02D04846BDE8F08733
:10D13000B5F908103846FDF797FBD5E90423814679
:10D140003846FDF7C1FA09EA00005FFA80F948465F
:10D15000BDE8F087B5F908103846FDF785FBE968AA
:10D1600081463846FDF75AF8EB68002BEBD020B328
:10D1700005F10C08002606EB460A05EBCA0A9AF8E8
:10D1800010103846FCF734FE002853D09AF81030BF
:10D1900006EB46017400C900032B54D8DFE803F006
:10D1A0003221100241443846896802F0DFFCEA6807
:10D1B0000136964242D20028DDD14FF00009B4E793
:10D1C000083141441022384602F0B0FB344405EBEC
:10D1D000C4030446596A3846FDF720F82040C0B21F
:10D1E000E5E7083141440422384602F09FFB34440D
:10D1F00005EBC4030446198B3846FCF725FE204096
:10D20000C0B2D4E7083141440222384602F08EFB16
:10D21000344405EBC4030446997D3846FCF7E8FD29
:10D220002040C0B2C3E7B5F908103846BDE8F04762
:10D23000FDF71ABBEA680136B242BED809EA000916
:10D240005FFA89F971E7EB6801369E420AF1180A24
:10D2500095D36AE72DE9F041022206460F4602F017
:10D26000C9FB0222B9180546304602F0C3FB391D3E
:10D2700080463046FCF7D2FD791D04463046FCF767
:10D28000CDFD05EA08052C402040C0B2BDE8F08184
:10D290002DE9F0410E4609780746FCF7A9FD7178A3
:10D2A00004463846FCF7A4FDB17804403846FCF744
:10D2B00071FDB378E4B204404BB9317A3846FCF7DB
:10D2C00069FD337A044043B92046BDE8F0817168B6
:10D2D000384602F04BFC0440EFE771893846FCF712
:10D2E000B3FDB18905463846FCF7AEFDF18905402E
:10D2F0003846FCF7A9FD318A80463846FCF7A4FD84
:10D30000EDB2254008EA050500EA05042046BDE81F
:10D31000F08100BFFFF702BBF8B5022207460E46B8
:10D3200002F004FB0222B1180546384602F0FEFA6C
:10D33000317904463846FCF75BFD70B133792C40F7
:10D34000013BE4B20D2B09D8DFE803F04C0A23239C
:10D350000A0A0A0A08121212453E00242046F8BDA5
:10D3600006F108013846FFF7DFFB04402046F8BD10
:10D37000317A3846FCF73CFD0028EED0337A012B99
:10D3800001D0022BEAD1F168384602F0EFFB0440ED
:10D39000E4E7317A3846FCF72BFD054658B1337A7D
:10D3A000022B34D0032B06D1F26806F11001384667
:10D3B00002F0B0FB0546022206F50471384602F081
:10D3C000B5FA28400440C9E706F108013846FFF7DE
:10D3D000A5FA0440C2E706F108013846FFF75AFBF8
:10D3E0000440BBE7317A3846FCF702FD054630B110
:10D3F000337A022B11D0032B15D0012B0DD0B6F9A7
:10D4000010123846FDF730FA28400440A6E7F168CC
:10D41000384602F0ABFB0546CDE7F168384602F02E
:10D42000A5FB0546EBE7F26806F11001384602F06D
:10D4300071FB0546E3E700BF70B5022205460E46C4
:10D4400002F0D8FA0222B1180446284602F0D2FAB5
:10D45000311D04402846FDF711F8E4B2204070BDAC
:10D4600070B5022205460E4602F060FA022204461A
:10D47000B118284602F05AFA2040C0B270BD00BF71
:10D480002DE9F04105460E46FCF7C8FC711C044628
:10D490002846FCF7C3FC0422B1188046284602F057
:10D4A000A9FA06F1080107460222284602F0A2FA6C
:10D4B00004EA0803DBB203EA07040222074606F186
:10D4C0000A01284602F096FA06F10C0103462846A6
:10D4D0001D46FCF775FC3C4025402840BDE8F08126
:10D4E0002DE9F041022206460F4602F083FA02229D
:10D4F000B9180546304602F07DFA391D804630469F
:10D50000FCF78CFC791D04463046FCF787FC05EAE5
:10D5100008052C402040C0B2BDE8F0812DE9F04163
:10D5200002220C46054602F001FA0222A1188046AA
:10D53000284602F0FBF9217907462846FCF758FCFB
:10D54000617906462846FCF753FC08EA070806EA14
:10D5500008060640217A2846FCF71CFC237AF7B21D
:10D5600006466BB994F81C122846FCF713FC94F895
:10D570001C323040C6B283B906EA0700BDE8F0812C
:10D58000217B2846FCF734FC88B104F10C012846C5
:10D59000FFF7F2FA3040C6B2E4E704F50871284616
:10D5A000FFF7B2FD064006EA0700BDE8F081064637
:10D5B000D8E700BF70B5022205460E4602F0B6F964
:10D5C0000222B1180446284602F0B0F9311D044089
:10D5D0002846FFF75DFEE4B2204070BD70B5022220
:10D5E00005460E4602F0A2F902220446B11828466A
:10D5F00002F09CF92040C0B270BD00BF70B50C466F
:10D600000E4634F8021B0546FCF71EFC022221469A
:10D610000446284602F08AF9317904402846FCF78E
:10D62000E7FBE4B2204070BD70B505460E46FCF73E
:10D630000BFD0222B1180446284602F0DBF9311D29
:10D6400004402846FCF7EAFBE4B2204070BD00BF6E
:10D6500070B50D4609880646FCF7F6FB6988044656
:10D660003046FCF7F1FB297904403046FCF7C0FB5B
:10D67000E4B2204070BD00BF70B505460E46FCF711
:10D68000E3FCB11C04462846FCF7DEFC311D0440D7
:10D690002846FCF7C3FBE4B2204070BD2DE9F04101
:10D6A00005460E46FDF76CFA311D07462846FCF785
:10D6B000E5FE06F1080180462846FDF761FA06F10D
:10D6C0000C0104462846FCF7D9FE07EA08073C404F
:10D6D00006F1100104402846FDF752FA06F1140144
:10D6E00007462846FCF7CAFEE4B23C402040BDE8AD
:10D6F000F08100BF2DE9F0410C2204460D4602F0F6
:10D7000079F9032205F10C010746204602F072F96F
:10D7100005F10F0180462046FCF780FB05F1100162
:10D7200006462046FDF72CFA05F114010346204673
:10D7300007EA08071C46FCF7A1FE3E4034402040A3
:10D74000C0B2BDE8F08100BF0B280DDC002809DB6A
:10D750000B2807D8DFE800F00706060706060606CE
:10D760000606070701207047CB2818BF0120704725
:10D77000034A034692E8030083E803001846704713
:10D78000F420010818B14068003818BF0120704724
:10D790002DE9F8430646006800237360002849D04D
:10D7A0004769D0F80480D0F8109037B1143000F0F9
:10D7B000BBF90746002844D13068036B43B12830D9
:10D7C00001F09AFD18B1002F3ED0FBF7E5FD30685F
:10D7D000036ADBB1D0E9062C012A7CF1000111DBE0
:10D7E0000024254653F824004946B8B1C0473368A1
:10D7F000D3E9062C013445F10005944275EB0C0188
:10D800001B6AEFDB18464946C04730684946C047A7
:10D810000023C6E900333846BDE8F883013445F1FA
:10D820000005944275EB0C01DCDB18464946C04705
:10D830003068EBE707460023C6E900333846BDE809
:10D84000F883FBF7A9FDB7E7FFF77EFF0746BCE7C4
:10D850002DE9F047051E9EB00E4690461F4640F348
:10D860009C80002900F09C80A1F1040E4FF0000C78
:10D870005EF8044F0CF1010C002C00F0918065451E
:10D88000F6D1B8F1000F00F08B80D8F80040002CE2
:10D8900000F086800FCC0DF1640CACE80F0023681B
:10D8A000CCF8003019A8FBF751FD002878D0002FE4
:10D8B00076D03B68002B78D1DDE91C32782101203D
:10D8C000984704463860002800F0B68002A801F0AE
:10D8D00057F902A904F12800502219ACF2F7EEFC26
:10D8E0000FCCD7F800E0F446ACE80F002368CCF882
:10D8F00000300EF11401404600F040F904460028C3
:10D9000044D1D7F800904FEAE578C9F82000C9F86B
:10D910001850C9F81C80002D4ED0002E4CD0DDE9E7
:10D920001C32042128469847C9F82000D7F80090F7
:10D93000D9F82030CA4643B3012D78F100033BDB10
:10D940000024043EA1460BE03168F2F7B7FC013435
:10D9500049F10009C84508BFA5422BD0D7F800A05F
:10D9600056F8040FF5F7ACF8421C199B1D99DAF82C
:10D9700020A00192104698473B684AF824001B6A91
:10D98000019A53F824000028DED10A243846FFF714
:10D99000FFFE20461EB0BDE8F08700293FF471AFBE
:10D9A0000B2420461EB0BDE8F087642420461EB03C
:10D9B000BDE8F087D7F8009026490B68013336D0D0
:10D9C0000B601A460024D9F814007B60436A0133C7
:10D9D000C0E9062434D090F830303BB9303000F044
:10D9E00039F904460028D1D13B685869406B18AA20
:10D9F00017A900F081FD04460028C7D1179BEBB999
:10DA000039684B69586B03F1280200F03DFC04466D
:10DA10000028BBD1396848692831183001F036FB3D
:10DA200004460028BDD0FFF78FFE0446AEE7012272
:10DA30001C460A601346C6E70A24B2E70124A5E79C
:10DA4000243003F05DFC044600289FD13B685869F0
:10DA5000C1E700BFCC0E01200020704784B0F0B5B4
:10DA600097B01DAE86E80E00002858D00368054622
:10DA700033B16424204617B0BDE8F04004B07047CD
:10DA80003046FBF763FC002849D0B446BCE80F00E1
:10DA900011AC0FC4DCF80030236021991D9B50208D
:10DAA00098470446286000283BD00DF1440C864678
:10DAB000BCE80F00AEE80F00DCF80030CEF8003014
:10DAC00002A801F06DF80DF1080EBEE80F0004F198
:10DAD000180C2F68ACE80F00BEE80F00ACE80F0090
:10DAE000BEE80F00ACE80F009EE8030020AC8CE815
:10DAF000030094E803008DE8030096E80E0007F1A8
:10DB0000180001F0CBF904460028B3D021991E9BE0
:10DB1000286898472046FFF717FE0446AAE70B241B
:10DB2000A8E70A24A6E700BF30B587B0F0B10368C4
:10DB30000446DBB19C46BCE80F000DF1040EAEE8D4
:10DB40000F00DCF80030CEF8003001A8FBF7FEFB38
:10DB500060B12068183001F051FA054650B92068CC
:10DB6000029B05999847284607B030BD0B252846EB
:10DB700007B030BDFFF7E8FD0546F8E72DE9F041B5
:10DB800094B0002858D004460068002854D00E46AF
:10DB9000FBF7DCFB00284FD0002E4DD0336823B1BB
:10DBA0006424204614B0BDE8F0812768BC46BCE878
:10DBB0000F000FAD0FC5DCF80030D7F800802B60E8
:10DBC00019465020C04705463060D0B30DF13C0CDB
:10DBD0008646BCE80F00AEE80F00DCF80030CEF857
:10DBE0000030684600F0DCFFEE46BEE80F0005F1AD
:10DBF000180C24683568ACE80F00BEE80F00ACE8EC
:10DC00000F00BEE80F00ACE80F009EE803008CE8B0
:10DC1000030004F1180005F1180101F0A7F904460A
:10DC20000028BED0FBF7A0FBFBF7B6FB3046FFF7A2
:10DC30007BFF40B10446B4E70B24204614B0BDE896
:10DC4000F0810A24ADE7204614B0BDE8F041FFF7AB
:10DC50007BBD00BF10B582B000230193B8B104466C
:10DC600001A90C4800F090FC10B1012002B010BDD9
:10DC7000019B13B11A78312A04D0022300202370AB
:10DC800002B010BD5B78002BF7D10123F6E70B2023
:10DC900002B010BDFC200108034A034692E80300CD
:10DCA00083E8030018467047242101082DE9F04F4E
:10DCB000A9B00446DDF8C88023A80E4615461F46C5
:10DCC00003F046FDB8F1000F00F0E6804046FBF798
:10DCD0003DFB002800F0E080002E00F0DD80002DEC
:10DCE00000F0DA80002C00F0D780D4F80490B9F16D
:10DCF000000F40F0FD80002F00F0CE803846FFF787
:10DD000041FD8246002800F0CD804A4622A93046D7
:10DD1000CDF8889001F03AF88146002840F0BE80A6
:10DD20002298002840F0F0802846F4F7C9FE002829
:10DD300040F0BB807C4D22A90022284601F008F863
:10DD40008146002840F0AA8082462298002840F0B0
:10DD5000E080D8F80030D8F8101078209847814635
:10DD60006060002800F0CA8000220023C9E91A235D
:10DD7000C9E91C2308A800F007F908A94846682249
:10DD8000F2F79CFA61682760404600F00BF9002822
:10DD900058D12846F4F794FE284410F8013CCDE908
:10DDA00003562F2BD8F8103000930CBF5F4B604BFD
:10DDB00002934FF40063019398E80F00D4F80490A5
:10DDC00000F00AFC2368C9F874001868314628304E
:10DDD0002A46666801F0AEFB6368B066986E00285C
:10DDE00032D001F03BFC814660B3D8F80030D8F85F
:10DDF00010106668082098476368F066D3F86CB026
:10DE0000BBF1000F20D006A803F012FC06A803C83F
:10DE10006368C446D3F86CE08BE80300BCE80F00ED
:10DE200023AE0FC6DCF80030336028AB13E90F00D7
:10DE30008DE80F004946239B3A46704603F002FCEA
:10DE4000814628B36368F3B1586F28B1D8F804301D
:10DE5000D8F8101098476368986E10B101F082FBF3
:10DE60006368D86E48B103F04DFC6368D8F81010B1
:10DE7000D86ED8F8043098476368D8F81010184660
:10DE8000D8F8043098470023C4E900334FF0010963
:10DE9000BAF1000F25D101E04FF00B09484629B037
:10DEA000BDE8F08F4FF06509F8E72B782F2B3FF492
:10DEB00042AF0395D8F8103000931E4B02934FF4F5
:10DEC0000063019398E80F0000F086FB054640B31D
:10DED000002222A9229200F03BFF814600283FF455
:10DEE00034AFD8F80430D8F8101028469847D5E752
:10DEF0004FF06409484629B0BDE8F08F4FF00A0999
:10DF0000BAF1000FEDD1C9E700F092FF4FF0C90957
:10DF1000C4E700F02FFF4FF0CA09BAF1000FE0D1BB
:10DF2000BCE74FF00A09B9E714210108981F01085E
:10DF30001C2101081821010830B1436823B19B6EF0
:10DF400013B10068FFF71EBC0020704720B1406885
:10DF500010B1806E00B18068704700BF20B140688A
:10DF600010B1806E00B1C068704700BF28B1406832
:10DF700018B1836E002B08BF0020704710B14068B5
:10DF800000B1806E704700BF10B5682204460021C2
:10DF9000F2F72EFA2046FBF7CBF901232375204632
:10DFA00010BD00BFD0B170B50C46A9B188428446FF
:10DFB00012D00546868A8E460FCDAEE80F002B683C
:10DFC000CEF800300CF118015022A68204F118009E
:10DFD000F2F774F9002070BD0B2070BD0B20704764
:10DFE00082B02DE9F04F91B01AAC84E80C009DF896
:10DFF0007C8000283BD00C460546FFF7B7FF002881
:10E0000037D02846FFF7A2FF06462846FFF7A6FFAF
:10E010000DF1680E8146BEE80F000BADAC46ACE8D2
:10E020000F00DEF80030CCF80030219BFBB18A46AF
:10E03000DDF878B000F028FC10AB089013E9070079
:10E040008DE80700002195E80C0008A800F094FC7A
:10E05000074680B1FBF788F9FBF79EF90A2F18BF36
:10E060000127384611B0BDE8F04F02B070470B27CA
:10E07000F7E70127F5E70990079008A803F0D2FA1F
:10E080000746A8B10A28079C00D0012708A800F07D
:10E09000B3FC00283DD109985946D047594620463F
:10E0A000D047B8F1000FDCD0672F08BF6827D8E74A
:10E0B00009AB05930FCDEC46ACE80F002B68CCF80C
:10E0C00000304A463146204608AB03F04DF907467A
:10E0D000B8B9099C099002460AA9204600F074FDCF
:10E0E00088B90A9DD5B9219B08A81C6000F084FC62
:10E0F0000746A8B1FBF738F92C46FBF74DF9012785
:10E10000C9E7079CC2E7FBF72FF90127FBF744F9A2
:10E11000BCE7FBF729F9FBF73FF9BCE76727B5E751
:10E1200009985946D04759463846D04799E700BF25
:10E13000F0B502F108070B461446064697E80700BB
:10E1400085B08DE807001846194994E80C0000F0E6
:10E1500035FA33782F2B054623D004F10C0393E8CE
:10E1600003008DE80300701C94E80E0000F02CFA08
:10E17000064697E807008DE80700314694E80C0052
:10E18000284600F01BFA62682169034630461E46A5
:10E19000904728466368216998473546284605B068
:10E1A000F0BD7378002BD8D1284605B0F0BD00BF74
:10E1B000682101082DE9F04385B068B1074608469B
:10E1C0000C46FBF7C3F838B100232D48039303A98D
:10E1D00000F0DAF9054620B10025284605B0BDE873
:10E1E000F083039B1A78002AF6D004F10C0999E811
:10E1F00003008DE80300184694E80E0000F006FBCB
:10E2000080460028E8D01F48039503A900F0BCF918
:10E2100060B10026636821693046984740466368CC
:10E2200021699847284605B0BDE8F083039B1E7816
:10E23000F6B199E803008DE80300184694E80E0053
:10E2400000F0E4FA06460028E3D022464146FFF7F4
:10E250006FFF0546002DDDD0284600F0ADF90346DE
:10E260000028D7D1284621691D4663689847D1E721
:10E27000224638464146FFF75BFF0546EAE700BF06
:10E28000742101088C2101082DE9F04182B000239E
:10E2900006460F462048019301A9904600F074F904
:10E2A00020B10125284602B0BDE8F0811B49044693
:10E2B0000198F4F739FA0546E8B90190B8F1000F72
:10E2C00020D0174801A900F05FF90028E9D11549CD
:10E2D0000198F4F729FAB0FA80F0400988F80000B4
:10E2E00039463046FFF766FF70B1C8F8040028468B
:10E2F00002B0BDE8F0812546284688F8004002B00B
:10E30000BDE8F0810B25CDE798F80050A5F1010597
:10E31000B5FA85F56D09C5E72C21010840210108F2
:10E320004821010860210108084600F0D9BB00BF60
:10E33000084600F0FDBB00BF037A10B50C4633B1B0
:10E34000052100F0EBF8C4E90001002010BDBDE894
:10E350001040084600F0C4BBF8B505461046144608
:10E360000E46FAF7F3FF28B1032D03D8DFE805F0D6
:10E370001D2E53064FF00B0C6046F8BD002EF9D051
:10E38000002CF7D00023C6E90133DFF8B4E0336195
:10E3900006F114059C4603270FCC0FC523682B609C
:10E3A0003770C6F80CE06046F8BD002EE2D00023BE
:10E3B0003370C6E90133C6E903339C460FCC06F13E
:10E3C00014050FC523682B606046F8BD002ED1D020
:10E3D000002CCFD000273770A446BCE80F0006F110
:10E3E0001405C6E90177C6E903770FC5DCF80030EC
:10E3F0002B6021692368102098473061D0B100223A
:10E400000023C0E90023012307720C4A3370BC4685
:10E41000F2606046F8BD002EACD0002CAAD00023DC
:10E42000C6E90133DFF81CE0336106F114059C46B0
:10E430000227B1E74FF00A0C9EE700BF39E300085E
:10E4400031E3000829E3000878B370B51546C2B07F
:10E4500002B31E466A4601AB0C4600F02BFC844614
:10E46000E8B9009B23B900232B60604642B070BD21
:10E47000072B07D05A1E052A33D8DFE802F02F2CCD
:10E480002926231AFF2CEED92B60002EEDD0FE2377
:10E490003360EAE74FF00B0C604642B070BDFFF707
:10E4A00053F98446604642B070BD4FF00B0C604695
:10E4B000704706232B60002ED7D0019B3360604647
:10E4C00042B070BD05232B60F5E704232B60F2E713
:10E4D00003232B60EFE702232B60ECE701232B6083
:10E4E000E9E7044A4FF4807102A800F063F94FF0A5
:10E4F000010CBAE7AC21010868B170B50D461646AB
:10E500000446F4F7DDFA334601462A462046BDE8C4
:10E510007040FFF799BF0B20704700BF80EA1041A1
:10E5200081F03D01154A164B01EBC10181EA111141
:10E5300002FB01F181EAD131A3FB01231B0903EBAB
:10E540004302C3EBC203D0B40E4CC91A62184FF099
:10E55000010CD2E84F3FC2E846CF002EF9D1BFF3FD
:10E560005B8FDBB2002BF4D1D0E90067BFF35B8F88
:10E57000635430463946D0BC704700BF2DEBD427DA
:10E58000C94216B2D00E012068B110B50C4629B1AF
:10E59000F3F7ECFE20B12060002010BD034810BD51
:10E5A000034B236010BD0348704700BF28220108B9
:10E5B000242801080C2201080020704782B08DE851
:10E5C0000C00002002B0704784B001A880E80E0063
:10E5D00004B00020704700BF0FB4F0B583B008ACA2
:10E5E0000E9E84E80F004EB308A8FAF7AFFE28B3DA
:10E5F00000210FAB32460846CDE9003300F0F4F8B5
:10E60000431C05461AD00D9B0C99471C9F4284BFA2
:10E610001F4603F1FF353846089B9847044668B10A
:10E62000019B3246394600F0DFF8002802DB002368
:10E63000635504E0099B0C99204698470024204626
:10E6400003B0BDE8F04004B0704700BF2DE9F04FC3
:10E650002DED028B87B080460846CDF8048008EE89
:10E66000102A8A469946F4F72BFA0026474602906C
:10E67000B3461025B0461DE00BF1010B5E4511D2EB
:10E680002E44D9F80830D9F81020B1009847002856
:10E6900000F0888005EB4505B5F5801F804628BF52
:10E6A0004FF48015019A08EB8B03A21A43F8042C4F
:10E6B000029BE71851463846F4F70AFC04464046E8
:10E6C000002CD9D1B84607464046F4F7F9F9019B2A
:10E6D000A8EB03031C180494BBF1000F4AD018EEFA
:10E6E000100AF4F7EDF9029BD9F81010C31A0BFBCE
:10E6F00003431A4605930646D9F80030501C984744
:10E70000039000284FD0DDF804803A684146F1F7C5
:10E71000D5FD3D68039B0197BA461D44029FCDF885
:10E7200008900124D14618EE10AA0AE0D9F800504A
:10E73000AA1A8518F1F7C2FDA34504F1010235D9E3
:10E740001446324651462846F1F7B8FD59F8042BD5
:10E75000A3453A4405EB060008EB0201E6D1049B11
:10E760009A1ADDE90179F1F7A9FD039A05990023C9
:10E7700053540BE02046D9F80030D9F8101001307E
:10E780009847039010B10199F4F738F93846D9F851
:10E790000430D9F810109847039807B0BDEC028BED
:10E7A000BDE8F08F474600230393EFE7DDE90179E9
:10E7B000DBE700BF0CB430B583B006AB53F8042BD5
:10E7C000019352B138B141B1F4F7EEFC03B0BDE8AA
:10E7D000304002B070470029F6D0F1F735FD16231E
:10E7E00003604FF0FF30F1E770B53AB120B129B1C5
:10E7F000BDE87040F4F7D8BC0029F9D0F1F724FD4A
:10E80000162303604FF0FF3070BD00BF84B070B5B9
:10E8100082B007AC84E80E000546B0B1F4F750F9B9
:10E82000421C079B0B9901920646104698470446E6
:10E8300028B1019A2946F1F741FD0023A35520464E
:10E8400002B0BDE8704004B070470446F7E700BF6F
:10E8500082B0F8B506AC84E80C00054688B14F1CC0
:10E860000E4638460A999047044628B13A4629464A
:10E87000F1F724FD0023A3552046BDE8F84002B07F
:10E8800070470446F8E700BF014B0020186070474E
:10E89000E80E012000285FD02DE9F0410C46016808
:10E8A00082B0054629B1CB68A34206D91C4600298F
:10E8B000F9D11F2002B0BDE8F0818B68A34247D098
:10E8C0000E6A002C34D0B4F1804F43D2A700D1F8A7
:10E8D0001880086832463946C04700283AD02B686D
:10E8E0003246186039465868C047002832D02D6833
:10E8F000AB686860A34226D22A6800EB070C02EBE3
:10E90000830EE6454FEA830100EB830603D202EB58
:10E91000070C664522D3E31A9A0070460021019243
:10E92000F1F766FD019A00213046F1F761FD0AE03A
:10E930004F6908683146B8472B68314658681C60F3
:10E94000B8472D686C600020AC6002B0BDE8F08173
:10E950000020AFE70A20ADE70B2070470B1F1844DB
:10E960001344043A1744002243F8042FBB4240F8F2
:10E97000042FF9D1E7E700BF82B070B504AC84E89A
:10E980000C0080B3066804462EB11E252846BDE85B
:10E99000704002B0704704A80D46FAF7D7FC10B3D8
:10E9A000049B089924209847206010B30DF1100EA5
:10E9B000C0E90066C0E9026600F1100CBEE80F0075
:10E9C000ACE80F00DEF80030CCF8003029462046D5
:10E9D000FFF760FF05460028D8D0059B08992068FE
:10E9E00098472660D2E70B252846BDE8704002B064
:10E9F00070470A25CAE700BF2DE9F04182B0002820
:10EA00003AD004680646002C32D0A3682BB3002508
:10EA100022682F4652F82500E0B1216AD4F814800C
:10EA20000191C047D4E9002342F82570019953F8B9
:10EA30002500C047E3686268013B42F82570E36047
:10EA40003468A36801359D4207D2226852F8250038
:10EA50000028E2D101359D42DCD300213046FFF78A
:10EA600019FF044620B930684369016A9847346049
:10EA7000204602B0BDE8F0810B24204602B0BDE87C
:10EA8000F08100BF2DE9F84F00B30768FFB1884659
:10EA9000E1B1D7F808A03E68BAF1000F16D0914650
:10EAA000043E002456F8045F4FEA840B28460134E4
:10EAB00055B1F4F705F848450246294638BF4A469D
:10EAC0004046F4F76BF828B1A245EBD10027384651
:10EAD000BDE8F88F7B6853F80B703846BDE8F88FB7
:10EAE00008B370B584B0044669460120FAF780F98E
:10EAF000DDE90035002D13DB029900290DDB0B4EFB
:10EB0000A3FB06325B1806FB05224FF0000042EB28
:10EB1000E172C4E9003204B070BD53EA0502EED1DF
:10EB2000022004B070BD0B20704700BF00CA9A3BA2
:10EB300008B370B584B0044669460020FAF758F966
:10EB4000DDE90035002D13DB029900290DDB0B4EAA
:10EB5000A3FB06325B1806FB05224FF0000042EBD8
:10EB6000E172C4E9003204B070BD53EA0502EED18F
:10EB7000022004B070BD0B20704700BF00CA9A3B52
:10EB800010B50446103000F00BF8002300200021DF
:10EB9000C4E90001C4E91233A360204610BD00BFE0
:10EBA00010B5382204460021F1F722FC04F11000D0
:10EBB00000F006F84FF0FF33E360204610BD00BFC1
:10EBC0000022027042607047002857D02DE9F041C2
:10EBD0000D46002954D016460446F3F771FF48B19C
:10EBE00023782F2B0DD002232B603EB10020306004
:10EBF000BDE8F08101232B60002EF7D10020BDE895
:10EC0000F081431EE25C2F2A3CD0631E03EB000818
:10EC1000C4F1010E0EEB030713F8011F21F02002CF
:10EC2000413A192AA1F12F0C0BD95F2909D0BCF167
:10EC30000A0F06D904232B60002EDFD03760002096
:10EC4000D6E74345E6D11A4F012304E0984204F188
:10EC500001041CD91346984203F10102F6D0217831
:10EC60002F29F3D161782F291CD0C95D4907EDD533
:10EC700006222A60002EC1D03360BFE70B20704708
:10EC80000B20B5E703222A60002EF5D1B6E7F7285E
:10EC900002D800202860ABE707232B60002EADD000
:10ECA000F623E9E705222A60002EE5D1A6E700BF9A
:10ECB000611C010840B370B51446C2B032B30129DB
:10ECC0000D461E4602D103782F2B12D001AA6946A9
:10ECD000FFF77AFF78B9009B4BB1072B07D05A1E7C
:10ECE000052A2BD8DFE802F02724211E1B14F52D5E
:10ECF00003D80020206042B070BD07232360002E9F
:10ED0000F9D0F4233360F6E70B2070470B20F2E7CD
:10ED100006232360002EEED0019B3360EBE7052332
:10ED20002360F7E704232360F4E703232360F1E77C
:10ED300002232360EEE701232360EBE7034A4FF44D
:10ED4000807102A8FFF736FD0120D4E744220108B4
:10ED500068B170B50D4616460446F3F7B1FE33466A
:10ED600001462A462046BDE87040FFF7A3BF0B20AE
:10ED7000704700BF07289ABF024B53F82000024893
:10ED8000704700BF3C2401089422010800283BD0B2
:10ED90002DE9F0410D46002938D016460446F3F718
:10EDA0008FFEE0B1631E03EB0008C4F10101CF1830
:10EDB00013F801EFAEF130022EF0200C092AACF16D
:10EDC000410C14D9BCF1190F11D9BEF15F0F0ED04F
:10EDD00002232B6006B137600020BDE8F0810123DB
:10EDE0002B60002EF8D000203060BDE8F081434554
:10EDF000DDD122780D4BD35C13F0040310D1FF2832
:10EE000006D82B601846E8E70B2070470B20E4E794
:10EE100004222A60002EDFD0FE2232601846DCE792
:10EE200003232B60002EDED1D6E700BF611C010852
:10EE300004289ABF024B53F820000248704700BFD5
:10EE4000482501085C2401080346406858B142681F
:10EE50005A600AB1002111601A68426002B1106064
:10EE600000220260186070470B680BB14A685A6054
:10EE70004A6802B1136003688B42436808BF0260AE
:10EE80004B6003B1196000230B604160704700BF05
:10EE9000014B1868704700BF7425010884B0F0B5B5
:10EEA00083B009AD85E80E0030B104462846FAF774
:10EEB0004DFA08B1A6682EB10B2003B0BDE8F040B2
:10EEC00004B0704700220023C4E90023224BDFF87E
:10EED00098E01B68A3600FCD04F1200CACE80F0094
:10EEE0006F462B68CCF800303846C4F81CE0E6606A
:10EEF000FFF766FE97E8030004F1100383E80300C0
:10EF00000322164816492676FAF720FD1348FFF724
:10EF10009BFFF0B1134A83685168107863631874DB
:10EF20005961D168D96111691962516992689A6110
:10EF30005962FDF7F3FAF3F77FFAF3F7AFFA636B71
:10EF400098620028F9D0002003B0BDE8F04004B07A
:10EF500070470120B1E700BF742501083C0E012075
:10EF6000D8C6002064C500201421010870B558B12E
:10EF70000D4649B10446806820B11E4B1968F3F76D
:10EF8000D3FB90BBAB6813B10B25284670BD23465D
:10EF90002A4604F13006D3F800C058689968D3F8BF
:10EFA0000CE0C2F80CE01033B342C2F800C050606D
:10EFB000916002F11002EED119685B680E4853604F
:10EFC0001160FFF741FF98B183686B63626B02F1D8
:10EFD000100C03F11004BCE80F000FC49CE80700FC
:10EFE000002584E80700284670BD0C25284670BD22
:10EFF0000125CAE7742501083C0E012000283DD0F8
:10F0000010B504468EB02030FAF7A0F960B3A068BE
:10F0100020B11C4B1968F3F787FB68BB1A4B1968C2
:10F0200031B3626B01E0496811B38B689A42FAD13F
:10F030001548FFF719FF6846FFF7B2FDEE46BEE838
:10F040000F00A446ACE80F00BEE80F00ACE80F00CC
:10F05000BEE80F00ACE80F009EE803008CE8030058
:10F06000002318460EB010BD0B2318460EB010BD7D
:10F07000012318460EB010BD0C23F2E70B231846EF
:10F08000704700BF742501083C0E01202DE9F043B4
:10F0900083B0002800F0D3800E46002900F0CF8016
:10F0A000436B0546002B00F0CA80784B80681F68D0
:10F0B00028B13946F3F738FB002840F0CA80D5E97B
:10F0C0000023734C73497448B760C6E90023EB68AA
:10F0D000B3640122FAF7DAFB204670490422FAF7FA
:10F0E00015FC4FF000086C4884F80D80FFF7ACFE6B
:10F0F000002800F0A9808468686B416A90F810C00D
:10F10000D0E906230191006A009004F110096146DC
:10F11000484600F0BFFD04F580534FF47A72C4E90D
:10F12000E32204F55E72C4E9E1225D49C3F89485E7
:10F13000C3F89885C3F89C85C3F8A0855948C4E9ED
:10F14000DA780122F464FAF781FB5749574805221F
:10F15000FAF75CFB564957480A22FAF737FB56493B
:10F1600056480122FAF7F2FA554956480122FAF7B1
:10F170000DFB554955480F22FAF7A8FB544955484D
:10F180000322FAF7E3FB544954480422FAF7FEFB42
:10F19000534954480422FAF719FC696BF06C424653
:10F1A00000F006FB0746002858D16B6B04F5287564
:10F1B0009A6A04F522712846FCF74EF84A4922461D
:10F1C0002846FCF76DF849493A462846FCF764F8AA
:10F1D00047493A462846FCF767F846493A462846E2
:10F1E000FCF766F8B4F898220423920004F56571E0
:10F1F0002846FCF79BF8B4F89822C4F874039200F0
:10F20000042304F694312846FCF768F8C4F8780320
:10F210002846FCF785F804F59C51C4F88003B4F83F
:10F22000982214312846FCF747F8C4F87C03284696
:10F23000FCF798FDF8B1384603B0BDE8F0830B2722
:10F24000384603B0BDE8F0830127384603B0BDE877
:10F25000F0830C27384603B0BDE8F083484600F041
:10F260005BFD0D482146FFF7FFFD3846C6F84C8090
:10F2700003B0BDE8F083484600F04EFD0648214645
:10F28000FFF7F2FDF7640127D5E700BF74250108F9
:10F290008C0E012038D100207C0E0120E0E60020F9
:10F2A0005CC700204C0E0120E00701209C0E0120CD
:10F2B00000C800205C0E012070D000206C0E0120E0
:10F2C00090C5002080C50020180C0120AC0E012044
:10F2D000D8C600203C0E0120BC0D0120BC0E012030
:10F2E00058C600202C0E0120351901082D190108DF
:10F2F000CD190108691A0108174BC16C70B51C685B
:10F30000054634B30026D4E9014002698A4218D088
:10F31000002CF8D189B1D1F888339B78012B01F505
:10F32000287014BF0A210021FCF7F4FCE86CFAF7FE
:10F330006DFBE86C103000F0EFFC0023EB6430460E
:10F3400070BD183000F00EF9E96C0646002CDAD1D9
:10F35000E0E72646DEE700BF4C0E01202DE9F04134
:10F36000054684B022480F461646FFF76DFD044659
:10F37000002839D02B698468DFF87C8003F580533E
:10F38000C4E90565B3F89605421C0221A3F8962549
:10F39000FBF7A4FE3C22206141463846FAF76EFC9A
:10F3A000F0B1144F304664223946FAF737FCB8B151
:10F3B00028690623D0F88423CDF80080CDE90173B5
:10F3C00000F5287011686B692269FBF7ABFD0246F6
:10F3D0002869D0F88C33D0F88413FAF7E9FB18B910
:10F3E0002046FAF789FB0024204604B0BDE8F081EE
:10F3F000AC0E0120280F0120EC0E012038B58569E4
:10F40000D5B1044628692269D0F8883300F5287000
:10F410001968FBF709FD02462869D0F89033D0F847
:10F420008813FAF7C5FB0028204614BF00240224E5
:10F43000FAF762FB204638BD0124204638BD00BFE4
:10F440002DE9F04383B0002B5FD0064635480F46C8
:10F4500090461D46FFF7F8FC002856D08468EB6CF8
:10F460002361FFF715FD04F12C09C4E90604C4F873
:10F4700020903046F3F724FB421C3C2A04F1180587
:10F4800040D84846314604F16809F0F717FFC4F840
:10F4900024903846F3F714FB421C3C2A32D83946F4
:10F4A0004846F0F70BFF236903F580530121B3F8B9
:10F4B00094054218A3F89425FBF710FE60613B7891
:10F4C0002F2B27D17B782BBB174A184833463C217A
:10F4D000F3F77CF820691549D0F8842300910621C0
:10F4E0000191116862691FFA88F300F52870FBF733
:10F4F000E7FC02462069D0F88C33D0F88413FAF781
:10F5000057FB18B92846FAF787FA0025284603B0B2
:10F51000BDE8F083064A00963B463C210348F3F7DA
:10F5200055F8D7E74C0E01208C1F01088C0F0120E5
:10F530001C21010899B10B788C4683B110B4144694
:10F540004AB113783BB1826C0346214660465DF8B0
:10F55000044BFFF775BF00205DF8044B7047002097
:10F56000704700BFF8B528B30746006820B1364B96
:10F570001968F3F7D9F8E8B97D68DDB1334B1C6839
:10F58000002C5FD00026D4E90141D1F880309D42A3
:10F5900013D0002CF7D12E4B1C68C4B1D4E9014123
:10F5A0000B6A9D42F9D17C31384600F0A1F8012860
:10F5B0000646F2D101263046F8BD84313846FAF7C6
:10F5C00073F801280646F5D0002CDCD1E3E7214B87
:10F5D0001C686CB1D4E901418B6F9D42F9D17C313B
:10F5E000384600F041F801280646E3D0002CF1D15E
:10F5F000194B1C686CB1D4E901418B6F9D42F9D164
:10F600007C31384602F07AFA01280646D2D0002C26
:10F61000F1D128696A69D0F8883300F52870196833
:10F62000FBF702FC02462869D0F89033D0F8881323
:10F63000FAF7BEFA002808BF02263846FAF7ECF9B6
:10F640003046F8BD2646A6E7742501085C0E012069
:10F650009C0E01206C0E012080C5002043681869B3
:10F6600000F55A70704700BF70B528B104460068B5
:10F670000D46FAF71DFB10B90124204670BD6368E2
:10F68000002BF9D0002DF7D02868FAF711FB0028DD
:10F69000F2D06E68002EEFD0646832692069D0F82D
:10F6A000883300F52870196801F082F80246206955
:10F6B000D0F89033D0F88813FAF77AFA20693269D3
:10F6C000D0F8883300F528701968FBF7ADFB0246C7
:10F6D0002069D0F89033D0F88813FAF769FA002837
:10F6E000284614BF00240224FAF7DAF9C5E700BF60
:10F6F000F8B528B1044600680D46FAF7D9FA10B9F2
:10F7000001242046F8BD6368002BF9D0002DF7D006
:10F710002868FAF7CDFA0028F2D06C68002CEFD0F8
:10F72000266A62693069D0F8883300F52870196854
:10F7300001F03EF802463069D0F89033D0F88813D3
:10F74000FAF736FAE069FFF759FE236A6269186929
:10F75000D0F8883300F528701968FBF765FB236A39
:10F7600022691B69D3F888130446096803F52870D9
:10F77000FBF75AFB37692246D7F89033D7F888133E
:10F7800004463846FAF714FA36692246D6F890331A
:10F79000D6F8881304463046FAF70AFA2CB120B19D
:10F7A00000242846FAF766F9ABE70224F9E700BF20
:10F7B00008B508B100F1100239B14969104600F0EE
:10F7C00077FA80F00100C0B208BD044B10465968BA
:10F7D00000F06EFA80F00100C0B208BD64C50020E0
:10F7E000054B1B6823B1986800F52870FBF7BABD7C
:10F7F00000200021704700BF7C0E01202DE9F04160
:10F800000568044628460E46F2F78EFFC8B1114B34
:10F810001B689D4212D1D4F80480D8F800406CB126
:10F82000D8F808500027043D55F8040F3146F2F788
:10F830007BFFBB0040B10137BC42F5D10020BDE8E1
:10F84000F0812046BDE8F081D8F81020BDE8F041F5
:10F85000D358184710010020003818BF0120704706
:10F86000704700BF2DE9F04119461F4605469046F6
:10F87000FBF716FAE0B93E4609E0A868F0F71EFD6E
:10F88000AB68286923442044361BAB6028613146AD
:10F8900001222846FBF78CFAB91B41440446024674
:10F8A0000028EAD10123A87D6B755840BDE8F0819E
:10F8B0003A46A8684146F0F701FDAA682B693A4428
:10F8C0003B44AA602B61EDE72DE9F04119461F4644
:10F8D00005469046FBF7E4F9E0B93E4609E0A96821
:10F8E000F0F7ECFCAB68286923442044361BAB607E
:10F8F0002861012231462846FBF75AFA0446B81B14
:10F9000040442246002CEAD10123A87D6B75584063
:10F91000BDE8F0813A46A9684046F0F7CFFCAA68F6
:10F920002B693A443B44AA602B61EDE72DE9F04195
:10F930008846114617460546FBF7B2F9E0B93E4640
:10F9400009E0A868F0F7BAFCAA682B6922442344AE
:10F95000361BAA602B61314601222846FBF728FAA4
:10F96000B91B4144044602460028EAD10123A87D80
:10F970006B755840BDE8F0813A46A8684146F0F7FB
:10F980009DFCAA682B693A443B44AA602B61EDE7D1
:10F990002DE9F04119461F4605469046FBF780F9D0
:10F9A000E0B93E4609E0A868F0F788FCAB68286932
:10F9B00023442044361BAB6028613146012228468F
:10F9C000FBF7F6F9B91B4144044602460028EAD188
:10F9D0000123A87D6B755840BDE8F0813A46A868C0
:10F9E0004146F0F76BFCAA682B693A443B44AA6095
:10F9F0002B61EDE72DE9F041884611461746054693
:10FA0000FBF74EF9E0B93E4609E0A968F0F756FC6D
:10FA1000AA682B6922442344361BAA602B61012269
:10FA200031462846FBF7C4F90446B81B4044224639
:10FA3000002CEAD10123A87D6B755840BDE8F08108
:10FA40003A46A9684046F0F739FCAA682B693A445F
:10FA50003B44AA602B61EDE72DE9F04119461F46B2
:10FA600005469046FBF71CF9E0B93E4609E0A96857
:10FA7000F0F724FCAB68286923442044361BAB60B4
:10FA80002861012231462846FBF792F90446B81B4B
:10FA900040442246002CEAD10123A87D6B755840D2
:10FAA000BDE8F0813A46A9684046F0F707FCAA682D
:10FAB0002B693A443B44AA602B61EDE770B51546CB
:10FAC0000E46017D0446FAF741FC0DB9012070BDD8
:10FAD000217D2B4632462046BDE87040FFF7C2BE6E
:10FAE0002DE9F0411D4616460F461A46017D044693
:10FAF000FAF754FD2B689E423CBF0122A27513B950
:10FB00000120BDE8F081217D3A462046BDE8F04164
:10FB1000FFF7DABE70B515460E46017D0446FAF7CA
:10FB200015FC0DB9012070BD217D2B4632462046C3
:10FB3000BDE87040FFF72CBF2DE9F0411D46164689
:10FB40000F461A46017D0446FAF728FD2B689E42AF
:10FB50003CBF0122A27513B90120BDE8F081217DCF
:10FB60003A462046BDE8F041FFF776BF10B582B0B7
:10FB7000044608460191F2F7A3FF0199421C204672
:10FB800002B0BDE81040FFF799BF00BF00B583B0D9
:10FB900001ABFFF7A5FF03B05DF804FB014B18783C
:10FBA000704700BFC80F01202DE9F04F934689B080
:10FBB00090F8002205938A46002104468DF81E1015
:10FBC00022B300F202290DF11F0805AF0DF11E0648
:10FBD0004FF4007502E0059B002B0FDDD4F8741282
:10FBE0002346CDE90278CDE900562246484601F089
:10FBF000F3F80028EFD09DF81E30B3B10F4B9DF8FD
:10FC00001F201A70002009B0BDE8F08F0DF11F020F
:10FC10000092D0F874524FF400720146A8470028B1
:10FC2000ECD09DF81E30002BE8D1CBF8000001206D
:10FC3000CAF8004009B0BDE8F08F00BFC80F01202E
:10FC400030B590F8004287B0154674B9D0F87042CC
:10FC50000DF11703A04708B1A84215D00C4B9DF831
:10FC600017201A70002007B030BD0B4600220DF19E
:10FC70001701CDE901210246D0F87012009500F27B
:10FC8000022000F0B1FEE6E7012007B030BD00BF62
:10FC9000C80F012010B4019CC0F87042C0E99A233B
:10FCA000029B80F800125DF8044BC0F87432704774
:10FCB00038B5D0F8683203B3D0F86C220446E2B10C
:10FCC000D0F87022CAB1D0F87422B2B1C0F88C1248
:10FCD0009847054688B194F800328BB90B490C4B14
:10FCE0000C4AC4F880324FF40073C4E99E41C4F852
:10FCF0008422A4F88832284638BD0025284638BD1D
:10FD0000002104F2022000F069FEE7E741FC000850
:10FD1000A9FB00089DFB0008D0F86C32184700BF13
:10FD20004FF6FF73038070474FF6FF7303807047F1
:10FD300038B5044600880D4600F038FE0346002B17
:10FD40004FEAD070B8BF258038BD00BF70B50546FA
:10FD50000C462B68096820896268B2FBF0F2A3EBBD
:10FD6000010CBCFBF2FC0CF1010C1FFA8CF3B3FB91
:10FD7000F0F600FB16339BB202FB03F3181D084498
:10FD8000267D50F8042C16B1002640F8046C032A96
:10FD900001D8012070BD0833194428462B69043A64
:10FDA000FAF7CAFF284603492246FAF7A1FF0020C6
:10FDB00070BD00BF4DFD000800B5C0E900124FF056
:10FDC000000E019A0381026180F814E0D3B1C1F8FA
:10FDD00000E0B0F808C0BCF1010F13D90123B3FB58
:10FDE000FCF10CFB113189B24268B2FBFCF201FB61
:10FDF00002F2016841F802E00133B0F808C09BB29A
:10FE00009C45ECD84FF0FF33C3605DF804FB00BFA6
:10FE10000189E9B14FF0000C00B56346E646B3FB3B
:10FE2000F1F201FB12339BB24268B2FBF1F202FB2A
:10FE300003F3026842F803E00CF1010C01891FFA98
:10FE40008CF39942EBD84FF0FF33C3605DF804FBAD
:10FE50004FF0FF33C36070472DE9F84304460D4669
:10FE60000189808990461F4600F098FD2946064684
:10FE7000A08900F09BFD00280ADB0026E0892946C6
:10FE800000F094FD002800DAE5813046BDE8F883F3
:10FE90003046294600F08AFD0028EEDB2369404603
:10FEA000984701218146A08900F078FDB9F1000F43
:10FEB00001D1854247D02289B5FBF2F002FB1050F8
:10FEC00080B26368B3FBF2F300FB03F320680433F2
:10FED000184450F8043C002BCFD141463A46F0F785
:10FEE000EDF92189B5FBF1F201FB125292B2636880
:10FEF000B3FBF1F302FB03F32268D750089A012306
:10FF00001370B9F1000FB8D0A6893046012100F076
:10FF100045FD22896368B3FBF2F30646B0FBF2F0BD
:10FF200002FB106080B200FB03F320680433184426
:10FF300050F8043C002BA0D023699847022808D031
:10FF40000128E2D099E7089BA581012683F800905B
:10FF500094E7012692E700BF2DE9F04704460F46DB
:10FF600080890121904600F019FD2289B0FBF2F64C
:10FF700002FB1606B6B26368B3FBF2F306FB03F3AB
:10FF8000266804331E4456F8049CB9F1000F23D0B0
:10FF90002369054630469847824600B3B4F80CA062
:10FFA0000121504600F0FAFC2189B0FBF1F28246B3
:10FFB00001FB1202D4E9000392B2B3FBF1F302FB9E
:10FFC00003F30433184450F8043C2BB123699847D9
:10FFD00002281BD00128E3D00020BDE8F0874A4664
:10FFE00031463846FAF7B0FE2189B5FBF1F201FB44
:10FFF000125292B26368B3FBF1F302FB03F322687F
:020000040801F1
:1000000042F803A00120A581BDE8F0872089B5FB57
:10001000F0F300FB1355ADB26368B3FBF0F303FBE1
:1000200005F523680020585106EB0801A9EB0802EA
:100030003846FAF789FE384603492246FAF758FE51
:10004000A4F80CA00120C8E74DFD000838B5114602
:100050000446C089154600F0A9FC0028B8BFE58118
:1000600038BD00BF2DE9F8430389858904460E4653
:10007000D3B12846012703E0674515D2A08901378F
:10008000B9B200F08BFCB4F808C0B0FBFCF30CFB79
:1000900013039AB2D4E90013B3FBFCF302FB03F39E
:1000A000CB58002BE8D10546358001212846E78949
:1000B00000F078FC0146384600F074FC054618B3A1
:1000C0004FF000094F464FF001081FFA89F13088C0
:1000D00000F064FCB4F808C0B0FBFCF3D4E90012F3
:1000E00003FB1C0083B2B2FBFCF202FB03F308FA31
:1000F00009F2CB5809F101090BB91743BFB24D45BD
:10010000E3D13846BDE8F88307463846BDE8F883B2
:100110004FF6FF7CC0E9013201600373A0F80EC006
:10012000704700BF027B42604FF6FF73C381704788
:10013000F0B5044683B040680D461646FCF7CEF98C
:1001400063681844A368421993422CBF0127002713
:1001500002D2384603B0F0BD00902168304600233B
:10016000FAF7E0FD616838462944616003B0F0BDEC
:100170002DE9F04104461D464068237B98428CBF20
:100180000126002602D83046BDE8F0818846E08985
:100190000121174600F002FC2368E0812880C8F89E
:1001A000003063683B60237B63603046BDE8F081CC
:1001B00038B502680C4609682389A2EB010C626815
:1001C000B2FBF3F2BCFBF2FC0CF1010C1FFA8CFC4D
:1001D000BCFBF3FE03FB1EC39BB202FB03F394F8CC
:1001E0000CC0CA586344A2EB0C02083305461944FC
:1001F000043A0369FAF7A0FD284603492246FAF7B4
:1002000077FD002038BD00BFB101010810B49DF892
:1002100004C00381C0E9001280F80CC0D3B1C1F85A
:1002200000C0B0F808C0BCF1010F13D90123B3FB23
:10023000FCF10CFB113189B242680468B2FBFCF29C
:1002400001FB02F2017BA1500133B0F808C09BB260
:100250009C45ECD84FF0FF326FF00043C0E9062315
:1002600005495DF8044BC0F80E104FF6FF720023ED
:1002700042820384704700BF0000FFFF0189B1B1D3
:100280004FF0000C6346B3FBF1F201FB12339BB25B
:100290004268B2FBF1F2016802FB03F3027BCA5031
:1002A0000CF1010C01891FFA8CF39942EBD84FF045
:1002B000FF326FF00043C0E906230449C0F80E1076
:1002C0004FF6FF7200234282038470470000FFFF55
:1002D0002DE9F04F044691B00089E6892368049225
:1002E000B6FBF0F200FB126292B26568B5FBF0F566
:1002F00005FB0232043252F8048C94F80C900392FD
:100300008B462F1F002800F04C814FF0000CE24676
:100310006146B1FBF0F200FB121292B205FB02F251
:100320000CF1010C9A584A4508BF0AF1010A1FFA5C
:100330008CF108BF1FFA8AFA8142EAD340460421B1
:10034000CDF814A0FAF704FD804408EB0B02BA4282
:1003500040F2CD80227B5A44BA4240F2B580C9F5C2
:100360007F43FC33BAB213449BB20AFB03F9D9456D
:1003700005930693C0F0B78008F10403BB4280F0F8
:10038000DB80A2F10409A9EB0809059B1FFA89F992
:10039000ABEB090BBBFBF3F203FB12B3002B00F03A
:1003A000C880013292B20693524500F29C800DF152
:1003B000200B002A42D0CDF81C804FF0000ADDF857
:1003C000148005950DF1200B154600E0C1462089EB
:1003D000B6FBF0F200FB12618AB26368B3FBF0F186
:1003E000236802FB01F104311944584651F8042CEA
:1003F000009200233A46FAF795FC4A4600230D2165
:100400005846FCF72BF82189B6FBF1F201FB12628A
:1004100092B26368B3FBF1F302FB03F32268304648
:10042000D750012100F0BAFA0AF1010A1FFA8AF343
:100430009D420646CAD8DDF81C80059D2089B6FB82
:10044000F0F300FB136399B26368B3FBF0F301FBB5
:1004500003F32168043319443A4651F8040C009020
:1004600000235846FAF75EFCDDF8189058461FFA4C
:1004700089F202230D21FBF7F1FF039B2789207BE3
:1004800008F104010B441946B6FBF7F307FB1363AD
:10049000A5F108029DB204306368B3FBF7F305FBD6
:1004A00003F325684844E850049DA2EB080228465F
:1004B000FAF74AFC28463C492246FAF719FC012083
:1004C000E68111B0BDE8F08F0121E08900F066FA05
:1004D00021890546608A00F061FA0146284600F04D
:1004E00065FA002842DD002011B0BDE8F08F2189B7
:1004F000608A059200F052FA0146304600F056FA42
:100500000028059AEFDC2789B6FBF7F307FB136396
:100510009DB263682468B3FBF7F305FB03F3DDE9E1
:100520000310E2500023CDF80080FAF7FBFB012016
:10053000DAE793B21A4637E730460121079200F016
:100540002DFAB4F808C0B0FBFCF10CFB1101064613
:1005500088B26368B3FBFCF12368079A00FB01F1E2
:1005600004310B44039353F8048C0AE72189B5FB4B
:10057000F1F301FB13539AB26368B3FBF1F3216803
:10058000049802FB03F30433227B19445A4441F8D4
:10059000042C237B00930023FAF7C4FBE5810120A0
:1005A000A2E78246CAE600BFB1010108F8B50446D9
:1005B0000F46008A012116461D4600F0EFF92880FB
:1005C0002289B0FBF2F302FB130C1FFA8CFC636868
:1005D000B3FBF2F30CFB03FC2368E1890CF1040C80
:1005E00063443B6023689C445CF8043C336000F047
:1005F000DDF9002801DD0020F8BD237B32689A4236
:10060000F9D9618A208A00F0CDF923898342F2D09A
:100610002888E3892082984201D00120F8BD012179
:1006200000F0BCF9E0810120F8BD00BF70B5018A7F
:100630000446408A15461E4600F0B8F9002807DB3C
:100640004FF0FF326FF00043C4E90623002070BD75
:1006500094F8200040B9012384F82030643546F135
:100660000006C4E9065670BDD4E90623954276EB30
:100670000303A5BF013084F8200000200120EDE72E
:10068000408A70472DE9F04190F8218082B0B8F19E
:10069000000F11D0044618880E4617461D4601214A
:1006A00000F07CF92880218A00F080F9002807DD1D
:1006B0004FF0000884F82180404602B0BDE8F08188
:1006C000218928882368B0FBF1F201FB120C1FFA84
:1006D0008CF201936368B3FBF1FC019B02FB0CFC01
:1006E0000CF1040C634433602368634453F8043C06
:1006F0003B60227B9A42D2D0404602B0BDE8F081F6
:10070000F8B504460E461046012100F04BF9618A07
:1007100000F048F9C0B1054600270121608A00F0C9
:100720003DF9B4F808C0B0FBFCF1D4E900230CFBA0
:10073000110189B20137B3FBFCF301FB03F3BD42A6
:10074000217B6082D150E8D1003E4FF0000318BFFA
:10075000012684F8203084F82160F8BD018A408A9F
:1007600008B500F023F9B0FA80F0400908BD00BFD9
:100770000289DAB130B5002143680568047BB3FB18
:10078000F2FE08460B46B3FBF2FC02FB1C339BB2A5
:100790000EFB03F3013155F803C0644508BF013077
:1007A0008BB208BF80B29342EDD330BD1046704784
:1007B00010B594B000230292059201930122ADF886
:1007C0001C308DF81E30CDF82630CDF82A300823A5
:1007D0008DF82420009310220CAB04460391FBF704
:1007E0009FFB18B90446204614B010BD059906AA0F
:1007F0002046FBF7CBFC06A904460CA8FCF7DAFE62
:10080000204614B010BD00BF2DE9F04395B0BDF8EF
:10081000786013B115B0BDE8F0830C461546D1E9F8
:10082000012107461C9804901D980590521A0CA8A7
:1008300099469DF87680FAF787FAD4E906120CA853
:10084000FAF756FAE2699AB1B8F1070F82F81490F4
:1008500040D0B8F1080F2ED0B8F1060F11D0012307
:10086000137529462046FAF7BFFA15B0BDE8F083A4
:10087000B8F1070F2ED0B8F1080F1CD0B8F1060F51
:10088000EFD1D7F88880B8F1000F11D00CABCDE9CB
:10089000003506238DF81630D7F88C300293324697
:1008A000DDE904313846C0470123E26987F8B430F6
:1008B000002AD4D1D5E7D7F8A430002BF8D006A968
:1008C0000CA8DDF84080FCF715FFA0B9E269002A0A
:1008D000C5D1C6E7D7F8AC303BB106A90CA8DDF806
:1008E0004080FCF701FC60BBE269A3682B44A36075
:1008F000002AB4D1B5E7DDE90D21109B521AA8EB0F
:1009000003080CA8FAF720FAA844D4E906120CA8A8
:10091000FAF7EEF91FFA88F80CAB0093CDF80480D3
:1009200008218DF81610D7F8A810029106AB3246B0
:100930000599D7F8A4603846B047012387F8B4304A
:10094000C4E7DDE90D21109B521A0CA8A8EB03089F
:10095000FAF7FAF9D4E906120CA8FAF7C9F90CABC0
:1009600000939DF818109DF81930A8441FFA88F8D4
:10097000CDF8048003EB012307218DF81610D7F87A
:10098000B010029132469BB2D7F8AC600599384658
:10099000B047012387F8B430A6E700BF084480B20F
:1009A000704700BF401A80B2704700BF884211D024
:1009B00009D3884210D9401AB0F5004FD4BF0120A6
:1009C0004FF0FF3070470B1AB3F5004FF1DA4FF0DC
:1009D000FF307047002070470120704700234170AE
:1009E00003708385704700BF2DE9F04F17464278AA
:1009F00083B00E46A2F17D019A4601294FF07E0395
:100A0000044680F83830DDF838B09DF8340040F204
:100A10003781A0F17D0184F8392001294FF00202CD
:100A200084F8622040F28F800C9B84F83A00DDB29B
:100A3000A5F17D010322012984F8622040F29A8009
:100A4000A1180C9B81F83850C3F30721A1F17D0058
:100A50000132012884F8622040F2A080A0180132FF
:100A6000D2B280F8381084F86220002B00F0A98000
:100A70004FF00009C8461AF80830A3F17D0101299A
:100A800040F2C380292A00F29F80A1180132D2B21D
:100A900081F8383084F8622089EA03038C49DBB29C
:100AA00008F1010831F8133083EA19290C9B4345FA
:100AB000E1D84FEA19235FFA89F801934FF0000952
:100AC000A8F17D0A5FFA8AF1012921D9292A40F289
:100AD000AF80002500E060B105F13801521B5B4694
:100AE00021443846B04794F8622005449542F2D339
:100AF00003D0002003B0BDE8F08F5FFA8AF14FF019
:100B00000003012984F862304FF0000200F2908067
:100B1000511CC9B22929DCD8A5182144023288F019
:100B2000200848464FF07D03D2B285F838304FF0A8
:100B3000010981F8388084F86220002840F085801F
:100B4000DDF80480BCE711464FF0030C04220C9B37
:100B50002144DDB24FF07D0E81F838E0A444A5F1C8
:100B60007D0180F0200001298CF8380084F8622093
:100B70003FF666AF0C9BA01885F020054FF07D0C6A
:100B8000C3F3072180F838C080F83950A1F17D0007
:100B90000232012884F862203FF660AF501CA5188D
:100BA00054FA80F0023281F02001D2B24FF07D0C75
:100BB00085F838C080F8381084F86220002B7FF464
:100BC00057AF0193984679E7002501E0002890D0BF
:100BD00005F13801521B5B4621443846B04794F872
:100BE000622005449542F1D383D14FF0000384F88D
:100BF00062300C9B434564D91AF80830A3F17D019B
:100C000001294FF000023FF63DAF511CC9B229291E
:100C1000DAD8A01821444FF07D05023280F8385010
:100C2000D2B283F0200081F8380084F8622033E7E4
:100C3000A11801324846D2B281F838804FF001093C
:100C400084F8622000283FF47BAF002502E00028F2
:100C50003FF44FAF05F13801521B5B462144384643
:100C6000B04794F8622005449542F0D37FF441AF39
:100C7000002384F862300C9B98B203B0BDE8F08F7B
:100C80007D2182F0200284F83910A0F17D0184F8E2
:100C90003A2001294FF0030284F8622004D811465B
:100CA0004FF0040C052252E70C9B84F83B00DDB2A8
:100CB000A5F17D010422012984F862203FF6C0AE2F
:100CC00058E74FEA19235FFA89F801930022F5E605
:100CD000902501082DE9F04F044683B01F46DDF84A
:100CE00034B089469246FBF7FFFB94F82C3094F819
:100CF0002D60B342804661D01CD8751EED1AEDB24E
:100D000000265D451FD8AB195B4584BFABEB0506DC
:100D1000F6B2EDB94FF0000BFBF7E6FB3B68A0EB3A
:100D20000808A3EB0803584623EAE3733B6003B0CB
:100D3000BDE8F08F002E49D0C3F12A05EDB2013E87
:100D40005D45F6B2DFD95FFA8BF50026002DE1D0C4
:100D500094F82C1002310C9B00933B6821442A46E6
:100D60005046C84794F82C301A4A03445908A2FB4D
:100D7000012189082A2202FB1131834684F82C10B4
:100D80000028C7D0A842C7D1002EC5D00C9B009325
:100D900002313246214400235046C84794F82C10B3
:100DA0000C4A0B185908A2FB011292082A2101FBD8
:100DB000123300EB050B84F82C30ADE70026BBF1B5
:100DC000280FA685BFD902212925C4E7C3F129052B
:100DD000EDB296E7310CC3302DE9F04F1E4690F886
:100DE0002C5090F82D309D4283B0044688469146A1
:100DF00000F088812378C14DC14F072BFDD8DFE873
:100E000013F01501F600D600B90090004D00300037
:100E1000080094F82C1094F82D30994200F04A8183
:100E2000E21892787D2A00F0998101335808A5FBD9
:100E3000001080082A2101FB10337E2A84F82D300F
:100E400000F05282A38EE18E03EB02239BB20022BC
:100E50009942A386227000F07981002003B0BDE89A
:100E6000F08F94F82C1094F82D30994200F03181D5
:100E7000E21890787D2800F0908101335A08A5FB94
:100E8000021292082A2101FB12337E2884F82D30A9
:100E900000F01A820723A0862370AEE7638EB4F8B1
:100EA00030E09E4538D907EE908A2A2120E09BF851
:100EB00002C0BCF17D0F00F0D480BCF17E0F84F83D
:100EC0002D2000F0198206F803C0B4F836A0638E16
:100ED000B4F830E08AEA0C00C0B2013337F81020D1
:100EE0009BB282EA1A2273456386E28680F02081F3
:100EF00094F82D0094F82CA000F1010C4FEA5C024C
:100F0000A5FB02829208824504EB000B01FB12C292
:100F1000CDD117EE908A9E4540F0118106232370B3
:100F20006BE794F82C0094F82D30984200F0C280C2
:100F3000E21891787D2900F04C8101335A08A5FB15
:100F4000020292082A2000FB12337E2984F82D30F9
:100F500000F0CA81238E03EB01230C999BB2002081
:100F60008B4223866086E08640F2DF80207003B0EB
:100F7000BDE8F08F94F82C1094F82D30994200F0D1
:100F8000A880E21890787D2800F0648101335A0827
:100F9000A5FB021292082A2101FB12337E2884F855
:100FA0002D3000F0918104232086237025E794F8EA
:100FB0002C0094F82D20904200F0B380A31899786B
:100FC0007D2900F0648101325008A5FB00308008C3
:100FD0002A2303FB10227E2984F82D2000F088812B
:100FE00063788B420CBF03230023237005E794F83A
:100FF0002C1094F82D300022994284F82E206CD0C9
:10100000E21890787D2800F0018101335A08A5FB91
:10101000021292082A2101FB12337E2884F82E0046
:1010200084F82D3059D002232370E6E694F82CA0E2
:1010300094F82D204FF02A0E511C4B08A5FB03C33A
:101040009B080EFB1313924504EB0200DAB23FF447
:1010500004AF837884F82D207E2BEDD101232370FB
:10106000CBE600F1010C4FEA5C02A5FB028292087C
:1010700001FB12C204EB020CD2B2924500F1020055
:101080003FF447AF42089CF802A0A5FB02829208F9
:1010900001FB1200BAF17E0F8AF0200C84F82D00BB
:1010A0007FF411AF9E4517EE908A3FF437AF0123CE
:1010B0002370A2E60F9B0093012301930E9B4A46E7
:1010C00041462046FFF706FE00283FF4C6AE2378CF
:1010D00093E60F9B00930223EFE70F9B00930423FB
:1010E00001934A460E9B41462046FFF7F3FD002838
:1010F000EDD194F82E307E2BE9D0AEE6310CC33022
:10110000902501080F9B0093052301930E9BFFF789
:10111000E1FD94F82D2094F82C309A423FF49DAED6
:1011200068E60F9B00930323C7E70523237064E65B
:1011300017EE908A3FF4F2AEBCF17E0F8ED0AEEB8C
:101140000303023301930F9B0093B7E70D9A94F8C2
:101150002E301370208E03B0BDE8F08F03F1010C28
:101160004FEA5C02A5FB020292082A2000FB12C291
:101170005FFA82FC61459DD002332244590892787F
:10118000A5FB01C1890800FB11337E2A84F82D30AC
:1011900000F0AA8082F0200254E6581C4208A5FB09
:1011A00002C292084FF02A0C0CFB1202D0B281420C
:1011B0008FD02244023390785A08A5FB021292087D
:1011C0000CFB12337E2884F82D307DD080F0200077
:1011D00060E6591C4A08A5FB02C292084FF02A0C8F
:1011E0000CFB1212D1B288423FF464AF22440233A6
:1011F00091785A08A5FB020292080CFB12337E2953
:1012000084F82D3070D081F02001A3E603F1010CA9
:101210004FEA5C02A5FB020292082A2000FB12C2E0
:101220005FFA82FC61453FF458AF22440233917863
:1012300084F82E105A08A5FB02C2920800FB123354
:101240007E2984F82D303FF448AF81F0200184F8E6
:101250002E10E8E6581C4208A5FB02C292084FF087
:101260002A0C0CFB1202D0B281423FF432AF22446E
:10127000023390785A08A5FB021292080CFB123335
:101280007E2884F82D301FD080F020008BE6511C82
:101290004B08A5FB03C39B084FF02A0C0CFB131350
:1012A000D9B288423FF43DAF0232234450089B78C4
:1012B000A5FB001080080CFB10227E2B84F82D204B
:1012C00016D083F020018BE60F9B0093022301933D
:1012D0004A460E9B41462046FFF7FCFC00287FF45F
:1012E000F6AE0123237088E50F9B00930123EEE700
:1012F0000F9B00930323EAE717EE908AAEE600BF48
:1013000030B583B000230093D0B104466946154838
:10131000FDF73AF9024610B1012003B030BD009B41
:101320008BB118780028F8D001A918460192F1F77E
:101330002FFF054650B1431C0DD025600020ECE77F
:101340000B2003B030BD184603B030BD019B1B78A5
:10135000002BF2D0E0E7EEF777FF0368222BECD109
:10136000DAE700BF902701082DE9F04F8BB0069314
:10137000002800F0AD800E46002900F0A980174635
:10138000002A00F0A580002B00F0A280199B002B02
:1013900000F09E80002209A9804600F0F5F904467D
:1013A000002840F09680099B002B40F09A8002466E
:1013B00009A93046FDF7EAFC002840F08E80099A22
:1013C000002A40F0938009A93846FDF7C1FC0028A7
:1013D00040F08380099C002C40F0ED807B2140464A
:1013E000F1F738F998F800302F2B054600F09E8071
:1013F0007E2B40F0A2803846F1F762FB824A834B95
:10140000012818BF13460293189B0093CDE9037679
:1014100008F1010305934FF40063019314AB0FCB64
:10142000FDF7DAF88246002800F0C780002D00F0B2
:10143000A2807B21F1F70EF9D14605460794D346E9
:101440004C46002D00F0BE807D212046F1F702F9C8
:10145000A0EB050909F1010A6D4852462946F1F74A
:101460009DFB002867D06B4852462946F1F796FB52
:1014700030B1694852462946F1F790FB002837D130
:10148000B94616AB93E807008DE8070014AB284671
:101490000CCB5146FDF7DCF90546002800F09C8096
:1014A0004A46204614AB2946FDF7D0F81899159BFB
:1014B000044628469847159B189958469847002C8B
:1014C0007BD07B212046F1F7C5F8A3460546B8E757
:1014D0000B2420460BB0BDE8F08FFCF735F904462D
:1014E000F7E7672420460BB0BDE8F08FC924F0E78A
:1014F00009F1FF320698691CFDF7C4FA81460028FD
:10150000BFD1199B16AA186007CA8DE8070014AB53
:101510000CCB51462846FDF79BF91899159B984727
:10152000159B1899584669249847D2E700285BD044
:10153000C146A24682E7B146A3E70028F8D1384663
:10154000F1F7BEFA354A364BCDF81080012818BFA6
:1015500013464FF40061CDE90113189A03970092E6
:1015600014AB0FCBFDF738F8824653462BB3199BCB
:10157000C3F800A0ADE79AF800302F2BF7D038461B
:10158000F1F79EFA254A264BCDF810A0012818BF86
:1015900013464FF40061CDE90113189A03970092A6
:1015A00014AB0FCBFDF718F8159B1899054650465C
:1015B0009847AA46D9E7CA248BE7199A00231360F3
:1015C0000A2486E75B46079CDA46002BD3D198F8BD
:1015D00000302F2BCBD0B2E7DDE91812159B156038
:1015E000584698470A2474E717AB93E803008DE840
:1015F000030014AB0ECB4046FDF708F9199B0028F9
:10160000186008BF0A2464E7A0270108881F0108A2
:10161000A8270108B0270108B82701081C210108E4
:10162000981F010800280CBF0B200020704700BF46
:10163000034A034692E8030083E803001846704714
:10164000C427010882B02DE9F04186B00DF1300CBD
:1016500004464CF8043F0E461746BCE80F000DF157
:10166000040EAEE80F00DCF80030CEF8003001A820
:10167000F7F76CFE50B34CB3D4F80480B8F1000F08
:101680001ED11FB33846FCF77DF828B3019B05999E
:101690001C2098470546606058B3FEB1066080F88C
:1016A000048001AC0FCC05F1080CACE80F002368F6
:1016B000CCF80030002006B0BDE8F04102B0704721
:1016C000642006B0BDE8F04102B070470B2006B0C0
:1016D000BDE8F04102B070476520F2E73868283075
:1016E00000F050FA286065682E6826B101232B713E
:1016F000D7E70A20E5E72846029B059998476660E8
:101700000120DEE770B582B0F0B14368044663B1F2
:101710001868DE68996960B11D7965B91846B047E7
:1017200000232846636002B070BD1D46284602B003
:1017300070BD0546F2E7019100F038FA051E6368B6
:10174000019918BF0125E9E70B25284602B070BDB5
:10175000F0B587B006466846F7F7EAFD094BEE4656
:101760009C461D46BEE80F00ACE80F000FCD344686
:10177000DEF80070CCF800700FC43046276007B068
:10178000F0BD00BFCC0F012000287AD02DE9F04732
:101790000E4600297CD017460546F1F791F9B0B105
:1017A00095F80090DFF880C11CF8093013F00403AD
:1017B00069D100F1FF3815F808202F2A0ED1022236
:1017C00032606FB3C7F800801846BDE8F087012388
:1017D00033602FB300203860BDE8F08705F1FF3A91
:1017E0001C4619461AF8012FA2F1300EBEF1090F5E
:1017F00019D922F0200EAEF1410EBEF1190F12D907
:101800005F2A19D02F2A51D07E2A48D07B2A54D063
:101810007D2A61D1002C55D10523336007B1396091
:101820000020BDE8F0871CF80220520704D51CB147
:1018300011B14A1E9A422DD001318842D2D1002CDA
:1018400045D1B9F17E0F4FD02046012306E08B42EF
:1018500005F1010503F1010236D21346804500F17E
:101860000100F4D02A782F2AF1D16A781CF80220DE
:101870005407ECD504223260002FD1D03B60002009
:10188000AAE70B20704704233360002FA2D1C7E7DB
:101890000B20A1E709233360002FC0D1C0E7002946
:1018A000CAD006233360002FB9D1B9E7002CC3D0CA
:1018B00008233360002FB2D1B2E7002CF8D10B46D9
:1018C0000124B9E70024B7E70020306084E705224F
:1018D0003260002FD2D1A3E7002C14BF08230323CA
:1018E0003360002F9BD19BE701230AE0012C13D02A
:1018F000994204F1010405F1010503F10102E3D964
:101900001346A045F4D02A782F2AEFD16A781CF824
:1019100002205207ECD5ADE707233360002F3FF4D8
:101920007FAF3C60002057E7611C010882B002B025
:10193000704700BF2DE9F041224A94B012681A9D09
:10194000BDF86C60CDE91231C2B3BDF84C109DF802
:101950004E0001E052688AB39468A38A8B42F9D1A1
:10196000A37D8342F6D1482204F130016846EEF7A8
:10197000A5FC04F128030CCB2046F8F7C9F807466C
:10198000E0B1D0F808803246284608F11001FEF791
:1019900031F830B90C48394614B0BDE8F041FDF7D4
:1019A00063BAC8F81448C8F81068FDF719FF08F5BD
:1019B0000262052342E9020188F8203814B0BDE82C
:1019C000F08100BF9C0E01208C0E01202DE9F0411A
:1019D000234894B000681A9FBDF86C6013910028EA
:1019E0003BD01D4601E04068B8B38468218B91422A
:1019F000F9D1482204F128016846EEF75FFC04F1B2
:101A000020030CCB2046F8F783F8804628B33846ED
:101A1000D8F80870324607F11001FDF7EBFF30B936
:101A20001048414614B0BDE8F041FDF71DBA0FCD96
:101A300007F6280CC7F81448C7F81068ACE80F0080
:101A400095E803008CE80300FDF7CAFE07F5026283
:101A5000032342E9020187F8203814B0BDE8F08181
:101A60006C0E01208C0E01202DE9F041214894B02C
:101A700000681A9FBDF86C601391B8B31D4601E071
:101A8000406898B38468218B9142F9D1482204F1CF
:101A900028016846EEF712FC04F120030CCB204627
:101AA000F8F736F8804608B33846D8F8087032465A
:101AB00007F11001FDF79EFF30B90F48414614B001
:101AC000BDE8F041FDF7D0B90022C7F82C28C7F8CF
:101AD0001448C7F81068C7F82858FDF781FE07F5C5
:101AE0000262042342E9020187F8203814B0BDE8FD
:101AF000F08100BF80C500208C0E012070B528B198
:101B0000044600680D46F8F7D3F810B901242046C2
:101B100070BD6368002BF9D0002DF7D02868F8F766
:101B2000C7F80028F2D06E68002EEFD064683269E2
:101B30002069D0F8883300F528701968FEF738FE60
:101B400002462069D0F89033D0F88813F8F730F8BF
:101B500020693269D0F8883300F528701968F9F7E0
:101B600063F902462069D0F89033D0F88813F8F76B
:101B70001FF80028284614BF00240224F7F7A6FF08
:101B8000C5E700BF38B505460748FDF75DF948B120
:101B9000846800232374E561FDF77AF9C4E905043C
:101BA00004F1140038BD00BF2C0E012008B5084B0D
:101BB000196811B90AE0496841B18B681433984239
:101BC000F9D10348FDF750F9002008BD012008BDF8
:101BD0002C0E0120F8B500BFF8BC08BC9E4670472B
:0C1BE000F8B500BFF8BC08BC9E4670477A
:101BF00004000020000000000000000000000000C1
:101C000000000000000000000000000000000000D4
:101C100000000000000000000000000000000000C4
:101C200000000000000000000000000000000000B4
:101C300000000000000000000000000000000000A4
:101C40000000000000000000000000000000000094
:101C50000000000058524345010F0000FFFE000045
:101C6000002020202020202020202828282828206C
:101C70002020202020202020202020202020202064
:101C800020881010101010101010101010101010CC
:101C900010040404040404040404041010101010BC
:101CA0001010414141414141010101010101010186
:101CB00001010101010101010101010110101010D8
:101CC0001010424242424242020202020202020258
:101CD00002020202020202020202020210101010AC
:101CE00020000000000000000000000000000000D4
:101CF00000000000000000000000000000000000E4
:101D000000000000000000000000000000000000D3
:101D100000000000000000000000000000000000C3
:101D200000000000000000000000000000000000B3
:101D300000000000000000000000000000000000A3
:101D40000000000000000000000000000000000093
:101D50000000000000000000000000000000000083
:101D6000000000004572726F72206F6E206465661D
:101D700061756C7420616C6C6F6361746F72732039
:101D8000286C696E65202564290A00006375626508
:101D90006D785F6E6F646500637562656D785F7006
:101DA00075626C6973686572000000004572726F3D
:101DB00072207075626C697368696E6720286C693F
:101DC0006E65202564290A006D795461736B303289
:101DD0000000000064656661756C745461736B008B
:101DE000D41D0108000000000000000000000000F9
:101DF00000000000000200001800000000000000C9
:101E000000000000C81D010800000000443300204D
:101E10005C000000440100200032000008000000C7
:101E2000000000000000000000061016000610165A
:101E3000000000000000000001020304060708097A
:101E4000000000000102030449444C45000000006A
:101E5000546D725100000000546D7220537663007F
:101E6000232D302B20000000686C4C006566674510
:101E70004647000030313233343536373839414245
:101E800043444546000000003031323334353637A4
:101E9000383961626364656600000000000000007C
:101EA000010000000A000000010200000000000024
:101EB0000000000000000000000000000000000022
:101EC0000000000000000000000000000000000012
:101ED0000000000000000000000000000000000002
:101EE00000000000000000000000000000000000F2
:101EF000010000000A0000000102000000000000D4
:101F000000000000000000000000000000000000D1
:101F100000000000000000000000000000000000C1
:101F200000000000000000000000000000000000B1
:101F300000000000000000000000000000000000A1
:101F40000000000000000000000000000000000091
:101F50000000000065000000726F7369646C5F74BC
:101F6000797065737570706F72745F6D6963726F8D
:101F7000787263656464735F630000003A3A00003E
:101F80002573257325732573257325732573000029
:101F90005F00000064647300257325730000000077
:101FA000727400007374645F6D73677300000000E7
:101FB000726F7369646C5F74797065737570706F3C
:101FC00072745F696E74726F7370656374696F6E3B
:101FD0005F635F5F6765745F6D6573736167655F9E
:101FE000747970655F737570706F72745F68616E1D
:101FF000646C655F5F7374645F6D7367735F5F6D5F
:1020000073675F5F496E743332000000726F7369EB
:10201000646C5F74797065737570706F72745F6DE6
:102020006963726F787263656464735F635F5F672F
:1020300065745F6D6573736167655F747970655F03
:10204000737570706F72745F68616E646C655F5FEA
:102050007374645F6D7367735F5F6D73675F5F4910
:102060006E74333200000000726F7369646C5F74C9
:10207000797065737570706F72745F696E74726F6A
:102080007370656374696F6E5F6300006820010898
:10209000581F010802000000A41F01088C2001083D
:1020A000A82001088C000020B01F01080C200108A6
:1020B0007374645F6D7367735F5F6D7367000000B7
:1020C0006461746100000000B02001080420010870
:1020D0000100000004000000A0000020159D000881
:1020E000199D00087374645F6D7367733A3A6D737A
:1020F000670000000000000000000000524F535F26
:102100004C4F43414C484F53545F4F4E4C59000085
:102110002E0000002F0000002F25730025732F25AF
:10212000730000000000000000000000524F535FE9
:1021300053454355524954595F454E41424C450021
:102140007472756500000000524F535F534543554C
:10215000524954595F535452415445475900000065
:10216000456E666F72636500656E636C617665735C
:1021700000000000524F535F534543555249545994
:102180005F4B455953544F5245000000524F535F27
:1021900053454355524954595F454E434C4156456A
:1021A0005F4F5645525249444500000072636C5FD0
:1021B00076616C69646174655F656E636C61766598
:1021C0005F6E616D655F776974685F73697A6528B2
:1021D000293A20756E6B6E6F776E20726D775F7621
:1021E000616C69646174655F6E616D657370616374
:1021F000655F776974685F73697A652829207265FD
:1022000073756C7420272564270000006172677560
:102210006D656E7420656E765F6E616D65206973A5
:10222000206E756C6C000000617267756D656E7470
:1022300020656E765F76616C7565206973206E75BA
:102240006C6C0000726D775F76616C6964617465B7
:102250005F6E616D65737061636528293A20756EE4
:102260006B6E6F776E20726D775F76616C696461FB
:1022700074655F66756C6C5F746F7069635F6E61C7
:102280006D65282920726573756C74202725642775
:1022900000000000756E6B6E6F776E20726573754F
:1022A0006C7420636F646520666F7220726D772096
:1022B0006E616D6573706163652076616C696461E0
:1022C00074696F6E000000006E616D65737061630C
:1022D00065206D757374206E6F7420626520656D66
:1022E000707479006E616D657370616365206D75E2
:1022F0007374206265206162736F6C7574652C2045
:102300006974206D757374206C65616420776974DD
:1023100068206120272F27006E616D6573706163EF
:1023200065206D757374206E6F7420656E64207700
:10233000697468206120272F272C20756E6C6573C7
:1023400073206F6E6C79206120272F27000000001A
:102350006E616D657370616365206D757374206E59
:102360006F7420636F6E7461696E2063686172615F
:102370006374657273206F74686572207468616E2F
:1023800020616C7068616E756D65726963732C2075
:10239000275F272C206F7220272F27006E616D6525
:1023A0007370616365206D757374206E6F74206344
:1023B0006F6E7461696E207265706561746564200A
:1023C000272F27006E616D657370616365206D75E1
:1023D0007374206E6F742068617665206120746F5D
:1023E0006B656E20746861742073746172747320FD
:1023F000776974682061206E756D626572000000F7
:102400006E616D6573706163652073686F756C6470
:10241000206E6F74206578636565642027524D5780
:102420005F4E414D4553504143455F4D41585F4ECE
:10243000414D455F4C454E47544827000000000081
:10244000C8220108E42201081823010850230108CA
:102450009C230108C423010800240108756E6B6EDB
:102460006F776E20726573756C7420636F6465207E
:10247000666F7220726D77206E6F6465206E616D7D
:10248000652076616C69646174696F6E000000009C
:102490006E6F6465206E616D65206D757374206E5E
:1024A0006F7420626520656D707479006E6F64656D
:1024B000206E616D65206D757374206E6F7420637E
:1024C0006F6E7461696E20636861726163746572B6
:1024D00073206F74686572207468616E20616C701F
:1024E00068616E756D6572696373206F7220275F16
:1024F000270000006E6F6465206E616D65206D754C
:102500007374206E6F7420737461727420776974B1
:10251000682061206E756D62657200006E6F646583
:10252000206E616D65206C656E6774682073686FDE
:10253000756C64206E6F7420657863656564202710
:10254000323535270000000000000000902401080B
:10255000AC240108F42401081C25010863647200FE
:10256000726D775F6D6963726F78726365646473AF
:102570000000000060250108726F7369646C5F746D
:10258000797065737570706F72745F63000000001E
:102590000000C1C081C1400101C3C003800241C22B
:1025A00001C6C006800741C70005C1C581C44004FB
:1025B00001CCC00C800D41CD000FC1CF81CE400EAB
:1025C000000AC1CA81CB400B01C9C009800841C8BB
:1025D00001D8C018801941D9001BC1DB81DA401A2B
:1025E000001EC1DE81DF401F01DDC01D801C41DCFB
:1025F0000014C1D481D5401501D7C017801641D62B
:1026000001D2C012801341D30011C1D181D040103A
:1026100001F0C030803141F10033C1F381F240322A
:102620000036C1F681F7403701F5C035803441F4FA
:10263000003CC1FC81FD403D01FFC03F803E41FEAA
:1026400001FAC03A803B41FB0039C1F981F84038BA
:102650000028C1E881E9402901EBC02B802A41EA2A
:1026600001EEC02E802F41EF002DC1ED81EC402CFA
:1026700001E4C024802541E50027C1E781E640262A
:102680000022C1E281E3402301E1C021802041E03A
:1026900001A0C060806141A10063C1A381A240622A
:1026A0000066C1A681A7406701A5C065806441A4FA
:1026B000006CC1AC81AD406D01AFC06F806E41AEAA
:1026C00001AAC06A806B41AB0069C1A981A84068BA
:1026D0000078C1B881B9407901BBC07B807A41BA2A
:1026E00001BEC07E807F41BF007DC1BD81BC407CFA
:1026F00001B4C074807541B50077C1B781B640762A
:102700000072C1B281B3407301B1C071807041B039
:102710000050C190819140510193C0538052419229
:102720000196C056805741970055C19581944054F9
:10273000019CC05C805D419D005FC19F819E405EA9
:10274000005AC19A819B405B0199C05980584198B9
:102750000188C04880494189004BC18B818A404A29
:10276000004EC18E818F404F018DC04D804C418CF9
:102770000044C184818540450187C0478046418629
:102780000182C042804341830041C1818180404039
:10279000524F535F444F4D41494E5F494400000042
:1027A00025732F25732573007B6E6F64657D000094
:1027B0007B6E737D000000007B6E616D65737061E0
:1027C00063657D0000000000000000005245454E9A
:1027D00054206D616C6C6F63207375636365656411
:1027E000656400002E2E2F2E2E2F2E2E2F2E2E2FF4
:1027F0002E2E2F2E2E2F2E2E2F2E2E2F6E65776CF7
:1028000069622F6C6962632F7374646C69622F72E2
:10281000616E642E630000002C2066756E6374691F
:102820006F6E3A2000000000617373657274696F07
:102830006E2022257322206661696C65643A2066E9
:10284000696C6520222573222C206C696E65202519
:0828500064257325730A0000E2
:0828580010F8FE7F01000000F2
:0828600029020008019D000897
:042868000102000861
:10286C000400002000000000341C0108141C0108A6
:10287C00F41B010800000000000000000000000034
:10288C00000000000000000000000000000000003C
:10289C00000000000000000000000000000000002C
:1028AC00000000000000000000000000000000001C
:1028BC00000000000000000000000000000000000C
:1028CC000000000001000000100000000024F400D3
:1028DC00AAAAAAAAA8800020D5920008D192000822
:1028EC00CD920008C9920008000000001D9D000850
:1028FC008D9D00080000000094200108FDF70008E1
:10290C00C02001080D0000000000000000000000C5
:10291C0000000000000000000000000000000000AB
:10292C00000000000000000000000000000000009B
:10293C00000000000000000000000000000000008B
:10294C00C8200108D19C0008581F0108F400002081
:10295C00D19C0008E420010804200108699D0008AE
:10296C00499D0008799D0008559D0008399D000877
:08297C0078250108682001081C
:0400000508008F253B
:00000001FF
