ARM GAS  /tmp/ccOdsWbL.s 			page 1


   1              		.cpu cortex-m4
   2              		.arch armv7e-m
   3              		.fpu fpv4-sp-d16
   4              		.eabi_attribute 27, 1
   5              		.eabi_attribute 28, 1
   6              		.eabi_attribute 20, 1
   7              		.eabi_attribute 21, 1
   8              		.eabi_attribute 23, 3
   9              		.eabi_attribute 24, 1
  10              		.eabi_attribute 25, 1
  11              		.eabi_attribute 26, 1
  12              		.eabi_attribute 30, 1
  13              		.eabi_attribute 34, 1
  14              		.eabi_attribute 18, 4
  15              		.file	"tim.c"
  16              		.text
  17              	.Ltext0:
  18              		.cfi_sections	.debug_frame
  19              		.file 1 "Core/Src/tim.c"
  20              		.section	.text.MX_TIM14_Init,"ax",%progbits
  21              		.align	1
  22              		.global	MX_TIM14_Init
  23              		.syntax unified
  24              		.thumb
  25              		.thumb_func
  27              	MX_TIM14_Init:
  28              	.LFB247:
   1:Core/Src/tim.c **** /* USER CODE BEGIN Header */
   2:Core/Src/tim.c **** /**
   3:Core/Src/tim.c ****   ******************************************************************************
   4:Core/Src/tim.c ****   * @file    tim.c
   5:Core/Src/tim.c ****   * @brief   This file provides code for the configuration
   6:Core/Src/tim.c ****   *          of the TIM instances.
   7:Core/Src/tim.c ****   ******************************************************************************
   8:Core/Src/tim.c ****   * @attention
   9:Core/Src/tim.c ****   *
  10:Core/Src/tim.c ****   * Copyright (c) 2023 STMicroelectronics.
  11:Core/Src/tim.c ****   * All rights reserved.
  12:Core/Src/tim.c ****   *
  13:Core/Src/tim.c ****   * This software is licensed under terms that can be found in the LICENSE file
  14:Core/Src/tim.c ****   * in the root directory of this software component.
  15:Core/Src/tim.c ****   * If no LICENSE file comes with this software, it is provided AS-IS.
  16:Core/Src/tim.c ****   *
  17:Core/Src/tim.c ****   ******************************************************************************
  18:Core/Src/tim.c ****   */
  19:Core/Src/tim.c **** /* USER CODE END Header */
  20:Core/Src/tim.c **** /* Includes ------------------------------------------------------------------*/
  21:Core/Src/tim.c **** #include "tim.h"
  22:Core/Src/tim.c **** 
  23:Core/Src/tim.c **** /* USER CODE BEGIN 0 */
  24:Core/Src/tim.c **** #include "include.h"
  25:Core/Src/tim.c **** /* USER CODE END 0 */
  26:Core/Src/tim.c **** 
  27:Core/Src/tim.c **** TIM_HandleTypeDef htim3;
  28:Core/Src/tim.c **** TIM_HandleTypeDef htim4;
  29:Core/Src/tim.c **** TIM_HandleTypeDef htim5;
  30:Core/Src/tim.c **** TIM_HandleTypeDef htim9;
ARM GAS  /tmp/ccOdsWbL.s 			page 2


  31:Core/Src/tim.c **** TIM_HandleTypeDef htim14;
  32:Core/Src/tim.c **** 
  33:Core/Src/tim.c **** /* TIM3 init function */
  34:Core/Src/tim.c **** void MX_TIM3_Init(void)
  35:Core/Src/tim.c **** {
  36:Core/Src/tim.c **** 
  37:Core/Src/tim.c ****   /* USER CODE BEGIN TIM3_Init 0 */
  38:Core/Src/tim.c **** 
  39:Core/Src/tim.c ****   /* USER CODE END TIM3_Init 0 */
  40:Core/Src/tim.c **** 
  41:Core/Src/tim.c ****   TIM_ClockConfigTypeDef sClockSourceConfig = {0};
  42:Core/Src/tim.c ****   TIM_MasterConfigTypeDef sMasterConfig = {0};
  43:Core/Src/tim.c ****   TIM_OC_InitTypeDef sConfigOC = {0};
  44:Core/Src/tim.c **** 
  45:Core/Src/tim.c ****   /* USER CODE BEGIN TIM3_Init 1 */
  46:Core/Src/tim.c **** 
  47:Core/Src/tim.c ****   /* USER CODE END TIM3_Init 1 */
  48:Core/Src/tim.c ****   htim3.Instance = TIM3;
  49:Core/Src/tim.c ****   htim3.Init.Prescaler = 168-1;
  50:Core/Src/tim.c ****   htim3.Init.CounterMode = TIM_COUNTERMODE_UP;
  51:Core/Src/tim.c ****   htim3.Init.Period = 1000-1;
  52:Core/Src/tim.c ****   htim3.Init.ClockDivision = TIM_CLOCKDIVISION_DIV1;
  53:Core/Src/tim.c ****   htim3.Init.AutoReloadPreload = TIM_AUTORELOAD_PRELOAD_ENABLE;
  54:Core/Src/tim.c ****   if (HAL_TIM_Base_Init(&htim3) != HAL_OK)
  55:Core/Src/tim.c ****   {
  56:Core/Src/tim.c ****     Error_Handler();
  57:Core/Src/tim.c ****   }
  58:Core/Src/tim.c ****   sClockSourceConfig.ClockSource = TIM_CLOCKSOURCE_INTERNAL;
  59:Core/Src/tim.c ****   if (HAL_TIM_ConfigClockSource(&htim3, &sClockSourceConfig) != HAL_OK)
  60:Core/Src/tim.c ****   {
  61:Core/Src/tim.c ****     Error_Handler();
  62:Core/Src/tim.c ****   }
  63:Core/Src/tim.c ****   if (HAL_TIM_PWM_Init(&htim3) != HAL_OK)
  64:Core/Src/tim.c ****   {
  65:Core/Src/tim.c ****     Error_Handler();
  66:Core/Src/tim.c ****   }
  67:Core/Src/tim.c ****   sMasterConfig.MasterOutputTrigger = TIM_TRGO_RESET;
  68:Core/Src/tim.c ****   sMasterConfig.MasterSlaveMode = TIM_MASTERSLAVEMODE_DISABLE;
  69:Core/Src/tim.c ****   if (HAL_TIMEx_MasterConfigSynchronization(&htim3, &sMasterConfig) != HAL_OK)
  70:Core/Src/tim.c ****   {
  71:Core/Src/tim.c ****     Error_Handler();
  72:Core/Src/tim.c ****   }
  73:Core/Src/tim.c ****   sConfigOC.OCMode = TIM_OCMODE_PWM1;
  74:Core/Src/tim.c ****   sConfigOC.Pulse = 0;
  75:Core/Src/tim.c ****   sConfigOC.OCPolarity = TIM_OCPOLARITY_HIGH;
  76:Core/Src/tim.c ****   sConfigOC.OCFastMode = TIM_OCFAST_DISABLE;
  77:Core/Src/tim.c ****   if (HAL_TIM_PWM_ConfigChannel(&htim3, &sConfigOC, TIM_CHANNEL_1) != HAL_OK)
  78:Core/Src/tim.c ****   {
  79:Core/Src/tim.c ****     Error_Handler();
  80:Core/Src/tim.c ****   }
  81:Core/Src/tim.c ****   if (HAL_TIM_PWM_ConfigChannel(&htim3, &sConfigOC, TIM_CHANNEL_2) != HAL_OK)
  82:Core/Src/tim.c ****   {
  83:Core/Src/tim.c ****     Error_Handler();
  84:Core/Src/tim.c ****   }
  85:Core/Src/tim.c ****   if (HAL_TIM_PWM_ConfigChannel(&htim3, &sConfigOC, TIM_CHANNEL_3) != HAL_OK)
  86:Core/Src/tim.c ****   {
  87:Core/Src/tim.c ****     Error_Handler();
ARM GAS  /tmp/ccOdsWbL.s 			page 3


  88:Core/Src/tim.c ****   }
  89:Core/Src/tim.c ****   if (HAL_TIM_PWM_ConfigChannel(&htim3, &sConfigOC, TIM_CHANNEL_4) != HAL_OK)
  90:Core/Src/tim.c ****   {
  91:Core/Src/tim.c ****     Error_Handler();
  92:Core/Src/tim.c ****   }
  93:Core/Src/tim.c ****   /* USER CODE BEGIN TIM3_Init 2 */
  94:Core/Src/tim.c **** 
  95:Core/Src/tim.c ****   /* USER CODE END TIM3_Init 2 */
  96:Core/Src/tim.c ****   HAL_TIM_MspPostInit(&htim3);
  97:Core/Src/tim.c **** 
  98:Core/Src/tim.c **** }
  99:Core/Src/tim.c **** /* TIM4 init function */
 100:Core/Src/tim.c **** void MX_TIM4_Init(void)
 101:Core/Src/tim.c **** {
 102:Core/Src/tim.c **** 
 103:Core/Src/tim.c ****   /* USER CODE BEGIN TIM4_Init 0 */
 104:Core/Src/tim.c **** 
 105:Core/Src/tim.c ****   /* USER CODE END TIM4_Init 0 */
 106:Core/Src/tim.c **** 
 107:Core/Src/tim.c ****   TIM_ClockConfigTypeDef sClockSourceConfig = {0};
 108:Core/Src/tim.c ****   TIM_MasterConfigTypeDef sMasterConfig = {0};
 109:Core/Src/tim.c ****   TIM_OC_InitTypeDef sConfigOC = {0};
 110:Core/Src/tim.c **** 
 111:Core/Src/tim.c ****   /* USER CODE BEGIN TIM4_Init 1 */
 112:Core/Src/tim.c **** 
 113:Core/Src/tim.c ****   /* USER CODE END TIM4_Init 1 */
 114:Core/Src/tim.c ****   htim4.Instance = TIM4;
 115:Core/Src/tim.c ****   htim4.Init.Prescaler = 1680-1;
 116:Core/Src/tim.c ****   htim4.Init.CounterMode = TIM_COUNTERMODE_UP;
 117:Core/Src/tim.c ****   htim4.Init.Period = 1000-1;
 118:Core/Src/tim.c ****   htim4.Init.ClockDivision = TIM_CLOCKDIVISION_DIV1;
 119:Core/Src/tim.c ****   htim4.Init.AutoReloadPreload = TIM_AUTORELOAD_PRELOAD_ENABLE;
 120:Core/Src/tim.c ****   if (HAL_TIM_Base_Init(&htim4) != HAL_OK)
 121:Core/Src/tim.c ****   {
 122:Core/Src/tim.c ****     Error_Handler();
 123:Core/Src/tim.c ****   }
 124:Core/Src/tim.c ****   sClockSourceConfig.ClockSource = TIM_CLOCKSOURCE_INTERNAL;
 125:Core/Src/tim.c ****   if (HAL_TIM_ConfigClockSource(&htim4, &sClockSourceConfig) != HAL_OK)
 126:Core/Src/tim.c ****   {
 127:Core/Src/tim.c ****     Error_Handler();
 128:Core/Src/tim.c ****   }
 129:Core/Src/tim.c ****   if (HAL_TIM_PWM_Init(&htim4) != HAL_OK)
 130:Core/Src/tim.c ****   {
 131:Core/Src/tim.c ****     Error_Handler();
 132:Core/Src/tim.c ****   }
 133:Core/Src/tim.c ****   sMasterConfig.MasterOutputTrigger = TIM_TRGO_RESET;
 134:Core/Src/tim.c ****   sMasterConfig.MasterSlaveMode = TIM_MASTERSLAVEMODE_DISABLE;
 135:Core/Src/tim.c ****   if (HAL_TIMEx_MasterConfigSynchronization(&htim4, &sMasterConfig) != HAL_OK)
 136:Core/Src/tim.c ****   {
 137:Core/Src/tim.c ****     Error_Handler();
 138:Core/Src/tim.c ****   }
 139:Core/Src/tim.c ****   sConfigOC.OCMode = TIM_OCMODE_PWM1;
 140:Core/Src/tim.c ****   sConfigOC.Pulse = 0;
 141:Core/Src/tim.c ****   sConfigOC.OCPolarity = TIM_OCPOLARITY_HIGH;
 142:Core/Src/tim.c ****   sConfigOC.OCFastMode = TIM_OCFAST_DISABLE;
 143:Core/Src/tim.c ****   if (HAL_TIM_PWM_ConfigChannel(&htim4, &sConfigOC, TIM_CHANNEL_3) != HAL_OK)
 144:Core/Src/tim.c ****   {
ARM GAS  /tmp/ccOdsWbL.s 			page 4


 145:Core/Src/tim.c ****     Error_Handler();
 146:Core/Src/tim.c ****   }
 147:Core/Src/tim.c ****   if (HAL_TIM_PWM_ConfigChannel(&htim4, &sConfigOC, TIM_CHANNEL_4) != HAL_OK)
 148:Core/Src/tim.c ****   {
 149:Core/Src/tim.c ****     Error_Handler();
 150:Core/Src/tim.c ****   }
 151:Core/Src/tim.c ****   /* USER CODE BEGIN TIM4_Init 2 */
 152:Core/Src/tim.c **** 
 153:Core/Src/tim.c ****   /* USER CODE END TIM4_Init 2 */
 154:Core/Src/tim.c ****   HAL_TIM_MspPostInit(&htim4);
 155:Core/Src/tim.c **** 
 156:Core/Src/tim.c **** }
 157:Core/Src/tim.c **** /* TIM5 init function */
 158:Core/Src/tim.c **** void MX_TIM5_Init(void)
 159:Core/Src/tim.c **** {
 160:Core/Src/tim.c **** 
 161:Core/Src/tim.c ****   /* USER CODE BEGIN TIM5_Init 0 */
 162:Core/Src/tim.c **** 
 163:Core/Src/tim.c ****   /* USER CODE END TIM5_Init 0 */
 164:Core/Src/tim.c **** 
 165:Core/Src/tim.c ****   TIM_ClockConfigTypeDef sClockSourceConfig = {0};
 166:Core/Src/tim.c ****   TIM_MasterConfigTypeDef sMasterConfig = {0};
 167:Core/Src/tim.c ****   TIM_OC_InitTypeDef sConfigOC = {0};
 168:Core/Src/tim.c **** 
 169:Core/Src/tim.c ****   /* USER CODE BEGIN TIM5_Init 1 */
 170:Core/Src/tim.c **** 
 171:Core/Src/tim.c ****   /* USER CODE END TIM5_Init 1 */
 172:Core/Src/tim.c ****   htim5.Instance = TIM5;
 173:Core/Src/tim.c ****   htim5.Init.Prescaler = 1680-1;
 174:Core/Src/tim.c ****   htim5.Init.CounterMode = TIM_COUNTERMODE_UP;
 175:Core/Src/tim.c ****   htim5.Init.Period = 1000-1;
 176:Core/Src/tim.c ****   htim5.Init.ClockDivision = TIM_CLOCKDIVISION_DIV1;
 177:Core/Src/tim.c ****   htim5.Init.AutoReloadPreload = TIM_AUTORELOAD_PRELOAD_ENABLE;
 178:Core/Src/tim.c ****   if (HAL_TIM_Base_Init(&htim5) != HAL_OK)
 179:Core/Src/tim.c ****   {
 180:Core/Src/tim.c ****     Error_Handler();
 181:Core/Src/tim.c ****   }
 182:Core/Src/tim.c ****   sClockSourceConfig.ClockSource = TIM_CLOCKSOURCE_INTERNAL;
 183:Core/Src/tim.c ****   if (HAL_TIM_ConfigClockSource(&htim5, &sClockSourceConfig) != HAL_OK)
 184:Core/Src/tim.c ****   {
 185:Core/Src/tim.c ****     Error_Handler();
 186:Core/Src/tim.c ****   }
 187:Core/Src/tim.c ****   if (HAL_TIM_PWM_Init(&htim5) != HAL_OK)
 188:Core/Src/tim.c ****   {
 189:Core/Src/tim.c ****     Error_Handler();
 190:Core/Src/tim.c ****   }
 191:Core/Src/tim.c ****   sMasterConfig.MasterOutputTrigger = TIM_TRGO_RESET;
 192:Core/Src/tim.c ****   sMasterConfig.MasterSlaveMode = TIM_MASTERSLAVEMODE_DISABLE;
 193:Core/Src/tim.c ****   if (HAL_TIMEx_MasterConfigSynchronization(&htim5, &sMasterConfig) != HAL_OK)
 194:Core/Src/tim.c ****   {
 195:Core/Src/tim.c ****     Error_Handler();
 196:Core/Src/tim.c ****   }
 197:Core/Src/tim.c ****   sConfigOC.OCMode = TIM_OCMODE_PWM1;
 198:Core/Src/tim.c ****   sConfigOC.Pulse = 0;
 199:Core/Src/tim.c ****   sConfigOC.OCPolarity = TIM_OCPOLARITY_HIGH;
 200:Core/Src/tim.c ****   sConfigOC.OCFastMode = TIM_OCFAST_DISABLE;
 201:Core/Src/tim.c ****   if (HAL_TIM_PWM_ConfigChannel(&htim5, &sConfigOC, TIM_CHANNEL_3) != HAL_OK)
ARM GAS  /tmp/ccOdsWbL.s 			page 5


 202:Core/Src/tim.c ****   {
 203:Core/Src/tim.c ****     Error_Handler();
 204:Core/Src/tim.c ****   }
 205:Core/Src/tim.c ****   if (HAL_TIM_PWM_ConfigChannel(&htim5, &sConfigOC, TIM_CHANNEL_4) != HAL_OK)
 206:Core/Src/tim.c ****   {
 207:Core/Src/tim.c ****     Error_Handler();
 208:Core/Src/tim.c ****   }
 209:Core/Src/tim.c ****   /* USER CODE BEGIN TIM5_Init 2 */
 210:Core/Src/tim.c **** 
 211:Core/Src/tim.c ****   /* USER CODE END TIM5_Init 2 */
 212:Core/Src/tim.c ****   HAL_TIM_MspPostInit(&htim5);
 213:Core/Src/tim.c **** 
 214:Core/Src/tim.c **** }
 215:Core/Src/tim.c **** /* TIM9 init function */
 216:Core/Src/tim.c **** void MX_TIM9_Init(void)
 217:Core/Src/tim.c **** {
 218:Core/Src/tim.c **** 
 219:Core/Src/tim.c ****   /* USER CODE BEGIN TIM9_Init 0 */
 220:Core/Src/tim.c **** 
 221:Core/Src/tim.c ****   /* USER CODE END TIM9_Init 0 */
 222:Core/Src/tim.c **** 
 223:Core/Src/tim.c ****   TIM_OC_InitTypeDef sConfigOC = {0};
 224:Core/Src/tim.c **** 
 225:Core/Src/tim.c ****   /* USER CODE BEGIN TIM9_Init 1 */
 226:Core/Src/tim.c **** 
 227:Core/Src/tim.c ****   /* USER CODE END TIM9_Init 1 */
 228:Core/Src/tim.c ****   htim9.Instance = TIM9;
 229:Core/Src/tim.c ****   htim9.Init.Prescaler = 168-1;
 230:Core/Src/tim.c ****   htim9.Init.CounterMode = TIM_COUNTERMODE_UP;
 231:Core/Src/tim.c ****   htim9.Init.Period = 100-1;
 232:Core/Src/tim.c ****   htim9.Init.ClockDivision = TIM_CLOCKDIVISION_DIV1;
 233:Core/Src/tim.c ****   htim9.Init.AutoReloadPreload = TIM_AUTORELOAD_PRELOAD_ENABLE;
 234:Core/Src/tim.c ****   if (HAL_TIM_PWM_Init(&htim9) != HAL_OK)
 235:Core/Src/tim.c ****   {
 236:Core/Src/tim.c ****     Error_Handler();
 237:Core/Src/tim.c ****   }
 238:Core/Src/tim.c ****   sConfigOC.OCMode = TIM_OCMODE_PWM1;
 239:Core/Src/tim.c ****   sConfigOC.Pulse = 0;
 240:Core/Src/tim.c ****   sConfigOC.OCPolarity = TIM_OCPOLARITY_LOW;
 241:Core/Src/tim.c ****   sConfigOC.OCFastMode = TIM_OCFAST_DISABLE;
 242:Core/Src/tim.c ****   if (HAL_TIM_PWM_ConfigChannel(&htim9, &sConfigOC, TIM_CHANNEL_1) != HAL_OK)
 243:Core/Src/tim.c ****   {
 244:Core/Src/tim.c ****     Error_Handler();
 245:Core/Src/tim.c ****   }
 246:Core/Src/tim.c ****   if (HAL_TIM_PWM_ConfigChannel(&htim9, &sConfigOC, TIM_CHANNEL_2) != HAL_OK)
 247:Core/Src/tim.c ****   {
 248:Core/Src/tim.c ****     Error_Handler();
 249:Core/Src/tim.c ****   }
 250:Core/Src/tim.c ****   /* USER CODE BEGIN TIM9_Init 2 */
 251:Core/Src/tim.c **** 
 252:Core/Src/tim.c ****   /* USER CODE END TIM9_Init 2 */
 253:Core/Src/tim.c ****   HAL_TIM_MspPostInit(&htim9);
 254:Core/Src/tim.c **** 
 255:Core/Src/tim.c **** }
 256:Core/Src/tim.c **** /* TIM14 init function */
 257:Core/Src/tim.c **** void MX_TIM14_Init(void)
 258:Core/Src/tim.c **** {
ARM GAS  /tmp/ccOdsWbL.s 			page 6


  29              		.loc 1 258 1 view -0
  30              		.cfi_startproc
  31              		@ args = 0, pretend = 0, frame = 0
  32              		@ frame_needed = 0, uses_anonymous_args = 0
  33 0000 08B5     		push	{r3, lr}
  34              	.LCFI0:
  35              		.cfi_def_cfa_offset 8
  36              		.cfi_offset 3, -8
  37              		.cfi_offset 14, -4
 259:Core/Src/tim.c **** 
 260:Core/Src/tim.c ****   /* USER CODE BEGIN TIM14_Init 0 */
 261:Core/Src/tim.c **** 
 262:Core/Src/tim.c ****   /* USER CODE END TIM14_Init 0 */
 263:Core/Src/tim.c **** 
 264:Core/Src/tim.c ****   /* USER CODE BEGIN TIM14_Init 1 */
 265:Core/Src/tim.c **** 
 266:Core/Src/tim.c ****   /* USER CODE END TIM14_Init 1 */
 267:Core/Src/tim.c ****   htim14.Instance = TIM14;
  38              		.loc 1 267 3 view .LVU1
  39              		.loc 1 267 19 is_stmt 0 view .LVU2
  40 0002 0A48     		ldr	r0, .L5
  41 0004 0A4B     		ldr	r3, .L5+4
  42 0006 0360     		str	r3, [r0]
 268:Core/Src/tim.c ****   htim14.Init.Prescaler = 0;
  43              		.loc 1 268 3 is_stmt 1 view .LVU3
  44              		.loc 1 268 25 is_stmt 0 view .LVU4
  45 0008 0023     		movs	r3, #0
  46 000a 4360     		str	r3, [r0, #4]
 269:Core/Src/tim.c ****   htim14.Init.CounterMode = TIM_COUNTERMODE_UP;
  47              		.loc 1 269 3 is_stmt 1 view .LVU5
  48              		.loc 1 269 27 is_stmt 0 view .LVU6
  49 000c 8360     		str	r3, [r0, #8]
 270:Core/Src/tim.c ****   htim14.Init.Period = 65535;
  50              		.loc 1 270 3 is_stmt 1 view .LVU7
  51              		.loc 1 270 22 is_stmt 0 view .LVU8
  52 000e 4FF6FF72 		movw	r2, #65535
  53 0012 C260     		str	r2, [r0, #12]
 271:Core/Src/tim.c ****   htim14.Init.ClockDivision = TIM_CLOCKDIVISION_DIV1;
  54              		.loc 1 271 3 is_stmt 1 view .LVU9
  55              		.loc 1 271 29 is_stmt 0 view .LVU10
  56 0014 0361     		str	r3, [r0, #16]
 272:Core/Src/tim.c ****   htim14.Init.AutoReloadPreload = TIM_AUTORELOAD_PRELOAD_DISABLE;
  57              		.loc 1 272 3 is_stmt 1 view .LVU11
  58              		.loc 1 272 33 is_stmt 0 view .LVU12
  59 0016 8361     		str	r3, [r0, #24]
 273:Core/Src/tim.c ****   if (HAL_TIM_Base_Init(&htim14) != HAL_OK)
  60              		.loc 1 273 3 is_stmt 1 view .LVU13
  61              		.loc 1 273 7 is_stmt 0 view .LVU14
  62 0018 FFF7FEFF 		bl	HAL_TIM_Base_Init
  63              	.LVL0:
  64              		.loc 1 273 6 discriminator 1 view .LVU15
  65 001c 18B9     		cbnz	r0, .L4
  66              	.L2:
 274:Core/Src/tim.c ****   {
 275:Core/Src/tim.c ****     Error_Handler();
 276:Core/Src/tim.c ****   }
 277:Core/Src/tim.c ****   /* USER CODE BEGIN TIM14_Init 2 */
ARM GAS  /tmp/ccOdsWbL.s 			page 7


 278:Core/Src/tim.c ****   HAL_TIM_Base_Start_IT(&htim14);
  67              		.loc 1 278 3 is_stmt 1 view .LVU16
  68 001e 0348     		ldr	r0, .L5
  69 0020 FFF7FEFF 		bl	HAL_TIM_Base_Start_IT
  70              	.LVL1:
 279:Core/Src/tim.c ****   /* USER CODE END TIM14_Init 2 */
 280:Core/Src/tim.c **** 
 281:Core/Src/tim.c **** }
  71              		.loc 1 281 1 is_stmt 0 view .LVU17
  72 0024 08BD     		pop	{r3, pc}
  73              	.L4:
 275:Core/Src/tim.c ****   }
  74              		.loc 1 275 5 is_stmt 1 view .LVU18
  75 0026 FFF7FEFF 		bl	Error_Handler
  76              	.LVL2:
  77 002a F8E7     		b	.L2
  78              	.L6:
  79              		.align	2
  80              	.L5:
  81 002c 00000000 		.word	htim14
  82 0030 00200040 		.word	1073750016
  83              		.cfi_endproc
  84              	.LFE247:
  86              		.section	.text.HAL_TIM_Base_MspInit,"ax",%progbits
  87              		.align	1
  88              		.global	HAL_TIM_Base_MspInit
  89              		.syntax unified
  90              		.thumb
  91              		.thumb_func
  93              	HAL_TIM_Base_MspInit:
  94              	.LVL3:
  95              	.LFB248:
 282:Core/Src/tim.c **** 
 283:Core/Src/tim.c **** void HAL_TIM_Base_MspInit(TIM_HandleTypeDef* tim_baseHandle)
 284:Core/Src/tim.c **** {
  96              		.loc 1 284 1 view -0
  97              		.cfi_startproc
  98              		@ args = 0, pretend = 0, frame = 16
  99              		@ frame_needed = 0, uses_anonymous_args = 0
 100              		.loc 1 284 1 is_stmt 0 view .LVU20
 101 0000 00B5     		push	{lr}
 102              	.LCFI1:
 103              		.cfi_def_cfa_offset 4
 104              		.cfi_offset 14, -4
 105 0002 85B0     		sub	sp, sp, #20
 106              	.LCFI2:
 107              		.cfi_def_cfa_offset 24
 285:Core/Src/tim.c **** 
 286:Core/Src/tim.c ****   if(tim_baseHandle->Instance==TIM3)
 108              		.loc 1 286 3 is_stmt 1 view .LVU21
 109              		.loc 1 286 20 is_stmt 0 view .LVU22
 110 0004 0368     		ldr	r3, [r0]
 111              		.loc 1 286 5 view .LVU23
 112 0006 244A     		ldr	r2, .L16
 113 0008 9342     		cmp	r3, r2
 114 000a 1CD0     		beq	.L13
 287:Core/Src/tim.c ****   {
ARM GAS  /tmp/ccOdsWbL.s 			page 8


 288:Core/Src/tim.c ****   /* USER CODE BEGIN TIM3_MspInit 0 */
 289:Core/Src/tim.c **** 
 290:Core/Src/tim.c ****   /* USER CODE END TIM3_MspInit 0 */
 291:Core/Src/tim.c ****     /* TIM3 clock enable */
 292:Core/Src/tim.c ****     __HAL_RCC_TIM3_CLK_ENABLE();
 293:Core/Src/tim.c ****   /* USER CODE BEGIN TIM3_MspInit 1 */
 294:Core/Src/tim.c **** 
 295:Core/Src/tim.c ****   /* USER CODE END TIM3_MspInit 1 */
 296:Core/Src/tim.c ****   }
 297:Core/Src/tim.c ****   else if(tim_baseHandle->Instance==TIM4)
 115              		.loc 1 297 8 is_stmt 1 view .LVU24
 116              		.loc 1 297 10 is_stmt 0 view .LVU25
 117 000c 234A     		ldr	r2, .L16+4
 118 000e 9342     		cmp	r3, r2
 119 0010 28D0     		beq	.L14
 298:Core/Src/tim.c ****   {
 299:Core/Src/tim.c ****   /* USER CODE BEGIN TIM4_MspInit 0 */
 300:Core/Src/tim.c **** 
 301:Core/Src/tim.c ****   /* USER CODE END TIM4_MspInit 0 */
 302:Core/Src/tim.c ****     /* TIM4 clock enable */
 303:Core/Src/tim.c ****     __HAL_RCC_TIM4_CLK_ENABLE();
 304:Core/Src/tim.c ****   /* USER CODE BEGIN TIM4_MspInit 1 */
 305:Core/Src/tim.c **** 
 306:Core/Src/tim.c ****   /* USER CODE END TIM4_MspInit 1 */
 307:Core/Src/tim.c ****   }
 308:Core/Src/tim.c ****   else if(tim_baseHandle->Instance==TIM5)
 120              		.loc 1 308 8 is_stmt 1 view .LVU26
 121              		.loc 1 308 10 is_stmt 0 view .LVU27
 122 0012 234A     		ldr	r2, .L16+8
 123 0014 9342     		cmp	r3, r2
 124 0016 32D0     		beq	.L15
 309:Core/Src/tim.c ****   {
 310:Core/Src/tim.c ****   /* USER CODE BEGIN TIM5_MspInit 0 */
 311:Core/Src/tim.c **** 
 312:Core/Src/tim.c ****   /* USER CODE END TIM5_MspInit 0 */
 313:Core/Src/tim.c ****     /* TIM5 clock enable */
 314:Core/Src/tim.c ****     __HAL_RCC_TIM5_CLK_ENABLE();
 315:Core/Src/tim.c ****   /* USER CODE BEGIN TIM5_MspInit 1 */
 316:Core/Src/tim.c **** 
 317:Core/Src/tim.c ****   /* USER CODE END TIM5_MspInit 1 */
 318:Core/Src/tim.c ****   }
 319:Core/Src/tim.c ****   else if(tim_baseHandle->Instance==TIM14)
 125              		.loc 1 319 8 is_stmt 1 view .LVU28
 126              		.loc 1 319 10 is_stmt 0 view .LVU29
 127 0018 224A     		ldr	r2, .L16+12
 128 001a 9342     		cmp	r3, r2
 129 001c 1FD1     		bne	.L7
 320:Core/Src/tim.c ****   {
 321:Core/Src/tim.c ****   /* USER CODE BEGIN TIM14_MspInit 0 */
 322:Core/Src/tim.c **** 
 323:Core/Src/tim.c ****   /* USER CODE END TIM14_MspInit 0 */
 324:Core/Src/tim.c ****     /* TIM14 clock enable */
 325:Core/Src/tim.c ****     __HAL_RCC_TIM14_CLK_ENABLE();
 130              		.loc 1 325 5 is_stmt 1 view .LVU30
 131              	.LBB2:
 132              		.loc 1 325 5 view .LVU31
 133 001e 0022     		movs	r2, #0
ARM GAS  /tmp/ccOdsWbL.s 			page 9


 134 0020 0392     		str	r2, [sp, #12]
 135              		.loc 1 325 5 view .LVU32
 136 0022 214B     		ldr	r3, .L16+16
 137 0024 196C     		ldr	r1, [r3, #64]
 138 0026 41F48071 		orr	r1, r1, #256
 139 002a 1964     		str	r1, [r3, #64]
 140              		.loc 1 325 5 view .LVU33
 141 002c 1B6C     		ldr	r3, [r3, #64]
 142 002e 03F48073 		and	r3, r3, #256
 143 0032 0393     		str	r3, [sp, #12]
 144              		.loc 1 325 5 view .LVU34
 145 0034 039B     		ldr	r3, [sp, #12]
 146              	.LBE2:
 147              		.loc 1 325 5 view .LVU35
 326:Core/Src/tim.c **** 
 327:Core/Src/tim.c ****     /* TIM14 interrupt Init */
 328:Core/Src/tim.c ****     HAL_NVIC_SetPriority(TIM8_TRG_COM_TIM14_IRQn, 5, 0);
 148              		.loc 1 328 5 view .LVU36
 149 0036 0521     		movs	r1, #5
 150 0038 2D20     		movs	r0, #45
 151              	.LVL4:
 152              		.loc 1 328 5 is_stmt 0 view .LVU37
 153 003a FFF7FEFF 		bl	HAL_NVIC_SetPriority
 154              	.LVL5:
 329:Core/Src/tim.c ****     HAL_NVIC_EnableIRQ(TIM8_TRG_COM_TIM14_IRQn);
 155              		.loc 1 329 5 is_stmt 1 view .LVU38
 156 003e 2D20     		movs	r0, #45
 157 0040 FFF7FEFF 		bl	HAL_NVIC_EnableIRQ
 158              	.LVL6:
 330:Core/Src/tim.c ****   /* USER CODE BEGIN TIM14_MspInit 1 */
 331:Core/Src/tim.c **** 
 332:Core/Src/tim.c ****   /* USER CODE END TIM14_MspInit 1 */
 333:Core/Src/tim.c ****   }
 334:Core/Src/tim.c **** }
 159              		.loc 1 334 1 is_stmt 0 view .LVU39
 160 0044 0BE0     		b	.L7
 161              	.LVL7:
 162              	.L13:
 292:Core/Src/tim.c ****   /* USER CODE BEGIN TIM3_MspInit 1 */
 163              		.loc 1 292 5 is_stmt 1 view .LVU40
 164              	.LBB3:
 292:Core/Src/tim.c ****   /* USER CODE BEGIN TIM3_MspInit 1 */
 165              		.loc 1 292 5 view .LVU41
 166 0046 0023     		movs	r3, #0
 167 0048 0093     		str	r3, [sp]
 292:Core/Src/tim.c ****   /* USER CODE BEGIN TIM3_MspInit 1 */
 168              		.loc 1 292 5 view .LVU42
 169 004a 174B     		ldr	r3, .L16+16
 170 004c 1A6C     		ldr	r2, [r3, #64]
 171 004e 42F00202 		orr	r2, r2, #2
 172 0052 1A64     		str	r2, [r3, #64]
 292:Core/Src/tim.c ****   /* USER CODE BEGIN TIM3_MspInit 1 */
 173              		.loc 1 292 5 view .LVU43
 174 0054 1B6C     		ldr	r3, [r3, #64]
 175 0056 03F00203 		and	r3, r3, #2
 176 005a 0093     		str	r3, [sp]
 292:Core/Src/tim.c ****   /* USER CODE BEGIN TIM3_MspInit 1 */
ARM GAS  /tmp/ccOdsWbL.s 			page 10


 177              		.loc 1 292 5 view .LVU44
 178 005c 009B     		ldr	r3, [sp]
 179              	.LBE3:
 292:Core/Src/tim.c ****   /* USER CODE BEGIN TIM3_MspInit 1 */
 180              		.loc 1 292 5 view .LVU45
 181              	.LVL8:
 182              	.L7:
 183              		.loc 1 334 1 is_stmt 0 view .LVU46
 184 005e 05B0     		add	sp, sp, #20
 185              	.LCFI3:
 186              		.cfi_remember_state
 187              		.cfi_def_cfa_offset 4
 188              		@ sp needed
 189 0060 5DF804FB 		ldr	pc, [sp], #4
 190              	.LVL9:
 191              	.L14:
 192              	.LCFI4:
 193              		.cfi_restore_state
 303:Core/Src/tim.c ****   /* USER CODE BEGIN TIM4_MspInit 1 */
 194              		.loc 1 303 5 is_stmt 1 view .LVU47
 195              	.LBB4:
 303:Core/Src/tim.c ****   /* USER CODE BEGIN TIM4_MspInit 1 */
 196              		.loc 1 303 5 view .LVU48
 197 0064 0023     		movs	r3, #0
 198 0066 0193     		str	r3, [sp, #4]
 303:Core/Src/tim.c ****   /* USER CODE BEGIN TIM4_MspInit 1 */
 199              		.loc 1 303 5 view .LVU49
 200 0068 0F4B     		ldr	r3, .L16+16
 201 006a 1A6C     		ldr	r2, [r3, #64]
 202 006c 42F00402 		orr	r2, r2, #4
 203 0070 1A64     		str	r2, [r3, #64]
 303:Core/Src/tim.c ****   /* USER CODE BEGIN TIM4_MspInit 1 */
 204              		.loc 1 303 5 view .LVU50
 205 0072 1B6C     		ldr	r3, [r3, #64]
 206 0074 03F00403 		and	r3, r3, #4
 207 0078 0193     		str	r3, [sp, #4]
 303:Core/Src/tim.c ****   /* USER CODE BEGIN TIM4_MspInit 1 */
 208              		.loc 1 303 5 view .LVU51
 209 007a 019B     		ldr	r3, [sp, #4]
 210              	.LBE4:
 303:Core/Src/tim.c ****   /* USER CODE BEGIN TIM4_MspInit 1 */
 211              		.loc 1 303 5 view .LVU52
 212 007c EFE7     		b	.L7
 213              	.L15:
 314:Core/Src/tim.c ****   /* USER CODE BEGIN TIM5_MspInit 1 */
 214              		.loc 1 314 5 view .LVU53
 215              	.LBB5:
 314:Core/Src/tim.c ****   /* USER CODE BEGIN TIM5_MspInit 1 */
 216              		.loc 1 314 5 view .LVU54
 217 007e 0023     		movs	r3, #0
 218 0080 0293     		str	r3, [sp, #8]
 314:Core/Src/tim.c ****   /* USER CODE BEGIN TIM5_MspInit 1 */
 219              		.loc 1 314 5 view .LVU55
 220 0082 094B     		ldr	r3, .L16+16
 221 0084 1A6C     		ldr	r2, [r3, #64]
 222 0086 42F00802 		orr	r2, r2, #8
 223 008a 1A64     		str	r2, [r3, #64]
ARM GAS  /tmp/ccOdsWbL.s 			page 11


 314:Core/Src/tim.c ****   /* USER CODE BEGIN TIM5_MspInit 1 */
 224              		.loc 1 314 5 view .LVU56
 225 008c 1B6C     		ldr	r3, [r3, #64]
 226 008e 03F00803 		and	r3, r3, #8
 227 0092 0293     		str	r3, [sp, #8]
 314:Core/Src/tim.c ****   /* USER CODE BEGIN TIM5_MspInit 1 */
 228              		.loc 1 314 5 view .LVU57
 229 0094 029B     		ldr	r3, [sp, #8]
 230              	.LBE5:
 314:Core/Src/tim.c ****   /* USER CODE BEGIN TIM5_MspInit 1 */
 231              		.loc 1 314 5 view .LVU58
 232 0096 E2E7     		b	.L7
 233              	.L17:
 234              		.align	2
 235              	.L16:
 236 0098 00040040 		.word	1073742848
 237 009c 00080040 		.word	1073743872
 238 00a0 000C0040 		.word	1073744896
 239 00a4 00200040 		.word	1073750016
 240 00a8 00380240 		.word	1073887232
 241              		.cfi_endproc
 242              	.LFE248:
 244              		.section	.text.HAL_TIM_PWM_MspInit,"ax",%progbits
 245              		.align	1
 246              		.global	HAL_TIM_PWM_MspInit
 247              		.syntax unified
 248              		.thumb
 249              		.thumb_func
 251              	HAL_TIM_PWM_MspInit:
 252              	.LVL10:
 253              	.LFB249:
 335:Core/Src/tim.c **** 
 336:Core/Src/tim.c **** void HAL_TIM_PWM_MspInit(TIM_HandleTypeDef* tim_pwmHandle)
 337:Core/Src/tim.c **** {
 254              		.loc 1 337 1 view -0
 255              		.cfi_startproc
 256              		@ args = 0, pretend = 0, frame = 8
 257              		@ frame_needed = 0, uses_anonymous_args = 0
 338:Core/Src/tim.c **** 
 339:Core/Src/tim.c ****   if(tim_pwmHandle->Instance==TIM9)
 258              		.loc 1 339 3 view .LVU60
 259              		.loc 1 339 19 is_stmt 0 view .LVU61
 260 0000 0268     		ldr	r2, [r0]
 261              		.loc 1 339 5 view .LVU62
 262 0002 0E4B     		ldr	r3, .L25
 263 0004 9A42     		cmp	r2, r3
 264 0006 00D0     		beq	.L24
 265 0008 7047     		bx	lr
 266              	.L24:
 337:Core/Src/tim.c **** 
 267              		.loc 1 337 1 view .LVU63
 268 000a 00B5     		push	{lr}
 269              	.LCFI5:
 270              		.cfi_def_cfa_offset 4
 271              		.cfi_offset 14, -4
 272 000c 83B0     		sub	sp, sp, #12
 273              	.LCFI6:
ARM GAS  /tmp/ccOdsWbL.s 			page 12


 274              		.cfi_def_cfa_offset 16
 340:Core/Src/tim.c ****   {
 341:Core/Src/tim.c ****   /* USER CODE BEGIN TIM9_MspInit 0 */
 342:Core/Src/tim.c **** 
 343:Core/Src/tim.c ****   /* USER CODE END TIM9_MspInit 0 */
 344:Core/Src/tim.c ****     /* TIM9 clock enable */
 345:Core/Src/tim.c ****     __HAL_RCC_TIM9_CLK_ENABLE();
 275              		.loc 1 345 5 is_stmt 1 view .LVU64
 276              	.LBB6:
 277              		.loc 1 345 5 view .LVU65
 278 000e 0022     		movs	r2, #0
 279 0010 0192     		str	r2, [sp, #4]
 280              		.loc 1 345 5 view .LVU66
 281 0012 03F57843 		add	r3, r3, #63488
 282 0016 596C     		ldr	r1, [r3, #68]
 283 0018 41F48031 		orr	r1, r1, #65536
 284 001c 5964     		str	r1, [r3, #68]
 285              		.loc 1 345 5 view .LVU67
 286 001e 5B6C     		ldr	r3, [r3, #68]
 287 0020 03F48033 		and	r3, r3, #65536
 288 0024 0193     		str	r3, [sp, #4]
 289              		.loc 1 345 5 view .LVU68
 290 0026 019B     		ldr	r3, [sp, #4]
 291              	.LBE6:
 292              		.loc 1 345 5 view .LVU69
 346:Core/Src/tim.c **** 
 347:Core/Src/tim.c ****     /* TIM9 interrupt Init */
 348:Core/Src/tim.c ****     HAL_NVIC_SetPriority(TIM1_BRK_TIM9_IRQn, 5, 0);
 293              		.loc 1 348 5 view .LVU70
 294 0028 0521     		movs	r1, #5
 295 002a 1820     		movs	r0, #24
 296              	.LVL11:
 297              		.loc 1 348 5 is_stmt 0 view .LVU71
 298 002c FFF7FEFF 		bl	HAL_NVIC_SetPriority
 299              	.LVL12:
 349:Core/Src/tim.c ****     HAL_NVIC_EnableIRQ(TIM1_BRK_TIM9_IRQn);
 300              		.loc 1 349 5 is_stmt 1 view .LVU72
 301 0030 1820     		movs	r0, #24
 302 0032 FFF7FEFF 		bl	HAL_NVIC_EnableIRQ
 303              	.LVL13:
 350:Core/Src/tim.c ****   /* USER CODE BEGIN TIM9_MspInit 1 */
 351:Core/Src/tim.c **** 
 352:Core/Src/tim.c ****   /* USER CODE END TIM9_MspInit 1 */
 353:Core/Src/tim.c ****   }
 354:Core/Src/tim.c **** }
 304              		.loc 1 354 1 is_stmt 0 view .LVU73
 305 0036 03B0     		add	sp, sp, #12
 306              	.LCFI7:
 307              		.cfi_def_cfa_offset 4
 308              		@ sp needed
 309 0038 5DF804FB 		ldr	pc, [sp], #4
 310              	.L26:
 311              		.align	2
 312              	.L25:
 313 003c 00400140 		.word	1073823744
 314              		.cfi_endproc
 315              	.LFE249:
ARM GAS  /tmp/ccOdsWbL.s 			page 13


 317              		.section	.text.HAL_TIM_MspPostInit,"ax",%progbits
 318              		.align	1
 319              		.global	HAL_TIM_MspPostInit
 320              		.syntax unified
 321              		.thumb
 322              		.thumb_func
 324              	HAL_TIM_MspPostInit:
 325              	.LVL14:
 326              	.LFB250:
 355:Core/Src/tim.c **** void HAL_TIM_MspPostInit(TIM_HandleTypeDef* timHandle)
 356:Core/Src/tim.c **** {
 327              		.loc 1 356 1 is_stmt 1 view -0
 328              		.cfi_startproc
 329              		@ args = 0, pretend = 0, frame = 40
 330              		@ frame_needed = 0, uses_anonymous_args = 0
 331              		.loc 1 356 1 is_stmt 0 view .LVU75
 332 0000 00B5     		push	{lr}
 333              	.LCFI8:
 334              		.cfi_def_cfa_offset 4
 335              		.cfi_offset 14, -4
 336 0002 8BB0     		sub	sp, sp, #44
 337              	.LCFI9:
 338              		.cfi_def_cfa_offset 48
 357:Core/Src/tim.c **** 
 358:Core/Src/tim.c ****   GPIO_InitTypeDef GPIO_InitStruct = {0};
 339              		.loc 1 358 3 is_stmt 1 view .LVU76
 340              		.loc 1 358 20 is_stmt 0 view .LVU77
 341 0004 0023     		movs	r3, #0
 342 0006 0593     		str	r3, [sp, #20]
 343 0008 0693     		str	r3, [sp, #24]
 344 000a 0793     		str	r3, [sp, #28]
 345 000c 0893     		str	r3, [sp, #32]
 346 000e 0993     		str	r3, [sp, #36]
 359:Core/Src/tim.c ****   if(timHandle->Instance==TIM3)
 347              		.loc 1 359 3 is_stmt 1 view .LVU78
 348              		.loc 1 359 15 is_stmt 0 view .LVU79
 349 0010 0368     		ldr	r3, [r0]
 350              		.loc 1 359 5 view .LVU80
 351 0012 354A     		ldr	r2, .L37
 352 0014 9342     		cmp	r3, r2
 353 0016 0BD0     		beq	.L33
 360:Core/Src/tim.c ****   {
 361:Core/Src/tim.c ****   /* USER CODE BEGIN TIM3_MspPostInit 0 */
 362:Core/Src/tim.c **** 
 363:Core/Src/tim.c ****   /* USER CODE END TIM3_MspPostInit 0 */
 364:Core/Src/tim.c ****     __HAL_RCC_GPIOC_CLK_ENABLE();
 365:Core/Src/tim.c ****     /**TIM3 GPIO Configuration
 366:Core/Src/tim.c ****     PC6     ------> TIM3_CH1
 367:Core/Src/tim.c ****     PC7     ------> TIM3_CH2
 368:Core/Src/tim.c ****     PC8     ------> TIM3_CH3
 369:Core/Src/tim.c ****     PC9     ------> TIM3_CH4
 370:Core/Src/tim.c ****     */
 371:Core/Src/tim.c ****     GPIO_InitStruct.Pin = GPIO_PIN_6|GPIO_PIN_7|GPIO_PIN_8|GPIO_PIN_9;
 372:Core/Src/tim.c ****     GPIO_InitStruct.Mode = GPIO_MODE_AF_PP;
 373:Core/Src/tim.c ****     GPIO_InitStruct.Pull = GPIO_NOPULL;
 374:Core/Src/tim.c ****     GPIO_InitStruct.Speed = GPIO_SPEED_FREQ_LOW;
 375:Core/Src/tim.c ****     GPIO_InitStruct.Alternate = GPIO_AF2_TIM3;
ARM GAS  /tmp/ccOdsWbL.s 			page 14


 376:Core/Src/tim.c ****     HAL_GPIO_Init(GPIOC, &GPIO_InitStruct);
 377:Core/Src/tim.c **** 
 378:Core/Src/tim.c ****   /* USER CODE BEGIN TIM3_MspPostInit 1 */
 379:Core/Src/tim.c **** 
 380:Core/Src/tim.c ****   /* USER CODE END TIM3_MspPostInit 1 */
 381:Core/Src/tim.c ****   }
 382:Core/Src/tim.c ****   else if(timHandle->Instance==TIM4)
 354              		.loc 1 382 8 is_stmt 1 view .LVU81
 355              		.loc 1 382 10 is_stmt 0 view .LVU82
 356 0018 344A     		ldr	r2, .L37+4
 357 001a 9342     		cmp	r3, r2
 358 001c 1FD0     		beq	.L34
 383:Core/Src/tim.c ****   {
 384:Core/Src/tim.c ****   /* USER CODE BEGIN TIM4_MspPostInit 0 */
 385:Core/Src/tim.c **** 
 386:Core/Src/tim.c ****   /* USER CODE END TIM4_MspPostInit 0 */
 387:Core/Src/tim.c **** 
 388:Core/Src/tim.c ****     __HAL_RCC_GPIOB_CLK_ENABLE();
 389:Core/Src/tim.c ****     /**TIM4 GPIO Configuration
 390:Core/Src/tim.c ****     PB8     ------> TIM4_CH3
 391:Core/Src/tim.c ****     PB9     ------> TIM4_CH4
 392:Core/Src/tim.c ****     */
 393:Core/Src/tim.c ****     GPIO_InitStruct.Pin = GPIO_PIN_8|GPIO_PIN_9;
 394:Core/Src/tim.c ****     GPIO_InitStruct.Mode = GPIO_MODE_AF_PP;
 395:Core/Src/tim.c ****     GPIO_InitStruct.Pull = GPIO_NOPULL;
 396:Core/Src/tim.c ****     GPIO_InitStruct.Speed = GPIO_SPEED_FREQ_LOW;
 397:Core/Src/tim.c ****     GPIO_InitStruct.Alternate = GPIO_AF2_TIM4;
 398:Core/Src/tim.c ****     HAL_GPIO_Init(GPIOB, &GPIO_InitStruct);
 399:Core/Src/tim.c **** 
 400:Core/Src/tim.c ****   /* USER CODE BEGIN TIM4_MspPostInit 1 */
 401:Core/Src/tim.c **** 
 402:Core/Src/tim.c ****   /* USER CODE END TIM4_MspPostInit 1 */
 403:Core/Src/tim.c ****   }
 404:Core/Src/tim.c ****   else if(timHandle->Instance==TIM5)
 359              		.loc 1 404 8 is_stmt 1 view .LVU83
 360              		.loc 1 404 10 is_stmt 0 view .LVU84
 361 001e 344A     		ldr	r2, .L37+8
 362 0020 9342     		cmp	r3, r2
 363 0022 33D0     		beq	.L35
 405:Core/Src/tim.c ****   {
 406:Core/Src/tim.c ****   /* USER CODE BEGIN TIM5_MspPostInit 0 */
 407:Core/Src/tim.c **** 
 408:Core/Src/tim.c ****   /* USER CODE END TIM5_MspPostInit 0 */
 409:Core/Src/tim.c **** 
 410:Core/Src/tim.c ****     __HAL_RCC_GPIOA_CLK_ENABLE();
 411:Core/Src/tim.c ****     /**TIM5 GPIO Configuration
 412:Core/Src/tim.c ****     PA2     ------> TIM5_CH3
 413:Core/Src/tim.c ****     PA3     ------> TIM5_CH4
 414:Core/Src/tim.c ****     */
 415:Core/Src/tim.c ****     GPIO_InitStruct.Pin = GPIO_PIN_2|GPIO_PIN_3;
 416:Core/Src/tim.c ****     GPIO_InitStruct.Mode = GPIO_MODE_AF_PP;
 417:Core/Src/tim.c ****     GPIO_InitStruct.Pull = GPIO_NOPULL;
 418:Core/Src/tim.c ****     GPIO_InitStruct.Speed = GPIO_SPEED_FREQ_LOW;
 419:Core/Src/tim.c ****     GPIO_InitStruct.Alternate = GPIO_AF2_TIM5;
 420:Core/Src/tim.c ****     HAL_GPIO_Init(GPIOA, &GPIO_InitStruct);
 421:Core/Src/tim.c **** 
 422:Core/Src/tim.c ****   /* USER CODE BEGIN TIM5_MspPostInit 1 */
ARM GAS  /tmp/ccOdsWbL.s 			page 15


 423:Core/Src/tim.c **** 
 424:Core/Src/tim.c ****   /* USER CODE END TIM5_MspPostInit 1 */
 425:Core/Src/tim.c ****   }
 426:Core/Src/tim.c ****   else if(timHandle->Instance==TIM9)
 364              		.loc 1 426 8 is_stmt 1 view .LVU85
 365              		.loc 1 426 10 is_stmt 0 view .LVU86
 366 0024 334A     		ldr	r2, .L37+12
 367 0026 9342     		cmp	r3, r2
 368 0028 46D0     		beq	.L36
 369              	.LVL15:
 370              	.L27:
 427:Core/Src/tim.c ****   {
 428:Core/Src/tim.c ****   /* USER CODE BEGIN TIM9_MspPostInit 0 */
 429:Core/Src/tim.c **** 
 430:Core/Src/tim.c ****   /* USER CODE END TIM9_MspPostInit 0 */
 431:Core/Src/tim.c **** 
 432:Core/Src/tim.c ****     __HAL_RCC_GPIOE_CLK_ENABLE();
 433:Core/Src/tim.c ****     /**TIM9 GPIO Configuration
 434:Core/Src/tim.c ****     PE5     ------> TIM9_CH1
 435:Core/Src/tim.c ****     PE6     ------> TIM9_CH2
 436:Core/Src/tim.c ****     */
 437:Core/Src/tim.c ****     GPIO_InitStruct.Pin = GPIO_PIN_5|GPIO_PIN_6;
 438:Core/Src/tim.c ****     GPIO_InitStruct.Mode = GPIO_MODE_AF_PP;
 439:Core/Src/tim.c ****     GPIO_InitStruct.Pull = GPIO_NOPULL;
 440:Core/Src/tim.c ****     GPIO_InitStruct.Speed = GPIO_SPEED_FREQ_LOW;
 441:Core/Src/tim.c ****     GPIO_InitStruct.Alternate = GPIO_AF3_TIM9;
 442:Core/Src/tim.c ****     HAL_GPIO_Init(GPIOE, &GPIO_InitStruct);
 443:Core/Src/tim.c **** 
 444:Core/Src/tim.c ****   /* USER CODE BEGIN TIM9_MspPostInit 1 */
 445:Core/Src/tim.c **** 
 446:Core/Src/tim.c ****   /* USER CODE END TIM9_MspPostInit 1 */
 447:Core/Src/tim.c ****   }
 448:Core/Src/tim.c **** 
 449:Core/Src/tim.c **** }
 371              		.loc 1 449 1 view .LVU87
 372 002a 0BB0     		add	sp, sp, #44
 373              	.LCFI10:
 374              		.cfi_remember_state
 375              		.cfi_def_cfa_offset 4
 376              		@ sp needed
 377 002c 5DF804FB 		ldr	pc, [sp], #4
 378              	.LVL16:
 379              	.L33:
 380              	.LCFI11:
 381              		.cfi_restore_state
 364:Core/Src/tim.c ****     /**TIM3 GPIO Configuration
 382              		.loc 1 364 5 is_stmt 1 view .LVU88
 383              	.LBB7:
 364:Core/Src/tim.c ****     /**TIM3 GPIO Configuration
 384              		.loc 1 364 5 view .LVU89
 385 0030 0023     		movs	r3, #0
 386 0032 0193     		str	r3, [sp, #4]
 364:Core/Src/tim.c ****     /**TIM3 GPIO Configuration
 387              		.loc 1 364 5 view .LVU90
 388 0034 304B     		ldr	r3, .L37+16
 389 0036 1A6B     		ldr	r2, [r3, #48]
 390 0038 42F00402 		orr	r2, r2, #4
ARM GAS  /tmp/ccOdsWbL.s 			page 16


 391 003c 1A63     		str	r2, [r3, #48]
 364:Core/Src/tim.c ****     /**TIM3 GPIO Configuration
 392              		.loc 1 364 5 view .LVU91
 393 003e 1B6B     		ldr	r3, [r3, #48]
 394 0040 03F00403 		and	r3, r3, #4
 395 0044 0193     		str	r3, [sp, #4]
 364:Core/Src/tim.c ****     /**TIM3 GPIO Configuration
 396              		.loc 1 364 5 view .LVU92
 397 0046 019B     		ldr	r3, [sp, #4]
 398              	.LBE7:
 364:Core/Src/tim.c ****     /**TIM3 GPIO Configuration
 399              		.loc 1 364 5 view .LVU93
 371:Core/Src/tim.c ****     GPIO_InitStruct.Mode = GPIO_MODE_AF_PP;
 400              		.loc 1 371 5 view .LVU94
 371:Core/Src/tim.c ****     GPIO_InitStruct.Mode = GPIO_MODE_AF_PP;
 401              		.loc 1 371 25 is_stmt 0 view .LVU95
 402 0048 4FF47073 		mov	r3, #960
 403 004c 0593     		str	r3, [sp, #20]
 372:Core/Src/tim.c ****     GPIO_InitStruct.Pull = GPIO_NOPULL;
 404              		.loc 1 372 5 is_stmt 1 view .LVU96
 372:Core/Src/tim.c ****     GPIO_InitStruct.Pull = GPIO_NOPULL;
 405              		.loc 1 372 26 is_stmt 0 view .LVU97
 406 004e 0223     		movs	r3, #2
 407 0050 0693     		str	r3, [sp, #24]
 373:Core/Src/tim.c ****     GPIO_InitStruct.Speed = GPIO_SPEED_FREQ_LOW;
 408              		.loc 1 373 5 is_stmt 1 view .LVU98
 374:Core/Src/tim.c ****     GPIO_InitStruct.Alternate = GPIO_AF2_TIM3;
 409              		.loc 1 374 5 view .LVU99
 375:Core/Src/tim.c ****     HAL_GPIO_Init(GPIOC, &GPIO_InitStruct);
 410              		.loc 1 375 5 view .LVU100
 375:Core/Src/tim.c ****     HAL_GPIO_Init(GPIOC, &GPIO_InitStruct);
 411              		.loc 1 375 31 is_stmt 0 view .LVU101
 412 0052 0993     		str	r3, [sp, #36]
 376:Core/Src/tim.c **** 
 413              		.loc 1 376 5 is_stmt 1 view .LVU102
 414 0054 05A9     		add	r1, sp, #20
 415 0056 2948     		ldr	r0, .L37+20
 416              	.LVL17:
 376:Core/Src/tim.c **** 
 417              		.loc 1 376 5 is_stmt 0 view .LVU103
 418 0058 FFF7FEFF 		bl	HAL_GPIO_Init
 419              	.LVL18:
 420 005c E5E7     		b	.L27
 421              	.LVL19:
 422              	.L34:
 388:Core/Src/tim.c ****     /**TIM4 GPIO Configuration
 423              		.loc 1 388 5 is_stmt 1 view .LVU104
 424              	.LBB8:
 388:Core/Src/tim.c ****     /**TIM4 GPIO Configuration
 425              		.loc 1 388 5 view .LVU105
 426 005e 0023     		movs	r3, #0
 427 0060 0293     		str	r3, [sp, #8]
 388:Core/Src/tim.c ****     /**TIM4 GPIO Configuration
 428              		.loc 1 388 5 view .LVU106
 429 0062 254B     		ldr	r3, .L37+16
 430 0064 1A6B     		ldr	r2, [r3, #48]
 431 0066 42F00202 		orr	r2, r2, #2
ARM GAS  /tmp/ccOdsWbL.s 			page 17


 432 006a 1A63     		str	r2, [r3, #48]
 388:Core/Src/tim.c ****     /**TIM4 GPIO Configuration
 433              		.loc 1 388 5 view .LVU107
 434 006c 1B6B     		ldr	r3, [r3, #48]
 435 006e 03F00203 		and	r3, r3, #2
 436 0072 0293     		str	r3, [sp, #8]
 388:Core/Src/tim.c ****     /**TIM4 GPIO Configuration
 437              		.loc 1 388 5 view .LVU108
 438 0074 029B     		ldr	r3, [sp, #8]
 439              	.LBE8:
 388:Core/Src/tim.c ****     /**TIM4 GPIO Configuration
 440              		.loc 1 388 5 view .LVU109
 393:Core/Src/tim.c ****     GPIO_InitStruct.Mode = GPIO_MODE_AF_PP;
 441              		.loc 1 393 5 view .LVU110
 393:Core/Src/tim.c ****     GPIO_InitStruct.Mode = GPIO_MODE_AF_PP;
 442              		.loc 1 393 25 is_stmt 0 view .LVU111
 443 0076 4FF44073 		mov	r3, #768
 444 007a 0593     		str	r3, [sp, #20]
 394:Core/Src/tim.c ****     GPIO_InitStruct.Pull = GPIO_NOPULL;
 445              		.loc 1 394 5 is_stmt 1 view .LVU112
 394:Core/Src/tim.c ****     GPIO_InitStruct.Pull = GPIO_NOPULL;
 446              		.loc 1 394 26 is_stmt 0 view .LVU113
 447 007c 0223     		movs	r3, #2
 448 007e 0693     		str	r3, [sp, #24]
 395:Core/Src/tim.c ****     GPIO_InitStruct.Speed = GPIO_SPEED_FREQ_LOW;
 449              		.loc 1 395 5 is_stmt 1 view .LVU114
 396:Core/Src/tim.c ****     GPIO_InitStruct.Alternate = GPIO_AF2_TIM4;
 450              		.loc 1 396 5 view .LVU115
 397:Core/Src/tim.c ****     HAL_GPIO_Init(GPIOB, &GPIO_InitStruct);
 451              		.loc 1 397 5 view .LVU116
 397:Core/Src/tim.c ****     HAL_GPIO_Init(GPIOB, &GPIO_InitStruct);
 452              		.loc 1 397 31 is_stmt 0 view .LVU117
 453 0080 0993     		str	r3, [sp, #36]
 398:Core/Src/tim.c **** 
 454              		.loc 1 398 5 is_stmt 1 view .LVU118
 455 0082 05A9     		add	r1, sp, #20
 456 0084 1E48     		ldr	r0, .L37+24
 457              	.LVL20:
 398:Core/Src/tim.c **** 
 458              		.loc 1 398 5 is_stmt 0 view .LVU119
 459 0086 FFF7FEFF 		bl	HAL_GPIO_Init
 460              	.LVL21:
 461 008a CEE7     		b	.L27
 462              	.LVL22:
 463              	.L35:
 410:Core/Src/tim.c ****     /**TIM5 GPIO Configuration
 464              		.loc 1 410 5 is_stmt 1 view .LVU120
 465              	.LBB9:
 410:Core/Src/tim.c ****     /**TIM5 GPIO Configuration
 466              		.loc 1 410 5 view .LVU121
 467 008c 0023     		movs	r3, #0
 468 008e 0393     		str	r3, [sp, #12]
 410:Core/Src/tim.c ****     /**TIM5 GPIO Configuration
 469              		.loc 1 410 5 view .LVU122
 470 0090 194B     		ldr	r3, .L37+16
 471 0092 1A6B     		ldr	r2, [r3, #48]
 472 0094 42F00102 		orr	r2, r2, #1
ARM GAS  /tmp/ccOdsWbL.s 			page 18


 473 0098 1A63     		str	r2, [r3, #48]
 410:Core/Src/tim.c ****     /**TIM5 GPIO Configuration
 474              		.loc 1 410 5 view .LVU123
 475 009a 1B6B     		ldr	r3, [r3, #48]
 476 009c 03F00103 		and	r3, r3, #1
 477 00a0 0393     		str	r3, [sp, #12]
 410:Core/Src/tim.c ****     /**TIM5 GPIO Configuration
 478              		.loc 1 410 5 view .LVU124
 479 00a2 039B     		ldr	r3, [sp, #12]
 480              	.LBE9:
 410:Core/Src/tim.c ****     /**TIM5 GPIO Configuration
 481              		.loc 1 410 5 view .LVU125
 415:Core/Src/tim.c ****     GPIO_InitStruct.Mode = GPIO_MODE_AF_PP;
 482              		.loc 1 415 5 view .LVU126
 415:Core/Src/tim.c ****     GPIO_InitStruct.Mode = GPIO_MODE_AF_PP;
 483              		.loc 1 415 25 is_stmt 0 view .LVU127
 484 00a4 0C23     		movs	r3, #12
 485 00a6 0593     		str	r3, [sp, #20]
 416:Core/Src/tim.c ****     GPIO_InitStruct.Pull = GPIO_NOPULL;
 486              		.loc 1 416 5 is_stmt 1 view .LVU128
 416:Core/Src/tim.c ****     GPIO_InitStruct.Pull = GPIO_NOPULL;
 487              		.loc 1 416 26 is_stmt 0 view .LVU129
 488 00a8 0223     		movs	r3, #2
 489 00aa 0693     		str	r3, [sp, #24]
 417:Core/Src/tim.c ****     GPIO_InitStruct.Speed = GPIO_SPEED_FREQ_LOW;
 490              		.loc 1 417 5 is_stmt 1 view .LVU130
 418:Core/Src/tim.c ****     GPIO_InitStruct.Alternate = GPIO_AF2_TIM5;
 491              		.loc 1 418 5 view .LVU131
 419:Core/Src/tim.c ****     HAL_GPIO_Init(GPIOA, &GPIO_InitStruct);
 492              		.loc 1 419 5 view .LVU132
 419:Core/Src/tim.c ****     HAL_GPIO_Init(GPIOA, &GPIO_InitStruct);
 493              		.loc 1 419 31 is_stmt 0 view .LVU133
 494 00ac 0993     		str	r3, [sp, #36]
 420:Core/Src/tim.c **** 
 495              		.loc 1 420 5 is_stmt 1 view .LVU134
 496 00ae 05A9     		add	r1, sp, #20
 497 00b0 1448     		ldr	r0, .L37+28
 498              	.LVL23:
 420:Core/Src/tim.c **** 
 499              		.loc 1 420 5 is_stmt 0 view .LVU135
 500 00b2 FFF7FEFF 		bl	HAL_GPIO_Init
 501              	.LVL24:
 502 00b6 B8E7     		b	.L27
 503              	.LVL25:
 504              	.L36:
 432:Core/Src/tim.c ****     /**TIM9 GPIO Configuration
 505              		.loc 1 432 5 is_stmt 1 view .LVU136
 506              	.LBB10:
 432:Core/Src/tim.c ****     /**TIM9 GPIO Configuration
 507              		.loc 1 432 5 view .LVU137
 508 00b8 0023     		movs	r3, #0
 509 00ba 0493     		str	r3, [sp, #16]
 432:Core/Src/tim.c ****     /**TIM9 GPIO Configuration
 510              		.loc 1 432 5 view .LVU138
 511 00bc 0E4B     		ldr	r3, .L37+16
 512 00be 1A6B     		ldr	r2, [r3, #48]
 513 00c0 42F01002 		orr	r2, r2, #16
ARM GAS  /tmp/ccOdsWbL.s 			page 19


 514 00c4 1A63     		str	r2, [r3, #48]
 432:Core/Src/tim.c ****     /**TIM9 GPIO Configuration
 515              		.loc 1 432 5 view .LVU139
 516 00c6 1B6B     		ldr	r3, [r3, #48]
 517 00c8 03F01003 		and	r3, r3, #16
 518 00cc 0493     		str	r3, [sp, #16]
 432:Core/Src/tim.c ****     /**TIM9 GPIO Configuration
 519              		.loc 1 432 5 view .LVU140
 520 00ce 049B     		ldr	r3, [sp, #16]
 521              	.LBE10:
 432:Core/Src/tim.c ****     /**TIM9 GPIO Configuration
 522              		.loc 1 432 5 view .LVU141
 437:Core/Src/tim.c ****     GPIO_InitStruct.Mode = GPIO_MODE_AF_PP;
 523              		.loc 1 437 5 view .LVU142
 437:Core/Src/tim.c ****     GPIO_InitStruct.Mode = GPIO_MODE_AF_PP;
 524              		.loc 1 437 25 is_stmt 0 view .LVU143
 525 00d0 6023     		movs	r3, #96
 526 00d2 0593     		str	r3, [sp, #20]
 438:Core/Src/tim.c ****     GPIO_InitStruct.Pull = GPIO_NOPULL;
 527              		.loc 1 438 5 is_stmt 1 view .LVU144
 438:Core/Src/tim.c ****     GPIO_InitStruct.Pull = GPIO_NOPULL;
 528              		.loc 1 438 26 is_stmt 0 view .LVU145
 529 00d4 0223     		movs	r3, #2
 530 00d6 0693     		str	r3, [sp, #24]
 439:Core/Src/tim.c ****     GPIO_InitStruct.Speed = GPIO_SPEED_FREQ_LOW;
 531              		.loc 1 439 5 is_stmt 1 view .LVU146
 440:Core/Src/tim.c ****     GPIO_InitStruct.Alternate = GPIO_AF3_TIM9;
 532              		.loc 1 440 5 view .LVU147
 441:Core/Src/tim.c ****     HAL_GPIO_Init(GPIOE, &GPIO_InitStruct);
 533              		.loc 1 441 5 view .LVU148
 441:Core/Src/tim.c ****     HAL_GPIO_Init(GPIOE, &GPIO_InitStruct);
 534              		.loc 1 441 31 is_stmt 0 view .LVU149
 535 00d8 0323     		movs	r3, #3
 536 00da 0993     		str	r3, [sp, #36]
 442:Core/Src/tim.c **** 
 537              		.loc 1 442 5 is_stmt 1 view .LVU150
 538 00dc 05A9     		add	r1, sp, #20
 539 00de 0A48     		ldr	r0, .L37+32
 540              	.LVL26:
 442:Core/Src/tim.c **** 
 541              		.loc 1 442 5 is_stmt 0 view .LVU151
 542 00e0 FFF7FEFF 		bl	HAL_GPIO_Init
 543              	.LVL27:
 544              		.loc 1 449 1 view .LVU152
 545 00e4 A1E7     		b	.L27
 546              	.L38:
 547 00e6 00BF     		.align	2
 548              	.L37:
 549 00e8 00040040 		.word	1073742848
 550 00ec 00080040 		.word	1073743872
 551 00f0 000C0040 		.word	1073744896
 552 00f4 00400140 		.word	1073823744
 553 00f8 00380240 		.word	1073887232
 554 00fc 00080240 		.word	1073874944
 555 0100 00040240 		.word	1073873920
 556 0104 00000240 		.word	1073872896
 557 0108 00100240 		.word	1073876992
ARM GAS  /tmp/ccOdsWbL.s 			page 20


 558              		.cfi_endproc
 559              	.LFE250:
 561              		.section	.text.MX_TIM3_Init,"ax",%progbits
 562              		.align	1
 563              		.global	MX_TIM3_Init
 564              		.syntax unified
 565              		.thumb
 566              		.thumb_func
 568              	MX_TIM3_Init:
 569              	.LFB243:
  35:Core/Src/tim.c **** 
 570              		.loc 1 35 1 is_stmt 1 view -0
 571              		.cfi_startproc
 572              		@ args = 0, pretend = 0, frame = 56
 573              		@ frame_needed = 0, uses_anonymous_args = 0
 574 0000 00B5     		push	{lr}
 575              	.LCFI12:
 576              		.cfi_def_cfa_offset 4
 577              		.cfi_offset 14, -4
 578 0002 8FB0     		sub	sp, sp, #60
 579              	.LCFI13:
 580              		.cfi_def_cfa_offset 64
  41:Core/Src/tim.c ****   TIM_MasterConfigTypeDef sMasterConfig = {0};
 581              		.loc 1 41 3 view .LVU154
  41:Core/Src/tim.c ****   TIM_MasterConfigTypeDef sMasterConfig = {0};
 582              		.loc 1 41 26 is_stmt 0 view .LVU155
 583 0004 0023     		movs	r3, #0
 584 0006 0A93     		str	r3, [sp, #40]
 585 0008 0B93     		str	r3, [sp, #44]
 586 000a 0C93     		str	r3, [sp, #48]
 587 000c 0D93     		str	r3, [sp, #52]
  42:Core/Src/tim.c ****   TIM_OC_InitTypeDef sConfigOC = {0};
 588              		.loc 1 42 3 is_stmt 1 view .LVU156
  42:Core/Src/tim.c ****   TIM_OC_InitTypeDef sConfigOC = {0};
 589              		.loc 1 42 27 is_stmt 0 view .LVU157
 590 000e 0893     		str	r3, [sp, #32]
 591 0010 0993     		str	r3, [sp, #36]
  43:Core/Src/tim.c **** 
 592              		.loc 1 43 3 is_stmt 1 view .LVU158
  43:Core/Src/tim.c **** 
 593              		.loc 1 43 22 is_stmt 0 view .LVU159
 594 0012 0193     		str	r3, [sp, #4]
 595 0014 0293     		str	r3, [sp, #8]
 596 0016 0393     		str	r3, [sp, #12]
 597 0018 0493     		str	r3, [sp, #16]
 598 001a 0593     		str	r3, [sp, #20]
 599 001c 0693     		str	r3, [sp, #24]
 600 001e 0793     		str	r3, [sp, #28]
  48:Core/Src/tim.c ****   htim3.Init.Prescaler = 168-1;
 601              		.loc 1 48 3 is_stmt 1 view .LVU160
  48:Core/Src/tim.c ****   htim3.Init.Prescaler = 168-1;
 602              		.loc 1 48 18 is_stmt 0 view .LVU161
 603 0020 3048     		ldr	r0, .L57
 604 0022 314A     		ldr	r2, .L57+4
 605 0024 0260     		str	r2, [r0]
  49:Core/Src/tim.c ****   htim3.Init.CounterMode = TIM_COUNTERMODE_UP;
 606              		.loc 1 49 3 is_stmt 1 view .LVU162
ARM GAS  /tmp/ccOdsWbL.s 			page 21


  49:Core/Src/tim.c ****   htim3.Init.CounterMode = TIM_COUNTERMODE_UP;
 607              		.loc 1 49 24 is_stmt 0 view .LVU163
 608 0026 A722     		movs	r2, #167
 609 0028 4260     		str	r2, [r0, #4]
  50:Core/Src/tim.c ****   htim3.Init.Period = 1000-1;
 610              		.loc 1 50 3 is_stmt 1 view .LVU164
  50:Core/Src/tim.c ****   htim3.Init.Period = 1000-1;
 611              		.loc 1 50 26 is_stmt 0 view .LVU165
 612 002a 8360     		str	r3, [r0, #8]
  51:Core/Src/tim.c ****   htim3.Init.ClockDivision = TIM_CLOCKDIVISION_DIV1;
 613              		.loc 1 51 3 is_stmt 1 view .LVU166
  51:Core/Src/tim.c ****   htim3.Init.ClockDivision = TIM_CLOCKDIVISION_DIV1;
 614              		.loc 1 51 21 is_stmt 0 view .LVU167
 615 002c 40F2E732 		movw	r2, #999
 616 0030 C260     		str	r2, [r0, #12]
  52:Core/Src/tim.c ****   htim3.Init.AutoReloadPreload = TIM_AUTORELOAD_PRELOAD_ENABLE;
 617              		.loc 1 52 3 is_stmt 1 view .LVU168
  52:Core/Src/tim.c ****   htim3.Init.AutoReloadPreload = TIM_AUTORELOAD_PRELOAD_ENABLE;
 618              		.loc 1 52 28 is_stmt 0 view .LVU169
 619 0032 0361     		str	r3, [r0, #16]
  53:Core/Src/tim.c ****   if (HAL_TIM_Base_Init(&htim3) != HAL_OK)
 620              		.loc 1 53 3 is_stmt 1 view .LVU170
  53:Core/Src/tim.c ****   if (HAL_TIM_Base_Init(&htim3) != HAL_OK)
 621              		.loc 1 53 32 is_stmt 0 view .LVU171
 622 0034 8023     		movs	r3, #128
 623 0036 8361     		str	r3, [r0, #24]
  54:Core/Src/tim.c ****   {
 624              		.loc 1 54 3 is_stmt 1 view .LVU172
  54:Core/Src/tim.c ****   {
 625              		.loc 1 54 7 is_stmt 0 view .LVU173
 626 0038 FFF7FEFF 		bl	HAL_TIM_Base_Init
 627              	.LVL28:
  54:Core/Src/tim.c ****   {
 628              		.loc 1 54 6 discriminator 1 view .LVU174
 629 003c 0028     		cmp	r0, #0
 630 003e 39D1     		bne	.L49
 631              	.L40:
  58:Core/Src/tim.c ****   if (HAL_TIM_ConfigClockSource(&htim3, &sClockSourceConfig) != HAL_OK)
 632              		.loc 1 58 3 is_stmt 1 view .LVU175
  58:Core/Src/tim.c ****   if (HAL_TIM_ConfigClockSource(&htim3, &sClockSourceConfig) != HAL_OK)
 633              		.loc 1 58 34 is_stmt 0 view .LVU176
 634 0040 4FF48053 		mov	r3, #4096
 635 0044 0A93     		str	r3, [sp, #40]
  59:Core/Src/tim.c ****   {
 636              		.loc 1 59 3 is_stmt 1 view .LVU177
  59:Core/Src/tim.c ****   {
 637              		.loc 1 59 7 is_stmt 0 view .LVU178
 638 0046 0AA9     		add	r1, sp, #40
 639 0048 2648     		ldr	r0, .L57
 640 004a FFF7FEFF 		bl	HAL_TIM_ConfigClockSource
 641              	.LVL29:
  59:Core/Src/tim.c ****   {
 642              		.loc 1 59 6 discriminator 1 view .LVU179
 643 004e 0028     		cmp	r0, #0
 644 0050 33D1     		bne	.L50
 645              	.L41:
  63:Core/Src/tim.c ****   {
ARM GAS  /tmp/ccOdsWbL.s 			page 22


 646              		.loc 1 63 3 is_stmt 1 view .LVU180
  63:Core/Src/tim.c ****   {
 647              		.loc 1 63 7 is_stmt 0 view .LVU181
 648 0052 2448     		ldr	r0, .L57
 649 0054 FFF7FEFF 		bl	HAL_TIM_PWM_Init
 650              	.LVL30:
  63:Core/Src/tim.c ****   {
 651              		.loc 1 63 6 discriminator 1 view .LVU182
 652 0058 0028     		cmp	r0, #0
 653 005a 31D1     		bne	.L51
 654              	.L42:
  67:Core/Src/tim.c ****   sMasterConfig.MasterSlaveMode = TIM_MASTERSLAVEMODE_DISABLE;
 655              		.loc 1 67 3 is_stmt 1 view .LVU183
  67:Core/Src/tim.c ****   sMasterConfig.MasterSlaveMode = TIM_MASTERSLAVEMODE_DISABLE;
 656              		.loc 1 67 37 is_stmt 0 view .LVU184
 657 005c 0023     		movs	r3, #0
 658 005e 0893     		str	r3, [sp, #32]
  68:Core/Src/tim.c ****   if (HAL_TIMEx_MasterConfigSynchronization(&htim3, &sMasterConfig) != HAL_OK)
 659              		.loc 1 68 3 is_stmt 1 view .LVU185
  68:Core/Src/tim.c ****   if (HAL_TIMEx_MasterConfigSynchronization(&htim3, &sMasterConfig) != HAL_OK)
 660              		.loc 1 68 33 is_stmt 0 view .LVU186
 661 0060 0993     		str	r3, [sp, #36]
  69:Core/Src/tim.c ****   {
 662              		.loc 1 69 3 is_stmt 1 view .LVU187
  69:Core/Src/tim.c ****   {
 663              		.loc 1 69 7 is_stmt 0 view .LVU188
 664 0062 08A9     		add	r1, sp, #32
 665 0064 1F48     		ldr	r0, .L57
 666 0066 FFF7FEFF 		bl	HAL_TIMEx_MasterConfigSynchronization
 667              	.LVL31:
  69:Core/Src/tim.c ****   {
 668              		.loc 1 69 6 discriminator 1 view .LVU189
 669 006a 60BB     		cbnz	r0, .L52
 670              	.L43:
  73:Core/Src/tim.c ****   sConfigOC.Pulse = 0;
 671              		.loc 1 73 3 is_stmt 1 view .LVU190
  73:Core/Src/tim.c ****   sConfigOC.Pulse = 0;
 672              		.loc 1 73 20 is_stmt 0 view .LVU191
 673 006c 6023     		movs	r3, #96
 674 006e 0193     		str	r3, [sp, #4]
  74:Core/Src/tim.c ****   sConfigOC.OCPolarity = TIM_OCPOLARITY_HIGH;
 675              		.loc 1 74 3 is_stmt 1 view .LVU192
  74:Core/Src/tim.c ****   sConfigOC.OCPolarity = TIM_OCPOLARITY_HIGH;
 676              		.loc 1 74 19 is_stmt 0 view .LVU193
 677 0070 0022     		movs	r2, #0
 678 0072 0292     		str	r2, [sp, #8]
  75:Core/Src/tim.c ****   sConfigOC.OCFastMode = TIM_OCFAST_DISABLE;
 679              		.loc 1 75 3 is_stmt 1 view .LVU194
  75:Core/Src/tim.c ****   sConfigOC.OCFastMode = TIM_OCFAST_DISABLE;
 680              		.loc 1 75 24 is_stmt 0 view .LVU195
 681 0074 0392     		str	r2, [sp, #12]
  76:Core/Src/tim.c ****   if (HAL_TIM_PWM_ConfigChannel(&htim3, &sConfigOC, TIM_CHANNEL_1) != HAL_OK)
 682              		.loc 1 76 3 is_stmt 1 view .LVU196
  76:Core/Src/tim.c ****   if (HAL_TIM_PWM_ConfigChannel(&htim3, &sConfigOC, TIM_CHANNEL_1) != HAL_OK)
 683              		.loc 1 76 24 is_stmt 0 view .LVU197
 684 0076 0592     		str	r2, [sp, #20]
  77:Core/Src/tim.c ****   {
ARM GAS  /tmp/ccOdsWbL.s 			page 23


 685              		.loc 1 77 3 is_stmt 1 view .LVU198
  77:Core/Src/tim.c ****   {
 686              		.loc 1 77 7 is_stmt 0 view .LVU199
 687 0078 01A9     		add	r1, sp, #4
 688 007a 1A48     		ldr	r0, .L57
 689 007c FFF7FEFF 		bl	HAL_TIM_PWM_ConfigChannel
 690              	.LVL32:
  77:Core/Src/tim.c ****   {
 691              		.loc 1 77 6 discriminator 1 view .LVU200
 692 0080 20BB     		cbnz	r0, .L53
 693              	.L44:
  81:Core/Src/tim.c ****   {
 694              		.loc 1 81 3 is_stmt 1 view .LVU201
  81:Core/Src/tim.c ****   {
 695              		.loc 1 81 7 is_stmt 0 view .LVU202
 696 0082 0422     		movs	r2, #4
 697 0084 0DEB0201 		add	r1, sp, r2
 698 0088 1648     		ldr	r0, .L57
 699 008a FFF7FEFF 		bl	HAL_TIM_PWM_ConfigChannel
 700              	.LVL33:
  81:Core/Src/tim.c ****   {
 701              		.loc 1 81 6 discriminator 1 view .LVU203
 702 008e 00BB     		cbnz	r0, .L54
 703              	.L45:
  85:Core/Src/tim.c ****   {
 704              		.loc 1 85 3 is_stmt 1 view .LVU204
  85:Core/Src/tim.c ****   {
 705              		.loc 1 85 7 is_stmt 0 view .LVU205
 706 0090 0822     		movs	r2, #8
 707 0092 01A9     		add	r1, sp, #4
 708 0094 1348     		ldr	r0, .L57
 709 0096 FFF7FEFF 		bl	HAL_TIM_PWM_ConfigChannel
 710              	.LVL34:
  85:Core/Src/tim.c ****   {
 711              		.loc 1 85 6 discriminator 1 view .LVU206
 712 009a E8B9     		cbnz	r0, .L55
 713              	.L46:
  89:Core/Src/tim.c ****   {
 714              		.loc 1 89 3 is_stmt 1 view .LVU207
  89:Core/Src/tim.c ****   {
 715              		.loc 1 89 7 is_stmt 0 view .LVU208
 716 009c 0C22     		movs	r2, #12
 717 009e 01A9     		add	r1, sp, #4
 718 00a0 1048     		ldr	r0, .L57
 719 00a2 FFF7FEFF 		bl	HAL_TIM_PWM_ConfigChannel
 720              	.LVL35:
  89:Core/Src/tim.c ****   {
 721              		.loc 1 89 6 discriminator 1 view .LVU209
 722 00a6 D0B9     		cbnz	r0, .L56
 723              	.L47:
  96:Core/Src/tim.c **** 
 724              		.loc 1 96 3 is_stmt 1 view .LVU210
 725 00a8 0E48     		ldr	r0, .L57
 726 00aa FFF7FEFF 		bl	HAL_TIM_MspPostInit
 727              	.LVL36:
  98:Core/Src/tim.c **** /* TIM4 init function */
 728              		.loc 1 98 1 is_stmt 0 view .LVU211
ARM GAS  /tmp/ccOdsWbL.s 			page 24


 729 00ae 0FB0     		add	sp, sp, #60
 730              	.LCFI14:
 731              		.cfi_remember_state
 732              		.cfi_def_cfa_offset 4
 733              		@ sp needed
 734 00b0 5DF804FB 		ldr	pc, [sp], #4
 735              	.L49:
 736              	.LCFI15:
 737              		.cfi_restore_state
  56:Core/Src/tim.c ****   }
 738              		.loc 1 56 5 is_stmt 1 view .LVU212
 739 00b4 FFF7FEFF 		bl	Error_Handler
 740              	.LVL37:
 741 00b8 C2E7     		b	.L40
 742              	.L50:
  61:Core/Src/tim.c ****   }
 743              		.loc 1 61 5 view .LVU213
 744 00ba FFF7FEFF 		bl	Error_Handler
 745              	.LVL38:
 746 00be C8E7     		b	.L41
 747              	.L51:
  65:Core/Src/tim.c ****   }
 748              		.loc 1 65 5 view .LVU214
 749 00c0 FFF7FEFF 		bl	Error_Handler
 750              	.LVL39:
 751 00c4 CAE7     		b	.L42
 752              	.L52:
  71:Core/Src/tim.c ****   }
 753              		.loc 1 71 5 view .LVU215
 754 00c6 FFF7FEFF 		bl	Error_Handler
 755              	.LVL40:
 756 00ca CFE7     		b	.L43
 757              	.L53:
  79:Core/Src/tim.c ****   }
 758              		.loc 1 79 5 view .LVU216
 759 00cc FFF7FEFF 		bl	Error_Handler
 760              	.LVL41:
 761 00d0 D7E7     		b	.L44
 762              	.L54:
  83:Core/Src/tim.c ****   }
 763              		.loc 1 83 5 view .LVU217
 764 00d2 FFF7FEFF 		bl	Error_Handler
 765              	.LVL42:
 766 00d6 DBE7     		b	.L45
 767              	.L55:
  87:Core/Src/tim.c ****   }
 768              		.loc 1 87 5 view .LVU218
 769 00d8 FFF7FEFF 		bl	Error_Handler
 770              	.LVL43:
 771 00dc DEE7     		b	.L46
 772              	.L56:
  91:Core/Src/tim.c ****   }
 773              		.loc 1 91 5 view .LVU219
 774 00de FFF7FEFF 		bl	Error_Handler
 775              	.LVL44:
 776 00e2 E1E7     		b	.L47
 777              	.L58:
ARM GAS  /tmp/ccOdsWbL.s 			page 25


 778              		.align	2
 779              	.L57:
 780 00e4 00000000 		.word	htim3
 781 00e8 00040040 		.word	1073742848
 782              		.cfi_endproc
 783              	.LFE243:
 785              		.section	.text.MX_TIM4_Init,"ax",%progbits
 786              		.align	1
 787              		.global	MX_TIM4_Init
 788              		.syntax unified
 789              		.thumb
 790              		.thumb_func
 792              	MX_TIM4_Init:
 793              	.LFB244:
 101:Core/Src/tim.c **** 
 794              		.loc 1 101 1 view -0
 795              		.cfi_startproc
 796              		@ args = 0, pretend = 0, frame = 56
 797              		@ frame_needed = 0, uses_anonymous_args = 0
 798 0000 00B5     		push	{lr}
 799              	.LCFI16:
 800              		.cfi_def_cfa_offset 4
 801              		.cfi_offset 14, -4
 802 0002 8FB0     		sub	sp, sp, #60
 803              	.LCFI17:
 804              		.cfi_def_cfa_offset 64
 107:Core/Src/tim.c ****   TIM_MasterConfigTypeDef sMasterConfig = {0};
 805              		.loc 1 107 3 view .LVU221
 107:Core/Src/tim.c ****   TIM_MasterConfigTypeDef sMasterConfig = {0};
 806              		.loc 1 107 26 is_stmt 0 view .LVU222
 807 0004 0023     		movs	r3, #0
 808 0006 0A93     		str	r3, [sp, #40]
 809 0008 0B93     		str	r3, [sp, #44]
 810 000a 0C93     		str	r3, [sp, #48]
 811 000c 0D93     		str	r3, [sp, #52]
 108:Core/Src/tim.c ****   TIM_OC_InitTypeDef sConfigOC = {0};
 812              		.loc 1 108 3 is_stmt 1 view .LVU223
 108:Core/Src/tim.c ****   TIM_OC_InitTypeDef sConfigOC = {0};
 813              		.loc 1 108 27 is_stmt 0 view .LVU224
 814 000e 0893     		str	r3, [sp, #32]
 815 0010 0993     		str	r3, [sp, #36]
 109:Core/Src/tim.c **** 
 816              		.loc 1 109 3 is_stmt 1 view .LVU225
 109:Core/Src/tim.c **** 
 817              		.loc 1 109 22 is_stmt 0 view .LVU226
 818 0012 0193     		str	r3, [sp, #4]
 819 0014 0293     		str	r3, [sp, #8]
 820 0016 0393     		str	r3, [sp, #12]
 821 0018 0493     		str	r3, [sp, #16]
 822 001a 0593     		str	r3, [sp, #20]
 823 001c 0693     		str	r3, [sp, #24]
 824 001e 0793     		str	r3, [sp, #28]
 114:Core/Src/tim.c ****   htim4.Init.Prescaler = 1680-1;
 825              		.loc 1 114 3 is_stmt 1 view .LVU227
 114:Core/Src/tim.c ****   htim4.Init.Prescaler = 1680-1;
 826              		.loc 1 114 18 is_stmt 0 view .LVU228
 827 0020 2648     		ldr	r0, .L73
ARM GAS  /tmp/ccOdsWbL.s 			page 26


 828 0022 274A     		ldr	r2, .L73+4
 829 0024 0260     		str	r2, [r0]
 115:Core/Src/tim.c ****   htim4.Init.CounterMode = TIM_COUNTERMODE_UP;
 830              		.loc 1 115 3 is_stmt 1 view .LVU229
 115:Core/Src/tim.c ****   htim4.Init.CounterMode = TIM_COUNTERMODE_UP;
 831              		.loc 1 115 24 is_stmt 0 view .LVU230
 832 0026 40F28F62 		movw	r2, #1679
 833 002a 4260     		str	r2, [r0, #4]
 116:Core/Src/tim.c ****   htim4.Init.Period = 1000-1;
 834              		.loc 1 116 3 is_stmt 1 view .LVU231
 116:Core/Src/tim.c ****   htim4.Init.Period = 1000-1;
 835              		.loc 1 116 26 is_stmt 0 view .LVU232
 836 002c 8360     		str	r3, [r0, #8]
 117:Core/Src/tim.c ****   htim4.Init.ClockDivision = TIM_CLOCKDIVISION_DIV1;
 837              		.loc 1 117 3 is_stmt 1 view .LVU233
 117:Core/Src/tim.c ****   htim4.Init.ClockDivision = TIM_CLOCKDIVISION_DIV1;
 838              		.loc 1 117 21 is_stmt 0 view .LVU234
 839 002e 40F2E732 		movw	r2, #999
 840 0032 C260     		str	r2, [r0, #12]
 118:Core/Src/tim.c ****   htim4.Init.AutoReloadPreload = TIM_AUTORELOAD_PRELOAD_ENABLE;
 841              		.loc 1 118 3 is_stmt 1 view .LVU235
 118:Core/Src/tim.c ****   htim4.Init.AutoReloadPreload = TIM_AUTORELOAD_PRELOAD_ENABLE;
 842              		.loc 1 118 28 is_stmt 0 view .LVU236
 843 0034 0361     		str	r3, [r0, #16]
 119:Core/Src/tim.c ****   if (HAL_TIM_Base_Init(&htim4) != HAL_OK)
 844              		.loc 1 119 3 is_stmt 1 view .LVU237
 119:Core/Src/tim.c ****   if (HAL_TIM_Base_Init(&htim4) != HAL_OK)
 845              		.loc 1 119 32 is_stmt 0 view .LVU238
 846 0036 8023     		movs	r3, #128
 847 0038 8361     		str	r3, [r0, #24]
 120:Core/Src/tim.c ****   {
 848              		.loc 1 120 3 is_stmt 1 view .LVU239
 120:Core/Src/tim.c ****   {
 849              		.loc 1 120 7 is_stmt 0 view .LVU240
 850 003a FFF7FEFF 		bl	HAL_TIM_Base_Init
 851              	.LVL45:
 120:Core/Src/tim.c ****   {
 852              		.loc 1 120 6 discriminator 1 view .LVU241
 853 003e 58BB     		cbnz	r0, .L67
 854              	.L60:
 124:Core/Src/tim.c ****   if (HAL_TIM_ConfigClockSource(&htim4, &sClockSourceConfig) != HAL_OK)
 855              		.loc 1 124 3 is_stmt 1 view .LVU242
 124:Core/Src/tim.c ****   if (HAL_TIM_ConfigClockSource(&htim4, &sClockSourceConfig) != HAL_OK)
 856              		.loc 1 124 34 is_stmt 0 view .LVU243
 857 0040 4FF48053 		mov	r3, #4096
 858 0044 0A93     		str	r3, [sp, #40]
 125:Core/Src/tim.c ****   {
 859              		.loc 1 125 3 is_stmt 1 view .LVU244
 125:Core/Src/tim.c ****   {
 860              		.loc 1 125 7 is_stmt 0 view .LVU245
 861 0046 0AA9     		add	r1, sp, #40
 862 0048 1C48     		ldr	r0, .L73
 863 004a FFF7FEFF 		bl	HAL_TIM_ConfigClockSource
 864              	.LVL46:
 125:Core/Src/tim.c ****   {
 865              		.loc 1 125 6 discriminator 1 view .LVU246
 866 004e 30BB     		cbnz	r0, .L68
ARM GAS  /tmp/ccOdsWbL.s 			page 27


 867              	.L61:
 129:Core/Src/tim.c ****   {
 868              		.loc 1 129 3 is_stmt 1 view .LVU247
 129:Core/Src/tim.c ****   {
 869              		.loc 1 129 7 is_stmt 0 view .LVU248
 870 0050 1A48     		ldr	r0, .L73
 871 0052 FFF7FEFF 		bl	HAL_TIM_PWM_Init
 872              	.LVL47:
 129:Core/Src/tim.c ****   {
 873              		.loc 1 129 6 discriminator 1 view .LVU249
 874 0056 28BB     		cbnz	r0, .L69
 875              	.L62:
 133:Core/Src/tim.c ****   sMasterConfig.MasterSlaveMode = TIM_MASTERSLAVEMODE_DISABLE;
 876              		.loc 1 133 3 is_stmt 1 view .LVU250
 133:Core/Src/tim.c ****   sMasterConfig.MasterSlaveMode = TIM_MASTERSLAVEMODE_DISABLE;
 877              		.loc 1 133 37 is_stmt 0 view .LVU251
 878 0058 0023     		movs	r3, #0
 879 005a 0893     		str	r3, [sp, #32]
 134:Core/Src/tim.c ****   if (HAL_TIMEx_MasterConfigSynchronization(&htim4, &sMasterConfig) != HAL_OK)
 880              		.loc 1 134 3 is_stmt 1 view .LVU252
 134:Core/Src/tim.c ****   if (HAL_TIMEx_MasterConfigSynchronization(&htim4, &sMasterConfig) != HAL_OK)
 881              		.loc 1 134 33 is_stmt 0 view .LVU253
 882 005c 0993     		str	r3, [sp, #36]
 135:Core/Src/tim.c ****   {
 883              		.loc 1 135 3 is_stmt 1 view .LVU254
 135:Core/Src/tim.c ****   {
 884              		.loc 1 135 7 is_stmt 0 view .LVU255
 885 005e 08A9     		add	r1, sp, #32
 886 0060 1648     		ldr	r0, .L73
 887 0062 FFF7FEFF 		bl	HAL_TIMEx_MasterConfigSynchronization
 888              	.LVL48:
 135:Core/Src/tim.c ****   {
 889              		.loc 1 135 6 discriminator 1 view .LVU256
 890 0066 00BB     		cbnz	r0, .L70
 891              	.L63:
 139:Core/Src/tim.c ****   sConfigOC.Pulse = 0;
 892              		.loc 1 139 3 is_stmt 1 view .LVU257
 139:Core/Src/tim.c ****   sConfigOC.Pulse = 0;
 893              		.loc 1 139 20 is_stmt 0 view .LVU258
 894 0068 6023     		movs	r3, #96
 895 006a 0193     		str	r3, [sp, #4]
 140:Core/Src/tim.c ****   sConfigOC.OCPolarity = TIM_OCPOLARITY_HIGH;
 896              		.loc 1 140 3 is_stmt 1 view .LVU259
 140:Core/Src/tim.c ****   sConfigOC.OCPolarity = TIM_OCPOLARITY_HIGH;
 897              		.loc 1 140 19 is_stmt 0 view .LVU260
 898 006c 0023     		movs	r3, #0
 899 006e 0293     		str	r3, [sp, #8]
 141:Core/Src/tim.c ****   sConfigOC.OCFastMode = TIM_OCFAST_DISABLE;
 900              		.loc 1 141 3 is_stmt 1 view .LVU261
 141:Core/Src/tim.c ****   sConfigOC.OCFastMode = TIM_OCFAST_DISABLE;
 901              		.loc 1 141 24 is_stmt 0 view .LVU262
 902 0070 0393     		str	r3, [sp, #12]
 142:Core/Src/tim.c ****   if (HAL_TIM_PWM_ConfigChannel(&htim4, &sConfigOC, TIM_CHANNEL_3) != HAL_OK)
 903              		.loc 1 142 3 is_stmt 1 view .LVU263
 142:Core/Src/tim.c ****   if (HAL_TIM_PWM_ConfigChannel(&htim4, &sConfigOC, TIM_CHANNEL_3) != HAL_OK)
 904              		.loc 1 142 24 is_stmt 0 view .LVU264
 905 0072 0593     		str	r3, [sp, #20]
ARM GAS  /tmp/ccOdsWbL.s 			page 28


 143:Core/Src/tim.c ****   {
 906              		.loc 1 143 3 is_stmt 1 view .LVU265
 143:Core/Src/tim.c ****   {
 907              		.loc 1 143 7 is_stmt 0 view .LVU266
 908 0074 0822     		movs	r2, #8
 909 0076 01A9     		add	r1, sp, #4
 910 0078 1048     		ldr	r0, .L73
 911 007a FFF7FEFF 		bl	HAL_TIM_PWM_ConfigChannel
 912              	.LVL49:
 143:Core/Src/tim.c ****   {
 913              		.loc 1 143 6 discriminator 1 view .LVU267
 914 007e B8B9     		cbnz	r0, .L71
 915              	.L64:
 147:Core/Src/tim.c ****   {
 916              		.loc 1 147 3 is_stmt 1 view .LVU268
 147:Core/Src/tim.c ****   {
 917              		.loc 1 147 7 is_stmt 0 view .LVU269
 918 0080 0C22     		movs	r2, #12
 919 0082 01A9     		add	r1, sp, #4
 920 0084 0D48     		ldr	r0, .L73
 921 0086 FFF7FEFF 		bl	HAL_TIM_PWM_ConfigChannel
 922              	.LVL50:
 147:Core/Src/tim.c ****   {
 923              		.loc 1 147 6 discriminator 1 view .LVU270
 924 008a A0B9     		cbnz	r0, .L72
 925              	.L65:
 154:Core/Src/tim.c **** 
 926              		.loc 1 154 3 is_stmt 1 view .LVU271
 927 008c 0B48     		ldr	r0, .L73
 928 008e FFF7FEFF 		bl	HAL_TIM_MspPostInit
 929              	.LVL51:
 156:Core/Src/tim.c **** /* TIM5 init function */
 930              		.loc 1 156 1 is_stmt 0 view .LVU272
 931 0092 0FB0     		add	sp, sp, #60
 932              	.LCFI18:
 933              		.cfi_remember_state
 934              		.cfi_def_cfa_offset 4
 935              		@ sp needed
 936 0094 5DF804FB 		ldr	pc, [sp], #4
 937              	.L67:
 938              	.LCFI19:
 939              		.cfi_restore_state
 122:Core/Src/tim.c ****   }
 940              		.loc 1 122 5 is_stmt 1 view .LVU273
 941 0098 FFF7FEFF 		bl	Error_Handler
 942              	.LVL52:
 943 009c D0E7     		b	.L60
 944              	.L68:
 127:Core/Src/tim.c ****   }
 945              		.loc 1 127 5 view .LVU274
 946 009e FFF7FEFF 		bl	Error_Handler
 947              	.LVL53:
 948 00a2 D5E7     		b	.L61
 949              	.L69:
 131:Core/Src/tim.c ****   }
 950              		.loc 1 131 5 view .LVU275
 951 00a4 FFF7FEFF 		bl	Error_Handler
ARM GAS  /tmp/ccOdsWbL.s 			page 29


 952              	.LVL54:
 953 00a8 D6E7     		b	.L62
 954              	.L70:
 137:Core/Src/tim.c ****   }
 955              		.loc 1 137 5 view .LVU276
 956 00aa FFF7FEFF 		bl	Error_Handler
 957              	.LVL55:
 958 00ae DBE7     		b	.L63
 959              	.L71:
 145:Core/Src/tim.c ****   }
 960              		.loc 1 145 5 view .LVU277
 961 00b0 FFF7FEFF 		bl	Error_Handler
 962              	.LVL56:
 963 00b4 E4E7     		b	.L64
 964              	.L72:
 149:Core/Src/tim.c ****   }
 965              		.loc 1 149 5 view .LVU278
 966 00b6 FFF7FEFF 		bl	Error_Handler
 967              	.LVL57:
 968 00ba E7E7     		b	.L65
 969              	.L74:
 970              		.align	2
 971              	.L73:
 972 00bc 00000000 		.word	htim4
 973 00c0 00080040 		.word	1073743872
 974              		.cfi_endproc
 975              	.LFE244:
 977              		.section	.text.MX_TIM5_Init,"ax",%progbits
 978              		.align	1
 979              		.global	MX_TIM5_Init
 980              		.syntax unified
 981              		.thumb
 982              		.thumb_func
 984              	MX_TIM5_Init:
 985              	.LFB245:
 159:Core/Src/tim.c **** 
 986              		.loc 1 159 1 view -0
 987              		.cfi_startproc
 988              		@ args = 0, pretend = 0, frame = 56
 989              		@ frame_needed = 0, uses_anonymous_args = 0
 990 0000 00B5     		push	{lr}
 991              	.LCFI20:
 992              		.cfi_def_cfa_offset 4
 993              		.cfi_offset 14, -4
 994 0002 8FB0     		sub	sp, sp, #60
 995              	.LCFI21:
 996              		.cfi_def_cfa_offset 64
 165:Core/Src/tim.c ****   TIM_MasterConfigTypeDef sMasterConfig = {0};
 997              		.loc 1 165 3 view .LVU280
 165:Core/Src/tim.c ****   TIM_MasterConfigTypeDef sMasterConfig = {0};
 998              		.loc 1 165 26 is_stmt 0 view .LVU281
 999 0004 0023     		movs	r3, #0
 1000 0006 0A93     		str	r3, [sp, #40]
 1001 0008 0B93     		str	r3, [sp, #44]
 1002 000a 0C93     		str	r3, [sp, #48]
 1003 000c 0D93     		str	r3, [sp, #52]
 166:Core/Src/tim.c ****   TIM_OC_InitTypeDef sConfigOC = {0};
ARM GAS  /tmp/ccOdsWbL.s 			page 30


 1004              		.loc 1 166 3 is_stmt 1 view .LVU282
 166:Core/Src/tim.c ****   TIM_OC_InitTypeDef sConfigOC = {0};
 1005              		.loc 1 166 27 is_stmt 0 view .LVU283
 1006 000e 0893     		str	r3, [sp, #32]
 1007 0010 0993     		str	r3, [sp, #36]
 167:Core/Src/tim.c **** 
 1008              		.loc 1 167 3 is_stmt 1 view .LVU284
 167:Core/Src/tim.c **** 
 1009              		.loc 1 167 22 is_stmt 0 view .LVU285
 1010 0012 0193     		str	r3, [sp, #4]
 1011 0014 0293     		str	r3, [sp, #8]
 1012 0016 0393     		str	r3, [sp, #12]
 1013 0018 0493     		str	r3, [sp, #16]
 1014 001a 0593     		str	r3, [sp, #20]
 1015 001c 0693     		str	r3, [sp, #24]
 1016 001e 0793     		str	r3, [sp, #28]
 172:Core/Src/tim.c ****   htim5.Init.Prescaler = 1680-1;
 1017              		.loc 1 172 3 is_stmt 1 view .LVU286
 172:Core/Src/tim.c ****   htim5.Init.Prescaler = 1680-1;
 1018              		.loc 1 172 18 is_stmt 0 view .LVU287
 1019 0020 2648     		ldr	r0, .L89
 1020 0022 274A     		ldr	r2, .L89+4
 1021 0024 0260     		str	r2, [r0]
 173:Core/Src/tim.c ****   htim5.Init.CounterMode = TIM_COUNTERMODE_UP;
 1022              		.loc 1 173 3 is_stmt 1 view .LVU288
 173:Core/Src/tim.c ****   htim5.Init.CounterMode = TIM_COUNTERMODE_UP;
 1023              		.loc 1 173 24 is_stmt 0 view .LVU289
 1024 0026 40F28F62 		movw	r2, #1679
 1025 002a 4260     		str	r2, [r0, #4]
 174:Core/Src/tim.c ****   htim5.Init.Period = 1000-1;
 1026              		.loc 1 174 3 is_stmt 1 view .LVU290
 174:Core/Src/tim.c ****   htim5.Init.Period = 1000-1;
 1027              		.loc 1 174 26 is_stmt 0 view .LVU291
 1028 002c 8360     		str	r3, [r0, #8]
 175:Core/Src/tim.c ****   htim5.Init.ClockDivision = TIM_CLOCKDIVISION_DIV1;
 1029              		.loc 1 175 3 is_stmt 1 view .LVU292
 175:Core/Src/tim.c ****   htim5.Init.ClockDivision = TIM_CLOCKDIVISION_DIV1;
 1030              		.loc 1 175 21 is_stmt 0 view .LVU293
 1031 002e 40F2E732 		movw	r2, #999
 1032 0032 C260     		str	r2, [r0, #12]
 176:Core/Src/tim.c ****   htim5.Init.AutoReloadPreload = TIM_AUTORELOAD_PRELOAD_ENABLE;
 1033              		.loc 1 176 3 is_stmt 1 view .LVU294
 176:Core/Src/tim.c ****   htim5.Init.AutoReloadPreload = TIM_AUTORELOAD_PRELOAD_ENABLE;
 1034              		.loc 1 176 28 is_stmt 0 view .LVU295
 1035 0034 0361     		str	r3, [r0, #16]
 177:Core/Src/tim.c ****   if (HAL_TIM_Base_Init(&htim5) != HAL_OK)
 1036              		.loc 1 177 3 is_stmt 1 view .LVU296
 177:Core/Src/tim.c ****   if (HAL_TIM_Base_Init(&htim5) != HAL_OK)
 1037              		.loc 1 177 32 is_stmt 0 view .LVU297
 1038 0036 8023     		movs	r3, #128
 1039 0038 8361     		str	r3, [r0, #24]
 178:Core/Src/tim.c ****   {
 1040              		.loc 1 178 3 is_stmt 1 view .LVU298
 178:Core/Src/tim.c ****   {
 1041              		.loc 1 178 7 is_stmt 0 view .LVU299
 1042 003a FFF7FEFF 		bl	HAL_TIM_Base_Init
 1043              	.LVL58:
ARM GAS  /tmp/ccOdsWbL.s 			page 31


 178:Core/Src/tim.c ****   {
 1044              		.loc 1 178 6 discriminator 1 view .LVU300
 1045 003e 58BB     		cbnz	r0, .L83
 1046              	.L76:
 182:Core/Src/tim.c ****   if (HAL_TIM_ConfigClockSource(&htim5, &sClockSourceConfig) != HAL_OK)
 1047              		.loc 1 182 3 is_stmt 1 view .LVU301
 182:Core/Src/tim.c ****   if (HAL_TIM_ConfigClockSource(&htim5, &sClockSourceConfig) != HAL_OK)
 1048              		.loc 1 182 34 is_stmt 0 view .LVU302
 1049 0040 4FF48053 		mov	r3, #4096
 1050 0044 0A93     		str	r3, [sp, #40]
 183:Core/Src/tim.c ****   {
 1051              		.loc 1 183 3 is_stmt 1 view .LVU303
 183:Core/Src/tim.c ****   {
 1052              		.loc 1 183 7 is_stmt 0 view .LVU304
 1053 0046 0AA9     		add	r1, sp, #40
 1054 0048 1C48     		ldr	r0, .L89
 1055 004a FFF7FEFF 		bl	HAL_TIM_ConfigClockSource
 1056              	.LVL59:
 183:Core/Src/tim.c ****   {
 1057              		.loc 1 183 6 discriminator 1 view .LVU305
 1058 004e 30BB     		cbnz	r0, .L84
 1059              	.L77:
 187:Core/Src/tim.c ****   {
 1060              		.loc 1 187 3 is_stmt 1 view .LVU306
 187:Core/Src/tim.c ****   {
 1061              		.loc 1 187 7 is_stmt 0 view .LVU307
 1062 0050 1A48     		ldr	r0, .L89
 1063 0052 FFF7FEFF 		bl	HAL_TIM_PWM_Init
 1064              	.LVL60:
 187:Core/Src/tim.c ****   {
 1065              		.loc 1 187 6 discriminator 1 view .LVU308
 1066 0056 28BB     		cbnz	r0, .L85
 1067              	.L78:
 191:Core/Src/tim.c ****   sMasterConfig.MasterSlaveMode = TIM_MASTERSLAVEMODE_DISABLE;
 1068              		.loc 1 191 3 is_stmt 1 view .LVU309
 191:Core/Src/tim.c ****   sMasterConfig.MasterSlaveMode = TIM_MASTERSLAVEMODE_DISABLE;
 1069              		.loc 1 191 37 is_stmt 0 view .LVU310
 1070 0058 0023     		movs	r3, #0
 1071 005a 0893     		str	r3, [sp, #32]
 192:Core/Src/tim.c ****   if (HAL_TIMEx_MasterConfigSynchronization(&htim5, &sMasterConfig) != HAL_OK)
 1072              		.loc 1 192 3 is_stmt 1 view .LVU311
 192:Core/Src/tim.c ****   if (HAL_TIMEx_MasterConfigSynchronization(&htim5, &sMasterConfig) != HAL_OK)
 1073              		.loc 1 192 33 is_stmt 0 view .LVU312
 1074 005c 0993     		str	r3, [sp, #36]
 193:Core/Src/tim.c ****   {
 1075              		.loc 1 193 3 is_stmt 1 view .LVU313
 193:Core/Src/tim.c ****   {
 1076              		.loc 1 193 7 is_stmt 0 view .LVU314
 1077 005e 08A9     		add	r1, sp, #32
 1078 0060 1648     		ldr	r0, .L89
 1079 0062 FFF7FEFF 		bl	HAL_TIMEx_MasterConfigSynchronization
 1080              	.LVL61:
 193:Core/Src/tim.c ****   {
 1081              		.loc 1 193 6 discriminator 1 view .LVU315
 1082 0066 00BB     		cbnz	r0, .L86
 1083              	.L79:
 197:Core/Src/tim.c ****   sConfigOC.Pulse = 0;
ARM GAS  /tmp/ccOdsWbL.s 			page 32


 1084              		.loc 1 197 3 is_stmt 1 view .LVU316
 197:Core/Src/tim.c ****   sConfigOC.Pulse = 0;
 1085              		.loc 1 197 20 is_stmt 0 view .LVU317
 1086 0068 6023     		movs	r3, #96
 1087 006a 0193     		str	r3, [sp, #4]
 198:Core/Src/tim.c ****   sConfigOC.OCPolarity = TIM_OCPOLARITY_HIGH;
 1088              		.loc 1 198 3 is_stmt 1 view .LVU318
 198:Core/Src/tim.c ****   sConfigOC.OCPolarity = TIM_OCPOLARITY_HIGH;
 1089              		.loc 1 198 19 is_stmt 0 view .LVU319
 1090 006c 0023     		movs	r3, #0
 1091 006e 0293     		str	r3, [sp, #8]
 199:Core/Src/tim.c ****   sConfigOC.OCFastMode = TIM_OCFAST_DISABLE;
 1092              		.loc 1 199 3 is_stmt 1 view .LVU320
 199:Core/Src/tim.c ****   sConfigOC.OCFastMode = TIM_OCFAST_DISABLE;
 1093              		.loc 1 199 24 is_stmt 0 view .LVU321
 1094 0070 0393     		str	r3, [sp, #12]
 200:Core/Src/tim.c ****   if (HAL_TIM_PWM_ConfigChannel(&htim5, &sConfigOC, TIM_CHANNEL_3) != HAL_OK)
 1095              		.loc 1 200 3 is_stmt 1 view .LVU322
 200:Core/Src/tim.c ****   if (HAL_TIM_PWM_ConfigChannel(&htim5, &sConfigOC, TIM_CHANNEL_3) != HAL_OK)
 1096              		.loc 1 200 24 is_stmt 0 view .LVU323
 1097 0072 0593     		str	r3, [sp, #20]
 201:Core/Src/tim.c ****   {
 1098              		.loc 1 201 3 is_stmt 1 view .LVU324
 201:Core/Src/tim.c ****   {
 1099              		.loc 1 201 7 is_stmt 0 view .LVU325
 1100 0074 0822     		movs	r2, #8
 1101 0076 01A9     		add	r1, sp, #4
 1102 0078 1048     		ldr	r0, .L89
 1103 007a FFF7FEFF 		bl	HAL_TIM_PWM_ConfigChannel
 1104              	.LVL62:
 201:Core/Src/tim.c ****   {
 1105              		.loc 1 201 6 discriminator 1 view .LVU326
 1106 007e B8B9     		cbnz	r0, .L87
 1107              	.L80:
 205:Core/Src/tim.c ****   {
 1108              		.loc 1 205 3 is_stmt 1 view .LVU327
 205:Core/Src/tim.c ****   {
 1109              		.loc 1 205 7 is_stmt 0 view .LVU328
 1110 0080 0C22     		movs	r2, #12
 1111 0082 01A9     		add	r1, sp, #4
 1112 0084 0D48     		ldr	r0, .L89
 1113 0086 FFF7FEFF 		bl	HAL_TIM_PWM_ConfigChannel
 1114              	.LVL63:
 205:Core/Src/tim.c ****   {
 1115              		.loc 1 205 6 discriminator 1 view .LVU329
 1116 008a A0B9     		cbnz	r0, .L88
 1117              	.L81:
 212:Core/Src/tim.c **** 
 1118              		.loc 1 212 3 is_stmt 1 view .LVU330
 1119 008c 0B48     		ldr	r0, .L89
 1120 008e FFF7FEFF 		bl	HAL_TIM_MspPostInit
 1121              	.LVL64:
 214:Core/Src/tim.c **** /* TIM9 init function */
 1122              		.loc 1 214 1 is_stmt 0 view .LVU331
 1123 0092 0FB0     		add	sp, sp, #60
 1124              	.LCFI22:
 1125              		.cfi_remember_state
ARM GAS  /tmp/ccOdsWbL.s 			page 33


 1126              		.cfi_def_cfa_offset 4
 1127              		@ sp needed
 1128 0094 5DF804FB 		ldr	pc, [sp], #4
 1129              	.L83:
 1130              	.LCFI23:
 1131              		.cfi_restore_state
 180:Core/Src/tim.c ****   }
 1132              		.loc 1 180 5 is_stmt 1 view .LVU332
 1133 0098 FFF7FEFF 		bl	Error_Handler
 1134              	.LVL65:
 1135 009c D0E7     		b	.L76
 1136              	.L84:
 185:Core/Src/tim.c ****   }
 1137              		.loc 1 185 5 view .LVU333
 1138 009e FFF7FEFF 		bl	Error_Handler
 1139              	.LVL66:
 1140 00a2 D5E7     		b	.L77
 1141              	.L85:
 189:Core/Src/tim.c ****   }
 1142              		.loc 1 189 5 view .LVU334
 1143 00a4 FFF7FEFF 		bl	Error_Handler
 1144              	.LVL67:
 1145 00a8 D6E7     		b	.L78
 1146              	.L86:
 195:Core/Src/tim.c ****   }
 1147              		.loc 1 195 5 view .LVU335
 1148 00aa FFF7FEFF 		bl	Error_Handler
 1149              	.LVL68:
 1150 00ae DBE7     		b	.L79
 1151              	.L87:
 203:Core/Src/tim.c ****   }
 1152              		.loc 1 203 5 view .LVU336
 1153 00b0 FFF7FEFF 		bl	Error_Handler
 1154              	.LVL69:
 1155 00b4 E4E7     		b	.L80
 1156              	.L88:
 207:Core/Src/tim.c ****   }
 1157              		.loc 1 207 5 view .LVU337
 1158 00b6 FFF7FEFF 		bl	Error_Handler
 1159              	.LVL70:
 1160 00ba E7E7     		b	.L81
 1161              	.L90:
 1162              		.align	2
 1163              	.L89:
 1164 00bc 00000000 		.word	htim5
 1165 00c0 000C0040 		.word	1073744896
 1166              		.cfi_endproc
 1167              	.LFE245:
 1169              		.section	.text.MX_TIM9_Init,"ax",%progbits
 1170              		.align	1
 1171              		.global	MX_TIM9_Init
 1172              		.syntax unified
 1173              		.thumb
 1174              		.thumb_func
 1176              	MX_TIM9_Init:
 1177              	.LFB246:
 217:Core/Src/tim.c **** 
ARM GAS  /tmp/ccOdsWbL.s 			page 34


 1178              		.loc 1 217 1 view -0
 1179              		.cfi_startproc
 1180              		@ args = 0, pretend = 0, frame = 32
 1181              		@ frame_needed = 0, uses_anonymous_args = 0
 1182 0000 00B5     		push	{lr}
 1183              	.LCFI24:
 1184              		.cfi_def_cfa_offset 4
 1185              		.cfi_offset 14, -4
 1186 0002 89B0     		sub	sp, sp, #36
 1187              	.LCFI25:
 1188              		.cfi_def_cfa_offset 40
 223:Core/Src/tim.c **** 
 1189              		.loc 1 223 3 view .LVU339
 223:Core/Src/tim.c **** 
 1190              		.loc 1 223 22 is_stmt 0 view .LVU340
 1191 0004 0023     		movs	r3, #0
 1192 0006 0193     		str	r3, [sp, #4]
 1193 0008 0293     		str	r3, [sp, #8]
 1194 000a 0393     		str	r3, [sp, #12]
 1195 000c 0493     		str	r3, [sp, #16]
 1196 000e 0593     		str	r3, [sp, #20]
 1197 0010 0693     		str	r3, [sp, #24]
 1198 0012 0793     		str	r3, [sp, #28]
 228:Core/Src/tim.c ****   htim9.Init.Prescaler = 168-1;
 1199              		.loc 1 228 3 is_stmt 1 view .LVU341
 228:Core/Src/tim.c ****   htim9.Init.Prescaler = 168-1;
 1200              		.loc 1 228 18 is_stmt 0 view .LVU342
 1201 0014 1748     		ldr	r0, .L99
 1202 0016 184A     		ldr	r2, .L99+4
 1203 0018 0260     		str	r2, [r0]
 229:Core/Src/tim.c ****   htim9.Init.CounterMode = TIM_COUNTERMODE_UP;
 1204              		.loc 1 229 3 is_stmt 1 view .LVU343
 229:Core/Src/tim.c ****   htim9.Init.CounterMode = TIM_COUNTERMODE_UP;
 1205              		.loc 1 229 24 is_stmt 0 view .LVU344
 1206 001a A722     		movs	r2, #167
 1207 001c 4260     		str	r2, [r0, #4]
 230:Core/Src/tim.c ****   htim9.Init.Period = 100-1;
 1208              		.loc 1 230 3 is_stmt 1 view .LVU345
 230:Core/Src/tim.c ****   htim9.Init.Period = 100-1;
 1209              		.loc 1 230 26 is_stmt 0 view .LVU346
 1210 001e 8360     		str	r3, [r0, #8]
 231:Core/Src/tim.c ****   htim9.Init.ClockDivision = TIM_CLOCKDIVISION_DIV1;
 1211              		.loc 1 231 3 is_stmt 1 view .LVU347
 231:Core/Src/tim.c ****   htim9.Init.ClockDivision = TIM_CLOCKDIVISION_DIV1;
 1212              		.loc 1 231 21 is_stmt 0 view .LVU348
 1213 0020 6322     		movs	r2, #99
 1214 0022 C260     		str	r2, [r0, #12]
 232:Core/Src/tim.c ****   htim9.Init.AutoReloadPreload = TIM_AUTORELOAD_PRELOAD_ENABLE;
 1215              		.loc 1 232 3 is_stmt 1 view .LVU349
 232:Core/Src/tim.c ****   htim9.Init.AutoReloadPreload = TIM_AUTORELOAD_PRELOAD_ENABLE;
 1216              		.loc 1 232 28 is_stmt 0 view .LVU350
 1217 0024 0361     		str	r3, [r0, #16]
 233:Core/Src/tim.c ****   if (HAL_TIM_PWM_Init(&htim9) != HAL_OK)
 1218              		.loc 1 233 3 is_stmt 1 view .LVU351
 233:Core/Src/tim.c ****   if (HAL_TIM_PWM_Init(&htim9) != HAL_OK)
 1219              		.loc 1 233 32 is_stmt 0 view .LVU352
 1220 0026 8023     		movs	r3, #128
ARM GAS  /tmp/ccOdsWbL.s 			page 35


 1221 0028 8361     		str	r3, [r0, #24]
 234:Core/Src/tim.c ****   {
 1222              		.loc 1 234 3 is_stmt 1 view .LVU353
 234:Core/Src/tim.c ****   {
 1223              		.loc 1 234 7 is_stmt 0 view .LVU354
 1224 002a FFF7FEFF 		bl	HAL_TIM_PWM_Init
 1225              	.LVL71:
 234:Core/Src/tim.c ****   {
 1226              		.loc 1 234 6 discriminator 1 view .LVU355
 1227 002e C0B9     		cbnz	r0, .L96
 1228              	.L92:
 238:Core/Src/tim.c ****   sConfigOC.Pulse = 0;
 1229              		.loc 1 238 3 is_stmt 1 view .LVU356
 238:Core/Src/tim.c ****   sConfigOC.Pulse = 0;
 1230              		.loc 1 238 20 is_stmt 0 view .LVU357
 1231 0030 6023     		movs	r3, #96
 1232 0032 0193     		str	r3, [sp, #4]
 239:Core/Src/tim.c ****   sConfigOC.OCPolarity = TIM_OCPOLARITY_LOW;
 1233              		.loc 1 239 3 is_stmt 1 view .LVU358
 239:Core/Src/tim.c ****   sConfigOC.OCPolarity = TIM_OCPOLARITY_LOW;
 1234              		.loc 1 239 19 is_stmt 0 view .LVU359
 1235 0034 0022     		movs	r2, #0
 1236 0036 0292     		str	r2, [sp, #8]
 240:Core/Src/tim.c ****   sConfigOC.OCFastMode = TIM_OCFAST_DISABLE;
 1237              		.loc 1 240 3 is_stmt 1 view .LVU360
 240:Core/Src/tim.c ****   sConfigOC.OCFastMode = TIM_OCFAST_DISABLE;
 1238              		.loc 1 240 24 is_stmt 0 view .LVU361
 1239 0038 0223     		movs	r3, #2
 1240 003a 0393     		str	r3, [sp, #12]
 241:Core/Src/tim.c ****   if (HAL_TIM_PWM_ConfigChannel(&htim9, &sConfigOC, TIM_CHANNEL_1) != HAL_OK)
 1241              		.loc 1 241 3 is_stmt 1 view .LVU362
 241:Core/Src/tim.c ****   if (HAL_TIM_PWM_ConfigChannel(&htim9, &sConfigOC, TIM_CHANNEL_1) != HAL_OK)
 1242              		.loc 1 241 24 is_stmt 0 view .LVU363
 1243 003c 0592     		str	r2, [sp, #20]
 242:Core/Src/tim.c ****   {
 1244              		.loc 1 242 3 is_stmt 1 view .LVU364
 242:Core/Src/tim.c ****   {
 1245              		.loc 1 242 7 is_stmt 0 view .LVU365
 1246 003e 01A9     		add	r1, sp, #4
 1247 0040 0C48     		ldr	r0, .L99
 1248 0042 FFF7FEFF 		bl	HAL_TIM_PWM_ConfigChannel
 1249              	.LVL72:
 242:Core/Src/tim.c ****   {
 1250              		.loc 1 242 6 discriminator 1 view .LVU366
 1251 0046 78B9     		cbnz	r0, .L97
 1252              	.L93:
 246:Core/Src/tim.c ****   {
 1253              		.loc 1 246 3 is_stmt 1 view .LVU367
 246:Core/Src/tim.c ****   {
 1254              		.loc 1 246 7 is_stmt 0 view .LVU368
 1255 0048 0422     		movs	r2, #4
 1256 004a 0DEB0201 		add	r1, sp, r2
 1257 004e 0948     		ldr	r0, .L99
 1258 0050 FFF7FEFF 		bl	HAL_TIM_PWM_ConfigChannel
 1259              	.LVL73:
 246:Core/Src/tim.c ****   {
 1260              		.loc 1 246 6 discriminator 1 view .LVU369
ARM GAS  /tmp/ccOdsWbL.s 			page 36


 1261 0054 58B9     		cbnz	r0, .L98
 1262              	.L94:
 253:Core/Src/tim.c **** 
 1263              		.loc 1 253 3 is_stmt 1 view .LVU370
 1264 0056 0748     		ldr	r0, .L99
 1265 0058 FFF7FEFF 		bl	HAL_TIM_MspPostInit
 1266              	.LVL74:
 255:Core/Src/tim.c **** /* TIM14 init function */
 1267              		.loc 1 255 1 is_stmt 0 view .LVU371
 1268 005c 09B0     		add	sp, sp, #36
 1269              	.LCFI26:
 1270              		.cfi_remember_state
 1271              		.cfi_def_cfa_offset 4
 1272              		@ sp needed
 1273 005e 5DF804FB 		ldr	pc, [sp], #4
 1274              	.L96:
 1275              	.LCFI27:
 1276              		.cfi_restore_state
 236:Core/Src/tim.c ****   }
 1277              		.loc 1 236 5 is_stmt 1 view .LVU372
 1278 0062 FFF7FEFF 		bl	Error_Handler
 1279              	.LVL75:
 1280 0066 E3E7     		b	.L92
 1281              	.L97:
 244:Core/Src/tim.c ****   }
 1282              		.loc 1 244 5 view .LVU373
 1283 0068 FFF7FEFF 		bl	Error_Handler
 1284              	.LVL76:
 1285 006c ECE7     		b	.L93
 1286              	.L98:
 248:Core/Src/tim.c ****   }
 1287              		.loc 1 248 5 view .LVU374
 1288 006e FFF7FEFF 		bl	Error_Handler
 1289              	.LVL77:
 1290 0072 F0E7     		b	.L94
 1291              	.L100:
 1292              		.align	2
 1293              	.L99:
 1294 0074 00000000 		.word	htim9
 1295 0078 00400140 		.word	1073823744
 1296              		.cfi_endproc
 1297              	.LFE246:
 1299              		.section	.text.HAL_TIM_Base_MspDeInit,"ax",%progbits
 1300              		.align	1
 1301              		.global	HAL_TIM_Base_MspDeInit
 1302              		.syntax unified
 1303              		.thumb
 1304              		.thumb_func
 1306              	HAL_TIM_Base_MspDeInit:
 1307              	.LVL78:
 1308              	.LFB251:
 450:Core/Src/tim.c **** 
 451:Core/Src/tim.c **** void HAL_TIM_Base_MspDeInit(TIM_HandleTypeDef* tim_baseHandle)
 452:Core/Src/tim.c **** {
 1309              		.loc 1 452 1 view -0
 1310              		.cfi_startproc
 1311              		@ args = 0, pretend = 0, frame = 0
ARM GAS  /tmp/ccOdsWbL.s 			page 37


 1312              		@ frame_needed = 0, uses_anonymous_args = 0
 1313              		.loc 1 452 1 is_stmt 0 view .LVU376
 1314 0000 08B5     		push	{r3, lr}
 1315              	.LCFI28:
 1316              		.cfi_def_cfa_offset 8
 1317              		.cfi_offset 3, -8
 1318              		.cfi_offset 14, -4
 453:Core/Src/tim.c **** 
 454:Core/Src/tim.c ****   if(tim_baseHandle->Instance==TIM3)
 1319              		.loc 1 454 3 is_stmt 1 view .LVU377
 1320              		.loc 1 454 20 is_stmt 0 view .LVU378
 1321 0002 0368     		ldr	r3, [r0]
 1322              		.loc 1 454 5 view .LVU379
 1323 0004 154A     		ldr	r2, .L110
 1324 0006 9342     		cmp	r3, r2
 1325 0008 12D0     		beq	.L107
 455:Core/Src/tim.c ****   {
 456:Core/Src/tim.c ****   /* USER CODE BEGIN TIM3_MspDeInit 0 */
 457:Core/Src/tim.c **** 
 458:Core/Src/tim.c ****   /* USER CODE END TIM3_MspDeInit 0 */
 459:Core/Src/tim.c ****     /* Peripheral clock disable */
 460:Core/Src/tim.c ****     __HAL_RCC_TIM3_CLK_DISABLE();
 461:Core/Src/tim.c ****   /* USER CODE BEGIN TIM3_MspDeInit 1 */
 462:Core/Src/tim.c **** 
 463:Core/Src/tim.c ****   /* USER CODE END TIM3_MspDeInit 1 */
 464:Core/Src/tim.c ****   }
 465:Core/Src/tim.c ****   else if(tim_baseHandle->Instance==TIM4)
 1326              		.loc 1 465 8 is_stmt 1 view .LVU380
 1327              		.loc 1 465 10 is_stmt 0 view .LVU381
 1328 000a 154A     		ldr	r2, .L110+4
 1329 000c 9342     		cmp	r3, r2
 1330 000e 16D0     		beq	.L108
 466:Core/Src/tim.c ****   {
 467:Core/Src/tim.c ****   /* USER CODE BEGIN TIM4_MspDeInit 0 */
 468:Core/Src/tim.c **** 
 469:Core/Src/tim.c ****   /* USER CODE END TIM4_MspDeInit 0 */
 470:Core/Src/tim.c ****     /* Peripheral clock disable */
 471:Core/Src/tim.c ****     __HAL_RCC_TIM4_CLK_DISABLE();
 472:Core/Src/tim.c ****   /* USER CODE BEGIN TIM4_MspDeInit 1 */
 473:Core/Src/tim.c **** 
 474:Core/Src/tim.c ****   /* USER CODE END TIM4_MspDeInit 1 */
 475:Core/Src/tim.c ****   }
 476:Core/Src/tim.c ****   else if(tim_baseHandle->Instance==TIM5)
 1331              		.loc 1 476 8 is_stmt 1 view .LVU382
 1332              		.loc 1 476 10 is_stmt 0 view .LVU383
 1333 0010 144A     		ldr	r2, .L110+8
 1334 0012 9342     		cmp	r3, r2
 1335 0014 1AD0     		beq	.L109
 477:Core/Src/tim.c ****   {
 478:Core/Src/tim.c ****   /* USER CODE BEGIN TIM5_MspDeInit 0 */
 479:Core/Src/tim.c **** 
 480:Core/Src/tim.c ****   /* USER CODE END TIM5_MspDeInit 0 */
 481:Core/Src/tim.c ****     /* Peripheral clock disable */
 482:Core/Src/tim.c ****     __HAL_RCC_TIM5_CLK_DISABLE();
 483:Core/Src/tim.c ****   /* USER CODE BEGIN TIM5_MspDeInit 1 */
 484:Core/Src/tim.c **** 
 485:Core/Src/tim.c ****   /* USER CODE END TIM5_MspDeInit 1 */
ARM GAS  /tmp/ccOdsWbL.s 			page 38


 486:Core/Src/tim.c ****   }
 487:Core/Src/tim.c ****   else if(tim_baseHandle->Instance==TIM14)
 1336              		.loc 1 487 8 is_stmt 1 view .LVU384
 1337              		.loc 1 487 10 is_stmt 0 view .LVU385
 1338 0016 144A     		ldr	r2, .L110+12
 1339 0018 9342     		cmp	r3, r2
 1340 001a 0FD1     		bne	.L101
 488:Core/Src/tim.c ****   {
 489:Core/Src/tim.c ****   /* USER CODE BEGIN TIM14_MspDeInit 0 */
 490:Core/Src/tim.c **** 
 491:Core/Src/tim.c ****   /* USER CODE END TIM14_MspDeInit 0 */
 492:Core/Src/tim.c ****     /* Peripheral clock disable */
 493:Core/Src/tim.c ****     __HAL_RCC_TIM14_CLK_DISABLE();
 1341              		.loc 1 493 5 is_stmt 1 view .LVU386
 1342 001c 02F50632 		add	r2, r2, #137216
 1343 0020 136C     		ldr	r3, [r2, #64]
 1344 0022 23F48073 		bic	r3, r3, #256
 1345 0026 1364     		str	r3, [r2, #64]
 494:Core/Src/tim.c **** 
 495:Core/Src/tim.c ****     /* TIM14 interrupt Deinit */
 496:Core/Src/tim.c ****     HAL_NVIC_DisableIRQ(TIM8_TRG_COM_TIM14_IRQn);
 1346              		.loc 1 496 5 view .LVU387
 1347 0028 2D20     		movs	r0, #45
 1348              	.LVL79:
 1349              		.loc 1 496 5 is_stmt 0 view .LVU388
 1350 002a FFF7FEFF 		bl	HAL_NVIC_DisableIRQ
 1351              	.LVL80:
 497:Core/Src/tim.c ****   /* USER CODE BEGIN TIM14_MspDeInit 1 */
 498:Core/Src/tim.c **** 
 499:Core/Src/tim.c ****   /* USER CODE END TIM14_MspDeInit 1 */
 500:Core/Src/tim.c ****   }
 501:Core/Src/tim.c **** }
 1352              		.loc 1 501 1 view .LVU389
 1353 002e 05E0     		b	.L101
 1354              	.LVL81:
 1355              	.L107:
 460:Core/Src/tim.c ****   /* USER CODE BEGIN TIM3_MspDeInit 1 */
 1356              		.loc 1 460 5 is_stmt 1 view .LVU390
 1357 0030 02F50D32 		add	r2, r2, #144384
 1358 0034 136C     		ldr	r3, [r2, #64]
 1359 0036 23F00203 		bic	r3, r3, #2
 1360 003a 1364     		str	r3, [r2, #64]
 1361              	.LVL82:
 1362              	.L101:
 1363              		.loc 1 501 1 is_stmt 0 view .LVU391
 1364 003c 08BD     		pop	{r3, pc}
 1365              	.LVL83:
 1366              	.L108:
 471:Core/Src/tim.c ****   /* USER CODE BEGIN TIM4_MspDeInit 1 */
 1367              		.loc 1 471 5 is_stmt 1 view .LVU392
 1368 003e 02F50C32 		add	r2, r2, #143360
 1369 0042 136C     		ldr	r3, [r2, #64]
 1370 0044 23F00403 		bic	r3, r3, #4
 1371 0048 1364     		str	r3, [r2, #64]
 1372 004a F7E7     		b	.L101
 1373              	.L109:
 482:Core/Src/tim.c ****   /* USER CODE BEGIN TIM5_MspDeInit 1 */
ARM GAS  /tmp/ccOdsWbL.s 			page 39


 1374              		.loc 1 482 5 view .LVU393
 1375 004c 02F50B32 		add	r2, r2, #142336
 1376 0050 136C     		ldr	r3, [r2, #64]
 1377 0052 23F00803 		bic	r3, r3, #8
 1378 0056 1364     		str	r3, [r2, #64]
 1379 0058 F0E7     		b	.L101
 1380              	.L111:
 1381 005a 00BF     		.align	2
 1382              	.L110:
 1383 005c 00040040 		.word	1073742848
 1384 0060 00080040 		.word	1073743872
 1385 0064 000C0040 		.word	1073744896
 1386 0068 00200040 		.word	1073750016
 1387              		.cfi_endproc
 1388              	.LFE251:
 1390              		.section	.text.HAL_TIM_PWM_MspDeInit,"ax",%progbits
 1391              		.align	1
 1392              		.global	HAL_TIM_PWM_MspDeInit
 1393              		.syntax unified
 1394              		.thumb
 1395              		.thumb_func
 1397              	HAL_TIM_PWM_MspDeInit:
 1398              	.LVL84:
 1399              	.LFB252:
 502:Core/Src/tim.c **** 
 503:Core/Src/tim.c **** void HAL_TIM_PWM_MspDeInit(TIM_HandleTypeDef* tim_pwmHandle)
 504:Core/Src/tim.c **** {
 1400              		.loc 1 504 1 view -0
 1401              		.cfi_startproc
 1402              		@ args = 0, pretend = 0, frame = 0
 1403              		@ frame_needed = 0, uses_anonymous_args = 0
 1404              		.loc 1 504 1 is_stmt 0 view .LVU395
 1405 0000 08B5     		push	{r3, lr}
 1406              	.LCFI29:
 1407              		.cfi_def_cfa_offset 8
 1408              		.cfi_offset 3, -8
 1409              		.cfi_offset 14, -4
 505:Core/Src/tim.c **** 
 506:Core/Src/tim.c ****   if(tim_pwmHandle->Instance==TIM9)
 1410              		.loc 1 506 3 is_stmt 1 view .LVU396
 1411              		.loc 1 506 19 is_stmt 0 view .LVU397
 1412 0002 0268     		ldr	r2, [r0]
 1413              		.loc 1 506 5 view .LVU398
 1414 0004 064B     		ldr	r3, .L116
 1415 0006 9A42     		cmp	r2, r3
 1416 0008 00D0     		beq	.L115
 1417              	.LVL85:
 1418              	.L112:
 507:Core/Src/tim.c ****   {
 508:Core/Src/tim.c ****   /* USER CODE BEGIN TIM9_MspDeInit 0 */
 509:Core/Src/tim.c **** 
 510:Core/Src/tim.c ****   /* USER CODE END TIM9_MspDeInit 0 */
 511:Core/Src/tim.c ****     /* Peripheral clock disable */
 512:Core/Src/tim.c ****     __HAL_RCC_TIM9_CLK_DISABLE();
 513:Core/Src/tim.c **** 
 514:Core/Src/tim.c ****     /* TIM9 interrupt Deinit */
 515:Core/Src/tim.c ****     HAL_NVIC_DisableIRQ(TIM1_BRK_TIM9_IRQn);
ARM GAS  /tmp/ccOdsWbL.s 			page 40


 516:Core/Src/tim.c ****   /* USER CODE BEGIN TIM9_MspDeInit 1 */
 517:Core/Src/tim.c **** 
 518:Core/Src/tim.c ****   /* USER CODE END TIM9_MspDeInit 1 */
 519:Core/Src/tim.c ****   }
 520:Core/Src/tim.c **** }
 1419              		.loc 1 520 1 view .LVU399
 1420 000a 08BD     		pop	{r3, pc}
 1421              	.LVL86:
 1422              	.L115:
 512:Core/Src/tim.c **** 
 1423              		.loc 1 512 5 is_stmt 1 view .LVU400
 1424 000c 054A     		ldr	r2, .L116+4
 1425 000e 536C     		ldr	r3, [r2, #68]
 1426 0010 23F48033 		bic	r3, r3, #65536
 1427 0014 5364     		str	r3, [r2, #68]
 515:Core/Src/tim.c ****   /* USER CODE BEGIN TIM9_MspDeInit 1 */
 1428              		.loc 1 515 5 view .LVU401
 1429 0016 1820     		movs	r0, #24
 1430              	.LVL87:
 515:Core/Src/tim.c ****   /* USER CODE BEGIN TIM9_MspDeInit 1 */
 1431              		.loc 1 515 5 is_stmt 0 view .LVU402
 1432 0018 FFF7FEFF 		bl	HAL_NVIC_DisableIRQ
 1433              	.LVL88:
 1434              		.loc 1 520 1 view .LVU403
 1435 001c F5E7     		b	.L112
 1436              	.L117:
 1437 001e 00BF     		.align	2
 1438              	.L116:
 1439 0020 00400140 		.word	1073823744
 1440 0024 00380240 		.word	1073887232
 1441              		.cfi_endproc
 1442              	.LFE252:
 1444              		.section	.text.TIM14_IRQHandler,"ax",%progbits
 1445              		.align	1
 1446              		.global	TIM14_IRQHandler
 1447              		.syntax unified
 1448              		.thumb
 1449              		.thumb_func
 1451              	TIM14_IRQHandler:
 1452              	.LFB253:
 521:Core/Src/tim.c **** 
 522:Core/Src/tim.c **** /* USER CODE BEGIN 1 */
 523:Core/Src/tim.c **** void TIM14_IRQHandler(void) {
 1453              		.loc 1 523 29 is_stmt 1 view -0
 1454              		.cfi_startproc
 1455              		@ args = 0, pretend = 0, frame = 0
 1456              		@ frame_needed = 0, uses_anonymous_args = 0
 1457              		@ link register save eliminated.
 524:Core/Src/tim.c ****     if (__HAL_TIM_GET_FLAG(&htim14, TIM_FLAG_UPDATE) != RESET && __HAL_TIM_GET_IT_SOURCE(&htim14, T
 1458              		.loc 1 524 5 view .LVU405
 1459              		.loc 1 524 9 is_stmt 0 view .LVU406
 1460 0000 064B     		ldr	r3, .L120
 1461 0002 1B68     		ldr	r3, [r3]
 1462 0004 1A69     		ldr	r2, [r3, #16]
 1463              		.loc 1 524 8 view .LVU407
 1464 0006 12F0010F 		tst	r2, #1
 1465 000a 06D0     		beq	.L118
ARM GAS  /tmp/ccOdsWbL.s 			page 41


 1466              		.loc 1 524 66 discriminator 1 view .LVU408
 1467 000c DA68     		ldr	r2, [r3, #12]
 1468              		.loc 1 524 63 discriminator 1 view .LVU409
 1469 000e 12F0010F 		tst	r2, #1
 1470 0012 02D0     		beq	.L118
 525:Core/Src/tim.c ****         __HAL_TIM_CLEAR_IT(&htim14, TIM_IT_UPDATE);
 1471              		.loc 1 525 9 is_stmt 1 view .LVU410
 1472 0014 6FF00102 		mvn	r2, #1
 1473 0018 1A61     		str	r2, [r3, #16]
 1474              	.L118:
 526:Core/Src/tim.c ****         // 每当定时器中断发生，发送消息
 527:Core/Src/tim.c ****         
 528:Core/Src/tim.c ****         //publish_current_state();  // 你需要定义 current_state_value
 529:Core/Src/tim.c ****     }
 530:Core/Src/tim.c **** }
 1475              		.loc 1 530 1 is_stmt 0 view .LVU411
 1476 001a 7047     		bx	lr
 1477              	.L121:
 1478              		.align	2
 1479              	.L120:
 1480 001c 00000000 		.word	htim14
 1481              		.cfi_endproc
 1482              	.LFE253:
 1484              		.global	htim14
 1485              		.section	.bss.htim14,"aw",%nobits
 1486              		.align	2
 1489              	htim14:
 1490 0000 00000000 		.space	72
 1490      00000000 
 1490      00000000 
 1490      00000000 
 1490      00000000 
 1491              		.global	htim9
 1492              		.section	.bss.htim9,"aw",%nobits
 1493              		.align	2
 1496              	htim9:
 1497 0000 00000000 		.space	72
 1497      00000000 
 1497      00000000 
 1497      00000000 
 1497      00000000 
 1498              		.global	htim5
 1499              		.section	.bss.htim5,"aw",%nobits
 1500              		.align	2
 1503              	htim5:
 1504 0000 00000000 		.space	72
 1504      00000000 
 1504      00000000 
 1504      00000000 
 1504      00000000 
 1505              		.global	htim4
 1506              		.section	.bss.htim4,"aw",%nobits
 1507              		.align	2
 1510              	htim4:
 1511 0000 00000000 		.space	72
 1511      00000000 
 1511      00000000 
ARM GAS  /tmp/ccOdsWbL.s 			page 42


 1511      00000000 
 1511      00000000 
 1512              		.global	htim3
 1513              		.section	.bss.htim3,"aw",%nobits
 1514              		.align	2
 1517              	htim3:
 1518 0000 00000000 		.space	72
 1518      00000000 
 1518      00000000 
 1518      00000000 
 1518      00000000 
 1519              		.text
 1520              	.Letext0:
 1521              		.file 2 "Drivers/CMSIS/Device/ST/STM32F4xx/Include/stm32f407xx.h"
 1522              		.file 3 "/home/w0x7ce/Downloads/arm-gnu-toolchain-13.2.rel1-x86_64-arm-none-eabi/arm-gnu-toolchain
 1523              		.file 4 "/home/w0x7ce/Downloads/arm-gnu-toolchain-13.2.rel1-x86_64-arm-none-eabi/arm-gnu-toolchain
 1524              		.file 5 "Drivers/CMSIS/Device/ST/STM32F4xx/Include/stm32f4xx.h"
 1525              		.file 6 "/home/w0x7ce/Downloads/arm-gnu-toolchain-13.2.rel1-x86_64-arm-none-eabi/arm-gnu-toolchain
 1526              		.file 7 "Drivers/STM32F4xx_HAL_Driver/Inc/stm32f4xx_hal_def.h"
 1527              		.file 8 "Drivers/STM32F4xx_HAL_Driver/Inc/stm32f4xx_hal_gpio.h"
 1528              		.file 9 "Drivers/STM32F4xx_HAL_Driver/Inc/stm32f4xx_hal_dma.h"
 1529              		.file 10 "Drivers/STM32F4xx_HAL_Driver/Inc/stm32f4xx_hal_tim.h"
 1530              		.file 11 "Core/Inc/tim.h"
 1531              		.file 12 "micro_ros_stm32cubemx_utils/microros_static_library/libmicroros/microros_include/rmw/tim
 1532              		.file 13 "micro_ros_stm32cubemx_utils/microros_static_library/libmicroros/microros_include/rmw/typ
 1533              		.file 14 "micro_ros_stm32cubemx_utils/microros_static_library/libmicroros/microros_include/rmw/qos
 1534              		.file 15 "micro_ros_stm32cubemx_utils/microros_static_library/libmicroros/microros_include/rcl_act
 1535              		.file 16 "Drivers/STM32F4xx_HAL_Driver/Inc/stm32f4xx_hal_cortex.h"
 1536              		.file 17 "Drivers/STM32F4xx_HAL_Driver/Inc/stm32f4xx_hal_tim_ex.h"
 1537              		.file 18 "Core/Inc/main.h"
ARM GAS  /tmp/ccOdsWbL.s 			page 43


DEFINED SYMBOLS
                            *ABS*:00000000 tim.c
     /tmp/ccOdsWbL.s:21     .text.MX_TIM14_Init:00000000 $t
     /tmp/ccOdsWbL.s:27     .text.MX_TIM14_Init:00000000 MX_TIM14_Init
     /tmp/ccOdsWbL.s:81     .text.MX_TIM14_Init:0000002c $d
     /tmp/ccOdsWbL.s:1489   .bss.htim14:00000000 htim14
     /tmp/ccOdsWbL.s:87     .text.HAL_TIM_Base_MspInit:00000000 $t
     /tmp/ccOdsWbL.s:93     .text.HAL_TIM_Base_MspInit:00000000 HAL_TIM_Base_MspInit
     /tmp/ccOdsWbL.s:236    .text.HAL_TIM_Base_MspInit:00000098 $d
     /tmp/ccOdsWbL.s:245    .text.HAL_TIM_PWM_MspInit:00000000 $t
     /tmp/ccOdsWbL.s:251    .text.HAL_TIM_PWM_MspInit:00000000 HAL_TIM_PWM_MspInit
     /tmp/ccOdsWbL.s:313    .text.HAL_TIM_PWM_MspInit:0000003c $d
     /tmp/ccOdsWbL.s:318    .text.HAL_TIM_MspPostInit:00000000 $t
     /tmp/ccOdsWbL.s:324    .text.HAL_TIM_MspPostInit:00000000 HAL_TIM_MspPostInit
     /tmp/ccOdsWbL.s:549    .text.HAL_TIM_MspPostInit:000000e8 $d
     /tmp/ccOdsWbL.s:562    .text.MX_TIM3_Init:00000000 $t
     /tmp/ccOdsWbL.s:568    .text.MX_TIM3_Init:00000000 MX_TIM3_Init
     /tmp/ccOdsWbL.s:780    .text.MX_TIM3_Init:000000e4 $d
     /tmp/ccOdsWbL.s:1517   .bss.htim3:00000000 htim3
     /tmp/ccOdsWbL.s:786    .text.MX_TIM4_Init:00000000 $t
     /tmp/ccOdsWbL.s:792    .text.MX_TIM4_Init:00000000 MX_TIM4_Init
     /tmp/ccOdsWbL.s:972    .text.MX_TIM4_Init:000000bc $d
     /tmp/ccOdsWbL.s:1510   .bss.htim4:00000000 htim4
     /tmp/ccOdsWbL.s:978    .text.MX_TIM5_Init:00000000 $t
     /tmp/ccOdsWbL.s:984    .text.MX_TIM5_Init:00000000 MX_TIM5_Init
     /tmp/ccOdsWbL.s:1164   .text.MX_TIM5_Init:000000bc $d
     /tmp/ccOdsWbL.s:1503   .bss.htim5:00000000 htim5
     /tmp/ccOdsWbL.s:1170   .text.MX_TIM9_Init:00000000 $t
     /tmp/ccOdsWbL.s:1176   .text.MX_TIM9_Init:00000000 MX_TIM9_Init
     /tmp/ccOdsWbL.s:1294   .text.MX_TIM9_Init:00000074 $d
     /tmp/ccOdsWbL.s:1496   .bss.htim9:00000000 htim9
     /tmp/ccOdsWbL.s:1300   .text.HAL_TIM_Base_MspDeInit:00000000 $t
     /tmp/ccOdsWbL.s:1306   .text.HAL_TIM_Base_MspDeInit:00000000 HAL_TIM_Base_MspDeInit
     /tmp/ccOdsWbL.s:1383   .text.HAL_TIM_Base_MspDeInit:0000005c $d
     /tmp/ccOdsWbL.s:1391   .text.HAL_TIM_PWM_MspDeInit:00000000 $t
     /tmp/ccOdsWbL.s:1397   .text.HAL_TIM_PWM_MspDeInit:00000000 HAL_TIM_PWM_MspDeInit
     /tmp/ccOdsWbL.s:1439   .text.HAL_TIM_PWM_MspDeInit:00000020 $d
     /tmp/ccOdsWbL.s:1445   .text.TIM14_IRQHandler:00000000 $t
     /tmp/ccOdsWbL.s:1451   .text.TIM14_IRQHandler:00000000 TIM14_IRQHandler
     /tmp/ccOdsWbL.s:1480   .text.TIM14_IRQHandler:0000001c $d
     /tmp/ccOdsWbL.s:1486   .bss.htim14:00000000 $d
     /tmp/ccOdsWbL.s:1493   .bss.htim9:00000000 $d
     /tmp/ccOdsWbL.s:1500   .bss.htim5:00000000 $d
     /tmp/ccOdsWbL.s:1507   .bss.htim4:00000000 $d
     /tmp/ccOdsWbL.s:1514   .bss.htim3:00000000 $d

UNDEFINED SYMBOLS
HAL_TIM_Base_Init
HAL_TIM_Base_Start_IT
Error_Handler
HAL_NVIC_SetPriority
HAL_NVIC_EnableIRQ
HAL_GPIO_Init
HAL_TIM_ConfigClockSource
HAL_TIM_PWM_Init
HAL_TIMEx_MasterConfigSynchronization
HAL_TIM_PWM_ConfigChannel
ARM GAS  /tmp/ccOdsWbL.s 			page 44


HAL_NVIC_DisableIRQ
