ARM GAS  /tmp/ccWdpFxl.s 			page 1


   1              		.cpu cortex-m4
   2              		.eabi_attribute 27, 1
   3              		.eabi_attribute 28, 1
   4              		.eabi_attribute 20, 1
   5              		.eabi_attribute 21, 1
   6              		.eabi_attribute 23, 3
   7              		.eabi_attribute 24, 1
   8              		.eabi_attribute 25, 1
   9              		.eabi_attribute 26, 1
  10              		.eabi_attribute 30, 1
  11              		.eabi_attribute 34, 1
  12              		.eabi_attribute 18, 4
  13              		.file	"timers.c"
  14              		.text
  15              	.Ltext0:
  16              		.cfi_sections	.debug_frame
  17              		.section	.text.prvGetNextExpireTime,"ax",%progbits
  18              		.align	1
  19              		.arch armv7e-m
  20              		.syntax unified
  21              		.thumb
  22              		.thumb_func
  23              		.fpu fpv4-sp-d16
  25              	prvGetNextExpireTime:
  26              	.LVL0:
  27              	.LFB18:
  28              		.file 1 "Middlewares/Third_Party/FreeRTOS/Source/timers.c"
   1:Middlewares/Third_Party/FreeRTOS/Source/timers.c **** /*
   2:Middlewares/Third_Party/FreeRTOS/Source/timers.c ****  * FreeRTOS Kernel V10.3.1
   3:Middlewares/Third_Party/FreeRTOS/Source/timers.c ****  * Copyright (C) 2020 Amazon.com, Inc. or its affiliates.  All Rights Reserved.
   4:Middlewares/Third_Party/FreeRTOS/Source/timers.c ****  *
   5:Middlewares/Third_Party/FreeRTOS/Source/timers.c ****  * Permission is hereby granted, free of charge, to any person obtaining a copy of
   6:Middlewares/Third_Party/FreeRTOS/Source/timers.c ****  * this software and associated documentation files (the "Software"), to deal in
   7:Middlewares/Third_Party/FreeRTOS/Source/timers.c ****  * the Software without restriction, including without limitation the rights to
   8:Middlewares/Third_Party/FreeRTOS/Source/timers.c ****  * use, copy, modify, merge, publish, distribute, sublicense, and/or sell copies of
   9:Middlewares/Third_Party/FreeRTOS/Source/timers.c ****  * the Software, and to permit persons to whom the Software is furnished to do so,
  10:Middlewares/Third_Party/FreeRTOS/Source/timers.c ****  * subject to the following conditions:
  11:Middlewares/Third_Party/FreeRTOS/Source/timers.c ****  *
  12:Middlewares/Third_Party/FreeRTOS/Source/timers.c ****  * The above copyright notice and this permission notice shall be included in all
  13:Middlewares/Third_Party/FreeRTOS/Source/timers.c ****  * copies or substantial portions of the Software.
  14:Middlewares/Third_Party/FreeRTOS/Source/timers.c ****  *
  15:Middlewares/Third_Party/FreeRTOS/Source/timers.c ****  * THE SOFTWARE IS PROVIDED "AS IS", WITHOUT WARRANTY OF ANY KIND, EXPRESS OR
  16:Middlewares/Third_Party/FreeRTOS/Source/timers.c ****  * IMPLIED, INCLUDING BUT NOT LIMITED TO THE WARRANTIES OF MERCHANTABILITY, FITNESS
  17:Middlewares/Third_Party/FreeRTOS/Source/timers.c ****  * FOR A PARTICULAR PURPOSE AND NONINFRINGEMENT. IN NO EVENT SHALL THE AUTHORS OR
  18:Middlewares/Third_Party/FreeRTOS/Source/timers.c ****  * COPYRIGHT HOLDERS BE LIABLE FOR ANY CLAIM, DAMAGES OR OTHER LIABILITY, WHETHER
  19:Middlewares/Third_Party/FreeRTOS/Source/timers.c ****  * IN AN ACTION OF CONTRACT, TORT OR OTHERWISE, ARISING FROM, OUT OF OR IN
  20:Middlewares/Third_Party/FreeRTOS/Source/timers.c ****  * CONNECTION WITH THE SOFTWARE OR THE USE OR OTHER DEALINGS IN THE SOFTWARE.
  21:Middlewares/Third_Party/FreeRTOS/Source/timers.c ****  *
  22:Middlewares/Third_Party/FreeRTOS/Source/timers.c ****  * http://www.FreeRTOS.org
  23:Middlewares/Third_Party/FreeRTOS/Source/timers.c ****  * http://aws.amazon.com/freertos
  24:Middlewares/Third_Party/FreeRTOS/Source/timers.c ****  *
  25:Middlewares/Third_Party/FreeRTOS/Source/timers.c ****  * 1 tab == 4 spaces!
  26:Middlewares/Third_Party/FreeRTOS/Source/timers.c ****  */
  27:Middlewares/Third_Party/FreeRTOS/Source/timers.c **** 
  28:Middlewares/Third_Party/FreeRTOS/Source/timers.c **** /* Standard includes. */
  29:Middlewares/Third_Party/FreeRTOS/Source/timers.c **** #include <stdlib.h>
  30:Middlewares/Third_Party/FreeRTOS/Source/timers.c **** 
ARM GAS  /tmp/ccWdpFxl.s 			page 2


  31:Middlewares/Third_Party/FreeRTOS/Source/timers.c **** /* Defining MPU_WRAPPERS_INCLUDED_FROM_API_FILE prevents task.h from redefining
  32:Middlewares/Third_Party/FreeRTOS/Source/timers.c **** all the API functions to use the MPU wrappers.  That should only be done when
  33:Middlewares/Third_Party/FreeRTOS/Source/timers.c **** task.h is included from an application file. */
  34:Middlewares/Third_Party/FreeRTOS/Source/timers.c **** #define MPU_WRAPPERS_INCLUDED_FROM_API_FILE
  35:Middlewares/Third_Party/FreeRTOS/Source/timers.c **** 
  36:Middlewares/Third_Party/FreeRTOS/Source/timers.c **** #include "FreeRTOS.h"
  37:Middlewares/Third_Party/FreeRTOS/Source/timers.c **** #include "task.h"
  38:Middlewares/Third_Party/FreeRTOS/Source/timers.c **** #include "queue.h"
  39:Middlewares/Third_Party/FreeRTOS/Source/timers.c **** #include "timers.h"
  40:Middlewares/Third_Party/FreeRTOS/Source/timers.c **** 
  41:Middlewares/Third_Party/FreeRTOS/Source/timers.c **** #if ( INCLUDE_xTimerPendFunctionCall == 1 ) && ( configUSE_TIMERS == 0 )
  42:Middlewares/Third_Party/FreeRTOS/Source/timers.c **** 	#error configUSE_TIMERS must be set to 1 to make the xTimerPendFunctionCall() function available.
  43:Middlewares/Third_Party/FreeRTOS/Source/timers.c **** #endif
  44:Middlewares/Third_Party/FreeRTOS/Source/timers.c **** 
  45:Middlewares/Third_Party/FreeRTOS/Source/timers.c **** /* Lint e9021, e961 and e750 are suppressed as a MISRA exception justified
  46:Middlewares/Third_Party/FreeRTOS/Source/timers.c **** because the MPU ports require MPU_WRAPPERS_INCLUDED_FROM_API_FILE to be defined
  47:Middlewares/Third_Party/FreeRTOS/Source/timers.c **** for the header files above, but not in this file, in order to generate the
  48:Middlewares/Third_Party/FreeRTOS/Source/timers.c **** correct privileged Vs unprivileged linkage and placement. */
  49:Middlewares/Third_Party/FreeRTOS/Source/timers.c **** #undef MPU_WRAPPERS_INCLUDED_FROM_API_FILE /*lint !e9021 !e961 !e750. */
  50:Middlewares/Third_Party/FreeRTOS/Source/timers.c **** 
  51:Middlewares/Third_Party/FreeRTOS/Source/timers.c **** 
  52:Middlewares/Third_Party/FreeRTOS/Source/timers.c **** /* This entire source file will be skipped if the application is not configured
  53:Middlewares/Third_Party/FreeRTOS/Source/timers.c **** to include software timer functionality.  This #if is closed at the very bottom
  54:Middlewares/Third_Party/FreeRTOS/Source/timers.c **** of this file.  If you want to include software timer functionality then ensure
  55:Middlewares/Third_Party/FreeRTOS/Source/timers.c **** configUSE_TIMERS is set to 1 in FreeRTOSConfig.h. */
  56:Middlewares/Third_Party/FreeRTOS/Source/timers.c **** #if ( configUSE_TIMERS == 1 )
  57:Middlewares/Third_Party/FreeRTOS/Source/timers.c **** 
  58:Middlewares/Third_Party/FreeRTOS/Source/timers.c **** /* Misc definitions. */
  59:Middlewares/Third_Party/FreeRTOS/Source/timers.c **** #define tmrNO_DELAY		( TickType_t ) 0U
  60:Middlewares/Third_Party/FreeRTOS/Source/timers.c **** 
  61:Middlewares/Third_Party/FreeRTOS/Source/timers.c **** /* The name assigned to the timer service task.  This can be overridden by
  62:Middlewares/Third_Party/FreeRTOS/Source/timers.c **** defining trmTIMER_SERVICE_TASK_NAME in FreeRTOSConfig.h. */
  63:Middlewares/Third_Party/FreeRTOS/Source/timers.c **** #ifndef configTIMER_SERVICE_TASK_NAME
  64:Middlewares/Third_Party/FreeRTOS/Source/timers.c **** 	#define configTIMER_SERVICE_TASK_NAME "Tmr Svc"
  65:Middlewares/Third_Party/FreeRTOS/Source/timers.c **** #endif
  66:Middlewares/Third_Party/FreeRTOS/Source/timers.c **** 
  67:Middlewares/Third_Party/FreeRTOS/Source/timers.c **** /* Bit definitions used in the ucStatus member of a timer structure. */
  68:Middlewares/Third_Party/FreeRTOS/Source/timers.c **** #define tmrSTATUS_IS_ACTIVE					( ( uint8_t ) 0x01 )
  69:Middlewares/Third_Party/FreeRTOS/Source/timers.c **** #define tmrSTATUS_IS_STATICALLY_ALLOCATED	( ( uint8_t ) 0x02 )
  70:Middlewares/Third_Party/FreeRTOS/Source/timers.c **** #define tmrSTATUS_IS_AUTORELOAD				( ( uint8_t ) 0x04 )
  71:Middlewares/Third_Party/FreeRTOS/Source/timers.c **** 
  72:Middlewares/Third_Party/FreeRTOS/Source/timers.c **** /* The definition of the timers themselves. */
  73:Middlewares/Third_Party/FreeRTOS/Source/timers.c **** typedef struct tmrTimerControl /* The old naming convention is used to prevent breaking kernel awar
  74:Middlewares/Third_Party/FreeRTOS/Source/timers.c **** {
  75:Middlewares/Third_Party/FreeRTOS/Source/timers.c **** 	const char				*pcTimerName;		/*<< Text name.  This is not used by the kernel, it is included simpl
  76:Middlewares/Third_Party/FreeRTOS/Source/timers.c **** 	ListItem_t				xTimerListItem;		/*<< Standard linked list item as used by all kernel features for e
  77:Middlewares/Third_Party/FreeRTOS/Source/timers.c **** 	TickType_t				xTimerPeriodInTicks;/*<< How quickly and often the timer expires. */
  78:Middlewares/Third_Party/FreeRTOS/Source/timers.c **** 	void 					*pvTimerID;			/*<< An ID to identify the timer.  This allows the timer to be identified 
  79:Middlewares/Third_Party/FreeRTOS/Source/timers.c **** 	TimerCallbackFunction_t	pxCallbackFunction;	/*<< The function that will be called when the timer e
  80:Middlewares/Third_Party/FreeRTOS/Source/timers.c **** 	#if( configUSE_TRACE_FACILITY == 1 )
  81:Middlewares/Third_Party/FreeRTOS/Source/timers.c **** 		UBaseType_t			uxTimerNumber;		/*<< An ID assigned by trace tools such as FreeRTOS+Trace */
  82:Middlewares/Third_Party/FreeRTOS/Source/timers.c **** 	#endif
  83:Middlewares/Third_Party/FreeRTOS/Source/timers.c **** 	uint8_t 				ucStatus;			/*<< Holds bits to say if the timer was statically allocated or not, and i
  84:Middlewares/Third_Party/FreeRTOS/Source/timers.c **** } xTIMER;
  85:Middlewares/Third_Party/FreeRTOS/Source/timers.c **** 
  86:Middlewares/Third_Party/FreeRTOS/Source/timers.c **** /* The old xTIMER name is maintained above then typedefed to the new Timer_t
  87:Middlewares/Third_Party/FreeRTOS/Source/timers.c **** name below to enable the use of older kernel aware debuggers. */
ARM GAS  /tmp/ccWdpFxl.s 			page 3


  88:Middlewares/Third_Party/FreeRTOS/Source/timers.c **** typedef xTIMER Timer_t;
  89:Middlewares/Third_Party/FreeRTOS/Source/timers.c **** 
  90:Middlewares/Third_Party/FreeRTOS/Source/timers.c **** /* The definition of messages that can be sent and received on the timer queue.
  91:Middlewares/Third_Party/FreeRTOS/Source/timers.c **** Two types of message can be queued - messages that manipulate a software timer,
  92:Middlewares/Third_Party/FreeRTOS/Source/timers.c **** and messages that request the execution of a non-timer related callback.  The
  93:Middlewares/Third_Party/FreeRTOS/Source/timers.c **** two message types are defined in two separate structures, xTimerParametersType
  94:Middlewares/Third_Party/FreeRTOS/Source/timers.c **** and xCallbackParametersType respectively. */
  95:Middlewares/Third_Party/FreeRTOS/Source/timers.c **** typedef struct tmrTimerParameters
  96:Middlewares/Third_Party/FreeRTOS/Source/timers.c **** {
  97:Middlewares/Third_Party/FreeRTOS/Source/timers.c **** 	TickType_t			xMessageValue;		/*<< An optional value used by a subset of commands, for example, whe
  98:Middlewares/Third_Party/FreeRTOS/Source/timers.c **** 	Timer_t *			pxTimer;			/*<< The timer to which the command will be applied. */
  99:Middlewares/Third_Party/FreeRTOS/Source/timers.c **** } TimerParameter_t;
 100:Middlewares/Third_Party/FreeRTOS/Source/timers.c **** 
 101:Middlewares/Third_Party/FreeRTOS/Source/timers.c **** 
 102:Middlewares/Third_Party/FreeRTOS/Source/timers.c **** typedef struct tmrCallbackParameters
 103:Middlewares/Third_Party/FreeRTOS/Source/timers.c **** {
 104:Middlewares/Third_Party/FreeRTOS/Source/timers.c **** 	PendedFunction_t	pxCallbackFunction;	/* << The callback function to execute. */
 105:Middlewares/Third_Party/FreeRTOS/Source/timers.c **** 	void *pvParameter1;						/* << The value that will be used as the callback functions first paramet
 106:Middlewares/Third_Party/FreeRTOS/Source/timers.c **** 	uint32_t ulParameter2;					/* << The value that will be used as the callback functions second para
 107:Middlewares/Third_Party/FreeRTOS/Source/timers.c **** } CallbackParameters_t;
 108:Middlewares/Third_Party/FreeRTOS/Source/timers.c **** 
 109:Middlewares/Third_Party/FreeRTOS/Source/timers.c **** /* The structure that contains the two message types, along with an identifier
 110:Middlewares/Third_Party/FreeRTOS/Source/timers.c **** that is used to determine which message type is valid. */
 111:Middlewares/Third_Party/FreeRTOS/Source/timers.c **** typedef struct tmrTimerQueueMessage
 112:Middlewares/Third_Party/FreeRTOS/Source/timers.c **** {
 113:Middlewares/Third_Party/FreeRTOS/Source/timers.c **** 	BaseType_t			xMessageID;			/*<< The command being sent to the timer service task. */
 114:Middlewares/Third_Party/FreeRTOS/Source/timers.c **** 	union
 115:Middlewares/Third_Party/FreeRTOS/Source/timers.c **** 	{
 116:Middlewares/Third_Party/FreeRTOS/Source/timers.c **** 		TimerParameter_t xTimerParameters;
 117:Middlewares/Third_Party/FreeRTOS/Source/timers.c **** 
 118:Middlewares/Third_Party/FreeRTOS/Source/timers.c **** 		/* Don't include xCallbackParameters if it is not going to be used as
 119:Middlewares/Third_Party/FreeRTOS/Source/timers.c **** 		it makes the structure (and therefore the timer queue) larger. */
 120:Middlewares/Third_Party/FreeRTOS/Source/timers.c **** 		#if ( INCLUDE_xTimerPendFunctionCall == 1 )
 121:Middlewares/Third_Party/FreeRTOS/Source/timers.c **** 			CallbackParameters_t xCallbackParameters;
 122:Middlewares/Third_Party/FreeRTOS/Source/timers.c **** 		#endif /* INCLUDE_xTimerPendFunctionCall */
 123:Middlewares/Third_Party/FreeRTOS/Source/timers.c **** 	} u;
 124:Middlewares/Third_Party/FreeRTOS/Source/timers.c **** } DaemonTaskMessage_t;
 125:Middlewares/Third_Party/FreeRTOS/Source/timers.c **** 
 126:Middlewares/Third_Party/FreeRTOS/Source/timers.c **** /*lint -save -e956 A manual analysis and inspection has been used to determine
 127:Middlewares/Third_Party/FreeRTOS/Source/timers.c **** which static variables must be declared volatile. */
 128:Middlewares/Third_Party/FreeRTOS/Source/timers.c **** 
 129:Middlewares/Third_Party/FreeRTOS/Source/timers.c **** /* The list in which active timers are stored.  Timers are referenced in expire
 130:Middlewares/Third_Party/FreeRTOS/Source/timers.c **** time order, with the nearest expiry time at the front of the list.  Only the
 131:Middlewares/Third_Party/FreeRTOS/Source/timers.c **** timer service task is allowed to access these lists.
 132:Middlewares/Third_Party/FreeRTOS/Source/timers.c **** xActiveTimerList1 and xActiveTimerList2 could be at function scope but that
 133:Middlewares/Third_Party/FreeRTOS/Source/timers.c **** breaks some kernel aware debuggers, and debuggers that reply on removing the
 134:Middlewares/Third_Party/FreeRTOS/Source/timers.c **** static qualifier. */
 135:Middlewares/Third_Party/FreeRTOS/Source/timers.c **** PRIVILEGED_DATA static List_t xActiveTimerList1;
 136:Middlewares/Third_Party/FreeRTOS/Source/timers.c **** PRIVILEGED_DATA static List_t xActiveTimerList2;
 137:Middlewares/Third_Party/FreeRTOS/Source/timers.c **** PRIVILEGED_DATA static List_t *pxCurrentTimerList;
 138:Middlewares/Third_Party/FreeRTOS/Source/timers.c **** PRIVILEGED_DATA static List_t *pxOverflowTimerList;
 139:Middlewares/Third_Party/FreeRTOS/Source/timers.c **** 
 140:Middlewares/Third_Party/FreeRTOS/Source/timers.c **** /* A queue that is used to send commands to the timer service task. */
 141:Middlewares/Third_Party/FreeRTOS/Source/timers.c **** PRIVILEGED_DATA static QueueHandle_t xTimerQueue = NULL;
 142:Middlewares/Third_Party/FreeRTOS/Source/timers.c **** PRIVILEGED_DATA static TaskHandle_t xTimerTaskHandle = NULL;
 143:Middlewares/Third_Party/FreeRTOS/Source/timers.c **** 
 144:Middlewares/Third_Party/FreeRTOS/Source/timers.c **** /*lint -restore */
ARM GAS  /tmp/ccWdpFxl.s 			page 4


 145:Middlewares/Third_Party/FreeRTOS/Source/timers.c **** 
 146:Middlewares/Third_Party/FreeRTOS/Source/timers.c **** /*-----------------------------------------------------------*/
 147:Middlewares/Third_Party/FreeRTOS/Source/timers.c **** 
 148:Middlewares/Third_Party/FreeRTOS/Source/timers.c **** #if( configSUPPORT_STATIC_ALLOCATION == 1 )
 149:Middlewares/Third_Party/FreeRTOS/Source/timers.c **** 
 150:Middlewares/Third_Party/FreeRTOS/Source/timers.c **** 	/* If static allocation is supported then the application must provide the
 151:Middlewares/Third_Party/FreeRTOS/Source/timers.c **** 	following callback function - which enables the application to optionally
 152:Middlewares/Third_Party/FreeRTOS/Source/timers.c **** 	provide the memory that will be used by the timer task as the task's stack
 153:Middlewares/Third_Party/FreeRTOS/Source/timers.c **** 	and TCB. */
 154:Middlewares/Third_Party/FreeRTOS/Source/timers.c **** 	extern void vApplicationGetTimerTaskMemory( StaticTask_t **ppxTimerTaskTCBBuffer, StackType_t **pp
 155:Middlewares/Third_Party/FreeRTOS/Source/timers.c **** 
 156:Middlewares/Third_Party/FreeRTOS/Source/timers.c **** #endif
 157:Middlewares/Third_Party/FreeRTOS/Source/timers.c **** 
 158:Middlewares/Third_Party/FreeRTOS/Source/timers.c **** /*
 159:Middlewares/Third_Party/FreeRTOS/Source/timers.c ****  * Initialise the infrastructure used by the timer service task if it has not
 160:Middlewares/Third_Party/FreeRTOS/Source/timers.c ****  * been initialised already.
 161:Middlewares/Third_Party/FreeRTOS/Source/timers.c ****  */
 162:Middlewares/Third_Party/FreeRTOS/Source/timers.c **** static void prvCheckForValidListAndQueue( void ) PRIVILEGED_FUNCTION;
 163:Middlewares/Third_Party/FreeRTOS/Source/timers.c **** 
 164:Middlewares/Third_Party/FreeRTOS/Source/timers.c **** /*
 165:Middlewares/Third_Party/FreeRTOS/Source/timers.c ****  * The timer service task (daemon).  Timer functionality is controlled by this
 166:Middlewares/Third_Party/FreeRTOS/Source/timers.c ****  * task.  Other tasks communicate with the timer service task using the
 167:Middlewares/Third_Party/FreeRTOS/Source/timers.c ****  * xTimerQueue queue.
 168:Middlewares/Third_Party/FreeRTOS/Source/timers.c ****  */
 169:Middlewares/Third_Party/FreeRTOS/Source/timers.c **** static portTASK_FUNCTION_PROTO( prvTimerTask, pvParameters ) PRIVILEGED_FUNCTION;
 170:Middlewares/Third_Party/FreeRTOS/Source/timers.c **** 
 171:Middlewares/Third_Party/FreeRTOS/Source/timers.c **** /*
 172:Middlewares/Third_Party/FreeRTOS/Source/timers.c ****  * Called by the timer service task to interpret and process a command it
 173:Middlewares/Third_Party/FreeRTOS/Source/timers.c ****  * received on the timer queue.
 174:Middlewares/Third_Party/FreeRTOS/Source/timers.c ****  */
 175:Middlewares/Third_Party/FreeRTOS/Source/timers.c **** static void prvProcessReceivedCommands( void ) PRIVILEGED_FUNCTION;
 176:Middlewares/Third_Party/FreeRTOS/Source/timers.c **** 
 177:Middlewares/Third_Party/FreeRTOS/Source/timers.c **** /*
 178:Middlewares/Third_Party/FreeRTOS/Source/timers.c ****  * Insert the timer into either xActiveTimerList1, or xActiveTimerList2,
 179:Middlewares/Third_Party/FreeRTOS/Source/timers.c ****  * depending on if the expire time causes a timer counter overflow.
 180:Middlewares/Third_Party/FreeRTOS/Source/timers.c ****  */
 181:Middlewares/Third_Party/FreeRTOS/Source/timers.c **** static BaseType_t prvInsertTimerInActiveList( Timer_t * const pxTimer, const TickType_t xNextExpiry
 182:Middlewares/Third_Party/FreeRTOS/Source/timers.c **** 
 183:Middlewares/Third_Party/FreeRTOS/Source/timers.c **** /*
 184:Middlewares/Third_Party/FreeRTOS/Source/timers.c ****  * An active timer has reached its expire time.  Reload the timer if it is an
 185:Middlewares/Third_Party/FreeRTOS/Source/timers.c ****  * auto-reload timer, then call its callback.
 186:Middlewares/Third_Party/FreeRTOS/Source/timers.c ****  */
 187:Middlewares/Third_Party/FreeRTOS/Source/timers.c **** static void prvProcessExpiredTimer( const TickType_t xNextExpireTime, const TickType_t xTimeNow ) P
 188:Middlewares/Third_Party/FreeRTOS/Source/timers.c **** 
 189:Middlewares/Third_Party/FreeRTOS/Source/timers.c **** /*
 190:Middlewares/Third_Party/FreeRTOS/Source/timers.c ****  * The tick count has overflowed.  Switch the timer lists after ensuring the
 191:Middlewares/Third_Party/FreeRTOS/Source/timers.c ****  * current timer list does not still reference some timers.
 192:Middlewares/Third_Party/FreeRTOS/Source/timers.c ****  */
 193:Middlewares/Third_Party/FreeRTOS/Source/timers.c **** static void prvSwitchTimerLists( void ) PRIVILEGED_FUNCTION;
 194:Middlewares/Third_Party/FreeRTOS/Source/timers.c **** 
 195:Middlewares/Third_Party/FreeRTOS/Source/timers.c **** /*
 196:Middlewares/Third_Party/FreeRTOS/Source/timers.c ****  * Obtain the current tick count, setting *pxTimerListsWereSwitched to pdTRUE
 197:Middlewares/Third_Party/FreeRTOS/Source/timers.c ****  * if a tick count overflow occurred since prvSampleTimeNow() was last called.
 198:Middlewares/Third_Party/FreeRTOS/Source/timers.c ****  */
 199:Middlewares/Third_Party/FreeRTOS/Source/timers.c **** static TickType_t prvSampleTimeNow( BaseType_t * const pxTimerListsWereSwitched ) PRIVILEGED_FUNCTI
 200:Middlewares/Third_Party/FreeRTOS/Source/timers.c **** 
 201:Middlewares/Third_Party/FreeRTOS/Source/timers.c **** /*
ARM GAS  /tmp/ccWdpFxl.s 			page 5


 202:Middlewares/Third_Party/FreeRTOS/Source/timers.c ****  * If the timer list contains any active timers then return the expire time of
 203:Middlewares/Third_Party/FreeRTOS/Source/timers.c ****  * the timer that will expire first and set *pxListWasEmpty to false.  If the
 204:Middlewares/Third_Party/FreeRTOS/Source/timers.c ****  * timer list does not contain any timers then return 0 and set *pxListWasEmpty
 205:Middlewares/Third_Party/FreeRTOS/Source/timers.c ****  * to pdTRUE.
 206:Middlewares/Third_Party/FreeRTOS/Source/timers.c ****  */
 207:Middlewares/Third_Party/FreeRTOS/Source/timers.c **** static TickType_t prvGetNextExpireTime( BaseType_t * const pxListWasEmpty ) PRIVILEGED_FUNCTION;
 208:Middlewares/Third_Party/FreeRTOS/Source/timers.c **** 
 209:Middlewares/Third_Party/FreeRTOS/Source/timers.c **** /*
 210:Middlewares/Third_Party/FreeRTOS/Source/timers.c ****  * If a timer has expired, process it.  Otherwise, block the timer service task
 211:Middlewares/Third_Party/FreeRTOS/Source/timers.c ****  * until either a timer does expire or a command is received.
 212:Middlewares/Third_Party/FreeRTOS/Source/timers.c ****  */
 213:Middlewares/Third_Party/FreeRTOS/Source/timers.c **** static void prvProcessTimerOrBlockTask( const TickType_t xNextExpireTime, BaseType_t xListWasEmpty 
 214:Middlewares/Third_Party/FreeRTOS/Source/timers.c **** 
 215:Middlewares/Third_Party/FreeRTOS/Source/timers.c **** /*
 216:Middlewares/Third_Party/FreeRTOS/Source/timers.c ****  * Called after a Timer_t structure has been allocated either statically or
 217:Middlewares/Third_Party/FreeRTOS/Source/timers.c ****  * dynamically to fill in the structure's members.
 218:Middlewares/Third_Party/FreeRTOS/Source/timers.c ****  */
 219:Middlewares/Third_Party/FreeRTOS/Source/timers.c **** static void prvInitialiseNewTimer(	const char * const pcTimerName,			/*lint !e971 Unqualified char 
 220:Middlewares/Third_Party/FreeRTOS/Source/timers.c **** 									const TickType_t xTimerPeriodInTicks,
 221:Middlewares/Third_Party/FreeRTOS/Source/timers.c **** 									const UBaseType_t uxAutoReload,
 222:Middlewares/Third_Party/FreeRTOS/Source/timers.c **** 									void * const pvTimerID,
 223:Middlewares/Third_Party/FreeRTOS/Source/timers.c **** 									TimerCallbackFunction_t pxCallbackFunction,
 224:Middlewares/Third_Party/FreeRTOS/Source/timers.c **** 									Timer_t *pxNewTimer ) PRIVILEGED_FUNCTION;
 225:Middlewares/Third_Party/FreeRTOS/Source/timers.c **** /*-----------------------------------------------------------*/
 226:Middlewares/Third_Party/FreeRTOS/Source/timers.c **** 
 227:Middlewares/Third_Party/FreeRTOS/Source/timers.c **** BaseType_t xTimerCreateTimerTask( void )
 228:Middlewares/Third_Party/FreeRTOS/Source/timers.c **** {
 229:Middlewares/Third_Party/FreeRTOS/Source/timers.c **** BaseType_t xReturn = pdFAIL;
 230:Middlewares/Third_Party/FreeRTOS/Source/timers.c **** 
 231:Middlewares/Third_Party/FreeRTOS/Source/timers.c **** 	/* This function is called when the scheduler is started if
 232:Middlewares/Third_Party/FreeRTOS/Source/timers.c **** 	configUSE_TIMERS is set to 1.  Check that the infrastructure used by the
 233:Middlewares/Third_Party/FreeRTOS/Source/timers.c **** 	timer service task has been created/initialised.  If timers have already
 234:Middlewares/Third_Party/FreeRTOS/Source/timers.c **** 	been created then the initialisation will already have been performed. */
 235:Middlewares/Third_Party/FreeRTOS/Source/timers.c **** 	prvCheckForValidListAndQueue();
 236:Middlewares/Third_Party/FreeRTOS/Source/timers.c **** 
 237:Middlewares/Third_Party/FreeRTOS/Source/timers.c **** 	if( xTimerQueue != NULL )
 238:Middlewares/Third_Party/FreeRTOS/Source/timers.c **** 	{
 239:Middlewares/Third_Party/FreeRTOS/Source/timers.c **** 		#if( configSUPPORT_STATIC_ALLOCATION == 1 )
 240:Middlewares/Third_Party/FreeRTOS/Source/timers.c **** 		{
 241:Middlewares/Third_Party/FreeRTOS/Source/timers.c **** 			StaticTask_t *pxTimerTaskTCBBuffer = NULL;
 242:Middlewares/Third_Party/FreeRTOS/Source/timers.c **** 			StackType_t *pxTimerTaskStackBuffer = NULL;
 243:Middlewares/Third_Party/FreeRTOS/Source/timers.c **** 			uint32_t ulTimerTaskStackSize;
 244:Middlewares/Third_Party/FreeRTOS/Source/timers.c **** 
 245:Middlewares/Third_Party/FreeRTOS/Source/timers.c **** 			vApplicationGetTimerTaskMemory( &pxTimerTaskTCBBuffer, &pxTimerTaskStackBuffer, &ulTimerTaskStac
 246:Middlewares/Third_Party/FreeRTOS/Source/timers.c **** 			xTimerTaskHandle = xTaskCreateStatic(	prvTimerTask,
 247:Middlewares/Third_Party/FreeRTOS/Source/timers.c **** 													configTIMER_SERVICE_TASK_NAME,
 248:Middlewares/Third_Party/FreeRTOS/Source/timers.c **** 													ulTimerTaskStackSize,
 249:Middlewares/Third_Party/FreeRTOS/Source/timers.c **** 													NULL,
 250:Middlewares/Third_Party/FreeRTOS/Source/timers.c **** 													( ( UBaseType_t ) configTIMER_TASK_PRIORITY ) | portPRIVILEGE_BIT,
 251:Middlewares/Third_Party/FreeRTOS/Source/timers.c **** 													pxTimerTaskStackBuffer,
 252:Middlewares/Third_Party/FreeRTOS/Source/timers.c **** 													pxTimerTaskTCBBuffer );
 253:Middlewares/Third_Party/FreeRTOS/Source/timers.c **** 
 254:Middlewares/Third_Party/FreeRTOS/Source/timers.c **** 			if( xTimerTaskHandle != NULL )
 255:Middlewares/Third_Party/FreeRTOS/Source/timers.c **** 			{
 256:Middlewares/Third_Party/FreeRTOS/Source/timers.c **** 				xReturn = pdPASS;
 257:Middlewares/Third_Party/FreeRTOS/Source/timers.c **** 			}
 258:Middlewares/Third_Party/FreeRTOS/Source/timers.c **** 		}
ARM GAS  /tmp/ccWdpFxl.s 			page 6


 259:Middlewares/Third_Party/FreeRTOS/Source/timers.c **** 		#else
 260:Middlewares/Third_Party/FreeRTOS/Source/timers.c **** 		{
 261:Middlewares/Third_Party/FreeRTOS/Source/timers.c **** 			xReturn = xTaskCreate(	prvTimerTask,
 262:Middlewares/Third_Party/FreeRTOS/Source/timers.c **** 									configTIMER_SERVICE_TASK_NAME,
 263:Middlewares/Third_Party/FreeRTOS/Source/timers.c **** 									configTIMER_TASK_STACK_DEPTH,
 264:Middlewares/Third_Party/FreeRTOS/Source/timers.c **** 									NULL,
 265:Middlewares/Third_Party/FreeRTOS/Source/timers.c **** 									( ( UBaseType_t ) configTIMER_TASK_PRIORITY ) | portPRIVILEGE_BIT,
 266:Middlewares/Third_Party/FreeRTOS/Source/timers.c **** 									&xTimerTaskHandle );
 267:Middlewares/Third_Party/FreeRTOS/Source/timers.c **** 		}
 268:Middlewares/Third_Party/FreeRTOS/Source/timers.c **** 		#endif /* configSUPPORT_STATIC_ALLOCATION */
 269:Middlewares/Third_Party/FreeRTOS/Source/timers.c **** 	}
 270:Middlewares/Third_Party/FreeRTOS/Source/timers.c **** 	else
 271:Middlewares/Third_Party/FreeRTOS/Source/timers.c **** 	{
 272:Middlewares/Third_Party/FreeRTOS/Source/timers.c **** 		mtCOVERAGE_TEST_MARKER();
 273:Middlewares/Third_Party/FreeRTOS/Source/timers.c **** 	}
 274:Middlewares/Third_Party/FreeRTOS/Source/timers.c **** 
 275:Middlewares/Third_Party/FreeRTOS/Source/timers.c **** 	configASSERT( xReturn );
 276:Middlewares/Third_Party/FreeRTOS/Source/timers.c **** 	return xReturn;
 277:Middlewares/Third_Party/FreeRTOS/Source/timers.c **** }
 278:Middlewares/Third_Party/FreeRTOS/Source/timers.c **** /*-----------------------------------------------------------*/
 279:Middlewares/Third_Party/FreeRTOS/Source/timers.c **** 
 280:Middlewares/Third_Party/FreeRTOS/Source/timers.c **** #if( configSUPPORT_DYNAMIC_ALLOCATION == 1 )
 281:Middlewares/Third_Party/FreeRTOS/Source/timers.c **** 
 282:Middlewares/Third_Party/FreeRTOS/Source/timers.c **** 	TimerHandle_t xTimerCreate(	const char * const pcTimerName,			/*lint !e971 Unqualified char types 
 283:Middlewares/Third_Party/FreeRTOS/Source/timers.c **** 								const TickType_t xTimerPeriodInTicks,
 284:Middlewares/Third_Party/FreeRTOS/Source/timers.c **** 								const UBaseType_t uxAutoReload,
 285:Middlewares/Third_Party/FreeRTOS/Source/timers.c **** 								void * const pvTimerID,
 286:Middlewares/Third_Party/FreeRTOS/Source/timers.c **** 								TimerCallbackFunction_t pxCallbackFunction )
 287:Middlewares/Third_Party/FreeRTOS/Source/timers.c **** 	{
 288:Middlewares/Third_Party/FreeRTOS/Source/timers.c **** 	Timer_t *pxNewTimer;
 289:Middlewares/Third_Party/FreeRTOS/Source/timers.c **** 
 290:Middlewares/Third_Party/FreeRTOS/Source/timers.c **** 		pxNewTimer = ( Timer_t * ) pvPortMalloc( sizeof( Timer_t ) ); /*lint !e9087 !e9079 All values ret
 291:Middlewares/Third_Party/FreeRTOS/Source/timers.c **** 
 292:Middlewares/Third_Party/FreeRTOS/Source/timers.c **** 		if( pxNewTimer != NULL )
 293:Middlewares/Third_Party/FreeRTOS/Source/timers.c **** 		{
 294:Middlewares/Third_Party/FreeRTOS/Source/timers.c **** 			/* Status is thus far zero as the timer is not created statically
 295:Middlewares/Third_Party/FreeRTOS/Source/timers.c **** 			and has not been started.  The auto-reload bit may get set in
 296:Middlewares/Third_Party/FreeRTOS/Source/timers.c **** 			prvInitialiseNewTimer. */
 297:Middlewares/Third_Party/FreeRTOS/Source/timers.c **** 			pxNewTimer->ucStatus = 0x00;
 298:Middlewares/Third_Party/FreeRTOS/Source/timers.c **** 			prvInitialiseNewTimer( pcTimerName, xTimerPeriodInTicks, uxAutoReload, pvTimerID, pxCallbackFunc
 299:Middlewares/Third_Party/FreeRTOS/Source/timers.c **** 		}
 300:Middlewares/Third_Party/FreeRTOS/Source/timers.c **** 
 301:Middlewares/Third_Party/FreeRTOS/Source/timers.c **** 		return pxNewTimer;
 302:Middlewares/Third_Party/FreeRTOS/Source/timers.c **** 	}
 303:Middlewares/Third_Party/FreeRTOS/Source/timers.c **** 
 304:Middlewares/Third_Party/FreeRTOS/Source/timers.c **** #endif /* configSUPPORT_DYNAMIC_ALLOCATION */
 305:Middlewares/Third_Party/FreeRTOS/Source/timers.c **** /*-----------------------------------------------------------*/
 306:Middlewares/Third_Party/FreeRTOS/Source/timers.c **** 
 307:Middlewares/Third_Party/FreeRTOS/Source/timers.c **** #if( configSUPPORT_STATIC_ALLOCATION == 1 )
 308:Middlewares/Third_Party/FreeRTOS/Source/timers.c **** 
 309:Middlewares/Third_Party/FreeRTOS/Source/timers.c **** 	TimerHandle_t xTimerCreateStatic(	const char * const pcTimerName,		/*lint !e971 Unqualified char t
 310:Middlewares/Third_Party/FreeRTOS/Source/timers.c **** 										const TickType_t xTimerPeriodInTicks,
 311:Middlewares/Third_Party/FreeRTOS/Source/timers.c **** 										const UBaseType_t uxAutoReload,
 312:Middlewares/Third_Party/FreeRTOS/Source/timers.c **** 										void * const pvTimerID,
 313:Middlewares/Third_Party/FreeRTOS/Source/timers.c **** 										TimerCallbackFunction_t pxCallbackFunction,
 314:Middlewares/Third_Party/FreeRTOS/Source/timers.c **** 										StaticTimer_t *pxTimerBuffer )
 315:Middlewares/Third_Party/FreeRTOS/Source/timers.c **** 	{
ARM GAS  /tmp/ccWdpFxl.s 			page 7


 316:Middlewares/Third_Party/FreeRTOS/Source/timers.c **** 	Timer_t *pxNewTimer;
 317:Middlewares/Third_Party/FreeRTOS/Source/timers.c **** 
 318:Middlewares/Third_Party/FreeRTOS/Source/timers.c **** 		#if( configASSERT_DEFINED == 1 )
 319:Middlewares/Third_Party/FreeRTOS/Source/timers.c **** 		{
 320:Middlewares/Third_Party/FreeRTOS/Source/timers.c **** 			/* Sanity check that the size of the structure used to declare a
 321:Middlewares/Third_Party/FreeRTOS/Source/timers.c **** 			variable of type StaticTimer_t equals the size of the real timer
 322:Middlewares/Third_Party/FreeRTOS/Source/timers.c **** 			structure. */
 323:Middlewares/Third_Party/FreeRTOS/Source/timers.c **** 			volatile size_t xSize = sizeof( StaticTimer_t );
 324:Middlewares/Third_Party/FreeRTOS/Source/timers.c **** 			configASSERT( xSize == sizeof( Timer_t ) );
 325:Middlewares/Third_Party/FreeRTOS/Source/timers.c **** 			( void ) xSize; /* Keeps lint quiet when configASSERT() is not defined. */
 326:Middlewares/Third_Party/FreeRTOS/Source/timers.c **** 		}
 327:Middlewares/Third_Party/FreeRTOS/Source/timers.c **** 		#endif /* configASSERT_DEFINED */
 328:Middlewares/Third_Party/FreeRTOS/Source/timers.c **** 
 329:Middlewares/Third_Party/FreeRTOS/Source/timers.c **** 		/* A pointer to a StaticTimer_t structure MUST be provided, use it. */
 330:Middlewares/Third_Party/FreeRTOS/Source/timers.c **** 		configASSERT( pxTimerBuffer );
 331:Middlewares/Third_Party/FreeRTOS/Source/timers.c **** 		pxNewTimer = ( Timer_t * ) pxTimerBuffer; /*lint !e740 !e9087 StaticTimer_t is a pointer to a Tim
 332:Middlewares/Third_Party/FreeRTOS/Source/timers.c **** 
 333:Middlewares/Third_Party/FreeRTOS/Source/timers.c **** 		if( pxNewTimer != NULL )
 334:Middlewares/Third_Party/FreeRTOS/Source/timers.c **** 		{
 335:Middlewares/Third_Party/FreeRTOS/Source/timers.c **** 			/* Timers can be created statically or dynamically so note this
 336:Middlewares/Third_Party/FreeRTOS/Source/timers.c **** 			timer was created statically in case it is later deleted.  The
 337:Middlewares/Third_Party/FreeRTOS/Source/timers.c **** 			auto-reload bit may get set in prvInitialiseNewTimer(). */
 338:Middlewares/Third_Party/FreeRTOS/Source/timers.c **** 			pxNewTimer->ucStatus = tmrSTATUS_IS_STATICALLY_ALLOCATED;
 339:Middlewares/Third_Party/FreeRTOS/Source/timers.c **** 
 340:Middlewares/Third_Party/FreeRTOS/Source/timers.c **** 			prvInitialiseNewTimer( pcTimerName, xTimerPeriodInTicks, uxAutoReload, pvTimerID, pxCallbackFunc
 341:Middlewares/Third_Party/FreeRTOS/Source/timers.c **** 		}
 342:Middlewares/Third_Party/FreeRTOS/Source/timers.c **** 
 343:Middlewares/Third_Party/FreeRTOS/Source/timers.c **** 		return pxNewTimer;
 344:Middlewares/Third_Party/FreeRTOS/Source/timers.c **** 	}
 345:Middlewares/Third_Party/FreeRTOS/Source/timers.c **** 
 346:Middlewares/Third_Party/FreeRTOS/Source/timers.c **** #endif /* configSUPPORT_STATIC_ALLOCATION */
 347:Middlewares/Third_Party/FreeRTOS/Source/timers.c **** /*-----------------------------------------------------------*/
 348:Middlewares/Third_Party/FreeRTOS/Source/timers.c **** 
 349:Middlewares/Third_Party/FreeRTOS/Source/timers.c **** static void prvInitialiseNewTimer(	const char * const pcTimerName,			/*lint !e971 Unqualified char 
 350:Middlewares/Third_Party/FreeRTOS/Source/timers.c **** 									const TickType_t xTimerPeriodInTicks,
 351:Middlewares/Third_Party/FreeRTOS/Source/timers.c **** 									const UBaseType_t uxAutoReload,
 352:Middlewares/Third_Party/FreeRTOS/Source/timers.c **** 									void * const pvTimerID,
 353:Middlewares/Third_Party/FreeRTOS/Source/timers.c **** 									TimerCallbackFunction_t pxCallbackFunction,
 354:Middlewares/Third_Party/FreeRTOS/Source/timers.c **** 									Timer_t *pxNewTimer )
 355:Middlewares/Third_Party/FreeRTOS/Source/timers.c **** {
 356:Middlewares/Third_Party/FreeRTOS/Source/timers.c **** 	/* 0 is not a valid value for xTimerPeriodInTicks. */
 357:Middlewares/Third_Party/FreeRTOS/Source/timers.c **** 	configASSERT( ( xTimerPeriodInTicks > 0 ) );
 358:Middlewares/Third_Party/FreeRTOS/Source/timers.c **** 
 359:Middlewares/Third_Party/FreeRTOS/Source/timers.c **** 	if( pxNewTimer != NULL )
 360:Middlewares/Third_Party/FreeRTOS/Source/timers.c **** 	{
 361:Middlewares/Third_Party/FreeRTOS/Source/timers.c **** 		/* Ensure the infrastructure used by the timer service task has been
 362:Middlewares/Third_Party/FreeRTOS/Source/timers.c **** 		created/initialised. */
 363:Middlewares/Third_Party/FreeRTOS/Source/timers.c **** 		prvCheckForValidListAndQueue();
 364:Middlewares/Third_Party/FreeRTOS/Source/timers.c **** 
 365:Middlewares/Third_Party/FreeRTOS/Source/timers.c **** 		/* Initialise the timer structure members using the function
 366:Middlewares/Third_Party/FreeRTOS/Source/timers.c **** 		parameters. */
 367:Middlewares/Third_Party/FreeRTOS/Source/timers.c **** 		pxNewTimer->pcTimerName = pcTimerName;
 368:Middlewares/Third_Party/FreeRTOS/Source/timers.c **** 		pxNewTimer->xTimerPeriodInTicks = xTimerPeriodInTicks;
 369:Middlewares/Third_Party/FreeRTOS/Source/timers.c **** 		pxNewTimer->pvTimerID = pvTimerID;
 370:Middlewares/Third_Party/FreeRTOS/Source/timers.c **** 		pxNewTimer->pxCallbackFunction = pxCallbackFunction;
 371:Middlewares/Third_Party/FreeRTOS/Source/timers.c **** 		vListInitialiseItem( &( pxNewTimer->xTimerListItem ) );
 372:Middlewares/Third_Party/FreeRTOS/Source/timers.c **** 		if( uxAutoReload != pdFALSE )
ARM GAS  /tmp/ccWdpFxl.s 			page 8


 373:Middlewares/Third_Party/FreeRTOS/Source/timers.c **** 		{
 374:Middlewares/Third_Party/FreeRTOS/Source/timers.c **** 			pxNewTimer->ucStatus |= tmrSTATUS_IS_AUTORELOAD;
 375:Middlewares/Third_Party/FreeRTOS/Source/timers.c **** 		}
 376:Middlewares/Third_Party/FreeRTOS/Source/timers.c **** 		traceTIMER_CREATE( pxNewTimer );
 377:Middlewares/Third_Party/FreeRTOS/Source/timers.c **** 	}
 378:Middlewares/Third_Party/FreeRTOS/Source/timers.c **** }
 379:Middlewares/Third_Party/FreeRTOS/Source/timers.c **** /*-----------------------------------------------------------*/
 380:Middlewares/Third_Party/FreeRTOS/Source/timers.c **** 
 381:Middlewares/Third_Party/FreeRTOS/Source/timers.c **** BaseType_t xTimerGenericCommand( TimerHandle_t xTimer, const BaseType_t xCommandID, const TickType_
 382:Middlewares/Third_Party/FreeRTOS/Source/timers.c **** {
 383:Middlewares/Third_Party/FreeRTOS/Source/timers.c **** BaseType_t xReturn = pdFAIL;
 384:Middlewares/Third_Party/FreeRTOS/Source/timers.c **** DaemonTaskMessage_t xMessage;
 385:Middlewares/Third_Party/FreeRTOS/Source/timers.c **** 
 386:Middlewares/Third_Party/FreeRTOS/Source/timers.c **** 	configASSERT( xTimer );
 387:Middlewares/Third_Party/FreeRTOS/Source/timers.c **** 
 388:Middlewares/Third_Party/FreeRTOS/Source/timers.c **** 	/* Send a message to the timer service task to perform a particular action
 389:Middlewares/Third_Party/FreeRTOS/Source/timers.c **** 	on a particular timer definition. */
 390:Middlewares/Third_Party/FreeRTOS/Source/timers.c **** 	if( xTimerQueue != NULL )
 391:Middlewares/Third_Party/FreeRTOS/Source/timers.c **** 	{
 392:Middlewares/Third_Party/FreeRTOS/Source/timers.c **** 		/* Send a command to the timer service task to start the xTimer timer. */
 393:Middlewares/Third_Party/FreeRTOS/Source/timers.c **** 		xMessage.xMessageID = xCommandID;
 394:Middlewares/Third_Party/FreeRTOS/Source/timers.c **** 		xMessage.u.xTimerParameters.xMessageValue = xOptionalValue;
 395:Middlewares/Third_Party/FreeRTOS/Source/timers.c **** 		xMessage.u.xTimerParameters.pxTimer = xTimer;
 396:Middlewares/Third_Party/FreeRTOS/Source/timers.c **** 
 397:Middlewares/Third_Party/FreeRTOS/Source/timers.c **** 		if( xCommandID < tmrFIRST_FROM_ISR_COMMAND )
 398:Middlewares/Third_Party/FreeRTOS/Source/timers.c **** 		{
 399:Middlewares/Third_Party/FreeRTOS/Source/timers.c **** 			if( xTaskGetSchedulerState() == taskSCHEDULER_RUNNING )
 400:Middlewares/Third_Party/FreeRTOS/Source/timers.c **** 			{
 401:Middlewares/Third_Party/FreeRTOS/Source/timers.c **** 				xReturn = xQueueSendToBack( xTimerQueue, &xMessage, xTicksToWait );
 402:Middlewares/Third_Party/FreeRTOS/Source/timers.c **** 			}
 403:Middlewares/Third_Party/FreeRTOS/Source/timers.c **** 			else
 404:Middlewares/Third_Party/FreeRTOS/Source/timers.c **** 			{
 405:Middlewares/Third_Party/FreeRTOS/Source/timers.c **** 				xReturn = xQueueSendToBack( xTimerQueue, &xMessage, tmrNO_DELAY );
 406:Middlewares/Third_Party/FreeRTOS/Source/timers.c **** 			}
 407:Middlewares/Third_Party/FreeRTOS/Source/timers.c **** 		}
 408:Middlewares/Third_Party/FreeRTOS/Source/timers.c **** 		else
 409:Middlewares/Third_Party/FreeRTOS/Source/timers.c **** 		{
 410:Middlewares/Third_Party/FreeRTOS/Source/timers.c **** 			xReturn = xQueueSendToBackFromISR( xTimerQueue, &xMessage, pxHigherPriorityTaskWoken );
 411:Middlewares/Third_Party/FreeRTOS/Source/timers.c **** 		}
 412:Middlewares/Third_Party/FreeRTOS/Source/timers.c **** 
 413:Middlewares/Third_Party/FreeRTOS/Source/timers.c **** 		traceTIMER_COMMAND_SEND( xTimer, xCommandID, xOptionalValue, xReturn );
 414:Middlewares/Third_Party/FreeRTOS/Source/timers.c **** 	}
 415:Middlewares/Third_Party/FreeRTOS/Source/timers.c **** 	else
 416:Middlewares/Third_Party/FreeRTOS/Source/timers.c **** 	{
 417:Middlewares/Third_Party/FreeRTOS/Source/timers.c **** 		mtCOVERAGE_TEST_MARKER();
 418:Middlewares/Third_Party/FreeRTOS/Source/timers.c **** 	}
 419:Middlewares/Third_Party/FreeRTOS/Source/timers.c **** 
 420:Middlewares/Third_Party/FreeRTOS/Source/timers.c **** 	return xReturn;
 421:Middlewares/Third_Party/FreeRTOS/Source/timers.c **** }
 422:Middlewares/Third_Party/FreeRTOS/Source/timers.c **** /*-----------------------------------------------------------*/
 423:Middlewares/Third_Party/FreeRTOS/Source/timers.c **** 
 424:Middlewares/Third_Party/FreeRTOS/Source/timers.c **** TaskHandle_t xTimerGetTimerDaemonTaskHandle( void )
 425:Middlewares/Third_Party/FreeRTOS/Source/timers.c **** {
 426:Middlewares/Third_Party/FreeRTOS/Source/timers.c **** 	/* If xTimerGetTimerDaemonTaskHandle() is called before the scheduler has been
 427:Middlewares/Third_Party/FreeRTOS/Source/timers.c **** 	started, then xTimerTaskHandle will be NULL. */
 428:Middlewares/Third_Party/FreeRTOS/Source/timers.c **** 	configASSERT( ( xTimerTaskHandle != NULL ) );
 429:Middlewares/Third_Party/FreeRTOS/Source/timers.c **** 	return xTimerTaskHandle;
ARM GAS  /tmp/ccWdpFxl.s 			page 9


 430:Middlewares/Third_Party/FreeRTOS/Source/timers.c **** }
 431:Middlewares/Third_Party/FreeRTOS/Source/timers.c **** /*-----------------------------------------------------------*/
 432:Middlewares/Third_Party/FreeRTOS/Source/timers.c **** 
 433:Middlewares/Third_Party/FreeRTOS/Source/timers.c **** TickType_t xTimerGetPeriod( TimerHandle_t xTimer )
 434:Middlewares/Third_Party/FreeRTOS/Source/timers.c **** {
 435:Middlewares/Third_Party/FreeRTOS/Source/timers.c **** Timer_t *pxTimer = xTimer;
 436:Middlewares/Third_Party/FreeRTOS/Source/timers.c **** 
 437:Middlewares/Third_Party/FreeRTOS/Source/timers.c **** 	configASSERT( xTimer );
 438:Middlewares/Third_Party/FreeRTOS/Source/timers.c **** 	return pxTimer->xTimerPeriodInTicks;
 439:Middlewares/Third_Party/FreeRTOS/Source/timers.c **** }
 440:Middlewares/Third_Party/FreeRTOS/Source/timers.c **** /*-----------------------------------------------------------*/
 441:Middlewares/Third_Party/FreeRTOS/Source/timers.c **** 
 442:Middlewares/Third_Party/FreeRTOS/Source/timers.c **** void vTimerSetReloadMode( TimerHandle_t xTimer, const UBaseType_t uxAutoReload )
 443:Middlewares/Third_Party/FreeRTOS/Source/timers.c **** {
 444:Middlewares/Third_Party/FreeRTOS/Source/timers.c **** Timer_t * pxTimer =  xTimer;
 445:Middlewares/Third_Party/FreeRTOS/Source/timers.c **** 
 446:Middlewares/Third_Party/FreeRTOS/Source/timers.c **** 	configASSERT( xTimer );
 447:Middlewares/Third_Party/FreeRTOS/Source/timers.c **** 	taskENTER_CRITICAL();
 448:Middlewares/Third_Party/FreeRTOS/Source/timers.c **** 	{
 449:Middlewares/Third_Party/FreeRTOS/Source/timers.c **** 		if( uxAutoReload != pdFALSE )
 450:Middlewares/Third_Party/FreeRTOS/Source/timers.c **** 		{
 451:Middlewares/Third_Party/FreeRTOS/Source/timers.c **** 			pxTimer->ucStatus |= tmrSTATUS_IS_AUTORELOAD;
 452:Middlewares/Third_Party/FreeRTOS/Source/timers.c **** 		}
 453:Middlewares/Third_Party/FreeRTOS/Source/timers.c **** 		else
 454:Middlewares/Third_Party/FreeRTOS/Source/timers.c **** 		{
 455:Middlewares/Third_Party/FreeRTOS/Source/timers.c **** 			pxTimer->ucStatus &= ~tmrSTATUS_IS_AUTORELOAD;
 456:Middlewares/Third_Party/FreeRTOS/Source/timers.c **** 		}
 457:Middlewares/Third_Party/FreeRTOS/Source/timers.c **** 	}
 458:Middlewares/Third_Party/FreeRTOS/Source/timers.c **** 	taskEXIT_CRITICAL();
 459:Middlewares/Third_Party/FreeRTOS/Source/timers.c **** }
 460:Middlewares/Third_Party/FreeRTOS/Source/timers.c **** /*-----------------------------------------------------------*/
 461:Middlewares/Third_Party/FreeRTOS/Source/timers.c **** 
 462:Middlewares/Third_Party/FreeRTOS/Source/timers.c **** UBaseType_t uxTimerGetReloadMode( TimerHandle_t xTimer )
 463:Middlewares/Third_Party/FreeRTOS/Source/timers.c **** {
 464:Middlewares/Third_Party/FreeRTOS/Source/timers.c **** Timer_t * pxTimer =  xTimer;
 465:Middlewares/Third_Party/FreeRTOS/Source/timers.c **** UBaseType_t uxReturn;
 466:Middlewares/Third_Party/FreeRTOS/Source/timers.c **** 
 467:Middlewares/Third_Party/FreeRTOS/Source/timers.c **** 	configASSERT( xTimer );
 468:Middlewares/Third_Party/FreeRTOS/Source/timers.c **** 	taskENTER_CRITICAL();
 469:Middlewares/Third_Party/FreeRTOS/Source/timers.c **** 	{
 470:Middlewares/Third_Party/FreeRTOS/Source/timers.c **** 		if( ( pxTimer->ucStatus & tmrSTATUS_IS_AUTORELOAD ) == 0 )
 471:Middlewares/Third_Party/FreeRTOS/Source/timers.c **** 		{
 472:Middlewares/Third_Party/FreeRTOS/Source/timers.c **** 			/* Not an auto-reload timer. */
 473:Middlewares/Third_Party/FreeRTOS/Source/timers.c **** 			uxReturn = ( UBaseType_t ) pdFALSE;
 474:Middlewares/Third_Party/FreeRTOS/Source/timers.c **** 		}
 475:Middlewares/Third_Party/FreeRTOS/Source/timers.c **** 		else
 476:Middlewares/Third_Party/FreeRTOS/Source/timers.c **** 		{
 477:Middlewares/Third_Party/FreeRTOS/Source/timers.c **** 			/* Is an auto-reload timer. */
 478:Middlewares/Third_Party/FreeRTOS/Source/timers.c **** 			uxReturn = ( UBaseType_t ) pdTRUE;
 479:Middlewares/Third_Party/FreeRTOS/Source/timers.c **** 		}
 480:Middlewares/Third_Party/FreeRTOS/Source/timers.c **** 	}
 481:Middlewares/Third_Party/FreeRTOS/Source/timers.c **** 	taskEXIT_CRITICAL();
 482:Middlewares/Third_Party/FreeRTOS/Source/timers.c **** 
 483:Middlewares/Third_Party/FreeRTOS/Source/timers.c **** 	return uxReturn;
 484:Middlewares/Third_Party/FreeRTOS/Source/timers.c **** }
 485:Middlewares/Third_Party/FreeRTOS/Source/timers.c **** /*-----------------------------------------------------------*/
 486:Middlewares/Third_Party/FreeRTOS/Source/timers.c **** 
ARM GAS  /tmp/ccWdpFxl.s 			page 10


 487:Middlewares/Third_Party/FreeRTOS/Source/timers.c **** TickType_t xTimerGetExpiryTime( TimerHandle_t xTimer )
 488:Middlewares/Third_Party/FreeRTOS/Source/timers.c **** {
 489:Middlewares/Third_Party/FreeRTOS/Source/timers.c **** Timer_t * pxTimer =  xTimer;
 490:Middlewares/Third_Party/FreeRTOS/Source/timers.c **** TickType_t xReturn;
 491:Middlewares/Third_Party/FreeRTOS/Source/timers.c **** 
 492:Middlewares/Third_Party/FreeRTOS/Source/timers.c **** 	configASSERT( xTimer );
 493:Middlewares/Third_Party/FreeRTOS/Source/timers.c **** 	xReturn = listGET_LIST_ITEM_VALUE( &( pxTimer->xTimerListItem ) );
 494:Middlewares/Third_Party/FreeRTOS/Source/timers.c **** 	return xReturn;
 495:Middlewares/Third_Party/FreeRTOS/Source/timers.c **** }
 496:Middlewares/Third_Party/FreeRTOS/Source/timers.c **** /*-----------------------------------------------------------*/
 497:Middlewares/Third_Party/FreeRTOS/Source/timers.c **** 
 498:Middlewares/Third_Party/FreeRTOS/Source/timers.c **** const char * pcTimerGetName( TimerHandle_t xTimer ) /*lint !e971 Unqualified char types are allowed
 499:Middlewares/Third_Party/FreeRTOS/Source/timers.c **** {
 500:Middlewares/Third_Party/FreeRTOS/Source/timers.c **** Timer_t *pxTimer = xTimer;
 501:Middlewares/Third_Party/FreeRTOS/Source/timers.c **** 
 502:Middlewares/Third_Party/FreeRTOS/Source/timers.c **** 	configASSERT( xTimer );
 503:Middlewares/Third_Party/FreeRTOS/Source/timers.c **** 	return pxTimer->pcTimerName;
 504:Middlewares/Third_Party/FreeRTOS/Source/timers.c **** }
 505:Middlewares/Third_Party/FreeRTOS/Source/timers.c **** /*-----------------------------------------------------------*/
 506:Middlewares/Third_Party/FreeRTOS/Source/timers.c **** 
 507:Middlewares/Third_Party/FreeRTOS/Source/timers.c **** static void prvProcessExpiredTimer( const TickType_t xNextExpireTime, const TickType_t xTimeNow )
 508:Middlewares/Third_Party/FreeRTOS/Source/timers.c **** {
 509:Middlewares/Third_Party/FreeRTOS/Source/timers.c **** BaseType_t xResult;
 510:Middlewares/Third_Party/FreeRTOS/Source/timers.c **** Timer_t * const pxTimer = ( Timer_t * ) listGET_OWNER_OF_HEAD_ENTRY( pxCurrentTimerList ); /*lint !
 511:Middlewares/Third_Party/FreeRTOS/Source/timers.c **** 
 512:Middlewares/Third_Party/FreeRTOS/Source/timers.c **** 	/* Remove the timer from the list of active timers.  A check has already
 513:Middlewares/Third_Party/FreeRTOS/Source/timers.c **** 	been performed to ensure the list is not empty. */
 514:Middlewares/Third_Party/FreeRTOS/Source/timers.c **** 	( void ) uxListRemove( &( pxTimer->xTimerListItem ) );
 515:Middlewares/Third_Party/FreeRTOS/Source/timers.c **** 	traceTIMER_EXPIRED( pxTimer );
 516:Middlewares/Third_Party/FreeRTOS/Source/timers.c **** 
 517:Middlewares/Third_Party/FreeRTOS/Source/timers.c **** 	/* If the timer is an auto-reload timer then calculate the next
 518:Middlewares/Third_Party/FreeRTOS/Source/timers.c **** 	expiry time and re-insert the timer in the list of active timers. */
 519:Middlewares/Third_Party/FreeRTOS/Source/timers.c **** 	if( ( pxTimer->ucStatus & tmrSTATUS_IS_AUTORELOAD ) != 0 )
 520:Middlewares/Third_Party/FreeRTOS/Source/timers.c **** 	{
 521:Middlewares/Third_Party/FreeRTOS/Source/timers.c **** 		/* The timer is inserted into a list using a time relative to anything
 522:Middlewares/Third_Party/FreeRTOS/Source/timers.c **** 		other than the current time.  It will therefore be inserted into the
 523:Middlewares/Third_Party/FreeRTOS/Source/timers.c **** 		correct list relative to the time this task thinks it is now. */
 524:Middlewares/Third_Party/FreeRTOS/Source/timers.c **** 		if( prvInsertTimerInActiveList( pxTimer, ( xNextExpireTime + pxTimer->xTimerPeriodInTicks ), xTim
 525:Middlewares/Third_Party/FreeRTOS/Source/timers.c **** 		{
 526:Middlewares/Third_Party/FreeRTOS/Source/timers.c **** 			/* The timer expired before it was added to the active timer
 527:Middlewares/Third_Party/FreeRTOS/Source/timers.c **** 			list.  Reload it now.  */
 528:Middlewares/Third_Party/FreeRTOS/Source/timers.c **** 			xResult = xTimerGenericCommand( pxTimer, tmrCOMMAND_START_DONT_TRACE, xNextExpireTime, NULL, tmr
 529:Middlewares/Third_Party/FreeRTOS/Source/timers.c **** 			configASSERT( xResult );
 530:Middlewares/Third_Party/FreeRTOS/Source/timers.c **** 			( void ) xResult;
 531:Middlewares/Third_Party/FreeRTOS/Source/timers.c **** 		}
 532:Middlewares/Third_Party/FreeRTOS/Source/timers.c **** 		else
 533:Middlewares/Third_Party/FreeRTOS/Source/timers.c **** 		{
 534:Middlewares/Third_Party/FreeRTOS/Source/timers.c **** 			mtCOVERAGE_TEST_MARKER();
 535:Middlewares/Third_Party/FreeRTOS/Source/timers.c **** 		}
 536:Middlewares/Third_Party/FreeRTOS/Source/timers.c **** 	}
 537:Middlewares/Third_Party/FreeRTOS/Source/timers.c **** 	else
 538:Middlewares/Third_Party/FreeRTOS/Source/timers.c **** 	{
 539:Middlewares/Third_Party/FreeRTOS/Source/timers.c **** 		pxTimer->ucStatus &= ~tmrSTATUS_IS_ACTIVE;
 540:Middlewares/Third_Party/FreeRTOS/Source/timers.c **** 		mtCOVERAGE_TEST_MARKER();
 541:Middlewares/Third_Party/FreeRTOS/Source/timers.c **** 	}
 542:Middlewares/Third_Party/FreeRTOS/Source/timers.c **** 
 543:Middlewares/Third_Party/FreeRTOS/Source/timers.c **** 	/* Call the timer callback. */
ARM GAS  /tmp/ccWdpFxl.s 			page 11


 544:Middlewares/Third_Party/FreeRTOS/Source/timers.c **** 	pxTimer->pxCallbackFunction( ( TimerHandle_t ) pxTimer );
 545:Middlewares/Third_Party/FreeRTOS/Source/timers.c **** }
 546:Middlewares/Third_Party/FreeRTOS/Source/timers.c **** /*-----------------------------------------------------------*/
 547:Middlewares/Third_Party/FreeRTOS/Source/timers.c **** 
 548:Middlewares/Third_Party/FreeRTOS/Source/timers.c **** static portTASK_FUNCTION( prvTimerTask, pvParameters )
 549:Middlewares/Third_Party/FreeRTOS/Source/timers.c **** {
 550:Middlewares/Third_Party/FreeRTOS/Source/timers.c **** TickType_t xNextExpireTime;
 551:Middlewares/Third_Party/FreeRTOS/Source/timers.c **** BaseType_t xListWasEmpty;
 552:Middlewares/Third_Party/FreeRTOS/Source/timers.c **** 
 553:Middlewares/Third_Party/FreeRTOS/Source/timers.c **** 	/* Just to avoid compiler warnings. */
 554:Middlewares/Third_Party/FreeRTOS/Source/timers.c **** 	( void ) pvParameters;
 555:Middlewares/Third_Party/FreeRTOS/Source/timers.c **** 
 556:Middlewares/Third_Party/FreeRTOS/Source/timers.c **** 	#if( configUSE_DAEMON_TASK_STARTUP_HOOK == 1 )
 557:Middlewares/Third_Party/FreeRTOS/Source/timers.c **** 	{
 558:Middlewares/Third_Party/FreeRTOS/Source/timers.c **** 		extern void vApplicationDaemonTaskStartupHook( void );
 559:Middlewares/Third_Party/FreeRTOS/Source/timers.c **** 
 560:Middlewares/Third_Party/FreeRTOS/Source/timers.c **** 		/* Allow the application writer to execute some code in the context of
 561:Middlewares/Third_Party/FreeRTOS/Source/timers.c **** 		this task at the point the task starts executing.  This is useful if the
 562:Middlewares/Third_Party/FreeRTOS/Source/timers.c **** 		application includes initialisation code that would benefit from
 563:Middlewares/Third_Party/FreeRTOS/Source/timers.c **** 		executing after the scheduler has been started. */
 564:Middlewares/Third_Party/FreeRTOS/Source/timers.c **** 		vApplicationDaemonTaskStartupHook();
 565:Middlewares/Third_Party/FreeRTOS/Source/timers.c **** 	}
 566:Middlewares/Third_Party/FreeRTOS/Source/timers.c **** 	#endif /* configUSE_DAEMON_TASK_STARTUP_HOOK */
 567:Middlewares/Third_Party/FreeRTOS/Source/timers.c **** 
 568:Middlewares/Third_Party/FreeRTOS/Source/timers.c **** 	for( ;; )
 569:Middlewares/Third_Party/FreeRTOS/Source/timers.c **** 	{
 570:Middlewares/Third_Party/FreeRTOS/Source/timers.c **** 		/* Query the timers list to see if it contains any timers, and if so,
 571:Middlewares/Third_Party/FreeRTOS/Source/timers.c **** 		obtain the time at which the next timer will expire. */
 572:Middlewares/Third_Party/FreeRTOS/Source/timers.c **** 		xNextExpireTime = prvGetNextExpireTime( &xListWasEmpty );
 573:Middlewares/Third_Party/FreeRTOS/Source/timers.c **** 
 574:Middlewares/Third_Party/FreeRTOS/Source/timers.c **** 		/* If a timer has expired, process it.  Otherwise, block this task
 575:Middlewares/Third_Party/FreeRTOS/Source/timers.c **** 		until either a timer does expire, or a command is received. */
 576:Middlewares/Third_Party/FreeRTOS/Source/timers.c **** 		prvProcessTimerOrBlockTask( xNextExpireTime, xListWasEmpty );
 577:Middlewares/Third_Party/FreeRTOS/Source/timers.c **** 
 578:Middlewares/Third_Party/FreeRTOS/Source/timers.c **** 		/* Empty the command queue. */
 579:Middlewares/Third_Party/FreeRTOS/Source/timers.c **** 		prvProcessReceivedCommands();
 580:Middlewares/Third_Party/FreeRTOS/Source/timers.c **** 	}
 581:Middlewares/Third_Party/FreeRTOS/Source/timers.c **** }
 582:Middlewares/Third_Party/FreeRTOS/Source/timers.c **** /*-----------------------------------------------------------*/
 583:Middlewares/Third_Party/FreeRTOS/Source/timers.c **** 
 584:Middlewares/Third_Party/FreeRTOS/Source/timers.c **** static void prvProcessTimerOrBlockTask( const TickType_t xNextExpireTime, BaseType_t xListWasEmpty 
 585:Middlewares/Third_Party/FreeRTOS/Source/timers.c **** {
 586:Middlewares/Third_Party/FreeRTOS/Source/timers.c **** TickType_t xTimeNow;
 587:Middlewares/Third_Party/FreeRTOS/Source/timers.c **** BaseType_t xTimerListsWereSwitched;
 588:Middlewares/Third_Party/FreeRTOS/Source/timers.c **** 
 589:Middlewares/Third_Party/FreeRTOS/Source/timers.c **** 	vTaskSuspendAll();
 590:Middlewares/Third_Party/FreeRTOS/Source/timers.c **** 	{
 591:Middlewares/Third_Party/FreeRTOS/Source/timers.c **** 		/* Obtain the time now to make an assessment as to whether the timer
 592:Middlewares/Third_Party/FreeRTOS/Source/timers.c **** 		has expired or not.  If obtaining the time causes the lists to switch
 593:Middlewares/Third_Party/FreeRTOS/Source/timers.c **** 		then don't process this timer as any timers that remained in the list
 594:Middlewares/Third_Party/FreeRTOS/Source/timers.c **** 		when the lists were switched will have been processed within the
 595:Middlewares/Third_Party/FreeRTOS/Source/timers.c **** 		prvSampleTimeNow() function. */
 596:Middlewares/Third_Party/FreeRTOS/Source/timers.c **** 		xTimeNow = prvSampleTimeNow( &xTimerListsWereSwitched );
 597:Middlewares/Third_Party/FreeRTOS/Source/timers.c **** 		if( xTimerListsWereSwitched == pdFALSE )
 598:Middlewares/Third_Party/FreeRTOS/Source/timers.c **** 		{
 599:Middlewares/Third_Party/FreeRTOS/Source/timers.c **** 			/* The tick count has not overflowed, has the timer expired? */
 600:Middlewares/Third_Party/FreeRTOS/Source/timers.c **** 			if( ( xListWasEmpty == pdFALSE ) && ( xNextExpireTime <= xTimeNow ) )
ARM GAS  /tmp/ccWdpFxl.s 			page 12


 601:Middlewares/Third_Party/FreeRTOS/Source/timers.c **** 			{
 602:Middlewares/Third_Party/FreeRTOS/Source/timers.c **** 				( void ) xTaskResumeAll();
 603:Middlewares/Third_Party/FreeRTOS/Source/timers.c **** 				prvProcessExpiredTimer( xNextExpireTime, xTimeNow );
 604:Middlewares/Third_Party/FreeRTOS/Source/timers.c **** 			}
 605:Middlewares/Third_Party/FreeRTOS/Source/timers.c **** 			else
 606:Middlewares/Third_Party/FreeRTOS/Source/timers.c **** 			{
 607:Middlewares/Third_Party/FreeRTOS/Source/timers.c **** 				/* The tick count has not overflowed, and the next expire
 608:Middlewares/Third_Party/FreeRTOS/Source/timers.c **** 				time has not been reached yet.  This task should therefore
 609:Middlewares/Third_Party/FreeRTOS/Source/timers.c **** 				block to wait for the next expire time or a command to be
 610:Middlewares/Third_Party/FreeRTOS/Source/timers.c **** 				received - whichever comes first.  The following line cannot
 611:Middlewares/Third_Party/FreeRTOS/Source/timers.c **** 				be reached unless xNextExpireTime > xTimeNow, except in the
 612:Middlewares/Third_Party/FreeRTOS/Source/timers.c **** 				case when the current timer list is empty. */
 613:Middlewares/Third_Party/FreeRTOS/Source/timers.c **** 				if( xListWasEmpty != pdFALSE )
 614:Middlewares/Third_Party/FreeRTOS/Source/timers.c **** 				{
 615:Middlewares/Third_Party/FreeRTOS/Source/timers.c **** 					/* The current timer list is empty - is the overflow list
 616:Middlewares/Third_Party/FreeRTOS/Source/timers.c **** 					also empty? */
 617:Middlewares/Third_Party/FreeRTOS/Source/timers.c **** 					xListWasEmpty = listLIST_IS_EMPTY( pxOverflowTimerList );
 618:Middlewares/Third_Party/FreeRTOS/Source/timers.c **** 				}
 619:Middlewares/Third_Party/FreeRTOS/Source/timers.c **** 
 620:Middlewares/Third_Party/FreeRTOS/Source/timers.c **** 				vQueueWaitForMessageRestricted( xTimerQueue, ( xNextExpireTime - xTimeNow ), xListWasEmpty );
 621:Middlewares/Third_Party/FreeRTOS/Source/timers.c **** 
 622:Middlewares/Third_Party/FreeRTOS/Source/timers.c **** 				if( xTaskResumeAll() == pdFALSE )
 623:Middlewares/Third_Party/FreeRTOS/Source/timers.c **** 				{
 624:Middlewares/Third_Party/FreeRTOS/Source/timers.c **** 					/* Yield to wait for either a command to arrive, or the
 625:Middlewares/Third_Party/FreeRTOS/Source/timers.c **** 					block time to expire.  If a command arrived between the
 626:Middlewares/Third_Party/FreeRTOS/Source/timers.c **** 					critical section being exited and this yield then the yield
 627:Middlewares/Third_Party/FreeRTOS/Source/timers.c **** 					will not cause the task to block. */
 628:Middlewares/Third_Party/FreeRTOS/Source/timers.c **** 					portYIELD_WITHIN_API();
 629:Middlewares/Third_Party/FreeRTOS/Source/timers.c **** 				}
 630:Middlewares/Third_Party/FreeRTOS/Source/timers.c **** 				else
 631:Middlewares/Third_Party/FreeRTOS/Source/timers.c **** 				{
 632:Middlewares/Third_Party/FreeRTOS/Source/timers.c **** 					mtCOVERAGE_TEST_MARKER();
 633:Middlewares/Third_Party/FreeRTOS/Source/timers.c **** 				}
 634:Middlewares/Third_Party/FreeRTOS/Source/timers.c **** 			}
 635:Middlewares/Third_Party/FreeRTOS/Source/timers.c **** 		}
 636:Middlewares/Third_Party/FreeRTOS/Source/timers.c **** 		else
 637:Middlewares/Third_Party/FreeRTOS/Source/timers.c **** 		{
 638:Middlewares/Third_Party/FreeRTOS/Source/timers.c **** 			( void ) xTaskResumeAll();
 639:Middlewares/Third_Party/FreeRTOS/Source/timers.c **** 		}
 640:Middlewares/Third_Party/FreeRTOS/Source/timers.c **** 	}
 641:Middlewares/Third_Party/FreeRTOS/Source/timers.c **** }
 642:Middlewares/Third_Party/FreeRTOS/Source/timers.c **** /*-----------------------------------------------------------*/
 643:Middlewares/Third_Party/FreeRTOS/Source/timers.c **** 
 644:Middlewares/Third_Party/FreeRTOS/Source/timers.c **** static TickType_t prvGetNextExpireTime( BaseType_t * const pxListWasEmpty )
 645:Middlewares/Third_Party/FreeRTOS/Source/timers.c **** {
  29              		.loc 1 645 1 view -0
  30              		.cfi_startproc
  31              		@ args = 0, pretend = 0, frame = 0
  32              		@ frame_needed = 0, uses_anonymous_args = 0
  33              		@ link register save eliminated.
 646:Middlewares/Third_Party/FreeRTOS/Source/timers.c **** TickType_t xNextExpireTime;
  34              		.loc 1 646 1 view .LVU1
 647:Middlewares/Third_Party/FreeRTOS/Source/timers.c **** 
 648:Middlewares/Third_Party/FreeRTOS/Source/timers.c **** 	/* Timers are listed in expiry time order, with the head of the list
 649:Middlewares/Third_Party/FreeRTOS/Source/timers.c **** 	referencing the task that will expire first.  Obtain the time at which
 650:Middlewares/Third_Party/FreeRTOS/Source/timers.c **** 	the timer with the nearest expiry time will expire.  If there are no
 651:Middlewares/Third_Party/FreeRTOS/Source/timers.c **** 	active timers then just set the next expire time to 0.  That will cause
ARM GAS  /tmp/ccWdpFxl.s 			page 13


 652:Middlewares/Third_Party/FreeRTOS/Source/timers.c **** 	this task to unblock when the tick count overflows, at which point the
 653:Middlewares/Third_Party/FreeRTOS/Source/timers.c **** 	timer lists will be switched and the next expiry time can be
 654:Middlewares/Third_Party/FreeRTOS/Source/timers.c **** 	re-assessed.  */
 655:Middlewares/Third_Party/FreeRTOS/Source/timers.c **** 	*pxListWasEmpty = listLIST_IS_EMPTY( pxCurrentTimerList );
  35              		.loc 1 655 2 view .LVU2
  36              		.loc 1 655 20 is_stmt 0 view .LVU3
  37 0000 064B     		ldr	r3, .L6
  38 0002 1A68     		ldr	r2, [r3]
  39 0004 1368     		ldr	r3, [r2]
  40 0006 2BB9     		cbnz	r3, .L4
  41 0008 0123     		movs	r3, #1
  42              	.L2:
  43              		.loc 1 655 18 discriminator 4 view .LVU4
  44 000a 0360     		str	r3, [r0]
 656:Middlewares/Third_Party/FreeRTOS/Source/timers.c **** 	if( *pxListWasEmpty == pdFALSE )
  45              		.loc 1 656 2 is_stmt 1 discriminator 4 view .LVU5
  46              		.loc 1 656 4 is_stmt 0 discriminator 4 view .LVU6
  47 000c 23B9     		cbnz	r3, .L5
 657:Middlewares/Third_Party/FreeRTOS/Source/timers.c **** 	{
 658:Middlewares/Third_Party/FreeRTOS/Source/timers.c **** 		xNextExpireTime = listGET_ITEM_VALUE_OF_HEAD_ENTRY( pxCurrentTimerList );
  48              		.loc 1 658 3 is_stmt 1 view .LVU7
  49              		.loc 1 658 21 is_stmt 0 view .LVU8
  50 000e D368     		ldr	r3, [r2, #12]
  51              		.loc 1 658 19 view .LVU9
  52 0010 1868     		ldr	r0, [r3]
  53              	.LVL1:
  54              		.loc 1 658 19 view .LVU10
  55 0012 7047     		bx	lr
  56              	.LVL2:
  57              	.L4:
 655:Middlewares/Third_Party/FreeRTOS/Source/timers.c **** 	if( *pxListWasEmpty == pdFALSE )
  58              		.loc 1 655 20 view .LVU11
  59 0014 0023     		movs	r3, #0
  60 0016 F8E7     		b	.L2
  61              	.L5:
 659:Middlewares/Third_Party/FreeRTOS/Source/timers.c **** 	}
 660:Middlewares/Third_Party/FreeRTOS/Source/timers.c **** 	else
 661:Middlewares/Third_Party/FreeRTOS/Source/timers.c **** 	{
 662:Middlewares/Third_Party/FreeRTOS/Source/timers.c **** 		/* Ensure the task unblocks when the tick count rolls over. */
 663:Middlewares/Third_Party/FreeRTOS/Source/timers.c **** 		xNextExpireTime = ( TickType_t ) 0U;
  62              		.loc 1 663 19 view .LVU12
  63 0018 0020     		movs	r0, #0
  64              	.LVL3:
 664:Middlewares/Third_Party/FreeRTOS/Source/timers.c **** 	}
 665:Middlewares/Third_Party/FreeRTOS/Source/timers.c **** 
 666:Middlewares/Third_Party/FreeRTOS/Source/timers.c **** 	return xNextExpireTime;
  65              		.loc 1 666 2 is_stmt 1 view .LVU13
 667:Middlewares/Third_Party/FreeRTOS/Source/timers.c **** }
  66              		.loc 1 667 1 is_stmt 0 view .LVU14
  67 001a 7047     		bx	lr
  68              	.L7:
  69              		.align	2
  70              	.L6:
  71 001c 00000000 		.word	.LANCHOR0
  72              		.cfi_endproc
  73              	.LFE18:
  75              		.section	.text.prvInsertTimerInActiveList,"ax",%progbits
ARM GAS  /tmp/ccWdpFxl.s 			page 14


  76              		.align	1
  77              		.syntax unified
  78              		.thumb
  79              		.thumb_func
  80              		.fpu fpv4-sp-d16
  82              	prvInsertTimerInActiveList:
  83              	.LVL4:
  84              	.LFB20:
 668:Middlewares/Third_Party/FreeRTOS/Source/timers.c **** /*-----------------------------------------------------------*/
 669:Middlewares/Third_Party/FreeRTOS/Source/timers.c **** 
 670:Middlewares/Third_Party/FreeRTOS/Source/timers.c **** static TickType_t prvSampleTimeNow( BaseType_t * const pxTimerListsWereSwitched )
 671:Middlewares/Third_Party/FreeRTOS/Source/timers.c **** {
 672:Middlewares/Third_Party/FreeRTOS/Source/timers.c **** TickType_t xTimeNow;
 673:Middlewares/Third_Party/FreeRTOS/Source/timers.c **** PRIVILEGED_DATA static TickType_t xLastTime = ( TickType_t ) 0U; /*lint !e956 Variable is only acce
 674:Middlewares/Third_Party/FreeRTOS/Source/timers.c **** 
 675:Middlewares/Third_Party/FreeRTOS/Source/timers.c **** 	xTimeNow = xTaskGetTickCount();
 676:Middlewares/Third_Party/FreeRTOS/Source/timers.c **** 
 677:Middlewares/Third_Party/FreeRTOS/Source/timers.c **** 	if( xTimeNow < xLastTime )
 678:Middlewares/Third_Party/FreeRTOS/Source/timers.c **** 	{
 679:Middlewares/Third_Party/FreeRTOS/Source/timers.c **** 		prvSwitchTimerLists();
 680:Middlewares/Third_Party/FreeRTOS/Source/timers.c **** 		*pxTimerListsWereSwitched = pdTRUE;
 681:Middlewares/Third_Party/FreeRTOS/Source/timers.c **** 	}
 682:Middlewares/Third_Party/FreeRTOS/Source/timers.c **** 	else
 683:Middlewares/Third_Party/FreeRTOS/Source/timers.c **** 	{
 684:Middlewares/Third_Party/FreeRTOS/Source/timers.c **** 		*pxTimerListsWereSwitched = pdFALSE;
 685:Middlewares/Third_Party/FreeRTOS/Source/timers.c **** 	}
 686:Middlewares/Third_Party/FreeRTOS/Source/timers.c **** 
 687:Middlewares/Third_Party/FreeRTOS/Source/timers.c **** 	xLastTime = xTimeNow;
 688:Middlewares/Third_Party/FreeRTOS/Source/timers.c **** 
 689:Middlewares/Third_Party/FreeRTOS/Source/timers.c **** 	return xTimeNow;
 690:Middlewares/Third_Party/FreeRTOS/Source/timers.c **** }
 691:Middlewares/Third_Party/FreeRTOS/Source/timers.c **** /*-----------------------------------------------------------*/
 692:Middlewares/Third_Party/FreeRTOS/Source/timers.c **** 
 693:Middlewares/Third_Party/FreeRTOS/Source/timers.c **** static BaseType_t prvInsertTimerInActiveList( Timer_t * const pxTimer, const TickType_t xNextExpiry
 694:Middlewares/Third_Party/FreeRTOS/Source/timers.c **** {
  85              		.loc 1 694 1 is_stmt 1 view -0
  86              		.cfi_startproc
  87              		@ args = 0, pretend = 0, frame = 0
  88              		@ frame_needed = 0, uses_anonymous_args = 0
  89              		.loc 1 694 1 is_stmt 0 view .LVU16
  90 0000 08B5     		push	{r3, lr}
  91              	.LCFI0:
  92              		.cfi_def_cfa_offset 8
  93              		.cfi_offset 3, -8
  94              		.cfi_offset 14, -4
 695:Middlewares/Third_Party/FreeRTOS/Source/timers.c **** BaseType_t xProcessTimerNow = pdFALSE;
  95              		.loc 1 695 1 is_stmt 1 view .LVU17
  96              	.LVL5:
 696:Middlewares/Third_Party/FreeRTOS/Source/timers.c **** 
 697:Middlewares/Third_Party/FreeRTOS/Source/timers.c **** 	listSET_LIST_ITEM_VALUE( &( pxTimer->xTimerListItem ), xNextExpiryTime );
  97              		.loc 1 697 2 view .LVU18
  98 0002 4160     		str	r1, [r0, #4]
 698:Middlewares/Third_Party/FreeRTOS/Source/timers.c **** 	listSET_LIST_ITEM_OWNER( &( pxTimer->xTimerListItem ), pxTimer );
  99              		.loc 1 698 2 view .LVU19
 100 0004 0061     		str	r0, [r0, #16]
 699:Middlewares/Third_Party/FreeRTOS/Source/timers.c **** 
 700:Middlewares/Third_Party/FreeRTOS/Source/timers.c **** 	if( xNextExpiryTime <= xTimeNow )
ARM GAS  /tmp/ccWdpFxl.s 			page 15


 101              		.loc 1 700 2 view .LVU20
 102              		.loc 1 700 4 is_stmt 0 view .LVU21
 103 0006 9142     		cmp	r1, r2
 104 0008 0CD8     		bhi	.L9
 701:Middlewares/Third_Party/FreeRTOS/Source/timers.c **** 	{
 702:Middlewares/Third_Party/FreeRTOS/Source/timers.c **** 		/* Has the expiry time elapsed between the command to start/reset a
 703:Middlewares/Third_Party/FreeRTOS/Source/timers.c **** 		timer was issued, and the time the command was processed? */
 704:Middlewares/Third_Party/FreeRTOS/Source/timers.c **** 		if( ( ( TickType_t ) ( xTimeNow - xCommandTime ) ) >= pxTimer->xTimerPeriodInTicks ) /*lint !e961
 105              		.loc 1 704 3 is_stmt 1 view .LVU22
 106              		.loc 1 704 9 is_stmt 0 view .LVU23
 107 000a D21A     		subs	r2, r2, r3
 108              	.LVL6:
 109              		.loc 1 704 64 view .LVU24
 110 000c 8369     		ldr	r3, [r0, #24]
 111              	.LVL7:
 112              		.loc 1 704 5 view .LVU25
 113 000e 9A42     		cmp	r2, r3
 114 0010 01D3     		bcc	.L15
 705:Middlewares/Third_Party/FreeRTOS/Source/timers.c **** 		{
 706:Middlewares/Third_Party/FreeRTOS/Source/timers.c **** 			/* The time between a command being issued and the command being
 707:Middlewares/Third_Party/FreeRTOS/Source/timers.c **** 			processed actually exceeds the timers period.  */
 708:Middlewares/Third_Party/FreeRTOS/Source/timers.c **** 			xProcessTimerNow = pdTRUE;
 115              		.loc 1 708 21 view .LVU26
 116 0012 0120     		movs	r0, #1
 117              	.LVL8:
 118              	.L8:
 709:Middlewares/Third_Party/FreeRTOS/Source/timers.c **** 		}
 710:Middlewares/Third_Party/FreeRTOS/Source/timers.c **** 		else
 711:Middlewares/Third_Party/FreeRTOS/Source/timers.c **** 		{
 712:Middlewares/Third_Party/FreeRTOS/Source/timers.c **** 			vListInsert( pxOverflowTimerList, &( pxTimer->xTimerListItem ) );
 713:Middlewares/Third_Party/FreeRTOS/Source/timers.c **** 		}
 714:Middlewares/Third_Party/FreeRTOS/Source/timers.c **** 	}
 715:Middlewares/Third_Party/FreeRTOS/Source/timers.c **** 	else
 716:Middlewares/Third_Party/FreeRTOS/Source/timers.c **** 	{
 717:Middlewares/Third_Party/FreeRTOS/Source/timers.c **** 		if( ( xTimeNow < xCommandTime ) && ( xNextExpiryTime >= xCommandTime ) )
 718:Middlewares/Third_Party/FreeRTOS/Source/timers.c **** 		{
 719:Middlewares/Third_Party/FreeRTOS/Source/timers.c **** 			/* If, since the command was issued, the tick count has overflowed
 720:Middlewares/Third_Party/FreeRTOS/Source/timers.c **** 			but the expiry time has not, then the timer must have already passed
 721:Middlewares/Third_Party/FreeRTOS/Source/timers.c **** 			its expiry time and should be processed immediately. */
 722:Middlewares/Third_Party/FreeRTOS/Source/timers.c **** 			xProcessTimerNow = pdTRUE;
 723:Middlewares/Third_Party/FreeRTOS/Source/timers.c **** 		}
 724:Middlewares/Third_Party/FreeRTOS/Source/timers.c **** 		else
 725:Middlewares/Third_Party/FreeRTOS/Source/timers.c **** 		{
 726:Middlewares/Third_Party/FreeRTOS/Source/timers.c **** 			vListInsert( pxCurrentTimerList, &( pxTimer->xTimerListItem ) );
 727:Middlewares/Third_Party/FreeRTOS/Source/timers.c **** 		}
 728:Middlewares/Third_Party/FreeRTOS/Source/timers.c **** 	}
 729:Middlewares/Third_Party/FreeRTOS/Source/timers.c **** 
 730:Middlewares/Third_Party/FreeRTOS/Source/timers.c **** 	return xProcessTimerNow;
 731:Middlewares/Third_Party/FreeRTOS/Source/timers.c **** }
 119              		.loc 1 731 1 view .LVU27
 120 0014 08BD     		pop	{r3, pc}
 121              	.LVL9:
 122              	.L15:
 712:Middlewares/Third_Party/FreeRTOS/Source/timers.c **** 		}
 123              		.loc 1 712 4 is_stmt 1 view .LVU28
 124 0016 011D     		adds	r1, r0, #4
 125              	.LVL10:
ARM GAS  /tmp/ccWdpFxl.s 			page 16


 712:Middlewares/Third_Party/FreeRTOS/Source/timers.c **** 		}
 126              		.loc 1 712 4 is_stmt 0 view .LVU29
 127 0018 094B     		ldr	r3, .L16
 128 001a 1868     		ldr	r0, [r3]
 129              	.LVL11:
 712:Middlewares/Third_Party/FreeRTOS/Source/timers.c **** 		}
 130              		.loc 1 712 4 view .LVU30
 131 001c FFF7FEFF 		bl	vListInsert
 132              	.LVL12:
 695:Middlewares/Third_Party/FreeRTOS/Source/timers.c **** 
 133              		.loc 1 695 12 view .LVU31
 134 0020 0020     		movs	r0, #0
 135 0022 F7E7     		b	.L8
 136              	.LVL13:
 137              	.L9:
 717:Middlewares/Third_Party/FreeRTOS/Source/timers.c **** 		{
 138              		.loc 1 717 3 is_stmt 1 view .LVU32
 717:Middlewares/Third_Party/FreeRTOS/Source/timers.c **** 		{
 139              		.loc 1 717 5 is_stmt 0 view .LVU33
 140 0024 9A42     		cmp	r2, r3
 141 0026 01D2     		bcs	.L11
 717:Middlewares/Third_Party/FreeRTOS/Source/timers.c **** 		{
 142              		.loc 1 717 35 discriminator 1 view .LVU34
 143 0028 9942     		cmp	r1, r3
 144 002a 06D2     		bcs	.L13
 145              	.L11:
 726:Middlewares/Third_Party/FreeRTOS/Source/timers.c **** 		}
 146              		.loc 1 726 4 is_stmt 1 view .LVU35
 147 002c 011D     		adds	r1, r0, #4
 148              	.LVL14:
 726:Middlewares/Third_Party/FreeRTOS/Source/timers.c **** 		}
 149              		.loc 1 726 4 is_stmt 0 view .LVU36
 150 002e 054B     		ldr	r3, .L16+4
 151              	.LVL15:
 726:Middlewares/Third_Party/FreeRTOS/Source/timers.c **** 		}
 152              		.loc 1 726 4 view .LVU37
 153 0030 1868     		ldr	r0, [r3]
 154              	.LVL16:
 726:Middlewares/Third_Party/FreeRTOS/Source/timers.c **** 		}
 155              		.loc 1 726 4 view .LVU38
 156 0032 FFF7FEFF 		bl	vListInsert
 157              	.LVL17:
 695:Middlewares/Third_Party/FreeRTOS/Source/timers.c **** 
 158              		.loc 1 695 12 view .LVU39
 159 0036 0020     		movs	r0, #0
 160 0038 ECE7     		b	.L8
 161              	.LVL18:
 162              	.L13:
 722:Middlewares/Third_Party/FreeRTOS/Source/timers.c **** 		}
 163              		.loc 1 722 21 view .LVU40
 164 003a 0120     		movs	r0, #1
 165              	.LVL19:
 730:Middlewares/Third_Party/FreeRTOS/Source/timers.c **** }
 166              		.loc 1 730 2 is_stmt 1 view .LVU41
 730:Middlewares/Third_Party/FreeRTOS/Source/timers.c **** }
 167              		.loc 1 730 9 is_stmt 0 view .LVU42
 168 003c EAE7     		b	.L8
ARM GAS  /tmp/ccWdpFxl.s 			page 17


 169              	.L17:
 170 003e 00BF     		.align	2
 171              	.L16:
 172 0040 00000000 		.word	.LANCHOR1
 173 0044 00000000 		.word	.LANCHOR0
 174              		.cfi_endproc
 175              	.LFE20:
 177              		.section	.rodata.prvCheckForValidListAndQueue.str1.4,"aMS",%progbits,1
 178              		.align	2
 179              	.LC0:
 180 0000 546D7251 		.ascii	"TmrQ\000"
 180      00
 181              		.section	.text.prvCheckForValidListAndQueue,"ax",%progbits
 182              		.align	1
 183              		.syntax unified
 184              		.thumb
 185              		.thumb_func
 186              		.fpu fpv4-sp-d16
 188              	prvCheckForValidListAndQueue:
 189              	.LFB23:
 732:Middlewares/Third_Party/FreeRTOS/Source/timers.c **** /*-----------------------------------------------------------*/
 733:Middlewares/Third_Party/FreeRTOS/Source/timers.c **** 
 734:Middlewares/Third_Party/FreeRTOS/Source/timers.c **** static void	prvProcessReceivedCommands( void )
 735:Middlewares/Third_Party/FreeRTOS/Source/timers.c **** {
 736:Middlewares/Third_Party/FreeRTOS/Source/timers.c **** DaemonTaskMessage_t xMessage;
 737:Middlewares/Third_Party/FreeRTOS/Source/timers.c **** Timer_t *pxTimer;
 738:Middlewares/Third_Party/FreeRTOS/Source/timers.c **** BaseType_t xTimerListsWereSwitched, xResult;
 739:Middlewares/Third_Party/FreeRTOS/Source/timers.c **** TickType_t xTimeNow;
 740:Middlewares/Third_Party/FreeRTOS/Source/timers.c **** 
 741:Middlewares/Third_Party/FreeRTOS/Source/timers.c **** 	while( xQueueReceive( xTimerQueue, &xMessage, tmrNO_DELAY ) != pdFAIL ) /*lint !e603 xMessage does
 742:Middlewares/Third_Party/FreeRTOS/Source/timers.c **** 	{
 743:Middlewares/Third_Party/FreeRTOS/Source/timers.c **** 		#if ( INCLUDE_xTimerPendFunctionCall == 1 )
 744:Middlewares/Third_Party/FreeRTOS/Source/timers.c **** 		{
 745:Middlewares/Third_Party/FreeRTOS/Source/timers.c **** 			/* Negative commands are pended function calls rather than timer
 746:Middlewares/Third_Party/FreeRTOS/Source/timers.c **** 			commands. */
 747:Middlewares/Third_Party/FreeRTOS/Source/timers.c **** 			if( xMessage.xMessageID < ( BaseType_t ) 0 )
 748:Middlewares/Third_Party/FreeRTOS/Source/timers.c **** 			{
 749:Middlewares/Third_Party/FreeRTOS/Source/timers.c **** 				const CallbackParameters_t * const pxCallback = &( xMessage.u.xCallbackParameters );
 750:Middlewares/Third_Party/FreeRTOS/Source/timers.c **** 
 751:Middlewares/Third_Party/FreeRTOS/Source/timers.c **** 				/* The timer uses the xCallbackParameters member to request a
 752:Middlewares/Third_Party/FreeRTOS/Source/timers.c **** 				callback be executed.  Check the callback is not NULL. */
 753:Middlewares/Third_Party/FreeRTOS/Source/timers.c **** 				configASSERT( pxCallback );
 754:Middlewares/Third_Party/FreeRTOS/Source/timers.c **** 
 755:Middlewares/Third_Party/FreeRTOS/Source/timers.c **** 				/* Call the function. */
 756:Middlewares/Third_Party/FreeRTOS/Source/timers.c **** 				pxCallback->pxCallbackFunction( pxCallback->pvParameter1, pxCallback->ulParameter2 );
 757:Middlewares/Third_Party/FreeRTOS/Source/timers.c **** 			}
 758:Middlewares/Third_Party/FreeRTOS/Source/timers.c **** 			else
 759:Middlewares/Third_Party/FreeRTOS/Source/timers.c **** 			{
 760:Middlewares/Third_Party/FreeRTOS/Source/timers.c **** 				mtCOVERAGE_TEST_MARKER();
 761:Middlewares/Third_Party/FreeRTOS/Source/timers.c **** 			}
 762:Middlewares/Third_Party/FreeRTOS/Source/timers.c **** 		}
 763:Middlewares/Third_Party/FreeRTOS/Source/timers.c **** 		#endif /* INCLUDE_xTimerPendFunctionCall */
 764:Middlewares/Third_Party/FreeRTOS/Source/timers.c **** 
 765:Middlewares/Third_Party/FreeRTOS/Source/timers.c **** 		/* Commands that are positive are timer commands rather than pended
 766:Middlewares/Third_Party/FreeRTOS/Source/timers.c **** 		function calls. */
 767:Middlewares/Third_Party/FreeRTOS/Source/timers.c **** 		if( xMessage.xMessageID >= ( BaseType_t ) 0 )
 768:Middlewares/Third_Party/FreeRTOS/Source/timers.c **** 		{
ARM GAS  /tmp/ccWdpFxl.s 			page 18


 769:Middlewares/Third_Party/FreeRTOS/Source/timers.c **** 			/* The messages uses the xTimerParameters member to work on a
 770:Middlewares/Third_Party/FreeRTOS/Source/timers.c **** 			software timer. */
 771:Middlewares/Third_Party/FreeRTOS/Source/timers.c **** 			pxTimer = xMessage.u.xTimerParameters.pxTimer;
 772:Middlewares/Third_Party/FreeRTOS/Source/timers.c **** 
 773:Middlewares/Third_Party/FreeRTOS/Source/timers.c **** 			if( listIS_CONTAINED_WITHIN( NULL, &( pxTimer->xTimerListItem ) ) == pdFALSE ) /*lint !e961. The
 774:Middlewares/Third_Party/FreeRTOS/Source/timers.c **** 			{
 775:Middlewares/Third_Party/FreeRTOS/Source/timers.c **** 				/* The timer is in a list, remove it. */
 776:Middlewares/Third_Party/FreeRTOS/Source/timers.c **** 				( void ) uxListRemove( &( pxTimer->xTimerListItem ) );
 777:Middlewares/Third_Party/FreeRTOS/Source/timers.c **** 			}
 778:Middlewares/Third_Party/FreeRTOS/Source/timers.c **** 			else
 779:Middlewares/Third_Party/FreeRTOS/Source/timers.c **** 			{
 780:Middlewares/Third_Party/FreeRTOS/Source/timers.c **** 				mtCOVERAGE_TEST_MARKER();
 781:Middlewares/Third_Party/FreeRTOS/Source/timers.c **** 			}
 782:Middlewares/Third_Party/FreeRTOS/Source/timers.c **** 
 783:Middlewares/Third_Party/FreeRTOS/Source/timers.c **** 			traceTIMER_COMMAND_RECEIVED( pxTimer, xMessage.xMessageID, xMessage.u.xTimerParameters.xMessageV
 784:Middlewares/Third_Party/FreeRTOS/Source/timers.c **** 
 785:Middlewares/Third_Party/FreeRTOS/Source/timers.c **** 			/* In this case the xTimerListsWereSwitched parameter is not used, but
 786:Middlewares/Third_Party/FreeRTOS/Source/timers.c **** 			it must be present in the function call.  prvSampleTimeNow() must be
 787:Middlewares/Third_Party/FreeRTOS/Source/timers.c **** 			called after the message is received from xTimerQueue so there is no
 788:Middlewares/Third_Party/FreeRTOS/Source/timers.c **** 			possibility of a higher priority task adding a message to the message
 789:Middlewares/Third_Party/FreeRTOS/Source/timers.c **** 			queue with a time that is ahead of the timer daemon task (because it
 790:Middlewares/Third_Party/FreeRTOS/Source/timers.c **** 			pre-empted the timer daemon task after the xTimeNow value was set). */
 791:Middlewares/Third_Party/FreeRTOS/Source/timers.c **** 			xTimeNow = prvSampleTimeNow( &xTimerListsWereSwitched );
 792:Middlewares/Third_Party/FreeRTOS/Source/timers.c **** 
 793:Middlewares/Third_Party/FreeRTOS/Source/timers.c **** 			switch( xMessage.xMessageID )
 794:Middlewares/Third_Party/FreeRTOS/Source/timers.c **** 			{
 795:Middlewares/Third_Party/FreeRTOS/Source/timers.c **** 				case tmrCOMMAND_START :
 796:Middlewares/Third_Party/FreeRTOS/Source/timers.c **** 				case tmrCOMMAND_START_FROM_ISR :
 797:Middlewares/Third_Party/FreeRTOS/Source/timers.c **** 				case tmrCOMMAND_RESET :
 798:Middlewares/Third_Party/FreeRTOS/Source/timers.c **** 				case tmrCOMMAND_RESET_FROM_ISR :
 799:Middlewares/Third_Party/FreeRTOS/Source/timers.c **** 				case tmrCOMMAND_START_DONT_TRACE :
 800:Middlewares/Third_Party/FreeRTOS/Source/timers.c **** 					/* Start or restart a timer. */
 801:Middlewares/Third_Party/FreeRTOS/Source/timers.c **** 					pxTimer->ucStatus |= tmrSTATUS_IS_ACTIVE;
 802:Middlewares/Third_Party/FreeRTOS/Source/timers.c **** 					if( prvInsertTimerInActiveList( pxTimer,  xMessage.u.xTimerParameters.xMessageValue + pxTimer-
 803:Middlewares/Third_Party/FreeRTOS/Source/timers.c **** 					{
 804:Middlewares/Third_Party/FreeRTOS/Source/timers.c **** 						/* The timer expired before it was added to the active
 805:Middlewares/Third_Party/FreeRTOS/Source/timers.c **** 						timer list.  Process it now. */
 806:Middlewares/Third_Party/FreeRTOS/Source/timers.c **** 						pxTimer->pxCallbackFunction( ( TimerHandle_t ) pxTimer );
 807:Middlewares/Third_Party/FreeRTOS/Source/timers.c **** 						traceTIMER_EXPIRED( pxTimer );
 808:Middlewares/Third_Party/FreeRTOS/Source/timers.c **** 
 809:Middlewares/Third_Party/FreeRTOS/Source/timers.c **** 						if( ( pxTimer->ucStatus & tmrSTATUS_IS_AUTORELOAD ) != 0 )
 810:Middlewares/Third_Party/FreeRTOS/Source/timers.c **** 						{
 811:Middlewares/Third_Party/FreeRTOS/Source/timers.c **** 							xResult = xTimerGenericCommand( pxTimer, tmrCOMMAND_START_DONT_TRACE, xMessage.u.xTimerParam
 812:Middlewares/Third_Party/FreeRTOS/Source/timers.c **** 							configASSERT( xResult );
 813:Middlewares/Third_Party/FreeRTOS/Source/timers.c **** 							( void ) xResult;
 814:Middlewares/Third_Party/FreeRTOS/Source/timers.c **** 						}
 815:Middlewares/Third_Party/FreeRTOS/Source/timers.c **** 						else
 816:Middlewares/Third_Party/FreeRTOS/Source/timers.c **** 						{
 817:Middlewares/Third_Party/FreeRTOS/Source/timers.c **** 							mtCOVERAGE_TEST_MARKER();
 818:Middlewares/Third_Party/FreeRTOS/Source/timers.c **** 						}
 819:Middlewares/Third_Party/FreeRTOS/Source/timers.c **** 					}
 820:Middlewares/Third_Party/FreeRTOS/Source/timers.c **** 					else
 821:Middlewares/Third_Party/FreeRTOS/Source/timers.c **** 					{
 822:Middlewares/Third_Party/FreeRTOS/Source/timers.c **** 						mtCOVERAGE_TEST_MARKER();
 823:Middlewares/Third_Party/FreeRTOS/Source/timers.c **** 					}
 824:Middlewares/Third_Party/FreeRTOS/Source/timers.c **** 					break;
 825:Middlewares/Third_Party/FreeRTOS/Source/timers.c **** 
ARM GAS  /tmp/ccWdpFxl.s 			page 19


 826:Middlewares/Third_Party/FreeRTOS/Source/timers.c **** 				case tmrCOMMAND_STOP :
 827:Middlewares/Third_Party/FreeRTOS/Source/timers.c **** 				case tmrCOMMAND_STOP_FROM_ISR :
 828:Middlewares/Third_Party/FreeRTOS/Source/timers.c **** 					/* The timer has already been removed from the active list. */
 829:Middlewares/Third_Party/FreeRTOS/Source/timers.c **** 					pxTimer->ucStatus &= ~tmrSTATUS_IS_ACTIVE;
 830:Middlewares/Third_Party/FreeRTOS/Source/timers.c **** 					break;
 831:Middlewares/Third_Party/FreeRTOS/Source/timers.c **** 
 832:Middlewares/Third_Party/FreeRTOS/Source/timers.c **** 				case tmrCOMMAND_CHANGE_PERIOD :
 833:Middlewares/Third_Party/FreeRTOS/Source/timers.c **** 				case tmrCOMMAND_CHANGE_PERIOD_FROM_ISR :
 834:Middlewares/Third_Party/FreeRTOS/Source/timers.c **** 					pxTimer->ucStatus |= tmrSTATUS_IS_ACTIVE;
 835:Middlewares/Third_Party/FreeRTOS/Source/timers.c **** 					pxTimer->xTimerPeriodInTicks = xMessage.u.xTimerParameters.xMessageValue;
 836:Middlewares/Third_Party/FreeRTOS/Source/timers.c **** 					configASSERT( ( pxTimer->xTimerPeriodInTicks > 0 ) );
 837:Middlewares/Third_Party/FreeRTOS/Source/timers.c **** 
 838:Middlewares/Third_Party/FreeRTOS/Source/timers.c **** 					/* The new period does not really have a reference, and can
 839:Middlewares/Third_Party/FreeRTOS/Source/timers.c **** 					be longer or shorter than the old one.  The command time is
 840:Middlewares/Third_Party/FreeRTOS/Source/timers.c **** 					therefore set to the current time, and as the period cannot
 841:Middlewares/Third_Party/FreeRTOS/Source/timers.c **** 					be zero the next expiry time can only be in the future,
 842:Middlewares/Third_Party/FreeRTOS/Source/timers.c **** 					meaning (unlike for the xTimerStart() case above) there is
 843:Middlewares/Third_Party/FreeRTOS/Source/timers.c **** 					no fail case that needs to be handled here. */
 844:Middlewares/Third_Party/FreeRTOS/Source/timers.c **** 					( void ) prvInsertTimerInActiveList( pxTimer, ( xTimeNow + pxTimer->xTimerPeriodInTicks ), xTi
 845:Middlewares/Third_Party/FreeRTOS/Source/timers.c **** 					break;
 846:Middlewares/Third_Party/FreeRTOS/Source/timers.c **** 
 847:Middlewares/Third_Party/FreeRTOS/Source/timers.c **** 				case tmrCOMMAND_DELETE :
 848:Middlewares/Third_Party/FreeRTOS/Source/timers.c **** 					#if ( configSUPPORT_DYNAMIC_ALLOCATION == 1 )
 849:Middlewares/Third_Party/FreeRTOS/Source/timers.c **** 					{
 850:Middlewares/Third_Party/FreeRTOS/Source/timers.c **** 						/* The timer has already been removed from the active list,
 851:Middlewares/Third_Party/FreeRTOS/Source/timers.c **** 						just free up the memory if the memory was dynamically
 852:Middlewares/Third_Party/FreeRTOS/Source/timers.c **** 						allocated. */
 853:Middlewares/Third_Party/FreeRTOS/Source/timers.c **** 						if( ( pxTimer->ucStatus & tmrSTATUS_IS_STATICALLY_ALLOCATED ) == ( uint8_t ) 0 )
 854:Middlewares/Third_Party/FreeRTOS/Source/timers.c **** 						{
 855:Middlewares/Third_Party/FreeRTOS/Source/timers.c **** 							vPortFree( pxTimer );
 856:Middlewares/Third_Party/FreeRTOS/Source/timers.c **** 						}
 857:Middlewares/Third_Party/FreeRTOS/Source/timers.c **** 						else
 858:Middlewares/Third_Party/FreeRTOS/Source/timers.c **** 						{
 859:Middlewares/Third_Party/FreeRTOS/Source/timers.c **** 							pxTimer->ucStatus &= ~tmrSTATUS_IS_ACTIVE;
 860:Middlewares/Third_Party/FreeRTOS/Source/timers.c **** 						}
 861:Middlewares/Third_Party/FreeRTOS/Source/timers.c **** 					}
 862:Middlewares/Third_Party/FreeRTOS/Source/timers.c **** 					#else
 863:Middlewares/Third_Party/FreeRTOS/Source/timers.c **** 					{
 864:Middlewares/Third_Party/FreeRTOS/Source/timers.c **** 						/* If dynamic allocation is not enabled, the memory
 865:Middlewares/Third_Party/FreeRTOS/Source/timers.c **** 						could not have been dynamically allocated. So there is
 866:Middlewares/Third_Party/FreeRTOS/Source/timers.c **** 						no need to free the memory - just mark the timer as
 867:Middlewares/Third_Party/FreeRTOS/Source/timers.c **** 						"not active". */
 868:Middlewares/Third_Party/FreeRTOS/Source/timers.c **** 						pxTimer->ucStatus &= ~tmrSTATUS_IS_ACTIVE;
 869:Middlewares/Third_Party/FreeRTOS/Source/timers.c **** 					}
 870:Middlewares/Third_Party/FreeRTOS/Source/timers.c **** 					#endif /* configSUPPORT_DYNAMIC_ALLOCATION */
 871:Middlewares/Third_Party/FreeRTOS/Source/timers.c **** 					break;
 872:Middlewares/Third_Party/FreeRTOS/Source/timers.c **** 
 873:Middlewares/Third_Party/FreeRTOS/Source/timers.c **** 				default	:
 874:Middlewares/Third_Party/FreeRTOS/Source/timers.c **** 					/* Don't expect to get here. */
 875:Middlewares/Third_Party/FreeRTOS/Source/timers.c **** 					break;
 876:Middlewares/Third_Party/FreeRTOS/Source/timers.c **** 			}
 877:Middlewares/Third_Party/FreeRTOS/Source/timers.c **** 		}
 878:Middlewares/Third_Party/FreeRTOS/Source/timers.c **** 	}
 879:Middlewares/Third_Party/FreeRTOS/Source/timers.c **** }
 880:Middlewares/Third_Party/FreeRTOS/Source/timers.c **** /*-----------------------------------------------------------*/
 881:Middlewares/Third_Party/FreeRTOS/Source/timers.c **** 
 882:Middlewares/Third_Party/FreeRTOS/Source/timers.c **** static void prvSwitchTimerLists( void )
ARM GAS  /tmp/ccWdpFxl.s 			page 20


 883:Middlewares/Third_Party/FreeRTOS/Source/timers.c **** {
 884:Middlewares/Third_Party/FreeRTOS/Source/timers.c **** TickType_t xNextExpireTime, xReloadTime;
 885:Middlewares/Third_Party/FreeRTOS/Source/timers.c **** List_t *pxTemp;
 886:Middlewares/Third_Party/FreeRTOS/Source/timers.c **** Timer_t *pxTimer;
 887:Middlewares/Third_Party/FreeRTOS/Source/timers.c **** BaseType_t xResult;
 888:Middlewares/Third_Party/FreeRTOS/Source/timers.c **** 
 889:Middlewares/Third_Party/FreeRTOS/Source/timers.c **** 	/* The tick count has overflowed.  The timer lists must be switched.
 890:Middlewares/Third_Party/FreeRTOS/Source/timers.c **** 	If there are any timers still referenced from the current timer list
 891:Middlewares/Third_Party/FreeRTOS/Source/timers.c **** 	then they must have expired and should be processed before the lists
 892:Middlewares/Third_Party/FreeRTOS/Source/timers.c **** 	are switched. */
 893:Middlewares/Third_Party/FreeRTOS/Source/timers.c **** 	while( listLIST_IS_EMPTY( pxCurrentTimerList ) == pdFALSE )
 894:Middlewares/Third_Party/FreeRTOS/Source/timers.c **** 	{
 895:Middlewares/Third_Party/FreeRTOS/Source/timers.c **** 		xNextExpireTime = listGET_ITEM_VALUE_OF_HEAD_ENTRY( pxCurrentTimerList );
 896:Middlewares/Third_Party/FreeRTOS/Source/timers.c **** 
 897:Middlewares/Third_Party/FreeRTOS/Source/timers.c **** 		/* Remove the timer from the list. */
 898:Middlewares/Third_Party/FreeRTOS/Source/timers.c **** 		pxTimer = ( Timer_t * ) listGET_OWNER_OF_HEAD_ENTRY( pxCurrentTimerList ); /*lint !e9087 !e9079 v
 899:Middlewares/Third_Party/FreeRTOS/Source/timers.c **** 		( void ) uxListRemove( &( pxTimer->xTimerListItem ) );
 900:Middlewares/Third_Party/FreeRTOS/Source/timers.c **** 		traceTIMER_EXPIRED( pxTimer );
 901:Middlewares/Third_Party/FreeRTOS/Source/timers.c **** 
 902:Middlewares/Third_Party/FreeRTOS/Source/timers.c **** 		/* Execute its callback, then send a command to restart the timer if
 903:Middlewares/Third_Party/FreeRTOS/Source/timers.c **** 		it is an auto-reload timer.  It cannot be restarted here as the lists
 904:Middlewares/Third_Party/FreeRTOS/Source/timers.c **** 		have not yet been switched. */
 905:Middlewares/Third_Party/FreeRTOS/Source/timers.c **** 		pxTimer->pxCallbackFunction( ( TimerHandle_t ) pxTimer );
 906:Middlewares/Third_Party/FreeRTOS/Source/timers.c **** 
 907:Middlewares/Third_Party/FreeRTOS/Source/timers.c **** 		if( ( pxTimer->ucStatus & tmrSTATUS_IS_AUTORELOAD ) != 0 )
 908:Middlewares/Third_Party/FreeRTOS/Source/timers.c **** 		{
 909:Middlewares/Third_Party/FreeRTOS/Source/timers.c **** 			/* Calculate the reload value, and if the reload value results in
 910:Middlewares/Third_Party/FreeRTOS/Source/timers.c **** 			the timer going into the same timer list then it has already expired
 911:Middlewares/Third_Party/FreeRTOS/Source/timers.c **** 			and the timer should be re-inserted into the current list so it is
 912:Middlewares/Third_Party/FreeRTOS/Source/timers.c **** 			processed again within this loop.  Otherwise a command should be sent
 913:Middlewares/Third_Party/FreeRTOS/Source/timers.c **** 			to restart the timer to ensure it is only inserted into a list after
 914:Middlewares/Third_Party/FreeRTOS/Source/timers.c **** 			the lists have been swapped. */
 915:Middlewares/Third_Party/FreeRTOS/Source/timers.c **** 			xReloadTime = ( xNextExpireTime + pxTimer->xTimerPeriodInTicks );
 916:Middlewares/Third_Party/FreeRTOS/Source/timers.c **** 			if( xReloadTime > xNextExpireTime )
 917:Middlewares/Third_Party/FreeRTOS/Source/timers.c **** 			{
 918:Middlewares/Third_Party/FreeRTOS/Source/timers.c **** 				listSET_LIST_ITEM_VALUE( &( pxTimer->xTimerListItem ), xReloadTime );
 919:Middlewares/Third_Party/FreeRTOS/Source/timers.c **** 				listSET_LIST_ITEM_OWNER( &( pxTimer->xTimerListItem ), pxTimer );
 920:Middlewares/Third_Party/FreeRTOS/Source/timers.c **** 				vListInsert( pxCurrentTimerList, &( pxTimer->xTimerListItem ) );
 921:Middlewares/Third_Party/FreeRTOS/Source/timers.c **** 			}
 922:Middlewares/Third_Party/FreeRTOS/Source/timers.c **** 			else
 923:Middlewares/Third_Party/FreeRTOS/Source/timers.c **** 			{
 924:Middlewares/Third_Party/FreeRTOS/Source/timers.c **** 				xResult = xTimerGenericCommand( pxTimer, tmrCOMMAND_START_DONT_TRACE, xNextExpireTime, NULL, tm
 925:Middlewares/Third_Party/FreeRTOS/Source/timers.c **** 				configASSERT( xResult );
 926:Middlewares/Third_Party/FreeRTOS/Source/timers.c **** 				( void ) xResult;
 927:Middlewares/Third_Party/FreeRTOS/Source/timers.c **** 			}
 928:Middlewares/Third_Party/FreeRTOS/Source/timers.c **** 		}
 929:Middlewares/Third_Party/FreeRTOS/Source/timers.c **** 		else
 930:Middlewares/Third_Party/FreeRTOS/Source/timers.c **** 		{
 931:Middlewares/Third_Party/FreeRTOS/Source/timers.c **** 			mtCOVERAGE_TEST_MARKER();
 932:Middlewares/Third_Party/FreeRTOS/Source/timers.c **** 		}
 933:Middlewares/Third_Party/FreeRTOS/Source/timers.c **** 	}
 934:Middlewares/Third_Party/FreeRTOS/Source/timers.c **** 
 935:Middlewares/Third_Party/FreeRTOS/Source/timers.c **** 	pxTemp = pxCurrentTimerList;
 936:Middlewares/Third_Party/FreeRTOS/Source/timers.c **** 	pxCurrentTimerList = pxOverflowTimerList;
 937:Middlewares/Third_Party/FreeRTOS/Source/timers.c **** 	pxOverflowTimerList = pxTemp;
 938:Middlewares/Third_Party/FreeRTOS/Source/timers.c **** }
 939:Middlewares/Third_Party/FreeRTOS/Source/timers.c **** /*-----------------------------------------------------------*/
ARM GAS  /tmp/ccWdpFxl.s 			page 21


 940:Middlewares/Third_Party/FreeRTOS/Source/timers.c **** 
 941:Middlewares/Third_Party/FreeRTOS/Source/timers.c **** static void prvCheckForValidListAndQueue( void )
 942:Middlewares/Third_Party/FreeRTOS/Source/timers.c **** {
 190              		.loc 1 942 1 is_stmt 1 view -0
 191              		.cfi_startproc
 192              		@ args = 0, pretend = 0, frame = 0
 193              		@ frame_needed = 0, uses_anonymous_args = 0
 194 0000 30B5     		push	{r4, r5, lr}
 195              	.LCFI1:
 196              		.cfi_def_cfa_offset 12
 197              		.cfi_offset 4, -12
 198              		.cfi_offset 5, -8
 199              		.cfi_offset 14, -4
 200 0002 83B0     		sub	sp, sp, #12
 201              	.LCFI2:
 202              		.cfi_def_cfa_offset 24
 943:Middlewares/Third_Party/FreeRTOS/Source/timers.c **** 	/* Check that the list from which active timers are referenced, and the
 944:Middlewares/Third_Party/FreeRTOS/Source/timers.c **** 	queue used to communicate with the timer service, have been
 945:Middlewares/Third_Party/FreeRTOS/Source/timers.c **** 	initialised. */
 946:Middlewares/Third_Party/FreeRTOS/Source/timers.c **** 	taskENTER_CRITICAL();
 203              		.loc 1 946 2 view .LVU44
 204 0004 FFF7FEFF 		bl	vPortEnterCritical
 205              	.LVL20:
 947:Middlewares/Third_Party/FreeRTOS/Source/timers.c **** 	{
 948:Middlewares/Third_Party/FreeRTOS/Source/timers.c **** 		if( xTimerQueue == NULL )
 206              		.loc 1 948 3 view .LVU45
 207              		.loc 1 948 19 is_stmt 0 view .LVU46
 208 0008 114B     		ldr	r3, .L22
 209 000a 1B68     		ldr	r3, [r3]
 210              		.loc 1 948 5 view .LVU47
 211 000c 1BB1     		cbz	r3, .L21
 212              	.L19:
 949:Middlewares/Third_Party/FreeRTOS/Source/timers.c **** 		{
 950:Middlewares/Third_Party/FreeRTOS/Source/timers.c **** 			vListInitialise( &xActiveTimerList1 );
 951:Middlewares/Third_Party/FreeRTOS/Source/timers.c **** 			vListInitialise( &xActiveTimerList2 );
 952:Middlewares/Third_Party/FreeRTOS/Source/timers.c **** 			pxCurrentTimerList = &xActiveTimerList1;
 953:Middlewares/Third_Party/FreeRTOS/Source/timers.c **** 			pxOverflowTimerList = &xActiveTimerList2;
 954:Middlewares/Third_Party/FreeRTOS/Source/timers.c **** 
 955:Middlewares/Third_Party/FreeRTOS/Source/timers.c **** 			#if( configSUPPORT_STATIC_ALLOCATION == 1 )
 956:Middlewares/Third_Party/FreeRTOS/Source/timers.c **** 			{
 957:Middlewares/Third_Party/FreeRTOS/Source/timers.c **** 				/* The timer queue is allocated statically in case
 958:Middlewares/Third_Party/FreeRTOS/Source/timers.c **** 				configSUPPORT_DYNAMIC_ALLOCATION is 0. */
 959:Middlewares/Third_Party/FreeRTOS/Source/timers.c **** 				static StaticQueue_t xStaticTimerQueue; /*lint !e956 Ok to declare in this manner to prevent ad
 960:Middlewares/Third_Party/FreeRTOS/Source/timers.c **** 				static uint8_t ucStaticTimerQueueStorage[ ( size_t ) configTIMER_QUEUE_LENGTH * sizeof( DaemonT
 961:Middlewares/Third_Party/FreeRTOS/Source/timers.c **** 
 962:Middlewares/Third_Party/FreeRTOS/Source/timers.c **** 				xTimerQueue = xQueueCreateStatic( ( UBaseType_t ) configTIMER_QUEUE_LENGTH, ( UBaseType_t ) siz
 963:Middlewares/Third_Party/FreeRTOS/Source/timers.c **** 			}
 964:Middlewares/Third_Party/FreeRTOS/Source/timers.c **** 			#else
 965:Middlewares/Third_Party/FreeRTOS/Source/timers.c **** 			{
 966:Middlewares/Third_Party/FreeRTOS/Source/timers.c **** 				xTimerQueue = xQueueCreate( ( UBaseType_t ) configTIMER_QUEUE_LENGTH, sizeof( DaemonTaskMessage
 967:Middlewares/Third_Party/FreeRTOS/Source/timers.c **** 			}
 968:Middlewares/Third_Party/FreeRTOS/Source/timers.c **** 			#endif
 969:Middlewares/Third_Party/FreeRTOS/Source/timers.c **** 
 970:Middlewares/Third_Party/FreeRTOS/Source/timers.c **** 			#if ( configQUEUE_REGISTRY_SIZE > 0 )
 971:Middlewares/Third_Party/FreeRTOS/Source/timers.c **** 			{
 972:Middlewares/Third_Party/FreeRTOS/Source/timers.c **** 				if( xTimerQueue != NULL )
 973:Middlewares/Third_Party/FreeRTOS/Source/timers.c **** 				{
ARM GAS  /tmp/ccWdpFxl.s 			page 22


 974:Middlewares/Third_Party/FreeRTOS/Source/timers.c **** 					vQueueAddToRegistry( xTimerQueue, "TmrQ" );
 975:Middlewares/Third_Party/FreeRTOS/Source/timers.c **** 				}
 976:Middlewares/Third_Party/FreeRTOS/Source/timers.c **** 				else
 977:Middlewares/Third_Party/FreeRTOS/Source/timers.c **** 				{
 978:Middlewares/Third_Party/FreeRTOS/Source/timers.c **** 					mtCOVERAGE_TEST_MARKER();
 979:Middlewares/Third_Party/FreeRTOS/Source/timers.c **** 				}
 980:Middlewares/Third_Party/FreeRTOS/Source/timers.c **** 			}
 981:Middlewares/Third_Party/FreeRTOS/Source/timers.c **** 			#endif /* configQUEUE_REGISTRY_SIZE */
 982:Middlewares/Third_Party/FreeRTOS/Source/timers.c **** 		}
 983:Middlewares/Third_Party/FreeRTOS/Source/timers.c **** 		else
 984:Middlewares/Third_Party/FreeRTOS/Source/timers.c **** 		{
 985:Middlewares/Third_Party/FreeRTOS/Source/timers.c **** 			mtCOVERAGE_TEST_MARKER();
 213              		.loc 1 985 28 is_stmt 1 view .LVU48
 986:Middlewares/Third_Party/FreeRTOS/Source/timers.c **** 		}
 987:Middlewares/Third_Party/FreeRTOS/Source/timers.c **** 	}
 988:Middlewares/Third_Party/FreeRTOS/Source/timers.c **** 	taskEXIT_CRITICAL();
 214              		.loc 1 988 2 view .LVU49
 215 000e FFF7FEFF 		bl	vPortExitCritical
 216              	.LVL21:
 989:Middlewares/Third_Party/FreeRTOS/Source/timers.c **** }
 217              		.loc 1 989 1 is_stmt 0 view .LVU50
 218 0012 03B0     		add	sp, sp, #12
 219              	.LCFI3:
 220              		.cfi_remember_state
 221              		.cfi_def_cfa_offset 12
 222              		@ sp needed
 223 0014 30BD     		pop	{r4, r5, pc}
 224              	.L21:
 225              	.LCFI4:
 226              		.cfi_restore_state
 950:Middlewares/Third_Party/FreeRTOS/Source/timers.c **** 			vListInitialise( &xActiveTimerList2 );
 227              		.loc 1 950 4 is_stmt 1 view .LVU51
 228 0016 0F4D     		ldr	r5, .L22+4
 229 0018 2846     		mov	r0, r5
 230 001a FFF7FEFF 		bl	vListInitialise
 231              	.LVL22:
 951:Middlewares/Third_Party/FreeRTOS/Source/timers.c **** 			pxCurrentTimerList = &xActiveTimerList1;
 232              		.loc 1 951 4 view .LVU52
 233 001e 0E4C     		ldr	r4, .L22+8
 234 0020 2046     		mov	r0, r4
 235 0022 FFF7FEFF 		bl	vListInitialise
 236              	.LVL23:
 952:Middlewares/Third_Party/FreeRTOS/Source/timers.c **** 			pxOverflowTimerList = &xActiveTimerList2;
 237              		.loc 1 952 4 view .LVU53
 952:Middlewares/Third_Party/FreeRTOS/Source/timers.c **** 			pxOverflowTimerList = &xActiveTimerList2;
 238              		.loc 1 952 23 is_stmt 0 view .LVU54
 239 0026 0D4B     		ldr	r3, .L22+12
 240 0028 1D60     		str	r5, [r3]
 953:Middlewares/Third_Party/FreeRTOS/Source/timers.c **** 
 241              		.loc 1 953 4 is_stmt 1 view .LVU55
 953:Middlewares/Third_Party/FreeRTOS/Source/timers.c **** 
 242              		.loc 1 953 24 is_stmt 0 view .LVU56
 243 002a 0D4B     		ldr	r3, .L22+16
 244 002c 1C60     		str	r4, [r3]
 245              	.LBB45:
 959:Middlewares/Third_Party/FreeRTOS/Source/timers.c **** 				static uint8_t ucStaticTimerQueueStorage[ ( size_t ) configTIMER_QUEUE_LENGTH * sizeof( DaemonT
 246              		.loc 1 959 5 is_stmt 1 view .LVU57
ARM GAS  /tmp/ccWdpFxl.s 			page 23


 960:Middlewares/Third_Party/FreeRTOS/Source/timers.c **** 
 247              		.loc 1 960 5 view .LVU58
 962:Middlewares/Third_Party/FreeRTOS/Source/timers.c **** 			}
 248              		.loc 1 962 5 view .LVU59
 962:Middlewares/Third_Party/FreeRTOS/Source/timers.c **** 			}
 249              		.loc 1 962 19 is_stmt 0 view .LVU60
 250 002e 0023     		movs	r3, #0
 251 0030 0093     		str	r3, [sp]
 252 0032 0C4B     		ldr	r3, .L22+20
 253 0034 0C4A     		ldr	r2, .L22+24
 254 0036 1021     		movs	r1, #16
 255 0038 0A20     		movs	r0, #10
 256 003a FFF7FEFF 		bl	xQueueGenericCreateStatic
 257              	.LVL24:
 962:Middlewares/Third_Party/FreeRTOS/Source/timers.c **** 			}
 258              		.loc 1 962 17 view .LVU61
 259 003e 044B     		ldr	r3, .L22
 260 0040 1860     		str	r0, [r3]
 261              	.LBE45:
 972:Middlewares/Third_Party/FreeRTOS/Source/timers.c **** 				{
 262              		.loc 1 972 5 is_stmt 1 view .LVU62
 972:Middlewares/Third_Party/FreeRTOS/Source/timers.c **** 				{
 263              		.loc 1 972 7 is_stmt 0 view .LVU63
 264 0042 0028     		cmp	r0, #0
 265 0044 E3D0     		beq	.L19
 974:Middlewares/Third_Party/FreeRTOS/Source/timers.c **** 				}
 266              		.loc 1 974 6 is_stmt 1 view .LVU64
 267 0046 0949     		ldr	r1, .L22+28
 268 0048 FFF7FEFF 		bl	vQueueAddToRegistry
 269              	.LVL25:
 270 004c DFE7     		b	.L19
 271              	.L23:
 272 004e 00BF     		.align	2
 273              	.L22:
 274 0050 00000000 		.word	.LANCHOR2
 275 0054 00000000 		.word	.LANCHOR3
 276 0058 00000000 		.word	.LANCHOR4
 277 005c 00000000 		.word	.LANCHOR0
 278 0060 00000000 		.word	.LANCHOR1
 279 0064 00000000 		.word	.LANCHOR5
 280 0068 00000000 		.word	.LANCHOR6
 281 006c 00000000 		.word	.LC0
 282              		.cfi_endproc
 283              	.LFE23:
 285              		.section	.text.prvInitialiseNewTimer,"ax",%progbits
 286              		.align	1
 287              		.syntax unified
 288              		.thumb
 289              		.thumb_func
 290              		.fpu fpv4-sp-d16
 292              	prvInitialiseNewTimer:
 293              	.LVL26:
 294              	.LFB7:
 355:Middlewares/Third_Party/FreeRTOS/Source/timers.c **** 	/* 0 is not a valid value for xTimerPeriodInTicks. */
 295              		.loc 1 355 1 view -0
 296              		.cfi_startproc
 297              		@ args = 8, pretend = 0, frame = 0
ARM GAS  /tmp/ccWdpFxl.s 			page 24


 298              		@ frame_needed = 0, uses_anonymous_args = 0
 355:Middlewares/Third_Party/FreeRTOS/Source/timers.c **** 	/* 0 is not a valid value for xTimerPeriodInTicks. */
 299              		.loc 1 355 1 is_stmt 0 view .LVU66
 300 0000 2DE9F041 		push	{r4, r5, r6, r7, r8, lr}
 301              	.LCFI5:
 302              		.cfi_def_cfa_offset 24
 303              		.cfi_offset 4, -24
 304              		.cfi_offset 5, -20
 305              		.cfi_offset 6, -16
 306              		.cfi_offset 7, -12
 307              		.cfi_offset 8, -8
 308              		.cfi_offset 14, -4
 309 0004 079F     		ldr	r7, [sp, #28]
 357:Middlewares/Third_Party/FreeRTOS/Source/timers.c **** 
 310              		.loc 1 357 2 is_stmt 1 view .LVU67
 311 0006 41B9     		cbnz	r1, .L25
 357:Middlewares/Third_Party/FreeRTOS/Source/timers.c **** 
 312              		.loc 1 357 2 view .LVU68
 313              	.LBB46:
 314              	.LBI46:
 315              		.file 2 "Middlewares/Third_Party/FreeRTOS/Source/portable/GCC/ARM_CM4F/portmacro.h"
   1:Middlewares/Third_Party/FreeRTOS/Source/portable/GCC/ARM_CM4F/portmacro.h **** /*
   2:Middlewares/Third_Party/FreeRTOS/Source/portable/GCC/ARM_CM4F/portmacro.h ****  * FreeRTOS Kernel V10.3.1
   3:Middlewares/Third_Party/FreeRTOS/Source/portable/GCC/ARM_CM4F/portmacro.h ****  * Copyright (C) 2020 Amazon.com, Inc. or its affiliates.  All Rights Reserved.
   4:Middlewares/Third_Party/FreeRTOS/Source/portable/GCC/ARM_CM4F/portmacro.h ****  *
   5:Middlewares/Third_Party/FreeRTOS/Source/portable/GCC/ARM_CM4F/portmacro.h ****  * Permission is hereby granted, free of charge, to any person obtaining a copy of
   6:Middlewares/Third_Party/FreeRTOS/Source/portable/GCC/ARM_CM4F/portmacro.h ****  * this software and associated documentation files (the "Software"), to deal in
   7:Middlewares/Third_Party/FreeRTOS/Source/portable/GCC/ARM_CM4F/portmacro.h ****  * the Software without restriction, including without limitation the rights to
   8:Middlewares/Third_Party/FreeRTOS/Source/portable/GCC/ARM_CM4F/portmacro.h ****  * use, copy, modify, merge, publish, distribute, sublicense, and/or sell copies of
   9:Middlewares/Third_Party/FreeRTOS/Source/portable/GCC/ARM_CM4F/portmacro.h ****  * the Software, and to permit persons to whom the Software is furnished to do so,
  10:Middlewares/Third_Party/FreeRTOS/Source/portable/GCC/ARM_CM4F/portmacro.h ****  * subject to the following conditions:
  11:Middlewares/Third_Party/FreeRTOS/Source/portable/GCC/ARM_CM4F/portmacro.h ****  *
  12:Middlewares/Third_Party/FreeRTOS/Source/portable/GCC/ARM_CM4F/portmacro.h ****  * The above copyright notice and this permission notice shall be included in all
  13:Middlewares/Third_Party/FreeRTOS/Source/portable/GCC/ARM_CM4F/portmacro.h ****  * copies or substantial portions of the Software.
  14:Middlewares/Third_Party/FreeRTOS/Source/portable/GCC/ARM_CM4F/portmacro.h ****  *
  15:Middlewares/Third_Party/FreeRTOS/Source/portable/GCC/ARM_CM4F/portmacro.h ****  * THE SOFTWARE IS PROVIDED "AS IS", WITHOUT WARRANTY OF ANY KIND, EXPRESS OR
  16:Middlewares/Third_Party/FreeRTOS/Source/portable/GCC/ARM_CM4F/portmacro.h ****  * IMPLIED, INCLUDING BUT NOT LIMITED TO THE WARRANTIES OF MERCHANTABILITY, FITNESS
  17:Middlewares/Third_Party/FreeRTOS/Source/portable/GCC/ARM_CM4F/portmacro.h ****  * FOR A PARTICULAR PURPOSE AND NONINFRINGEMENT. IN NO EVENT SHALL THE AUTHORS OR
  18:Middlewares/Third_Party/FreeRTOS/Source/portable/GCC/ARM_CM4F/portmacro.h ****  * COPYRIGHT HOLDERS BE LIABLE FOR ANY CLAIM, DAMAGES OR OTHER LIABILITY, WHETHER
  19:Middlewares/Third_Party/FreeRTOS/Source/portable/GCC/ARM_CM4F/portmacro.h ****  * IN AN ACTION OF CONTRACT, TORT OR OTHERWISE, ARISING FROM, OUT OF OR IN
  20:Middlewares/Third_Party/FreeRTOS/Source/portable/GCC/ARM_CM4F/portmacro.h ****  * CONNECTION WITH THE SOFTWARE OR THE USE OR OTHER DEALINGS IN THE SOFTWARE.
  21:Middlewares/Third_Party/FreeRTOS/Source/portable/GCC/ARM_CM4F/portmacro.h ****  *
  22:Middlewares/Third_Party/FreeRTOS/Source/portable/GCC/ARM_CM4F/portmacro.h ****  * http://www.FreeRTOS.org
  23:Middlewares/Third_Party/FreeRTOS/Source/portable/GCC/ARM_CM4F/portmacro.h ****  * http://aws.amazon.com/freertos
  24:Middlewares/Third_Party/FreeRTOS/Source/portable/GCC/ARM_CM4F/portmacro.h ****  *
  25:Middlewares/Third_Party/FreeRTOS/Source/portable/GCC/ARM_CM4F/portmacro.h ****  * 1 tab == 4 spaces!
  26:Middlewares/Third_Party/FreeRTOS/Source/portable/GCC/ARM_CM4F/portmacro.h ****  */
  27:Middlewares/Third_Party/FreeRTOS/Source/portable/GCC/ARM_CM4F/portmacro.h **** 
  28:Middlewares/Third_Party/FreeRTOS/Source/portable/GCC/ARM_CM4F/portmacro.h **** 
  29:Middlewares/Third_Party/FreeRTOS/Source/portable/GCC/ARM_CM4F/portmacro.h **** #ifndef PORTMACRO_H
  30:Middlewares/Third_Party/FreeRTOS/Source/portable/GCC/ARM_CM4F/portmacro.h **** #define PORTMACRO_H
  31:Middlewares/Third_Party/FreeRTOS/Source/portable/GCC/ARM_CM4F/portmacro.h **** 
  32:Middlewares/Third_Party/FreeRTOS/Source/portable/GCC/ARM_CM4F/portmacro.h **** #ifdef __cplusplus
  33:Middlewares/Third_Party/FreeRTOS/Source/portable/GCC/ARM_CM4F/portmacro.h **** extern "C" {
  34:Middlewares/Third_Party/FreeRTOS/Source/portable/GCC/ARM_CM4F/portmacro.h **** #endif
  35:Middlewares/Third_Party/FreeRTOS/Source/portable/GCC/ARM_CM4F/portmacro.h **** 
  36:Middlewares/Third_Party/FreeRTOS/Source/portable/GCC/ARM_CM4F/portmacro.h **** /*-----------------------------------------------------------
ARM GAS  /tmp/ccWdpFxl.s 			page 25


  37:Middlewares/Third_Party/FreeRTOS/Source/portable/GCC/ARM_CM4F/portmacro.h ****  * Port specific definitions.
  38:Middlewares/Third_Party/FreeRTOS/Source/portable/GCC/ARM_CM4F/portmacro.h ****  *
  39:Middlewares/Third_Party/FreeRTOS/Source/portable/GCC/ARM_CM4F/portmacro.h ****  * The settings in this file configure FreeRTOS correctly for the
  40:Middlewares/Third_Party/FreeRTOS/Source/portable/GCC/ARM_CM4F/portmacro.h ****  * given hardware and compiler.
  41:Middlewares/Third_Party/FreeRTOS/Source/portable/GCC/ARM_CM4F/portmacro.h ****  *
  42:Middlewares/Third_Party/FreeRTOS/Source/portable/GCC/ARM_CM4F/portmacro.h ****  * These settings should not be altered.
  43:Middlewares/Third_Party/FreeRTOS/Source/portable/GCC/ARM_CM4F/portmacro.h ****  *-----------------------------------------------------------
  44:Middlewares/Third_Party/FreeRTOS/Source/portable/GCC/ARM_CM4F/portmacro.h ****  */
  45:Middlewares/Third_Party/FreeRTOS/Source/portable/GCC/ARM_CM4F/portmacro.h **** 
  46:Middlewares/Third_Party/FreeRTOS/Source/portable/GCC/ARM_CM4F/portmacro.h **** /* Type definitions. */
  47:Middlewares/Third_Party/FreeRTOS/Source/portable/GCC/ARM_CM4F/portmacro.h **** #define portCHAR		char
  48:Middlewares/Third_Party/FreeRTOS/Source/portable/GCC/ARM_CM4F/portmacro.h **** #define portFLOAT		float
  49:Middlewares/Third_Party/FreeRTOS/Source/portable/GCC/ARM_CM4F/portmacro.h **** #define portDOUBLE		double
  50:Middlewares/Third_Party/FreeRTOS/Source/portable/GCC/ARM_CM4F/portmacro.h **** #define portLONG		long
  51:Middlewares/Third_Party/FreeRTOS/Source/portable/GCC/ARM_CM4F/portmacro.h **** #define portSHORT		short
  52:Middlewares/Third_Party/FreeRTOS/Source/portable/GCC/ARM_CM4F/portmacro.h **** #define portSTACK_TYPE	uint32_t
  53:Middlewares/Third_Party/FreeRTOS/Source/portable/GCC/ARM_CM4F/portmacro.h **** #define portBASE_TYPE	long
  54:Middlewares/Third_Party/FreeRTOS/Source/portable/GCC/ARM_CM4F/portmacro.h **** 
  55:Middlewares/Third_Party/FreeRTOS/Source/portable/GCC/ARM_CM4F/portmacro.h **** typedef portSTACK_TYPE StackType_t;
  56:Middlewares/Third_Party/FreeRTOS/Source/portable/GCC/ARM_CM4F/portmacro.h **** typedef long BaseType_t;
  57:Middlewares/Third_Party/FreeRTOS/Source/portable/GCC/ARM_CM4F/portmacro.h **** typedef unsigned long UBaseType_t;
  58:Middlewares/Third_Party/FreeRTOS/Source/portable/GCC/ARM_CM4F/portmacro.h **** 
  59:Middlewares/Third_Party/FreeRTOS/Source/portable/GCC/ARM_CM4F/portmacro.h **** #if( configUSE_16_BIT_TICKS == 1 )
  60:Middlewares/Third_Party/FreeRTOS/Source/portable/GCC/ARM_CM4F/portmacro.h **** 	typedef uint16_t TickType_t;
  61:Middlewares/Third_Party/FreeRTOS/Source/portable/GCC/ARM_CM4F/portmacro.h **** 	#define portMAX_DELAY ( TickType_t ) 0xffff
  62:Middlewares/Third_Party/FreeRTOS/Source/portable/GCC/ARM_CM4F/portmacro.h **** #else
  63:Middlewares/Third_Party/FreeRTOS/Source/portable/GCC/ARM_CM4F/portmacro.h **** 	typedef uint32_t TickType_t;
  64:Middlewares/Third_Party/FreeRTOS/Source/portable/GCC/ARM_CM4F/portmacro.h **** 	#define portMAX_DELAY ( TickType_t ) 0xffffffffUL
  65:Middlewares/Third_Party/FreeRTOS/Source/portable/GCC/ARM_CM4F/portmacro.h **** 
  66:Middlewares/Third_Party/FreeRTOS/Source/portable/GCC/ARM_CM4F/portmacro.h **** 	/* 32-bit tick type on a 32-bit architecture, so reads of the tick count do
  67:Middlewares/Third_Party/FreeRTOS/Source/portable/GCC/ARM_CM4F/portmacro.h **** 	not need to be guarded with a critical section. */
  68:Middlewares/Third_Party/FreeRTOS/Source/portable/GCC/ARM_CM4F/portmacro.h **** 	#define portTICK_TYPE_IS_ATOMIC 1
  69:Middlewares/Third_Party/FreeRTOS/Source/portable/GCC/ARM_CM4F/portmacro.h **** #endif
  70:Middlewares/Third_Party/FreeRTOS/Source/portable/GCC/ARM_CM4F/portmacro.h **** /*-----------------------------------------------------------*/
  71:Middlewares/Third_Party/FreeRTOS/Source/portable/GCC/ARM_CM4F/portmacro.h **** 
  72:Middlewares/Third_Party/FreeRTOS/Source/portable/GCC/ARM_CM4F/portmacro.h **** /* Architecture specifics. */
  73:Middlewares/Third_Party/FreeRTOS/Source/portable/GCC/ARM_CM4F/portmacro.h **** #define portSTACK_GROWTH			( -1 )
  74:Middlewares/Third_Party/FreeRTOS/Source/portable/GCC/ARM_CM4F/portmacro.h **** #define portTICK_PERIOD_MS			( ( TickType_t ) 1000 / configTICK_RATE_HZ )
  75:Middlewares/Third_Party/FreeRTOS/Source/portable/GCC/ARM_CM4F/portmacro.h **** #define portBYTE_ALIGNMENT			8
  76:Middlewares/Third_Party/FreeRTOS/Source/portable/GCC/ARM_CM4F/portmacro.h **** /*-----------------------------------------------------------*/
  77:Middlewares/Third_Party/FreeRTOS/Source/portable/GCC/ARM_CM4F/portmacro.h **** 
  78:Middlewares/Third_Party/FreeRTOS/Source/portable/GCC/ARM_CM4F/portmacro.h **** /* Scheduler utilities. */
  79:Middlewares/Third_Party/FreeRTOS/Source/portable/GCC/ARM_CM4F/portmacro.h **** #define portYIELD() 															\
  80:Middlewares/Third_Party/FreeRTOS/Source/portable/GCC/ARM_CM4F/portmacro.h **** {																				\
  81:Middlewares/Third_Party/FreeRTOS/Source/portable/GCC/ARM_CM4F/portmacro.h **** 	/* Set a PendSV to request a context switch. */								\
  82:Middlewares/Third_Party/FreeRTOS/Source/portable/GCC/ARM_CM4F/portmacro.h **** 	portNVIC_INT_CTRL_REG = portNVIC_PENDSVSET_BIT;								\
  83:Middlewares/Third_Party/FreeRTOS/Source/portable/GCC/ARM_CM4F/portmacro.h **** 																				\
  84:Middlewares/Third_Party/FreeRTOS/Source/portable/GCC/ARM_CM4F/portmacro.h **** 	/* Barriers are normally not required but do ensure the code is completely	\
  85:Middlewares/Third_Party/FreeRTOS/Source/portable/GCC/ARM_CM4F/portmacro.h **** 	within the specified behaviour for the architecture. */						\
  86:Middlewares/Third_Party/FreeRTOS/Source/portable/GCC/ARM_CM4F/portmacro.h **** 	__asm volatile( "dsb" ::: "memory" );										\
  87:Middlewares/Third_Party/FreeRTOS/Source/portable/GCC/ARM_CM4F/portmacro.h **** 	__asm volatile( "isb" );													\
  88:Middlewares/Third_Party/FreeRTOS/Source/portable/GCC/ARM_CM4F/portmacro.h **** }
  89:Middlewares/Third_Party/FreeRTOS/Source/portable/GCC/ARM_CM4F/portmacro.h **** 
  90:Middlewares/Third_Party/FreeRTOS/Source/portable/GCC/ARM_CM4F/portmacro.h **** #define portNVIC_INT_CTRL_REG		( * ( ( volatile uint32_t * ) 0xe000ed04 ) )
  91:Middlewares/Third_Party/FreeRTOS/Source/portable/GCC/ARM_CM4F/portmacro.h **** #define portNVIC_PENDSVSET_BIT		( 1UL << 28UL )
  92:Middlewares/Third_Party/FreeRTOS/Source/portable/GCC/ARM_CM4F/portmacro.h **** #define portEND_SWITCHING_ISR( xSwitchRequired ) if( xSwitchRequired != pdFALSE ) portYIELD()
  93:Middlewares/Third_Party/FreeRTOS/Source/portable/GCC/ARM_CM4F/portmacro.h **** #define portYIELD_FROM_ISR( x ) portEND_SWITCHING_ISR( x )
ARM GAS  /tmp/ccWdpFxl.s 			page 26


  94:Middlewares/Third_Party/FreeRTOS/Source/portable/GCC/ARM_CM4F/portmacro.h **** /*-----------------------------------------------------------*/
  95:Middlewares/Third_Party/FreeRTOS/Source/portable/GCC/ARM_CM4F/portmacro.h **** 
  96:Middlewares/Third_Party/FreeRTOS/Source/portable/GCC/ARM_CM4F/portmacro.h **** /* Critical section management. */
  97:Middlewares/Third_Party/FreeRTOS/Source/portable/GCC/ARM_CM4F/portmacro.h **** extern void vPortEnterCritical( void );
  98:Middlewares/Third_Party/FreeRTOS/Source/portable/GCC/ARM_CM4F/portmacro.h **** extern void vPortExitCritical( void );
  99:Middlewares/Third_Party/FreeRTOS/Source/portable/GCC/ARM_CM4F/portmacro.h **** #define portSET_INTERRUPT_MASK_FROM_ISR()		ulPortRaiseBASEPRI()
 100:Middlewares/Third_Party/FreeRTOS/Source/portable/GCC/ARM_CM4F/portmacro.h **** #define portCLEAR_INTERRUPT_MASK_FROM_ISR(x)	vPortSetBASEPRI(x)
 101:Middlewares/Third_Party/FreeRTOS/Source/portable/GCC/ARM_CM4F/portmacro.h **** #define portDISABLE_INTERRUPTS()				vPortRaiseBASEPRI()
 102:Middlewares/Third_Party/FreeRTOS/Source/portable/GCC/ARM_CM4F/portmacro.h **** #define portENABLE_INTERRUPTS()					vPortSetBASEPRI(0)
 103:Middlewares/Third_Party/FreeRTOS/Source/portable/GCC/ARM_CM4F/portmacro.h **** #define portENTER_CRITICAL()					vPortEnterCritical()
 104:Middlewares/Third_Party/FreeRTOS/Source/portable/GCC/ARM_CM4F/portmacro.h **** #define portEXIT_CRITICAL()						vPortExitCritical()
 105:Middlewares/Third_Party/FreeRTOS/Source/portable/GCC/ARM_CM4F/portmacro.h **** 
 106:Middlewares/Third_Party/FreeRTOS/Source/portable/GCC/ARM_CM4F/portmacro.h **** /*-----------------------------------------------------------*/
 107:Middlewares/Third_Party/FreeRTOS/Source/portable/GCC/ARM_CM4F/portmacro.h **** 
 108:Middlewares/Third_Party/FreeRTOS/Source/portable/GCC/ARM_CM4F/portmacro.h **** /* Task function macros as described on the FreeRTOS.org WEB site.  These are
 109:Middlewares/Third_Party/FreeRTOS/Source/portable/GCC/ARM_CM4F/portmacro.h **** not necessary for to use this port.  They are defined so the common demo files
 110:Middlewares/Third_Party/FreeRTOS/Source/portable/GCC/ARM_CM4F/portmacro.h **** (which build with all the ports) will build. */
 111:Middlewares/Third_Party/FreeRTOS/Source/portable/GCC/ARM_CM4F/portmacro.h **** #define portTASK_FUNCTION_PROTO( vFunction, pvParameters ) void vFunction( void *pvParameters )
 112:Middlewares/Third_Party/FreeRTOS/Source/portable/GCC/ARM_CM4F/portmacro.h **** #define portTASK_FUNCTION( vFunction, pvParameters ) void vFunction( void *pvParameters )
 113:Middlewares/Third_Party/FreeRTOS/Source/portable/GCC/ARM_CM4F/portmacro.h **** /*-----------------------------------------------------------*/
 114:Middlewares/Third_Party/FreeRTOS/Source/portable/GCC/ARM_CM4F/portmacro.h **** 
 115:Middlewares/Third_Party/FreeRTOS/Source/portable/GCC/ARM_CM4F/portmacro.h **** /* Tickless idle/low power functionality. */
 116:Middlewares/Third_Party/FreeRTOS/Source/portable/GCC/ARM_CM4F/portmacro.h **** #ifndef portSUPPRESS_TICKS_AND_SLEEP
 117:Middlewares/Third_Party/FreeRTOS/Source/portable/GCC/ARM_CM4F/portmacro.h **** 	extern void vPortSuppressTicksAndSleep( TickType_t xExpectedIdleTime );
 118:Middlewares/Third_Party/FreeRTOS/Source/portable/GCC/ARM_CM4F/portmacro.h **** 	#define portSUPPRESS_TICKS_AND_SLEEP( xExpectedIdleTime ) vPortSuppressTicksAndSleep( xExpectedIdl
 119:Middlewares/Third_Party/FreeRTOS/Source/portable/GCC/ARM_CM4F/portmacro.h **** #endif
 120:Middlewares/Third_Party/FreeRTOS/Source/portable/GCC/ARM_CM4F/portmacro.h **** /*-----------------------------------------------------------*/
 121:Middlewares/Third_Party/FreeRTOS/Source/portable/GCC/ARM_CM4F/portmacro.h **** 
 122:Middlewares/Third_Party/FreeRTOS/Source/portable/GCC/ARM_CM4F/portmacro.h **** /* Architecture specific optimisations. */
 123:Middlewares/Third_Party/FreeRTOS/Source/portable/GCC/ARM_CM4F/portmacro.h **** #ifndef configUSE_PORT_OPTIMISED_TASK_SELECTION
 124:Middlewares/Third_Party/FreeRTOS/Source/portable/GCC/ARM_CM4F/portmacro.h **** 	#define configUSE_PORT_OPTIMISED_TASK_SELECTION 1
 125:Middlewares/Third_Party/FreeRTOS/Source/portable/GCC/ARM_CM4F/portmacro.h **** #endif
 126:Middlewares/Third_Party/FreeRTOS/Source/portable/GCC/ARM_CM4F/portmacro.h **** 
 127:Middlewares/Third_Party/FreeRTOS/Source/portable/GCC/ARM_CM4F/portmacro.h **** #if configUSE_PORT_OPTIMISED_TASK_SELECTION == 1
 128:Middlewares/Third_Party/FreeRTOS/Source/portable/GCC/ARM_CM4F/portmacro.h **** 
 129:Middlewares/Third_Party/FreeRTOS/Source/portable/GCC/ARM_CM4F/portmacro.h **** 	/* Generic helper function. */
 130:Middlewares/Third_Party/FreeRTOS/Source/portable/GCC/ARM_CM4F/portmacro.h **** 	__attribute__( ( always_inline ) ) static inline uint8_t ucPortCountLeadingZeros( uint32_t ulBitma
 131:Middlewares/Third_Party/FreeRTOS/Source/portable/GCC/ARM_CM4F/portmacro.h **** 	{
 132:Middlewares/Third_Party/FreeRTOS/Source/portable/GCC/ARM_CM4F/portmacro.h **** 	uint8_t ucReturn;
 133:Middlewares/Third_Party/FreeRTOS/Source/portable/GCC/ARM_CM4F/portmacro.h **** 
 134:Middlewares/Third_Party/FreeRTOS/Source/portable/GCC/ARM_CM4F/portmacro.h **** 		__asm volatile ( "clz %0, %1" : "=r" ( ucReturn ) : "r" ( ulBitmap ) : "memory" );
 135:Middlewares/Third_Party/FreeRTOS/Source/portable/GCC/ARM_CM4F/portmacro.h **** 		return ucReturn;
 136:Middlewares/Third_Party/FreeRTOS/Source/portable/GCC/ARM_CM4F/portmacro.h **** 	}
 137:Middlewares/Third_Party/FreeRTOS/Source/portable/GCC/ARM_CM4F/portmacro.h **** 
 138:Middlewares/Third_Party/FreeRTOS/Source/portable/GCC/ARM_CM4F/portmacro.h **** 	/* Check the configuration. */
 139:Middlewares/Third_Party/FreeRTOS/Source/portable/GCC/ARM_CM4F/portmacro.h **** 	#if( configMAX_PRIORITIES > 32 )
 140:Middlewares/Third_Party/FreeRTOS/Source/portable/GCC/ARM_CM4F/portmacro.h **** 		#error configUSE_PORT_OPTIMISED_TASK_SELECTION can only be set to 1 when configMAX_PRIORITIES is 
 141:Middlewares/Third_Party/FreeRTOS/Source/portable/GCC/ARM_CM4F/portmacro.h **** 	#endif
 142:Middlewares/Third_Party/FreeRTOS/Source/portable/GCC/ARM_CM4F/portmacro.h **** 
 143:Middlewares/Third_Party/FreeRTOS/Source/portable/GCC/ARM_CM4F/portmacro.h **** 	/* Store/clear the ready priorities in a bit map. */
 144:Middlewares/Third_Party/FreeRTOS/Source/portable/GCC/ARM_CM4F/portmacro.h **** 	#define portRECORD_READY_PRIORITY( uxPriority, uxReadyPriorities ) ( uxReadyPriorities ) |= ( 1UL 
 145:Middlewares/Third_Party/FreeRTOS/Source/portable/GCC/ARM_CM4F/portmacro.h **** 	#define portRESET_READY_PRIORITY( uxPriority, uxReadyPriorities ) ( uxReadyPriorities ) &= ~( 1UL 
 146:Middlewares/Third_Party/FreeRTOS/Source/portable/GCC/ARM_CM4F/portmacro.h **** 
 147:Middlewares/Third_Party/FreeRTOS/Source/portable/GCC/ARM_CM4F/portmacro.h **** 	/*-----------------------------------------------------------*/
 148:Middlewares/Third_Party/FreeRTOS/Source/portable/GCC/ARM_CM4F/portmacro.h **** 
 149:Middlewares/Third_Party/FreeRTOS/Source/portable/GCC/ARM_CM4F/portmacro.h **** 	#define portGET_HIGHEST_PRIORITY( uxTopPriority, uxReadyPriorities ) uxTopPriority = ( 31UL - ( ui
 150:Middlewares/Third_Party/FreeRTOS/Source/portable/GCC/ARM_CM4F/portmacro.h **** 
ARM GAS  /tmp/ccWdpFxl.s 			page 27


 151:Middlewares/Third_Party/FreeRTOS/Source/portable/GCC/ARM_CM4F/portmacro.h **** #endif /* configUSE_PORT_OPTIMISED_TASK_SELECTION */
 152:Middlewares/Third_Party/FreeRTOS/Source/portable/GCC/ARM_CM4F/portmacro.h **** 
 153:Middlewares/Third_Party/FreeRTOS/Source/portable/GCC/ARM_CM4F/portmacro.h **** /*-----------------------------------------------------------*/
 154:Middlewares/Third_Party/FreeRTOS/Source/portable/GCC/ARM_CM4F/portmacro.h **** 
 155:Middlewares/Third_Party/FreeRTOS/Source/portable/GCC/ARM_CM4F/portmacro.h **** #ifdef configASSERT
 156:Middlewares/Third_Party/FreeRTOS/Source/portable/GCC/ARM_CM4F/portmacro.h **** 	void vPortValidateInterruptPriority( void );
 157:Middlewares/Third_Party/FreeRTOS/Source/portable/GCC/ARM_CM4F/portmacro.h **** 	#define portASSERT_IF_INTERRUPT_PRIORITY_INVALID() 	vPortValidateInterruptPriority()
 158:Middlewares/Third_Party/FreeRTOS/Source/portable/GCC/ARM_CM4F/portmacro.h **** #endif
 159:Middlewares/Third_Party/FreeRTOS/Source/portable/GCC/ARM_CM4F/portmacro.h **** 
 160:Middlewares/Third_Party/FreeRTOS/Source/portable/GCC/ARM_CM4F/portmacro.h **** /* portNOP() is not required by this port. */
 161:Middlewares/Third_Party/FreeRTOS/Source/portable/GCC/ARM_CM4F/portmacro.h **** #define portNOP()
 162:Middlewares/Third_Party/FreeRTOS/Source/portable/GCC/ARM_CM4F/portmacro.h **** 
 163:Middlewares/Third_Party/FreeRTOS/Source/portable/GCC/ARM_CM4F/portmacro.h **** #define portINLINE	__inline
 164:Middlewares/Third_Party/FreeRTOS/Source/portable/GCC/ARM_CM4F/portmacro.h **** 
 165:Middlewares/Third_Party/FreeRTOS/Source/portable/GCC/ARM_CM4F/portmacro.h **** #ifndef portFORCE_INLINE
 166:Middlewares/Third_Party/FreeRTOS/Source/portable/GCC/ARM_CM4F/portmacro.h **** 	#define portFORCE_INLINE inline __attribute__(( always_inline))
 167:Middlewares/Third_Party/FreeRTOS/Source/portable/GCC/ARM_CM4F/portmacro.h **** #endif
 168:Middlewares/Third_Party/FreeRTOS/Source/portable/GCC/ARM_CM4F/portmacro.h **** 
 169:Middlewares/Third_Party/FreeRTOS/Source/portable/GCC/ARM_CM4F/portmacro.h **** portFORCE_INLINE static BaseType_t xPortIsInsideInterrupt( void )
 170:Middlewares/Third_Party/FreeRTOS/Source/portable/GCC/ARM_CM4F/portmacro.h **** {
 171:Middlewares/Third_Party/FreeRTOS/Source/portable/GCC/ARM_CM4F/portmacro.h **** uint32_t ulCurrentInterrupt;
 172:Middlewares/Third_Party/FreeRTOS/Source/portable/GCC/ARM_CM4F/portmacro.h **** BaseType_t xReturn;
 173:Middlewares/Third_Party/FreeRTOS/Source/portable/GCC/ARM_CM4F/portmacro.h **** 
 174:Middlewares/Third_Party/FreeRTOS/Source/portable/GCC/ARM_CM4F/portmacro.h **** 	/* Obtain the number of the currently executing interrupt. */
 175:Middlewares/Third_Party/FreeRTOS/Source/portable/GCC/ARM_CM4F/portmacro.h **** 	__asm volatile( "mrs %0, ipsr" : "=r"( ulCurrentInterrupt ) :: "memory" );
 176:Middlewares/Third_Party/FreeRTOS/Source/portable/GCC/ARM_CM4F/portmacro.h **** 
 177:Middlewares/Third_Party/FreeRTOS/Source/portable/GCC/ARM_CM4F/portmacro.h **** 	if( ulCurrentInterrupt == 0 )
 178:Middlewares/Third_Party/FreeRTOS/Source/portable/GCC/ARM_CM4F/portmacro.h **** 	{
 179:Middlewares/Third_Party/FreeRTOS/Source/portable/GCC/ARM_CM4F/portmacro.h **** 		xReturn = pdFALSE;
 180:Middlewares/Third_Party/FreeRTOS/Source/portable/GCC/ARM_CM4F/portmacro.h **** 	}
 181:Middlewares/Third_Party/FreeRTOS/Source/portable/GCC/ARM_CM4F/portmacro.h **** 	else
 182:Middlewares/Third_Party/FreeRTOS/Source/portable/GCC/ARM_CM4F/portmacro.h **** 	{
 183:Middlewares/Third_Party/FreeRTOS/Source/portable/GCC/ARM_CM4F/portmacro.h **** 		xReturn = pdTRUE;
 184:Middlewares/Third_Party/FreeRTOS/Source/portable/GCC/ARM_CM4F/portmacro.h **** 	}
 185:Middlewares/Third_Party/FreeRTOS/Source/portable/GCC/ARM_CM4F/portmacro.h **** 
 186:Middlewares/Third_Party/FreeRTOS/Source/portable/GCC/ARM_CM4F/portmacro.h **** 	return xReturn;
 187:Middlewares/Third_Party/FreeRTOS/Source/portable/GCC/ARM_CM4F/portmacro.h **** }
 188:Middlewares/Third_Party/FreeRTOS/Source/portable/GCC/ARM_CM4F/portmacro.h **** 
 189:Middlewares/Third_Party/FreeRTOS/Source/portable/GCC/ARM_CM4F/portmacro.h **** /*-----------------------------------------------------------*/
 190:Middlewares/Third_Party/FreeRTOS/Source/portable/GCC/ARM_CM4F/portmacro.h **** 
 191:Middlewares/Third_Party/FreeRTOS/Source/portable/GCC/ARM_CM4F/portmacro.h **** portFORCE_INLINE static void vPortRaiseBASEPRI( void )
 316              		.loc 2 191 30 view .LVU69
 317              	.LBB47:
 192:Middlewares/Third_Party/FreeRTOS/Source/portable/GCC/ARM_CM4F/portmacro.h **** {
 193:Middlewares/Third_Party/FreeRTOS/Source/portable/GCC/ARM_CM4F/portmacro.h **** uint32_t ulNewBASEPRI;
 318              		.loc 2 193 1 view .LVU70
 194:Middlewares/Third_Party/FreeRTOS/Source/portable/GCC/ARM_CM4F/portmacro.h **** 
 195:Middlewares/Third_Party/FreeRTOS/Source/portable/GCC/ARM_CM4F/portmacro.h **** 	__asm volatile
 319              		.loc 2 195 2 view .LVU71
 320              		.syntax unified
 321              	@ 195 "Middlewares/Third_Party/FreeRTOS/Source/portable/GCC/ARM_CM4F/portmacro.h" 1
 322 0008 4FF05003 			mov r3, #80												
 323 000c 83F31188 		msr basepri, r3											
 324 0010 BFF36F8F 		isb														
 325 0014 BFF34F8F 		dsb														
 326              	
 327              	@ 0 "" 2
ARM GAS  /tmp/ccWdpFxl.s 			page 28


 328              	.LVL27:
 329              		.thumb
 330              		.syntax unified
 331              	.L26:
 332              		.loc 2 195 2 is_stmt 0 view .LVU72
 333              	.LBE47:
 334              	.LBE46:
 357:Middlewares/Third_Party/FreeRTOS/Source/timers.c **** 
 335              		.loc 1 357 2 is_stmt 1 discriminator 1 view .LVU73
 357:Middlewares/Third_Party/FreeRTOS/Source/timers.c **** 
 336              		.loc 1 357 2 discriminator 1 view .LVU74
 357:Middlewares/Third_Party/FreeRTOS/Source/timers.c **** 
 337              		.loc 1 357 2 discriminator 1 view .LVU75
 338 0018 FEE7     		b	.L26
 339              	.LVL28:
 340              	.L25:
 357:Middlewares/Third_Party/FreeRTOS/Source/timers.c **** 
 341              		.loc 1 357 2 is_stmt 0 discriminator 1 view .LVU76
 342 001a 0646     		mov	r6, r0
 343 001c 1446     		mov	r4, r2
 344 001e 1D46     		mov	r5, r3
 345 0020 8846     		mov	r8, r1
 357:Middlewares/Third_Party/FreeRTOS/Source/timers.c **** 
 346              		.loc 1 357 45 is_stmt 1 discriminator 2 view .LVU77
 359:Middlewares/Third_Party/FreeRTOS/Source/timers.c **** 	{
 347              		.loc 1 359 2 discriminator 2 view .LVU78
 359:Middlewares/Third_Party/FreeRTOS/Source/timers.c **** 	{
 348              		.loc 1 359 4 is_stmt 0 discriminator 2 view .LVU79
 349 0022 8FB1     		cbz	r7, .L24
 363:Middlewares/Third_Party/FreeRTOS/Source/timers.c **** 
 350              		.loc 1 363 3 is_stmt 1 view .LVU80
 351 0024 FFF7FEFF 		bl	prvCheckForValidListAndQueue
 352              	.LVL29:
 367:Middlewares/Third_Party/FreeRTOS/Source/timers.c **** 		pxNewTimer->xTimerPeriodInTicks = xTimerPeriodInTicks;
 353              		.loc 1 367 3 view .LVU81
 367:Middlewares/Third_Party/FreeRTOS/Source/timers.c **** 		pxNewTimer->xTimerPeriodInTicks = xTimerPeriodInTicks;
 354              		.loc 1 367 27 is_stmt 0 view .LVU82
 355 0028 3E60     		str	r6, [r7]
 368:Middlewares/Third_Party/FreeRTOS/Source/timers.c **** 		pxNewTimer->pvTimerID = pvTimerID;
 356              		.loc 1 368 3 is_stmt 1 view .LVU83
 368:Middlewares/Third_Party/FreeRTOS/Source/timers.c **** 		pxNewTimer->pvTimerID = pvTimerID;
 357              		.loc 1 368 35 is_stmt 0 view .LVU84
 358 002a C7F81880 		str	r8, [r7, #24]
 369:Middlewares/Third_Party/FreeRTOS/Source/timers.c **** 		pxNewTimer->pxCallbackFunction = pxCallbackFunction;
 359              		.loc 1 369 3 is_stmt 1 view .LVU85
 369:Middlewares/Third_Party/FreeRTOS/Source/timers.c **** 		pxNewTimer->pxCallbackFunction = pxCallbackFunction;
 360              		.loc 1 369 25 is_stmt 0 view .LVU86
 361 002e FD61     		str	r5, [r7, #28]
 370:Middlewares/Third_Party/FreeRTOS/Source/timers.c **** 		vListInitialiseItem( &( pxNewTimer->xTimerListItem ) );
 362              		.loc 1 370 3 is_stmt 1 view .LVU87
 370:Middlewares/Third_Party/FreeRTOS/Source/timers.c **** 		vListInitialiseItem( &( pxNewTimer->xTimerListItem ) );
 363              		.loc 1 370 34 is_stmt 0 view .LVU88
 364 0030 069B     		ldr	r3, [sp, #24]
 365 0032 3B62     		str	r3, [r7, #32]
 371:Middlewares/Third_Party/FreeRTOS/Source/timers.c **** 		if( uxAutoReload != pdFALSE )
 366              		.loc 1 371 3 is_stmt 1 view .LVU89
 367 0034 381D     		adds	r0, r7, #4
ARM GAS  /tmp/ccWdpFxl.s 			page 29


 368 0036 FFF7FEFF 		bl	vListInitialiseItem
 369              	.LVL30:
 372:Middlewares/Third_Party/FreeRTOS/Source/timers.c **** 		{
 370              		.loc 1 372 3 view .LVU90
 372:Middlewares/Third_Party/FreeRTOS/Source/timers.c **** 		{
 371              		.loc 1 372 5 is_stmt 0 view .LVU91
 372 003a 2CB1     		cbz	r4, .L24
 374:Middlewares/Third_Party/FreeRTOS/Source/timers.c **** 		}
 373              		.loc 1 374 4 is_stmt 1 view .LVU92
 374:Middlewares/Third_Party/FreeRTOS/Source/timers.c **** 		}
 374              		.loc 1 374 25 is_stmt 0 view .LVU93
 375 003c 97F82830 		ldrb	r3, [r7, #40]	@ zero_extendqisi2
 376 0040 43F00403 		orr	r3, r3, #4
 377 0044 87F82830 		strb	r3, [r7, #40]
 376:Middlewares/Third_Party/FreeRTOS/Source/timers.c **** 	}
 378              		.loc 1 376 34 is_stmt 1 view .LVU94
 379              	.L24:
 378:Middlewares/Third_Party/FreeRTOS/Source/timers.c **** /*-----------------------------------------------------------*/
 380              		.loc 1 378 1 is_stmt 0 view .LVU95
 381 0048 BDE8F081 		pop	{r4, r5, r6, r7, r8, pc}
 378:Middlewares/Third_Party/FreeRTOS/Source/timers.c **** /*-----------------------------------------------------------*/
 382              		.loc 1 378 1 view .LVU96
 383              		.cfi_endproc
 384              	.LFE7:
 386              		.section	.rodata.xTimerCreateTimerTask.str1.4,"aMS",%progbits,1
 387              		.align	2
 388              	.LC1:
 389 0000 546D7220 		.ascii	"Tmr Svc\000"
 389      53766300 
 390              		.section	.text.xTimerCreateTimerTask,"ax",%progbits
 391              		.align	1
 392              		.global	xTimerCreateTimerTask
 393              		.syntax unified
 394              		.thumb
 395              		.thumb_func
 396              		.fpu fpv4-sp-d16
 398              	xTimerCreateTimerTask:
 399              	.LFB4:
 228:Middlewares/Third_Party/FreeRTOS/Source/timers.c **** BaseType_t xReturn = pdFAIL;
 400              		.loc 1 228 1 is_stmt 1 view -0
 401              		.cfi_startproc
 402              		@ args = 0, pretend = 0, frame = 16
 403              		@ frame_needed = 0, uses_anonymous_args = 0
 404 0000 10B5     		push	{r4, lr}
 405              	.LCFI6:
 406              		.cfi_def_cfa_offset 8
 407              		.cfi_offset 4, -8
 408              		.cfi_offset 14, -4
 409 0002 88B0     		sub	sp, sp, #32
 410              	.LCFI7:
 411              		.cfi_def_cfa_offset 40
 229:Middlewares/Third_Party/FreeRTOS/Source/timers.c **** 
 412              		.loc 1 229 1 view .LVU98
 413              	.LVL31:
 235:Middlewares/Third_Party/FreeRTOS/Source/timers.c **** 
 414              		.loc 1 235 2 view .LVU99
 415 0004 FFF7FEFF 		bl	prvCheckForValidListAndQueue
ARM GAS  /tmp/ccWdpFxl.s 			page 30


 416              	.LVL32:
 237:Middlewares/Third_Party/FreeRTOS/Source/timers.c **** 	{
 417              		.loc 1 237 2 view .LVU100
 237:Middlewares/Third_Party/FreeRTOS/Source/timers.c **** 	{
 418              		.loc 1 237 18 is_stmt 0 view .LVU101
 419 0008 124B     		ldr	r3, .L35
 420 000a 1B68     		ldr	r3, [r3]
 237:Middlewares/Third_Party/FreeRTOS/Source/timers.c **** 	{
 421              		.loc 1 237 4 view .LVU102
 422 000c CBB1     		cbz	r3, .L30
 423              	.LBB48:
 241:Middlewares/Third_Party/FreeRTOS/Source/timers.c **** 			StackType_t *pxTimerTaskStackBuffer = NULL;
 424              		.loc 1 241 4 is_stmt 1 view .LVU103
 241:Middlewares/Third_Party/FreeRTOS/Source/timers.c **** 			StackType_t *pxTimerTaskStackBuffer = NULL;
 425              		.loc 1 241 18 is_stmt 0 view .LVU104
 426 000e 0024     		movs	r4, #0
 427 0010 0594     		str	r4, [sp, #20]
 242:Middlewares/Third_Party/FreeRTOS/Source/timers.c **** 			uint32_t ulTimerTaskStackSize;
 428              		.loc 1 242 4 is_stmt 1 view .LVU105
 242:Middlewares/Third_Party/FreeRTOS/Source/timers.c **** 			uint32_t ulTimerTaskStackSize;
 429              		.loc 1 242 17 is_stmt 0 view .LVU106
 430 0012 0694     		str	r4, [sp, #24]
 243:Middlewares/Third_Party/FreeRTOS/Source/timers.c **** 
 431              		.loc 1 243 4 is_stmt 1 view .LVU107
 245:Middlewares/Third_Party/FreeRTOS/Source/timers.c **** 			xTimerTaskHandle = xTaskCreateStatic(	prvTimerTask,
 432              		.loc 1 245 4 view .LVU108
 433 0014 07AA     		add	r2, sp, #28
 434 0016 06A9     		add	r1, sp, #24
 435 0018 05A8     		add	r0, sp, #20
 436 001a FFF7FEFF 		bl	vApplicationGetTimerTaskMemory
 437              	.LVL33:
 246:Middlewares/Third_Party/FreeRTOS/Source/timers.c **** 													configTIMER_SERVICE_TASK_NAME,
 438              		.loc 1 246 4 view .LVU109
 246:Middlewares/Third_Party/FreeRTOS/Source/timers.c **** 													configTIMER_SERVICE_TASK_NAME,
 439              		.loc 1 246 23 is_stmt 0 view .LVU110
 440 001e 059B     		ldr	r3, [sp, #20]
 441 0020 0293     		str	r3, [sp, #8]
 442 0022 069B     		ldr	r3, [sp, #24]
 443 0024 0193     		str	r3, [sp, #4]
 444 0026 0223     		movs	r3, #2
 445 0028 0093     		str	r3, [sp]
 446 002a 2346     		mov	r3, r4
 447 002c 079A     		ldr	r2, [sp, #28]
 448 002e 0A49     		ldr	r1, .L35+4
 449 0030 0A48     		ldr	r0, .L35+8
 450 0032 FFF7FEFF 		bl	xTaskCreateStatic
 451              	.LVL34:
 246:Middlewares/Third_Party/FreeRTOS/Source/timers.c **** 													configTIMER_SERVICE_TASK_NAME,
 452              		.loc 1 246 21 view .LVU111
 453 0036 0A4B     		ldr	r3, .L35+12
 454 0038 1860     		str	r0, [r3]
 254:Middlewares/Third_Party/FreeRTOS/Source/timers.c **** 			{
 455              		.loc 1 254 4 is_stmt 1 view .LVU112
 254:Middlewares/Third_Party/FreeRTOS/Source/timers.c **** 			{
 456              		.loc 1 254 6 is_stmt 0 view .LVU113
 457 003a 10B1     		cbz	r0, .L30
 458              	.LBE48:
ARM GAS  /tmp/ccWdpFxl.s 			page 31


 277:Middlewares/Third_Party/FreeRTOS/Source/timers.c **** /*-----------------------------------------------------------*/
 459              		.loc 1 277 1 view .LVU114
 460 003c 0120     		movs	r0, #1
 461 003e 08B0     		add	sp, sp, #32
 462              	.LCFI8:
 463              		.cfi_remember_state
 464              		.cfi_def_cfa_offset 8
 465              		@ sp needed
 466 0040 10BD     		pop	{r4, pc}
 467              	.L30:
 468              	.LCFI9:
 469              		.cfi_restore_state
 470              	.LVL35:
 275:Middlewares/Third_Party/FreeRTOS/Source/timers.c **** 	return xReturn;
 471              		.loc 1 275 2 is_stmt 1 view .LVU115
 472              	.LBB49:
 473              	.LBI49:
 191:Middlewares/Third_Party/FreeRTOS/Source/portable/GCC/ARM_CM4F/portmacro.h **** {
 474              		.loc 2 191 30 view .LVU116
 475              	.LBB50:
 193:Middlewares/Third_Party/FreeRTOS/Source/portable/GCC/ARM_CM4F/portmacro.h **** 
 476              		.loc 2 193 1 view .LVU117
 477              		.loc 2 195 2 view .LVU118
 478              		.syntax unified
 479              	@ 195 "Middlewares/Third_Party/FreeRTOS/Source/portable/GCC/ARM_CM4F/portmacro.h" 1
 480 0042 4FF05003 			mov r3, #80												
 481 0046 83F31188 		msr basepri, r3											
 482 004a BFF36F8F 		isb														
 483 004e BFF34F8F 		dsb														
 484              	
 485              	@ 0 "" 2
 486              	.LVL36:
 487              		.thumb
 488              		.syntax unified
 489              	.L32:
 490              		.loc 2 195 2 is_stmt 0 view .LVU119
 491              	.LBE50:
 492              	.LBE49:
 275:Middlewares/Third_Party/FreeRTOS/Source/timers.c **** 	return xReturn;
 493              		.loc 1 275 2 is_stmt 1 discriminator 1 view .LVU120
 275:Middlewares/Third_Party/FreeRTOS/Source/timers.c **** 	return xReturn;
 494              		.loc 1 275 2 discriminator 1 view .LVU121
 275:Middlewares/Third_Party/FreeRTOS/Source/timers.c **** 	return xReturn;
 495              		.loc 1 275 2 discriminator 1 view .LVU122
 496 0052 FEE7     		b	.L32
 497              	.L36:
 498              		.align	2
 499              	.L35:
 500 0054 00000000 		.word	.LANCHOR2
 501 0058 00000000 		.word	.LC1
 502 005c 00000000 		.word	prvTimerTask
 503 0060 00000000 		.word	.LANCHOR7
 504              		.cfi_endproc
 505              	.LFE4:
 507              		.section	.text.xTimerCreate,"ax",%progbits
 508              		.align	1
 509              		.global	xTimerCreate
ARM GAS  /tmp/ccWdpFxl.s 			page 32


 510              		.syntax unified
 511              		.thumb
 512              		.thumb_func
 513              		.fpu fpv4-sp-d16
 515              	xTimerCreate:
 516              	.LVL37:
 517              	.LFB5:
 287:Middlewares/Third_Party/FreeRTOS/Source/timers.c **** 	Timer_t *pxNewTimer;
 518              		.loc 1 287 2 view -0
 519              		.cfi_startproc
 520              		@ args = 4, pretend = 0, frame = 0
 521              		@ frame_needed = 0, uses_anonymous_args = 0
 287:Middlewares/Third_Party/FreeRTOS/Source/timers.c **** 	Timer_t *pxNewTimer;
 522              		.loc 1 287 2 is_stmt 0 view .LVU124
 523 0000 2DE9F041 		push	{r4, r5, r6, r7, r8, lr}
 524              	.LCFI10:
 525              		.cfi_def_cfa_offset 24
 526              		.cfi_offset 4, -24
 527              		.cfi_offset 5, -20
 528              		.cfi_offset 6, -16
 529              		.cfi_offset 7, -12
 530              		.cfi_offset 8, -8
 531              		.cfi_offset 14, -4
 532 0004 82B0     		sub	sp, sp, #8
 533              	.LCFI11:
 534              		.cfi_def_cfa_offset 32
 535 0006 0446     		mov	r4, r0
 536 0008 8846     		mov	r8, r1
 537 000a 1746     		mov	r7, r2
 538 000c 1D46     		mov	r5, r3
 288:Middlewares/Third_Party/FreeRTOS/Source/timers.c **** 
 539              		.loc 1 288 2 is_stmt 1 view .LVU125
 290:Middlewares/Third_Party/FreeRTOS/Source/timers.c **** 
 540              		.loc 1 290 3 view .LVU126
 290:Middlewares/Third_Party/FreeRTOS/Source/timers.c **** 
 541              		.loc 1 290 30 is_stmt 0 view .LVU127
 542 000e 2C20     		movs	r0, #44
 543              	.LVL38:
 290:Middlewares/Third_Party/FreeRTOS/Source/timers.c **** 
 544              		.loc 1 290 30 view .LVU128
 545 0010 FFF7FEFF 		bl	pvPortMalloc
 546              	.LVL39:
 292:Middlewares/Third_Party/FreeRTOS/Source/timers.c **** 		{
 547              		.loc 1 292 3 is_stmt 1 view .LVU129
 292:Middlewares/Third_Party/FreeRTOS/Source/timers.c **** 		{
 548              		.loc 1 292 5 is_stmt 0 view .LVU130
 549 0014 0646     		mov	r6, r0
 550 0016 58B1     		cbz	r0, .L37
 297:Middlewares/Third_Party/FreeRTOS/Source/timers.c **** 			prvInitialiseNewTimer( pcTimerName, xTimerPeriodInTicks, uxAutoReload, pvTimerID, pxCallbackFunc
 551              		.loc 1 297 4 is_stmt 1 view .LVU131
 297:Middlewares/Third_Party/FreeRTOS/Source/timers.c **** 			prvInitialiseNewTimer( pcTimerName, xTimerPeriodInTicks, uxAutoReload, pvTimerID, pxCallbackFunc
 552              		.loc 1 297 25 is_stmt 0 view .LVU132
 553 0018 0023     		movs	r3, #0
 554 001a 80F82830 		strb	r3, [r0, #40]
 298:Middlewares/Third_Party/FreeRTOS/Source/timers.c **** 		}
 555              		.loc 1 298 4 is_stmt 1 view .LVU133
 556 001e 0190     		str	r0, [sp, #4]
ARM GAS  /tmp/ccWdpFxl.s 			page 33


 557 0020 089B     		ldr	r3, [sp, #32]
 558 0022 0093     		str	r3, [sp]
 559 0024 2B46     		mov	r3, r5
 560 0026 3A46     		mov	r2, r7
 561 0028 4146     		mov	r1, r8
 562 002a 2046     		mov	r0, r4
 563              	.LVL40:
 298:Middlewares/Third_Party/FreeRTOS/Source/timers.c **** 		}
 564              		.loc 1 298 4 is_stmt 0 view .LVU134
 565 002c FFF7FEFF 		bl	prvInitialiseNewTimer
 566              	.LVL41:
 301:Middlewares/Third_Party/FreeRTOS/Source/timers.c **** 	}
 567              		.loc 1 301 3 is_stmt 1 view .LVU135
 568              	.L37:
 302:Middlewares/Third_Party/FreeRTOS/Source/timers.c **** 
 569              		.loc 1 302 2 is_stmt 0 view .LVU136
 570 0030 3046     		mov	r0, r6
 571 0032 02B0     		add	sp, sp, #8
 572              	.LCFI12:
 573              		.cfi_def_cfa_offset 24
 574              		@ sp needed
 575 0034 BDE8F081 		pop	{r4, r5, r6, r7, r8, pc}
 302:Middlewares/Third_Party/FreeRTOS/Source/timers.c **** 
 576              		.loc 1 302 2 view .LVU137
 577              		.cfi_endproc
 578              	.LFE5:
 580              		.section	.text.xTimerCreateStatic,"ax",%progbits
 581              		.align	1
 582              		.global	xTimerCreateStatic
 583              		.syntax unified
 584              		.thumb
 585              		.thumb_func
 586              		.fpu fpv4-sp-d16
 588              	xTimerCreateStatic:
 589              	.LVL42:
 590              	.LFB6:
 315:Middlewares/Third_Party/FreeRTOS/Source/timers.c **** 	Timer_t *pxNewTimer;
 591              		.loc 1 315 2 is_stmt 1 view -0
 592              		.cfi_startproc
 593              		@ args = 8, pretend = 0, frame = 8
 594              		@ frame_needed = 0, uses_anonymous_args = 0
 315:Middlewares/Third_Party/FreeRTOS/Source/timers.c **** 	Timer_t *pxNewTimer;
 595              		.loc 1 315 2 is_stmt 0 view .LVU139
 596 0000 10B5     		push	{r4, lr}
 597              	.LCFI13:
 598              		.cfi_def_cfa_offset 8
 599              		.cfi_offset 4, -8
 600              		.cfi_offset 14, -4
 601 0002 84B0     		sub	sp, sp, #16
 602              	.LCFI14:
 603              		.cfi_def_cfa_offset 24
 604 0004 8446     		mov	ip, r0
 316:Middlewares/Third_Party/FreeRTOS/Source/timers.c **** 
 605              		.loc 1 316 2 is_stmt 1 view .LVU140
 606              	.LBB51:
 323:Middlewares/Third_Party/FreeRTOS/Source/timers.c **** 			configASSERT( xSize == sizeof( Timer_t ) );
 607              		.loc 1 323 4 view .LVU141
ARM GAS  /tmp/ccWdpFxl.s 			page 34


 323:Middlewares/Third_Party/FreeRTOS/Source/timers.c **** 			configASSERT( xSize == sizeof( Timer_t ) );
 608              		.loc 1 323 20 is_stmt 0 view .LVU142
 609 0006 2C20     		movs	r0, #44
 610              	.LVL43:
 323:Middlewares/Third_Party/FreeRTOS/Source/timers.c **** 			configASSERT( xSize == sizeof( Timer_t ) );
 611              		.loc 1 323 20 view .LVU143
 612 0008 0390     		str	r0, [sp, #12]
 324:Middlewares/Third_Party/FreeRTOS/Source/timers.c **** 			( void ) xSize; /* Keeps lint quiet when configASSERT() is not defined. */
 613              		.loc 1 324 4 is_stmt 1 view .LVU144
 614 000a 0398     		ldr	r0, [sp, #12]
 615 000c 2C28     		cmp	r0, #44
 616 000e 08D0     		beq	.L41
 324:Middlewares/Third_Party/FreeRTOS/Source/timers.c **** 			( void ) xSize; /* Keeps lint quiet when configASSERT() is not defined. */
 617              		.loc 1 324 4 view .LVU145
 618              	.LBB52:
 619              	.LBI52:
 191:Middlewares/Third_Party/FreeRTOS/Source/portable/GCC/ARM_CM4F/portmacro.h **** {
 620              		.loc 2 191 30 view .LVU146
 621              	.LBB53:
 193:Middlewares/Third_Party/FreeRTOS/Source/portable/GCC/ARM_CM4F/portmacro.h **** 
 622              		.loc 2 193 1 view .LVU147
 623              		.loc 2 195 2 view .LVU148
 624              		.syntax unified
 625              	@ 195 "Middlewares/Third_Party/FreeRTOS/Source/portable/GCC/ARM_CM4F/portmacro.h" 1
 626 0010 4FF05003 			mov r3, #80												
 627 0014 83F31188 		msr basepri, r3											
 628 0018 BFF36F8F 		isb														
 629 001c BFF34F8F 		dsb														
 630              	
 631              	@ 0 "" 2
 632              	.LVL44:
 633              		.thumb
 634              		.syntax unified
 635              	.L42:
 636              		.loc 2 195 2 is_stmt 0 view .LVU149
 637              	.LBE53:
 638              	.LBE52:
 324:Middlewares/Third_Party/FreeRTOS/Source/timers.c **** 			( void ) xSize; /* Keeps lint quiet when configASSERT() is not defined. */
 639              		.loc 1 324 4 is_stmt 1 discriminator 1 view .LVU150
 324:Middlewares/Third_Party/FreeRTOS/Source/timers.c **** 			( void ) xSize; /* Keeps lint quiet when configASSERT() is not defined. */
 640              		.loc 1 324 4 discriminator 1 view .LVU151
 324:Middlewares/Third_Party/FreeRTOS/Source/timers.c **** 			( void ) xSize; /* Keeps lint quiet when configASSERT() is not defined. */
 641              		.loc 1 324 4 discriminator 1 view .LVU152
 642 0020 FEE7     		b	.L42
 643              	.LVL45:
 644              	.L41:
 324:Middlewares/Third_Party/FreeRTOS/Source/timers.c **** 			( void ) xSize; /* Keeps lint quiet when configASSERT() is not defined. */
 645              		.loc 1 324 46 discriminator 2 view .LVU153
 325:Middlewares/Third_Party/FreeRTOS/Source/timers.c **** 		}
 646              		.loc 1 325 4 discriminator 2 view .LVU154
 647 0022 0398     		ldr	r0, [sp, #12]
 648              	.LBE51:
 330:Middlewares/Third_Party/FreeRTOS/Source/timers.c **** 		pxNewTimer = ( Timer_t * ) pxTimerBuffer; /*lint !e740 !e9087 StaticTimer_t is a pointer to a Tim
 649              		.loc 1 330 3 discriminator 2 view .LVU155
 650 0024 0798     		ldr	r0, [sp, #28]
 651 0026 60B1     		cbz	r0, .L46
 330:Middlewares/Third_Party/FreeRTOS/Source/timers.c **** 		pxNewTimer = ( Timer_t * ) pxTimerBuffer; /*lint !e740 !e9087 StaticTimer_t is a pointer to a Tim
ARM GAS  /tmp/ccWdpFxl.s 			page 35


 652              		.loc 1 330 32 view .LVU156
 331:Middlewares/Third_Party/FreeRTOS/Source/timers.c **** 
 653              		.loc 1 331 3 view .LVU157
 654              	.LVL46:
 333:Middlewares/Third_Party/FreeRTOS/Source/timers.c **** 		{
 655              		.loc 1 333 3 view .LVU158
 338:Middlewares/Third_Party/FreeRTOS/Source/timers.c **** 
 656              		.loc 1 338 4 view .LVU159
 338:Middlewares/Third_Party/FreeRTOS/Source/timers.c **** 
 657              		.loc 1 338 25 is_stmt 0 view .LVU160
 658 0028 0220     		movs	r0, #2
 659              	.LVL47:
 338:Middlewares/Third_Party/FreeRTOS/Source/timers.c **** 
 660              		.loc 1 338 25 view .LVU161
 661 002a 079C     		ldr	r4, [sp, #28]
 662 002c 84F82800 		strb	r0, [r4, #40]
 340:Middlewares/Third_Party/FreeRTOS/Source/timers.c **** 		}
 663              		.loc 1 340 4 is_stmt 1 view .LVU162
 664 0030 0194     		str	r4, [sp, #4]
 665 0032 0698     		ldr	r0, [sp, #24]
 666 0034 0090     		str	r0, [sp]
 667 0036 6046     		mov	r0, ip
 668 0038 FFF7FEFF 		bl	prvInitialiseNewTimer
 669              	.LVL48:
 343:Middlewares/Third_Party/FreeRTOS/Source/timers.c **** 	}
 670              		.loc 1 343 3 view .LVU163
 344:Middlewares/Third_Party/FreeRTOS/Source/timers.c **** 
 671              		.loc 1 344 2 is_stmt 0 view .LVU164
 672 003c 0798     		ldr	r0, [sp, #28]
 673 003e 04B0     		add	sp, sp, #16
 674              	.LCFI15:
 675              		.cfi_remember_state
 676              		.cfi_def_cfa_offset 8
 677              		@ sp needed
 678 0040 10BD     		pop	{r4, pc}
 679              	.LVL49:
 680              	.L46:
 681              	.LCFI16:
 682              		.cfi_restore_state
 330:Middlewares/Third_Party/FreeRTOS/Source/timers.c **** 		pxNewTimer = ( Timer_t * ) pxTimerBuffer; /*lint !e740 !e9087 StaticTimer_t is a pointer to a Tim
 683              		.loc 1 330 3 is_stmt 1 view .LVU165
 684              	.LBB54:
 685              	.LBI54:
 191:Middlewares/Third_Party/FreeRTOS/Source/portable/GCC/ARM_CM4F/portmacro.h **** {
 686              		.loc 2 191 30 view .LVU166
 687              	.LBB55:
 193:Middlewares/Third_Party/FreeRTOS/Source/portable/GCC/ARM_CM4F/portmacro.h **** 
 688              		.loc 2 193 1 view .LVU167
 689              		.loc 2 195 2 view .LVU168
 690              		.syntax unified
 691              	@ 195 "Middlewares/Third_Party/FreeRTOS/Source/portable/GCC/ARM_CM4F/portmacro.h" 1
 692 0042 4FF05003 			mov r3, #80												
 693 0046 83F31188 		msr basepri, r3											
 694 004a BFF36F8F 		isb														
 695 004e BFF34F8F 		dsb														
 696              	
 697              	@ 0 "" 2
ARM GAS  /tmp/ccWdpFxl.s 			page 36


 698              	.LVL50:
 699              		.thumb
 700              		.syntax unified
 701              	.L44:
 702              		.loc 2 195 2 is_stmt 0 view .LVU169
 703              	.LBE55:
 704              	.LBE54:
 330:Middlewares/Third_Party/FreeRTOS/Source/timers.c **** 		pxNewTimer = ( Timer_t * ) pxTimerBuffer; /*lint !e740 !e9087 StaticTimer_t is a pointer to a Tim
 705              		.loc 1 330 3 is_stmt 1 discriminator 2 view .LVU170
 330:Middlewares/Third_Party/FreeRTOS/Source/timers.c **** 		pxNewTimer = ( Timer_t * ) pxTimerBuffer; /*lint !e740 !e9087 StaticTimer_t is a pointer to a Tim
 706              		.loc 1 330 3 discriminator 2 view .LVU171
 330:Middlewares/Third_Party/FreeRTOS/Source/timers.c **** 		pxNewTimer = ( Timer_t * ) pxTimerBuffer; /*lint !e740 !e9087 StaticTimer_t is a pointer to a Tim
 707              		.loc 1 330 3 discriminator 2 view .LVU172
 708 0052 FEE7     		b	.L44
 709              		.cfi_endproc
 710              	.LFE6:
 712              		.section	.text.xTimerGenericCommand,"ax",%progbits
 713              		.align	1
 714              		.global	xTimerGenericCommand
 715              		.syntax unified
 716              		.thumb
 717              		.thumb_func
 718              		.fpu fpv4-sp-d16
 720              	xTimerGenericCommand:
 721              	.LVL51:
 722              	.LFB8:
 382:Middlewares/Third_Party/FreeRTOS/Source/timers.c **** BaseType_t xReturn = pdFAIL;
 723              		.loc 1 382 1 view -0
 724              		.cfi_startproc
 725              		@ args = 4, pretend = 0, frame = 16
 726              		@ frame_needed = 0, uses_anonymous_args = 0
 383:Middlewares/Third_Party/FreeRTOS/Source/timers.c **** DaemonTaskMessage_t xMessage;
 727              		.loc 1 383 1 view .LVU174
 384:Middlewares/Third_Party/FreeRTOS/Source/timers.c **** 
 728              		.loc 1 384 1 view .LVU175
 386:Middlewares/Third_Party/FreeRTOS/Source/timers.c **** 
 729              		.loc 1 386 2 view .LVU176
 730 0000 B8B1     		cbz	r0, .L58
 731 0002 9C46     		mov	ip, r3
 732 0004 0346     		mov	r3, r0
 733              	.LVL52:
 386:Middlewares/Third_Party/FreeRTOS/Source/timers.c **** 
 734              		.loc 1 386 24 discriminator 2 view .LVU177
 390:Middlewares/Third_Party/FreeRTOS/Source/timers.c **** 	{
 735              		.loc 1 390 2 discriminator 2 view .LVU178
 390:Middlewares/Third_Party/FreeRTOS/Source/timers.c **** 	{
 736              		.loc 1 390 18 is_stmt 0 discriminator 2 view .LVU179
 737 0006 1848     		ldr	r0, .L60
 738              	.LVL53:
 390:Middlewares/Third_Party/FreeRTOS/Source/timers.c **** 	{
 739              		.loc 1 390 18 discriminator 2 view .LVU180
 740 0008 0068     		ldr	r0, [r0]
 390:Middlewares/Third_Party/FreeRTOS/Source/timers.c **** 	{
 741              		.loc 1 390 4 discriminator 2 view .LVU181
 742 000a 58B3     		cbz	r0, .L53
 382:Middlewares/Third_Party/FreeRTOS/Source/timers.c **** BaseType_t xReturn = pdFAIL;
 743              		.loc 1 382 1 view .LVU182
ARM GAS  /tmp/ccWdpFxl.s 			page 37


 744 000c 00B5     		push	{lr}
 745              	.LCFI17:
 746              		.cfi_def_cfa_offset 4
 747              		.cfi_offset 14, -4
 748 000e 85B0     		sub	sp, sp, #20
 749              	.LCFI18:
 750              		.cfi_def_cfa_offset 24
 393:Middlewares/Third_Party/FreeRTOS/Source/timers.c **** 		xMessage.u.xTimerParameters.xMessageValue = xOptionalValue;
 751              		.loc 1 393 3 is_stmt 1 view .LVU183
 393:Middlewares/Third_Party/FreeRTOS/Source/timers.c **** 		xMessage.u.xTimerParameters.xMessageValue = xOptionalValue;
 752              		.loc 1 393 23 is_stmt 0 view .LVU184
 753 0010 0091     		str	r1, [sp]
 394:Middlewares/Third_Party/FreeRTOS/Source/timers.c **** 		xMessage.u.xTimerParameters.pxTimer = xTimer;
 754              		.loc 1 394 3 is_stmt 1 view .LVU185
 394:Middlewares/Third_Party/FreeRTOS/Source/timers.c **** 		xMessage.u.xTimerParameters.pxTimer = xTimer;
 755              		.loc 1 394 45 is_stmt 0 view .LVU186
 756 0012 0192     		str	r2, [sp, #4]
 395:Middlewares/Third_Party/FreeRTOS/Source/timers.c **** 
 757              		.loc 1 395 3 is_stmt 1 view .LVU187
 395:Middlewares/Third_Party/FreeRTOS/Source/timers.c **** 
 758              		.loc 1 395 39 is_stmt 0 view .LVU188
 759 0014 0293     		str	r3, [sp, #8]
 397:Middlewares/Third_Party/FreeRTOS/Source/timers.c **** 		{
 760              		.loc 1 397 3 is_stmt 1 view .LVU189
 397:Middlewares/Third_Party/FreeRTOS/Source/timers.c **** 		{
 761              		.loc 1 397 5 is_stmt 0 view .LVU190
 762 0016 0529     		cmp	r1, #5
 763 0018 1CDC     		bgt	.L51
 399:Middlewares/Third_Party/FreeRTOS/Source/timers.c **** 			{
 764              		.loc 1 399 4 is_stmt 1 view .LVU191
 399:Middlewares/Third_Party/FreeRTOS/Source/timers.c **** 			{
 765              		.loc 1 399 8 is_stmt 0 view .LVU192
 766 001a FFF7FEFF 		bl	xTaskGetSchedulerState
 767              	.LVL54:
 399:Middlewares/Third_Party/FreeRTOS/Source/timers.c **** 			{
 768              		.loc 1 399 6 view .LVU193
 769 001e 0228     		cmp	r0, #2
 770 0020 10D0     		beq	.L59
 405:Middlewares/Third_Party/FreeRTOS/Source/timers.c **** 			}
 771              		.loc 1 405 5 is_stmt 1 view .LVU194
 405:Middlewares/Third_Party/FreeRTOS/Source/timers.c **** 			}
 772              		.loc 1 405 15 is_stmt 0 view .LVU195
 773 0022 0023     		movs	r3, #0
 774 0024 1A46     		mov	r2, r3
 775 0026 6946     		mov	r1, sp
 776 0028 0F48     		ldr	r0, .L60
 777 002a 0068     		ldr	r0, [r0]
 778 002c FFF7FEFF 		bl	xQueueGenericSend
 779              	.LVL55:
 405:Middlewares/Third_Party/FreeRTOS/Source/timers.c **** 			}
 780              		.loc 1 405 15 view .LVU196
 781 0030 15E0     		b	.L47
 782              	.LVL56:
 783              	.L58:
 784              	.LCFI19:
 785              		.cfi_def_cfa_offset 0
 786              		.cfi_restore 14
ARM GAS  /tmp/ccWdpFxl.s 			page 38


 386:Middlewares/Third_Party/FreeRTOS/Source/timers.c **** 
 787              		.loc 1 386 2 is_stmt 1 view .LVU197
 788              	.LBB56:
 789              	.LBI56:
 191:Middlewares/Third_Party/FreeRTOS/Source/portable/GCC/ARM_CM4F/portmacro.h **** {
 790              		.loc 2 191 30 view .LVU198
 791              	.LBB57:
 193:Middlewares/Third_Party/FreeRTOS/Source/portable/GCC/ARM_CM4F/portmacro.h **** 
 792              		.loc 2 193 1 view .LVU199
 793              		.loc 2 195 2 view .LVU200
 794              		.syntax unified
 795              	@ 195 "Middlewares/Third_Party/FreeRTOS/Source/portable/GCC/ARM_CM4F/portmacro.h" 1
 796 0032 4FF05003 			mov r3, #80												
 797 0036 83F31188 		msr basepri, r3											
 798 003a BFF36F8F 		isb														
 799 003e BFF34F8F 		dsb														
 800              	
 801              	@ 0 "" 2
 802              	.LVL57:
 803              		.thumb
 804              		.syntax unified
 805              	.L49:
 806              		.loc 2 195 2 is_stmt 0 view .LVU201
 807              	.LBE57:
 808              	.LBE56:
 386:Middlewares/Third_Party/FreeRTOS/Source/timers.c **** 
 809              		.loc 1 386 2 is_stmt 1 discriminator 1 view .LVU202
 386:Middlewares/Third_Party/FreeRTOS/Source/timers.c **** 
 810              		.loc 1 386 2 discriminator 1 view .LVU203
 386:Middlewares/Third_Party/FreeRTOS/Source/timers.c **** 
 811              		.loc 1 386 2 discriminator 1 view .LVU204
 812 0042 FEE7     		b	.L49
 813              	.LVL58:
 814              	.L59:
 815              	.LCFI20:
 816              		.cfi_def_cfa_offset 24
 817              		.cfi_offset 14, -4
 401:Middlewares/Third_Party/FreeRTOS/Source/timers.c **** 			}
 818              		.loc 1 401 5 view .LVU205
 401:Middlewares/Third_Party/FreeRTOS/Source/timers.c **** 			}
 819              		.loc 1 401 15 is_stmt 0 view .LVU206
 820 0044 0023     		movs	r3, #0
 821 0046 069A     		ldr	r2, [sp, #24]
 822 0048 6946     		mov	r1, sp
 823 004a 0748     		ldr	r0, .L60
 824 004c 0068     		ldr	r0, [r0]
 825 004e FFF7FEFF 		bl	xQueueGenericSend
 826              	.LVL59:
 401:Middlewares/Third_Party/FreeRTOS/Source/timers.c **** 			}
 827              		.loc 1 401 15 view .LVU207
 828 0052 04E0     		b	.L47
 829              	.LVL60:
 830              	.L51:
 410:Middlewares/Third_Party/FreeRTOS/Source/timers.c **** 		}
 831              		.loc 1 410 4 is_stmt 1 view .LVU208
 410:Middlewares/Third_Party/FreeRTOS/Source/timers.c **** 		}
 832              		.loc 1 410 14 is_stmt 0 view .LVU209
ARM GAS  /tmp/ccWdpFxl.s 			page 39


 833 0054 0023     		movs	r3, #0
 834              	.LVL61:
 410:Middlewares/Third_Party/FreeRTOS/Source/timers.c **** 		}
 835              		.loc 1 410 14 view .LVU210
 836 0056 6246     		mov	r2, ip
 837              	.LVL62:
 410:Middlewares/Third_Party/FreeRTOS/Source/timers.c **** 		}
 838              		.loc 1 410 14 view .LVU211
 839 0058 6946     		mov	r1, sp
 840              	.LVL63:
 410:Middlewares/Third_Party/FreeRTOS/Source/timers.c **** 		}
 841              		.loc 1 410 14 view .LVU212
 842 005a FFF7FEFF 		bl	xQueueGenericSendFromISR
 843              	.LVL64:
 844              	.L47:
 421:Middlewares/Third_Party/FreeRTOS/Source/timers.c **** /*-----------------------------------------------------------*/
 845              		.loc 1 421 1 view .LVU213
 846 005e 05B0     		add	sp, sp, #20
 847              	.LCFI21:
 848              		.cfi_def_cfa_offset 4
 849              		@ sp needed
 850 0060 5DF804FB 		ldr	pc, [sp], #4
 851              	.LVL65:
 852              	.L53:
 853              	.LCFI22:
 854              		.cfi_def_cfa_offset 0
 855              		.cfi_restore 14
 383:Middlewares/Third_Party/FreeRTOS/Source/timers.c **** DaemonTaskMessage_t xMessage;
 856              		.loc 1 383 12 view .LVU214
 857 0064 0020     		movs	r0, #0
 417:Middlewares/Third_Party/FreeRTOS/Source/timers.c **** 	}
 858              		.loc 1 417 27 is_stmt 1 view .LVU215
 420:Middlewares/Third_Party/FreeRTOS/Source/timers.c **** }
 859              		.loc 1 420 2 view .LVU216
 421:Middlewares/Third_Party/FreeRTOS/Source/timers.c **** /*-----------------------------------------------------------*/
 860              		.loc 1 421 1 is_stmt 0 view .LVU217
 861 0066 7047     		bx	lr
 862              	.L61:
 863              		.align	2
 864              	.L60:
 865 0068 00000000 		.word	.LANCHOR2
 866              		.cfi_endproc
 867              	.LFE8:
 869              		.section	.text.prvSwitchTimerLists,"ax",%progbits
 870              		.align	1
 871              		.syntax unified
 872              		.thumb
 873              		.thumb_func
 874              		.fpu fpv4-sp-d16
 876              	prvSwitchTimerLists:
 877              	.LFB22:
 883:Middlewares/Third_Party/FreeRTOS/Source/timers.c **** TickType_t xNextExpireTime, xReloadTime;
 878              		.loc 1 883 1 is_stmt 1 view -0
 879              		.cfi_startproc
 880              		@ args = 0, pretend = 0, frame = 0
 881              		@ frame_needed = 0, uses_anonymous_args = 0
 882 0000 70B5     		push	{r4, r5, r6, lr}
ARM GAS  /tmp/ccWdpFxl.s 			page 40


 883              	.LCFI23:
 884              		.cfi_def_cfa_offset 16
 885              		.cfi_offset 4, -16
 886              		.cfi_offset 5, -12
 887              		.cfi_offset 6, -8
 888              		.cfi_offset 14, -4
 889 0002 82B0     		sub	sp, sp, #8
 890              	.LCFI24:
 891              		.cfi_def_cfa_offset 24
 884:Middlewares/Third_Party/FreeRTOS/Source/timers.c **** List_t *pxTemp;
 892              		.loc 1 884 1 view .LVU219
 885:Middlewares/Third_Party/FreeRTOS/Source/timers.c **** Timer_t *pxTimer;
 893              		.loc 1 885 1 view .LVU220
 886:Middlewares/Third_Party/FreeRTOS/Source/timers.c **** BaseType_t xResult;
 894              		.loc 1 886 1 view .LVU221
 887:Middlewares/Third_Party/FreeRTOS/Source/timers.c **** 
 895              		.loc 1 887 1 view .LVU222
 893:Middlewares/Third_Party/FreeRTOS/Source/timers.c **** 	{
 896              		.loc 1 893 2 view .LVU223
 897              	.L64:
 931:Middlewares/Third_Party/FreeRTOS/Source/timers.c **** 		}
 898              		.loc 1 931 28 view .LVU224
 893:Middlewares/Third_Party/FreeRTOS/Source/timers.c **** 	{
 899              		.loc 1 893 7 view .LVU225
 893:Middlewares/Third_Party/FreeRTOS/Source/timers.c **** 	{
 900              		.loc 1 893 9 is_stmt 0 view .LVU226
 901 0004 1B4B     		ldr	r3, .L71
 902 0006 1B68     		ldr	r3, [r3]
 903 0008 1A68     		ldr	r2, [r3]
 893:Middlewares/Third_Party/FreeRTOS/Source/timers.c **** 	{
 904              		.loc 1 893 7 view .LVU227
 905 000a 62B3     		cbz	r2, .L70
 895:Middlewares/Third_Party/FreeRTOS/Source/timers.c **** 
 906              		.loc 1 895 3 is_stmt 1 view .LVU228
 895:Middlewares/Third_Party/FreeRTOS/Source/timers.c **** 
 907              		.loc 1 895 21 is_stmt 0 view .LVU229
 908 000c DB68     		ldr	r3, [r3, #12]
 895:Middlewares/Third_Party/FreeRTOS/Source/timers.c **** 
 909              		.loc 1 895 19 view .LVU230
 910 000e 1E68     		ldr	r6, [r3]
 911              	.LVL66:
 898:Middlewares/Third_Party/FreeRTOS/Source/timers.c **** 		( void ) uxListRemove( &( pxTimer->xTimerListItem ) );
 912              		.loc 1 898 3 is_stmt 1 view .LVU231
 898:Middlewares/Third_Party/FreeRTOS/Source/timers.c **** 		( void ) uxListRemove( &( pxTimer->xTimerListItem ) );
 913              		.loc 1 898 11 is_stmt 0 view .LVU232
 914 0010 DC68     		ldr	r4, [r3, #12]
 915              	.LVL67:
 899:Middlewares/Third_Party/FreeRTOS/Source/timers.c **** 		traceTIMER_EXPIRED( pxTimer );
 916              		.loc 1 899 3 is_stmt 1 view .LVU233
 899:Middlewares/Third_Party/FreeRTOS/Source/timers.c **** 		traceTIMER_EXPIRED( pxTimer );
 917              		.loc 1 899 12 is_stmt 0 view .LVU234
 918 0012 251D     		adds	r5, r4, #4
 919 0014 2846     		mov	r0, r5
 920 0016 FFF7FEFF 		bl	uxListRemove
 921              	.LVL68:
 900:Middlewares/Third_Party/FreeRTOS/Source/timers.c **** 
 922              		.loc 1 900 32 is_stmt 1 view .LVU235
ARM GAS  /tmp/ccWdpFxl.s 			page 41


 905:Middlewares/Third_Party/FreeRTOS/Source/timers.c **** 
 923              		.loc 1 905 3 view .LVU236
 905:Middlewares/Third_Party/FreeRTOS/Source/timers.c **** 
 924              		.loc 1 905 10 is_stmt 0 view .LVU237
 925 001a 236A     		ldr	r3, [r4, #32]
 905:Middlewares/Third_Party/FreeRTOS/Source/timers.c **** 
 926              		.loc 1 905 3 view .LVU238
 927 001c 2046     		mov	r0, r4
 928 001e 9847     		blx	r3
 929              	.LVL69:
 907:Middlewares/Third_Party/FreeRTOS/Source/timers.c **** 		{
 930              		.loc 1 907 3 is_stmt 1 view .LVU239
 907:Middlewares/Third_Party/FreeRTOS/Source/timers.c **** 		{
 931              		.loc 1 907 16 is_stmt 0 view .LVU240
 932 0020 94F82830 		ldrb	r3, [r4, #40]	@ zero_extendqisi2
 907:Middlewares/Third_Party/FreeRTOS/Source/timers.c **** 		{
 933              		.loc 1 907 5 view .LVU241
 934 0024 13F0040F 		tst	r3, #4
 935 0028 ECD0     		beq	.L64
 915:Middlewares/Third_Party/FreeRTOS/Source/timers.c **** 			if( xReloadTime > xNextExpireTime )
 936              		.loc 1 915 4 is_stmt 1 view .LVU242
 915:Middlewares/Third_Party/FreeRTOS/Source/timers.c **** 			if( xReloadTime > xNextExpireTime )
 937              		.loc 1 915 45 is_stmt 0 view .LVU243
 938 002a A369     		ldr	r3, [r4, #24]
 915:Middlewares/Third_Party/FreeRTOS/Source/timers.c **** 			if( xReloadTime > xNextExpireTime )
 939              		.loc 1 915 16 view .LVU244
 940 002c 3344     		add	r3, r3, r6
 941              	.LVL70:
 916:Middlewares/Third_Party/FreeRTOS/Source/timers.c **** 			{
 942              		.loc 1 916 4 is_stmt 1 view .LVU245
 916:Middlewares/Third_Party/FreeRTOS/Source/timers.c **** 			{
 943              		.loc 1 916 6 is_stmt 0 view .LVU246
 944 002e 9E42     		cmp	r6, r3
 945 0030 07D2     		bcs	.L65
 918:Middlewares/Third_Party/FreeRTOS/Source/timers.c **** 				listSET_LIST_ITEM_OWNER( &( pxTimer->xTimerListItem ), pxTimer );
 946              		.loc 1 918 5 is_stmt 1 view .LVU247
 947 0032 6360     		str	r3, [r4, #4]
 919:Middlewares/Third_Party/FreeRTOS/Source/timers.c **** 				vListInsert( pxCurrentTimerList, &( pxTimer->xTimerListItem ) );
 948              		.loc 1 919 5 view .LVU248
 949 0034 2461     		str	r4, [r4, #16]
 920:Middlewares/Third_Party/FreeRTOS/Source/timers.c **** 			}
 950              		.loc 1 920 5 view .LVU249
 951 0036 2946     		mov	r1, r5
 952 0038 0E4B     		ldr	r3, .L71
 953              	.LVL71:
 920:Middlewares/Third_Party/FreeRTOS/Source/timers.c **** 			}
 954              		.loc 1 920 5 is_stmt 0 view .LVU250
 955 003a 1868     		ldr	r0, [r3]
 956 003c FFF7FEFF 		bl	vListInsert
 957              	.LVL72:
 920:Middlewares/Third_Party/FreeRTOS/Source/timers.c **** 			}
 958              		.loc 1 920 5 view .LVU251
 959 0040 E0E7     		b	.L64
 960              	.LVL73:
 961              	.L65:
 924:Middlewares/Third_Party/FreeRTOS/Source/timers.c **** 				configASSERT( xResult );
 962              		.loc 1 924 5 is_stmt 1 view .LVU252
ARM GAS  /tmp/ccWdpFxl.s 			page 42


 924:Middlewares/Third_Party/FreeRTOS/Source/timers.c **** 				configASSERT( xResult );
 963              		.loc 1 924 15 is_stmt 0 view .LVU253
 964 0042 0021     		movs	r1, #0
 965 0044 0091     		str	r1, [sp]
 966 0046 0B46     		mov	r3, r1
 967              	.LVL74:
 924:Middlewares/Third_Party/FreeRTOS/Source/timers.c **** 				configASSERT( xResult );
 968              		.loc 1 924 15 view .LVU254
 969 0048 3246     		mov	r2, r6
 970 004a 2046     		mov	r0, r4
 971 004c FFF7FEFF 		bl	xTimerGenericCommand
 972              	.LVL75:
 925:Middlewares/Third_Party/FreeRTOS/Source/timers.c **** 				( void ) xResult;
 973              		.loc 1 925 5 is_stmt 1 view .LVU255
 974 0050 0028     		cmp	r0, #0
 975 0052 D7D1     		bne	.L64
 925:Middlewares/Third_Party/FreeRTOS/Source/timers.c **** 				( void ) xResult;
 976              		.loc 1 925 5 view .LVU256
 977              	.LBB58:
 978              	.LBI58:
 191:Middlewares/Third_Party/FreeRTOS/Source/portable/GCC/ARM_CM4F/portmacro.h **** {
 979              		.loc 2 191 30 view .LVU257
 980              	.LBB59:
 193:Middlewares/Third_Party/FreeRTOS/Source/portable/GCC/ARM_CM4F/portmacro.h **** 
 981              		.loc 2 193 1 view .LVU258
 982              		.loc 2 195 2 view .LVU259
 983              		.syntax unified
 984              	@ 195 "Middlewares/Third_Party/FreeRTOS/Source/portable/GCC/ARM_CM4F/portmacro.h" 1
 985 0054 4FF05003 			mov r3, #80												
 986 0058 83F31188 		msr basepri, r3											
 987 005c BFF36F8F 		isb														
 988 0060 BFF34F8F 		dsb														
 989              	
 990              	@ 0 "" 2
 991              	.LVL76:
 992              		.thumb
 993              		.syntax unified
 994              	.L67:
 995              		.loc 2 195 2 is_stmt 0 view .LVU260
 996              	.LBE59:
 997              	.LBE58:
 925:Middlewares/Third_Party/FreeRTOS/Source/timers.c **** 				( void ) xResult;
 998              		.loc 1 925 5 is_stmt 1 discriminator 1 view .LVU261
 925:Middlewares/Third_Party/FreeRTOS/Source/timers.c **** 				( void ) xResult;
 999              		.loc 1 925 5 discriminator 1 view .LVU262
 925:Middlewares/Third_Party/FreeRTOS/Source/timers.c **** 				( void ) xResult;
 1000              		.loc 1 925 5 discriminator 1 view .LVU263
 1001 0064 FEE7     		b	.L67
 1002              	.LVL77:
 1003              	.L70:
 935:Middlewares/Third_Party/FreeRTOS/Source/timers.c **** 	pxCurrentTimerList = pxOverflowTimerList;
 1004              		.loc 1 935 2 view .LVU264
 936:Middlewares/Third_Party/FreeRTOS/Source/timers.c **** 	pxOverflowTimerList = pxTemp;
 1005              		.loc 1 936 2 view .LVU265
 936:Middlewares/Third_Party/FreeRTOS/Source/timers.c **** 	pxOverflowTimerList = pxTemp;
 1006              		.loc 1 936 21 is_stmt 0 view .LVU266
 1007 0066 044A     		ldr	r2, .L71+4
ARM GAS  /tmp/ccWdpFxl.s 			page 43


 1008 0068 1068     		ldr	r0, [r2]
 1009 006a 0249     		ldr	r1, .L71
 1010 006c 0860     		str	r0, [r1]
 937:Middlewares/Third_Party/FreeRTOS/Source/timers.c **** }
 1011              		.loc 1 937 2 is_stmt 1 view .LVU267
 937:Middlewares/Third_Party/FreeRTOS/Source/timers.c **** }
 1012              		.loc 1 937 22 is_stmt 0 view .LVU268
 1013 006e 1360     		str	r3, [r2]
 938:Middlewares/Third_Party/FreeRTOS/Source/timers.c **** /*-----------------------------------------------------------*/
 1014              		.loc 1 938 1 view .LVU269
 1015 0070 02B0     		add	sp, sp, #8
 1016              	.LCFI25:
 1017              		.cfi_def_cfa_offset 16
 1018              		@ sp needed
 1019 0072 70BD     		pop	{r4, r5, r6, pc}
 1020              	.L72:
 1021              		.align	2
 1022              	.L71:
 1023 0074 00000000 		.word	.LANCHOR0
 1024 0078 00000000 		.word	.LANCHOR1
 1025              		.cfi_endproc
 1026              	.LFE22:
 1028              		.section	.text.prvSampleTimeNow,"ax",%progbits
 1029              		.align	1
 1030              		.syntax unified
 1031              		.thumb
 1032              		.thumb_func
 1033              		.fpu fpv4-sp-d16
 1035              	prvSampleTimeNow:
 1036              	.LVL78:
 1037              	.LFB19:
 671:Middlewares/Third_Party/FreeRTOS/Source/timers.c **** TickType_t xTimeNow;
 1038              		.loc 1 671 1 is_stmt 1 view -0
 1039              		.cfi_startproc
 1040              		@ args = 0, pretend = 0, frame = 0
 1041              		@ frame_needed = 0, uses_anonymous_args = 0
 671:Middlewares/Third_Party/FreeRTOS/Source/timers.c **** TickType_t xTimeNow;
 1042              		.loc 1 671 1 is_stmt 0 view .LVU271
 1043 0000 38B5     		push	{r3, r4, r5, lr}
 1044              	.LCFI26:
 1045              		.cfi_def_cfa_offset 16
 1046              		.cfi_offset 3, -16
 1047              		.cfi_offset 4, -12
 1048              		.cfi_offset 5, -8
 1049              		.cfi_offset 14, -4
 1050 0002 0546     		mov	r5, r0
 672:Middlewares/Third_Party/FreeRTOS/Source/timers.c **** PRIVILEGED_DATA static TickType_t xLastTime = ( TickType_t ) 0U; /*lint !e956 Variable is only acce
 1051              		.loc 1 672 1 is_stmt 1 view .LVU272
 673:Middlewares/Third_Party/FreeRTOS/Source/timers.c **** 
 1052              		.loc 1 673 17 view .LVU273
 675:Middlewares/Third_Party/FreeRTOS/Source/timers.c **** 
 1053              		.loc 1 675 2 view .LVU274
 675:Middlewares/Third_Party/FreeRTOS/Source/timers.c **** 
 1054              		.loc 1 675 13 is_stmt 0 view .LVU275
 1055 0004 FFF7FEFF 		bl	xTaskGetTickCount
 1056              	.LVL79:
 675:Middlewares/Third_Party/FreeRTOS/Source/timers.c **** 
ARM GAS  /tmp/ccWdpFxl.s 			page 44


 1057              		.loc 1 675 13 view .LVU276
 1058 0008 0446     		mov	r4, r0
 1059              	.LVL80:
 677:Middlewares/Third_Party/FreeRTOS/Source/timers.c **** 	{
 1060              		.loc 1 677 2 is_stmt 1 view .LVU277
 677:Middlewares/Third_Party/FreeRTOS/Source/timers.c **** 	{
 1061              		.loc 1 677 15 is_stmt 0 view .LVU278
 1062 000a 074B     		ldr	r3, .L78
 1063 000c 1B68     		ldr	r3, [r3]
 677:Middlewares/Third_Party/FreeRTOS/Source/timers.c **** 	{
 1064              		.loc 1 677 4 view .LVU279
 1065 000e 8342     		cmp	r3, r0
 1066 0010 05D8     		bhi	.L77
 684:Middlewares/Third_Party/FreeRTOS/Source/timers.c **** 	}
 1067              		.loc 1 684 3 is_stmt 1 view .LVU280
 684:Middlewares/Third_Party/FreeRTOS/Source/timers.c **** 	}
 1068              		.loc 1 684 29 is_stmt 0 view .LVU281
 1069 0012 0023     		movs	r3, #0
 1070 0014 2B60     		str	r3, [r5]
 1071              	.LVL81:
 1072              	.L75:
 687:Middlewares/Third_Party/FreeRTOS/Source/timers.c **** 
 1073              		.loc 1 687 2 is_stmt 1 view .LVU282
 687:Middlewares/Third_Party/FreeRTOS/Source/timers.c **** 
 1074              		.loc 1 687 12 is_stmt 0 view .LVU283
 1075 0016 044B     		ldr	r3, .L78
 1076 0018 1C60     		str	r4, [r3]
 689:Middlewares/Third_Party/FreeRTOS/Source/timers.c **** }
 1077              		.loc 1 689 2 is_stmt 1 view .LVU284
 690:Middlewares/Third_Party/FreeRTOS/Source/timers.c **** /*-----------------------------------------------------------*/
 1078              		.loc 1 690 1 is_stmt 0 view .LVU285
 1079 001a 2046     		mov	r0, r4
 1080 001c 38BD     		pop	{r3, r4, r5, pc}
 1081              	.LVL82:
 1082              	.L77:
 679:Middlewares/Third_Party/FreeRTOS/Source/timers.c **** 		*pxTimerListsWereSwitched = pdTRUE;
 1083              		.loc 1 679 3 is_stmt 1 view .LVU286
 1084 001e FFF7FEFF 		bl	prvSwitchTimerLists
 1085              	.LVL83:
 680:Middlewares/Third_Party/FreeRTOS/Source/timers.c **** 	}
 1086              		.loc 1 680 3 view .LVU287
 680:Middlewares/Third_Party/FreeRTOS/Source/timers.c **** 	}
 1087              		.loc 1 680 29 is_stmt 0 view .LVU288
 1088 0022 0123     		movs	r3, #1
 1089 0024 2B60     		str	r3, [r5]
 1090 0026 F6E7     		b	.L75
 1091              	.L79:
 1092              		.align	2
 1093              	.L78:
 1094 0028 00000000 		.word	.LANCHOR8
 1095              		.cfi_endproc
 1096              	.LFE19:
 1098              		.section	.text.prvProcessExpiredTimer,"ax",%progbits
 1099              		.align	1
 1100              		.syntax unified
 1101              		.thumb
 1102              		.thumb_func
ARM GAS  /tmp/ccWdpFxl.s 			page 45


 1103              		.fpu fpv4-sp-d16
 1105              	prvProcessExpiredTimer:
 1106              	.LVL84:
 1107              	.LFB15:
 508:Middlewares/Third_Party/FreeRTOS/Source/timers.c **** BaseType_t xResult;
 1108              		.loc 1 508 1 is_stmt 1 view -0
 1109              		.cfi_startproc
 1110              		@ args = 0, pretend = 0, frame = 0
 1111              		@ frame_needed = 0, uses_anonymous_args = 0
 508:Middlewares/Third_Party/FreeRTOS/Source/timers.c **** BaseType_t xResult;
 1112              		.loc 1 508 1 is_stmt 0 view .LVU290
 1113 0000 70B5     		push	{r4, r5, r6, lr}
 1114              	.LCFI27:
 1115              		.cfi_def_cfa_offset 16
 1116              		.cfi_offset 4, -16
 1117              		.cfi_offset 5, -12
 1118              		.cfi_offset 6, -8
 1119              		.cfi_offset 14, -4
 1120 0002 82B0     		sub	sp, sp, #8
 1121              	.LCFI28:
 1122              		.cfi_def_cfa_offset 24
 1123 0004 0646     		mov	r6, r0
 1124 0006 0D46     		mov	r5, r1
 509:Middlewares/Third_Party/FreeRTOS/Source/timers.c **** Timer_t * const pxTimer = ( Timer_t * ) listGET_OWNER_OF_HEAD_ENTRY( pxCurrentTimerList ); /*lint !
 1125              		.loc 1 509 1 is_stmt 1 view .LVU291
 510:Middlewares/Third_Party/FreeRTOS/Source/timers.c **** 
 1126              		.loc 1 510 1 view .LVU292
 510:Middlewares/Third_Party/FreeRTOS/Source/timers.c **** 
 1127              		.loc 1 510 41 is_stmt 0 view .LVU293
 1128 0008 1749     		ldr	r1, .L86
 1129              	.LVL85:
 510:Middlewares/Third_Party/FreeRTOS/Source/timers.c **** 
 1130              		.loc 1 510 41 view .LVU294
 1131 000a 0968     		ldr	r1, [r1]
 1132 000c C968     		ldr	r1, [r1, #12]
 510:Middlewares/Third_Party/FreeRTOS/Source/timers.c **** 
 1133              		.loc 1 510 17 view .LVU295
 1134 000e CC68     		ldr	r4, [r1, #12]
 1135              	.LVL86:
 514:Middlewares/Third_Party/FreeRTOS/Source/timers.c **** 	traceTIMER_EXPIRED( pxTimer );
 1136              		.loc 1 514 2 is_stmt 1 view .LVU296
 514:Middlewares/Third_Party/FreeRTOS/Source/timers.c **** 	traceTIMER_EXPIRED( pxTimer );
 1137              		.loc 1 514 11 is_stmt 0 view .LVU297
 1138 0010 201D     		adds	r0, r4, #4
 1139              	.LVL87:
 514:Middlewares/Third_Party/FreeRTOS/Source/timers.c **** 	traceTIMER_EXPIRED( pxTimer );
 1140              		.loc 1 514 11 view .LVU298
 1141 0012 FFF7FEFF 		bl	uxListRemove
 1142              	.LVL88:
 515:Middlewares/Third_Party/FreeRTOS/Source/timers.c **** 
 1143              		.loc 1 515 31 is_stmt 1 view .LVU299
 519:Middlewares/Third_Party/FreeRTOS/Source/timers.c **** 	{
 1144              		.loc 1 519 2 view .LVU300
 519:Middlewares/Third_Party/FreeRTOS/Source/timers.c **** 	{
 1145              		.loc 1 519 15 is_stmt 0 view .LVU301
 1146 0016 94F828C0 		ldrb	ip, [r4, #40]	@ zero_extendqisi2
 519:Middlewares/Third_Party/FreeRTOS/Source/timers.c **** 	{
ARM GAS  /tmp/ccWdpFxl.s 			page 46


 1147              		.loc 1 519 4 view .LVU302
 1148 001a 1CF0040F 		tst	ip, #4
 1149 001e 08D1     		bne	.L85
 539:Middlewares/Third_Party/FreeRTOS/Source/timers.c **** 		mtCOVERAGE_TEST_MARKER();
 1150              		.loc 1 539 3 is_stmt 1 view .LVU303
 539:Middlewares/Third_Party/FreeRTOS/Source/timers.c **** 		mtCOVERAGE_TEST_MARKER();
 1151              		.loc 1 539 21 is_stmt 0 view .LVU304
 1152 0020 2CF0010C 		bic	ip, ip, #1
 1153 0024 84F828C0 		strb	ip, [r4, #40]
 1154              	.L82:
 540:Middlewares/Third_Party/FreeRTOS/Source/timers.c **** 	}
 1155              		.loc 1 540 27 is_stmt 1 view .LVU305
 544:Middlewares/Third_Party/FreeRTOS/Source/timers.c **** }
 1156              		.loc 1 544 2 view .LVU306
 544:Middlewares/Third_Party/FreeRTOS/Source/timers.c **** }
 1157              		.loc 1 544 9 is_stmt 0 view .LVU307
 1158 0028 236A     		ldr	r3, [r4, #32]
 544:Middlewares/Third_Party/FreeRTOS/Source/timers.c **** }
 1159              		.loc 1 544 2 view .LVU308
 1160 002a 2046     		mov	r0, r4
 1161 002c 9847     		blx	r3
 1162              	.LVL89:
 545:Middlewares/Third_Party/FreeRTOS/Source/timers.c **** /*-----------------------------------------------------------*/
 1163              		.loc 1 545 1 view .LVU309
 1164 002e 02B0     		add	sp, sp, #8
 1165              	.LCFI29:
 1166              		.cfi_remember_state
 1167              		.cfi_def_cfa_offset 16
 1168              		@ sp needed
 1169 0030 70BD     		pop	{r4, r5, r6, pc}
 1170              	.LVL90:
 1171              	.L85:
 1172              	.LCFI30:
 1173              		.cfi_restore_state
 524:Middlewares/Third_Party/FreeRTOS/Source/timers.c **** 		{
 1174              		.loc 1 524 3 is_stmt 1 view .LVU310
 524:Middlewares/Third_Party/FreeRTOS/Source/timers.c **** 		{
 1175              		.loc 1 524 71 is_stmt 0 view .LVU311
 1176 0032 A169     		ldr	r1, [r4, #24]
 524:Middlewares/Third_Party/FreeRTOS/Source/timers.c **** 		{
 1177              		.loc 1 524 7 view .LVU312
 1178 0034 3346     		mov	r3, r6
 1179 0036 2A46     		mov	r2, r5
 1180 0038 3144     		add	r1, r1, r6
 1181 003a 2046     		mov	r0, r4
 1182 003c FFF7FEFF 		bl	prvInsertTimerInActiveList
 1183              	.LVL91:
 524:Middlewares/Third_Party/FreeRTOS/Source/timers.c **** 		{
 1184              		.loc 1 524 5 view .LVU313
 1185 0040 0028     		cmp	r0, #0
 1186 0042 F1D0     		beq	.L82
 528:Middlewares/Third_Party/FreeRTOS/Source/timers.c **** 			configASSERT( xResult );
 1187              		.loc 1 528 4 is_stmt 1 view .LVU314
 528:Middlewares/Third_Party/FreeRTOS/Source/timers.c **** 			configASSERT( xResult );
 1188              		.loc 1 528 14 is_stmt 0 view .LVU315
 1189 0044 0021     		movs	r1, #0
 1190 0046 0091     		str	r1, [sp]
ARM GAS  /tmp/ccWdpFxl.s 			page 47


 1191 0048 0B46     		mov	r3, r1
 1192 004a 3246     		mov	r2, r6
 1193 004c 2046     		mov	r0, r4
 1194 004e FFF7FEFF 		bl	xTimerGenericCommand
 1195              	.LVL92:
 529:Middlewares/Third_Party/FreeRTOS/Source/timers.c **** 			( void ) xResult;
 1196              		.loc 1 529 4 is_stmt 1 view .LVU316
 1197 0052 0028     		cmp	r0, #0
 1198 0054 E8D1     		bne	.L82
 529:Middlewares/Third_Party/FreeRTOS/Source/timers.c **** 			( void ) xResult;
 1199              		.loc 1 529 4 view .LVU317
 1200              	.LBB60:
 1201              	.LBI60:
 191:Middlewares/Third_Party/FreeRTOS/Source/portable/GCC/ARM_CM4F/portmacro.h **** {
 1202              		.loc 2 191 30 view .LVU318
 1203              	.LBB61:
 193:Middlewares/Third_Party/FreeRTOS/Source/portable/GCC/ARM_CM4F/portmacro.h **** 
 1204              		.loc 2 193 1 view .LVU319
 1205              		.loc 2 195 2 view .LVU320
 1206              		.syntax unified
 1207              	@ 195 "Middlewares/Third_Party/FreeRTOS/Source/portable/GCC/ARM_CM4F/portmacro.h" 1
 1208 0056 4FF05003 			mov r3, #80												
 1209 005a 83F31188 		msr basepri, r3											
 1210 005e BFF36F8F 		isb														
 1211 0062 BFF34F8F 		dsb														
 1212              	
 1213              	@ 0 "" 2
 1214              	.LVL93:
 1215              		.thumb
 1216              		.syntax unified
 1217              	.L83:
 1218              		.loc 2 195 2 is_stmt 0 view .LVU321
 1219              	.LBE61:
 1220              	.LBE60:
 529:Middlewares/Third_Party/FreeRTOS/Source/timers.c **** 			( void ) xResult;
 1221              		.loc 1 529 4 is_stmt 1 discriminator 1 view .LVU322
 529:Middlewares/Third_Party/FreeRTOS/Source/timers.c **** 			( void ) xResult;
 1222              		.loc 1 529 4 discriminator 1 view .LVU323
 529:Middlewares/Third_Party/FreeRTOS/Source/timers.c **** 			( void ) xResult;
 1223              		.loc 1 529 4 discriminator 1 view .LVU324
 1224 0066 FEE7     		b	.L83
 1225              	.L87:
 1226              		.align	2
 1227              	.L86:
 1228 0068 00000000 		.word	.LANCHOR0
 1229              		.cfi_endproc
 1230              	.LFE15:
 1232              		.section	.text.prvProcessTimerOrBlockTask,"ax",%progbits
 1233              		.align	1
 1234              		.syntax unified
 1235              		.thumb
 1236              		.thumb_func
 1237              		.fpu fpv4-sp-d16
 1239              	prvProcessTimerOrBlockTask:
 1240              	.LVL94:
 1241              	.LFB17:
 585:Middlewares/Third_Party/FreeRTOS/Source/timers.c **** TickType_t xTimeNow;
ARM GAS  /tmp/ccWdpFxl.s 			page 48


 1242              		.loc 1 585 1 view -0
 1243              		.cfi_startproc
 1244              		@ args = 0, pretend = 0, frame = 8
 1245              		@ frame_needed = 0, uses_anonymous_args = 0
 585:Middlewares/Third_Party/FreeRTOS/Source/timers.c **** TickType_t xTimeNow;
 1246              		.loc 1 585 1 is_stmt 0 view .LVU326
 1247 0000 70B5     		push	{r4, r5, r6, lr}
 1248              	.LCFI31:
 1249              		.cfi_def_cfa_offset 16
 1250              		.cfi_offset 4, -16
 1251              		.cfi_offset 5, -12
 1252              		.cfi_offset 6, -8
 1253              		.cfi_offset 14, -4
 1254 0002 82B0     		sub	sp, sp, #8
 1255              	.LCFI32:
 1256              		.cfi_def_cfa_offset 24
 1257 0004 0646     		mov	r6, r0
 1258 0006 0C46     		mov	r4, r1
 586:Middlewares/Third_Party/FreeRTOS/Source/timers.c **** BaseType_t xTimerListsWereSwitched;
 1259              		.loc 1 586 1 is_stmt 1 view .LVU327
 587:Middlewares/Third_Party/FreeRTOS/Source/timers.c **** 
 1260              		.loc 1 587 1 view .LVU328
 589:Middlewares/Third_Party/FreeRTOS/Source/timers.c **** 	{
 1261              		.loc 1 589 2 view .LVU329
 1262 0008 FFF7FEFF 		bl	vTaskSuspendAll
 1263              	.LVL95:
 596:Middlewares/Third_Party/FreeRTOS/Source/timers.c **** 		if( xTimerListsWereSwitched == pdFALSE )
 1264              		.loc 1 596 3 view .LVU330
 596:Middlewares/Third_Party/FreeRTOS/Source/timers.c **** 		if( xTimerListsWereSwitched == pdFALSE )
 1265              		.loc 1 596 14 is_stmt 0 view .LVU331
 1266 000c 01A8     		add	r0, sp, #4
 1267 000e FFF7FEFF 		bl	prvSampleTimeNow
 1268              	.LVL96:
 597:Middlewares/Third_Party/FreeRTOS/Source/timers.c **** 		{
 1269              		.loc 1 597 3 is_stmt 1 view .LVU332
 597:Middlewares/Third_Party/FreeRTOS/Source/timers.c **** 		{
 1270              		.loc 1 597 31 is_stmt 0 view .LVU333
 1271 0012 019B     		ldr	r3, [sp, #4]
 597:Middlewares/Third_Party/FreeRTOS/Source/timers.c **** 		{
 1272              		.loc 1 597 5 view .LVU334
 1273 0014 33BB     		cbnz	r3, .L89
 1274 0016 0546     		mov	r5, r0
 600:Middlewares/Third_Party/FreeRTOS/Source/timers.c **** 			{
 1275              		.loc 1 600 4 is_stmt 1 view .LVU335
 600:Middlewares/Third_Party/FreeRTOS/Source/timers.c **** 			{
 1276              		.loc 1 600 6 is_stmt 0 view .LVU336
 1277 0018 0CB9     		cbnz	r4, .L90
 600:Middlewares/Third_Party/FreeRTOS/Source/timers.c **** 			{
 1278              		.loc 1 600 37 discriminator 1 view .LVU337
 1279 001a B042     		cmp	r0, r6
 1280 001c 19D2     		bcs	.L95
 1281              	.L90:
 613:Middlewares/Third_Party/FreeRTOS/Source/timers.c **** 				{
 1282              		.loc 1 613 5 is_stmt 1 view .LVU338
 613:Middlewares/Third_Party/FreeRTOS/Source/timers.c **** 				{
 1283              		.loc 1 613 7 is_stmt 0 view .LVU339
 1284 001e 24B1     		cbz	r4, .L92
ARM GAS  /tmp/ccWdpFxl.s 			page 49


 617:Middlewares/Third_Party/FreeRTOS/Source/timers.c **** 				}
 1285              		.loc 1 617 6 is_stmt 1 view .LVU340
 617:Middlewares/Third_Party/FreeRTOS/Source/timers.c **** 				}
 1286              		.loc 1 617 22 is_stmt 0 view .LVU341
 1287 0020 124A     		ldr	r2, .L96
 1288 0022 1268     		ldr	r2, [r2]
 1289 0024 1268     		ldr	r2, [r2]
 1290 0026 DAB9     		cbnz	r2, .L93
 1291 0028 0124     		movs	r4, #1
 1292              	.LVL97:
 1293              	.L92:
 620:Middlewares/Third_Party/FreeRTOS/Source/timers.c **** 
 1294              		.loc 1 620 5 is_stmt 1 view .LVU342
 1295 002a 2246     		mov	r2, r4
 1296 002c 711B     		subs	r1, r6, r5
 1297 002e 104B     		ldr	r3, .L96+4
 1298 0030 1868     		ldr	r0, [r3]
 1299              	.LVL98:
 620:Middlewares/Third_Party/FreeRTOS/Source/timers.c **** 
 1300              		.loc 1 620 5 is_stmt 0 view .LVU343
 1301 0032 FFF7FEFF 		bl	vQueueWaitForMessageRestricted
 1302              	.LVL99:
 622:Middlewares/Third_Party/FreeRTOS/Source/timers.c **** 				{
 1303              		.loc 1 622 5 is_stmt 1 view .LVU344
 622:Middlewares/Third_Party/FreeRTOS/Source/timers.c **** 				{
 1304              		.loc 1 622 9 is_stmt 0 view .LVU345
 1305 0036 FFF7FEFF 		bl	xTaskResumeAll
 1306              	.LVL100:
 622:Middlewares/Third_Party/FreeRTOS/Source/timers.c **** 				{
 1307              		.loc 1 622 7 view .LVU346
 1308 003a A8B9     		cbnz	r0, .L88
 628:Middlewares/Third_Party/FreeRTOS/Source/timers.c **** 				}
 1309              		.loc 1 628 6 is_stmt 1 view .LVU347
 1310 003c 4FF0E023 		mov	r3, #-536813568
 1311 0040 4FF08052 		mov	r2, #268435456
 1312 0044 C3F8042D 		str	r2, [r3, #3332]
 628:Middlewares/Third_Party/FreeRTOS/Source/timers.c **** 				}
 1313              		.loc 1 628 6 view .LVU348
 1314              		.syntax unified
 1315              	@ 628 "Middlewares/Third_Party/FreeRTOS/Source/timers.c" 1
 1316 0048 BFF34F8F 		dsb
 1317              	@ 0 "" 2
 628:Middlewares/Third_Party/FreeRTOS/Source/timers.c **** 				}
 1318              		.loc 1 628 6 view .LVU349
 1319              	@ 628 "Middlewares/Third_Party/FreeRTOS/Source/timers.c" 1
 1320 004c BFF36F8F 		isb
 1321              	@ 0 "" 2
 628:Middlewares/Third_Party/FreeRTOS/Source/timers.c **** 				}
 1322              		.loc 1 628 28 view .LVU350
 1323              		.thumb
 1324              		.syntax unified
 1325 0050 0AE0     		b	.L88
 1326              	.LVL101:
 1327              	.L95:
 602:Middlewares/Third_Party/FreeRTOS/Source/timers.c **** 				prvProcessExpiredTimer( xNextExpireTime, xTimeNow );
 1328              		.loc 1 602 5 view .LVU351
 602:Middlewares/Third_Party/FreeRTOS/Source/timers.c **** 				prvProcessExpiredTimer( xNextExpireTime, xTimeNow );
ARM GAS  /tmp/ccWdpFxl.s 			page 50


 1329              		.loc 1 602 14 is_stmt 0 view .LVU352
 1330 0052 FFF7FEFF 		bl	xTaskResumeAll
 1331              	.LVL102:
 603:Middlewares/Third_Party/FreeRTOS/Source/timers.c **** 			}
 1332              		.loc 1 603 5 is_stmt 1 view .LVU353
 1333 0056 2946     		mov	r1, r5
 1334 0058 3046     		mov	r0, r6
 1335 005a FFF7FEFF 		bl	prvProcessExpiredTimer
 1336              	.LVL103:
 1337 005e 03E0     		b	.L88
 1338              	.LVL104:
 1339              	.L93:
 617:Middlewares/Third_Party/FreeRTOS/Source/timers.c **** 				}
 1340              		.loc 1 617 22 is_stmt 0 view .LVU354
 1341 0060 1C46     		mov	r4, r3
 1342              	.LVL105:
 617:Middlewares/Third_Party/FreeRTOS/Source/timers.c **** 				}
 1343              		.loc 1 617 22 view .LVU355
 1344 0062 E2E7     		b	.L92
 1345              	.LVL106:
 1346              	.L89:
 638:Middlewares/Third_Party/FreeRTOS/Source/timers.c **** 		}
 1347              		.loc 1 638 4 is_stmt 1 view .LVU356
 638:Middlewares/Third_Party/FreeRTOS/Source/timers.c **** 		}
 1348              		.loc 1 638 13 is_stmt 0 view .LVU357
 1349 0064 FFF7FEFF 		bl	xTaskResumeAll
 1350              	.LVL107:
 1351              	.L88:
 641:Middlewares/Third_Party/FreeRTOS/Source/timers.c **** /*-----------------------------------------------------------*/
 1352              		.loc 1 641 1 view .LVU358
 1353 0068 02B0     		add	sp, sp, #8
 1354              	.LCFI33:
 1355              		.cfi_def_cfa_offset 16
 1356              		@ sp needed
 1357 006a 70BD     		pop	{r4, r5, r6, pc}
 1358              	.LVL108:
 1359              	.L97:
 641:Middlewares/Third_Party/FreeRTOS/Source/timers.c **** /*-----------------------------------------------------------*/
 1360              		.loc 1 641 1 view .LVU359
 1361              		.align	2
 1362              	.L96:
 1363 006c 00000000 		.word	.LANCHOR1
 1364 0070 00000000 		.word	.LANCHOR2
 1365              		.cfi_endproc
 1366              	.LFE17:
 1368              		.section	.text.prvProcessReceivedCommands,"ax",%progbits
 1369              		.align	1
 1370              		.syntax unified
 1371              		.thumb
 1372              		.thumb_func
 1373              		.fpu fpv4-sp-d16
 1375              	prvProcessReceivedCommands:
 1376              	.LFB21:
 735:Middlewares/Third_Party/FreeRTOS/Source/timers.c **** DaemonTaskMessage_t xMessage;
 1377              		.loc 1 735 1 is_stmt 1 view -0
 1378              		.cfi_startproc
 1379              		@ args = 0, pretend = 0, frame = 24
ARM GAS  /tmp/ccWdpFxl.s 			page 51


 1380              		@ frame_needed = 0, uses_anonymous_args = 0
 1381 0000 10B5     		push	{r4, lr}
 1382              	.LCFI34:
 1383              		.cfi_def_cfa_offset 8
 1384              		.cfi_offset 4, -8
 1385              		.cfi_offset 14, -4
 1386 0002 88B0     		sub	sp, sp, #32
 1387              	.LCFI35:
 1388              		.cfi_def_cfa_offset 40
 736:Middlewares/Third_Party/FreeRTOS/Source/timers.c **** Timer_t *pxTimer;
 1389              		.loc 1 736 1 view .LVU361
 737:Middlewares/Third_Party/FreeRTOS/Source/timers.c **** BaseType_t xTimerListsWereSwitched, xResult;
 1390              		.loc 1 737 1 view .LVU362
 738:Middlewares/Third_Party/FreeRTOS/Source/timers.c **** TickType_t xTimeNow;
 1391              		.loc 1 738 1 view .LVU363
 739:Middlewares/Third_Party/FreeRTOS/Source/timers.c **** 
 1392              		.loc 1 739 1 view .LVU364
 741:Middlewares/Third_Party/FreeRTOS/Source/timers.c **** 	{
 1393              		.loc 1 741 2 view .LVU365
 741:Middlewares/Third_Party/FreeRTOS/Source/timers.c **** 	{
 1394              		.loc 1 741 7 is_stmt 0 view .LVU366
 1395 0004 02E0     		b	.L101
 1396              	.L100:
 760:Middlewares/Third_Party/FreeRTOS/Source/timers.c **** 			}
 1397              		.loc 1 760 29 is_stmt 1 view .LVU367
 767:Middlewares/Third_Party/FreeRTOS/Source/timers.c **** 		{
 1398              		.loc 1 767 3 view .LVU368
 767:Middlewares/Third_Party/FreeRTOS/Source/timers.c **** 		{
 1399              		.loc 1 767 15 is_stmt 0 view .LVU369
 1400 0006 049B     		ldr	r3, [sp, #16]
 767:Middlewares/Third_Party/FreeRTOS/Source/timers.c **** 		{
 1401              		.loc 1 767 5 view .LVU370
 1402 0008 002B     		cmp	r3, #0
 1403 000a 0FDA     		bge	.L116
 1404              	.L101:
 741:Middlewares/Third_Party/FreeRTOS/Source/timers.c **** 	{
 1405              		.loc 1 741 7 is_stmt 1 view .LVU371
 741:Middlewares/Third_Party/FreeRTOS/Source/timers.c **** 	{
 1406              		.loc 1 741 9 is_stmt 0 view .LVU372
 1407 000c 0022     		movs	r2, #0
 1408 000e 04A9     		add	r1, sp, #16
 1409 0010 3D4B     		ldr	r3, .L120
 1410 0012 1868     		ldr	r0, [r3]
 1411 0014 FFF7FEFF 		bl	xQueueReceive
 1412              	.LVL109:
 741:Middlewares/Third_Party/FreeRTOS/Source/timers.c **** 	{
 1413              		.loc 1 741 7 view .LVU373
 1414 0018 0028     		cmp	r0, #0
 1415 001a 73D0     		beq	.L117
 747:Middlewares/Third_Party/FreeRTOS/Source/timers.c **** 			{
 1416              		.loc 1 747 4 is_stmt 1 view .LVU374
 747:Middlewares/Third_Party/FreeRTOS/Source/timers.c **** 			{
 1417              		.loc 1 747 16 is_stmt 0 view .LVU375
 1418 001c 049B     		ldr	r3, [sp, #16]
 747:Middlewares/Third_Party/FreeRTOS/Source/timers.c **** 			{
 1419              		.loc 1 747 6 view .LVU376
 1420 001e 002B     		cmp	r3, #0
ARM GAS  /tmp/ccWdpFxl.s 			page 52


 1421 0020 F1DA     		bge	.L100
 1422              	.LBB62:
 749:Middlewares/Third_Party/FreeRTOS/Source/timers.c **** 
 1423              		.loc 1 749 5 is_stmt 1 discriminator 2 view .LVU377
 1424              	.LVL110:
 753:Middlewares/Third_Party/FreeRTOS/Source/timers.c **** 
 1425              		.loc 1 753 5 discriminator 2 view .LVU378
 753:Middlewares/Third_Party/FreeRTOS/Source/timers.c **** 
 1426              		.loc 1 753 31 discriminator 2 view .LVU379
 756:Middlewares/Third_Party/FreeRTOS/Source/timers.c **** 			}
 1427              		.loc 1 756 5 discriminator 2 view .LVU380
 1428 0022 0799     		ldr	r1, [sp, #28]
 1429 0024 0698     		ldr	r0, [sp, #24]
 1430 0026 059B     		ldr	r3, [sp, #20]
 1431 0028 9847     		blx	r3
 1432              	.LVL111:
 1433              	.LBE62:
 1434 002a ECE7     		b	.L100
 1435              	.LVL112:
 1436              	.L116:
 771:Middlewares/Third_Party/FreeRTOS/Source/timers.c **** 
 1437              		.loc 1 771 4 view .LVU381
 771:Middlewares/Third_Party/FreeRTOS/Source/timers.c **** 
 1438              		.loc 1 771 12 is_stmt 0 view .LVU382
 1439 002c 069C     		ldr	r4, [sp, #24]
 1440              	.LVL113:
 773:Middlewares/Third_Party/FreeRTOS/Source/timers.c **** 			{
 1441              		.loc 1 773 4 is_stmt 1 view .LVU383
 773:Middlewares/Third_Party/FreeRTOS/Source/timers.c **** 			{
 1442              		.loc 1 773 8 is_stmt 0 view .LVU384
 1443 002e 6369     		ldr	r3, [r4, #20]
 773:Middlewares/Third_Party/FreeRTOS/Source/timers.c **** 			{
 1444              		.loc 1 773 6 view .LVU385
 1445 0030 13B1     		cbz	r3, .L102
 776:Middlewares/Third_Party/FreeRTOS/Source/timers.c **** 			}
 1446              		.loc 1 776 5 is_stmt 1 view .LVU386
 776:Middlewares/Third_Party/FreeRTOS/Source/timers.c **** 			}
 1447              		.loc 1 776 14 is_stmt 0 view .LVU387
 1448 0032 201D     		adds	r0, r4, #4
 1449 0034 FFF7FEFF 		bl	uxListRemove
 1450              	.LVL114:
 1451              	.L102:
 780:Middlewares/Third_Party/FreeRTOS/Source/timers.c **** 			}
 1452              		.loc 1 780 29 is_stmt 1 view .LVU388
 783:Middlewares/Third_Party/FreeRTOS/Source/timers.c **** 
 1453              		.loc 1 783 106 view .LVU389
 791:Middlewares/Third_Party/FreeRTOS/Source/timers.c **** 
 1454              		.loc 1 791 4 view .LVU390
 791:Middlewares/Third_Party/FreeRTOS/Source/timers.c **** 
 1455              		.loc 1 791 15 is_stmt 0 view .LVU391
 1456 0038 03A8     		add	r0, sp, #12
 1457 003a FFF7FEFF 		bl	prvSampleTimeNow
 1458              	.LVL115:
 793:Middlewares/Third_Party/FreeRTOS/Source/timers.c **** 			{
 1459              		.loc 1 793 4 is_stmt 1 view .LVU392
 793:Middlewares/Third_Party/FreeRTOS/Source/timers.c **** 			{
 1460              		.loc 1 793 20 is_stmt 0 view .LVU393
ARM GAS  /tmp/ccWdpFxl.s 			page 53


 1461 003e 049B     		ldr	r3, [sp, #16]
 793:Middlewares/Third_Party/FreeRTOS/Source/timers.c **** 			{
 1462              		.loc 1 793 4 view .LVU394
 1463 0040 092B     		cmp	r3, #9
 1464 0042 E3D8     		bhi	.L101
 1465 0044 DFE803F0 		tbb	[pc, r3]
 1466              	.L105:
 1467 0048 05       		.byte	(.L107-.L105)/2
 1468 0049 05       		.byte	(.L107-.L105)/2
 1469 004a 05       		.byte	(.L107-.L105)/2
 1470 004b 30       		.byte	(.L106-.L105)/2
 1471 004c 37       		.byte	(.L104-.L105)/2
 1472 004d 50       		.byte	(.L108-.L105)/2
 1473 004e 05       		.byte	(.L107-.L105)/2
 1474 004f 05       		.byte	(.L107-.L105)/2
 1475 0050 30       		.byte	(.L106-.L105)/2
 1476 0051 37       		.byte	(.L104-.L105)/2
 1477              		.p2align 1
 1478              	.L107:
 801:Middlewares/Third_Party/FreeRTOS/Source/timers.c **** 					if( prvInsertTimerInActiveList( pxTimer,  xMessage.u.xTimerParameters.xMessageValue + pxTimer-
 1479              		.loc 1 801 6 is_stmt 1 view .LVU395
 801:Middlewares/Third_Party/FreeRTOS/Source/timers.c **** 					if( prvInsertTimerInActiveList( pxTimer,  xMessage.u.xTimerParameters.xMessageValue + pxTimer-
 1480              		.loc 1 801 24 is_stmt 0 view .LVU396
 1481 0052 94F82830 		ldrb	r3, [r4, #40]	@ zero_extendqisi2
 1482 0056 43F00103 		orr	r3, r3, #1
 1483 005a 84F82830 		strb	r3, [r4, #40]
 802:Middlewares/Third_Party/FreeRTOS/Source/timers.c **** 					{
 1484              		.loc 1 802 6 is_stmt 1 view .LVU397
 802:Middlewares/Third_Party/FreeRTOS/Source/timers.c **** 					{
 1485              		.loc 1 802 75 is_stmt 0 view .LVU398
 1486 005e 059B     		ldr	r3, [sp, #20]
 802:Middlewares/Third_Party/FreeRTOS/Source/timers.c **** 					{
 1487              		.loc 1 802 99 view .LVU399
 1488 0060 A169     		ldr	r1, [r4, #24]
 802:Middlewares/Third_Party/FreeRTOS/Source/timers.c **** 					{
 1489              		.loc 1 802 10 view .LVU400
 1490 0062 0246     		mov	r2, r0
 1491 0064 1944     		add	r1, r1, r3
 1492 0066 2046     		mov	r0, r4
 1493              	.LVL116:
 802:Middlewares/Third_Party/FreeRTOS/Source/timers.c **** 					{
 1494              		.loc 1 802 10 view .LVU401
 1495 0068 FFF7FEFF 		bl	prvInsertTimerInActiveList
 1496              	.LVL117:
 802:Middlewares/Third_Party/FreeRTOS/Source/timers.c **** 					{
 1497              		.loc 1 802 8 view .LVU402
 1498 006c 0028     		cmp	r0, #0
 1499 006e CDD0     		beq	.L101
 806:Middlewares/Third_Party/FreeRTOS/Source/timers.c **** 						traceTIMER_EXPIRED( pxTimer );
 1500              		.loc 1 806 7 is_stmt 1 view .LVU403
 806:Middlewares/Third_Party/FreeRTOS/Source/timers.c **** 						traceTIMER_EXPIRED( pxTimer );
 1501              		.loc 1 806 14 is_stmt 0 view .LVU404
 1502 0070 236A     		ldr	r3, [r4, #32]
 806:Middlewares/Third_Party/FreeRTOS/Source/timers.c **** 						traceTIMER_EXPIRED( pxTimer );
 1503              		.loc 1 806 7 view .LVU405
 1504 0072 2046     		mov	r0, r4
 1505 0074 9847     		blx	r3
ARM GAS  /tmp/ccWdpFxl.s 			page 54


 1506              	.LVL118:
 807:Middlewares/Third_Party/FreeRTOS/Source/timers.c **** 
 1507              		.loc 1 807 36 is_stmt 1 view .LVU406
 809:Middlewares/Third_Party/FreeRTOS/Source/timers.c **** 						{
 1508              		.loc 1 809 7 view .LVU407
 809:Middlewares/Third_Party/FreeRTOS/Source/timers.c **** 						{
 1509              		.loc 1 809 20 is_stmt 0 view .LVU408
 1510 0076 94F82830 		ldrb	r3, [r4, #40]	@ zero_extendqisi2
 809:Middlewares/Third_Party/FreeRTOS/Source/timers.c **** 						{
 1511              		.loc 1 809 9 view .LVU409
 1512 007a 13F0040F 		tst	r3, #4
 1513 007e C5D0     		beq	.L101
 811:Middlewares/Third_Party/FreeRTOS/Source/timers.c **** 							configASSERT( xResult );
 1514              		.loc 1 811 8 is_stmt 1 view .LVU410
 811:Middlewares/Third_Party/FreeRTOS/Source/timers.c **** 							configASSERT( xResult );
 1515              		.loc 1 811 129 is_stmt 0 view .LVU411
 1516 0080 A269     		ldr	r2, [r4, #24]
 811:Middlewares/Third_Party/FreeRTOS/Source/timers.c **** 							configASSERT( xResult );
 1517              		.loc 1 811 18 view .LVU412
 1518 0082 0021     		movs	r1, #0
 1519 0084 0091     		str	r1, [sp]
 1520 0086 0B46     		mov	r3, r1
 1521 0088 0598     		ldr	r0, [sp, #20]
 1522 008a 0244     		add	r2, r2, r0
 1523 008c 2046     		mov	r0, r4
 1524 008e FFF7FEFF 		bl	xTimerGenericCommand
 1525              	.LVL119:
 812:Middlewares/Third_Party/FreeRTOS/Source/timers.c **** 							( void ) xResult;
 1526              		.loc 1 812 8 is_stmt 1 view .LVU413
 1527 0092 0028     		cmp	r0, #0
 1528 0094 BAD1     		bne	.L101
 812:Middlewares/Third_Party/FreeRTOS/Source/timers.c **** 							( void ) xResult;
 1529              		.loc 1 812 8 view .LVU414
 1530              	.LBB63:
 1531              	.LBI63:
 191:Middlewares/Third_Party/FreeRTOS/Source/portable/GCC/ARM_CM4F/portmacro.h **** {
 1532              		.loc 2 191 30 view .LVU415
 1533              	.LBB64:
 193:Middlewares/Third_Party/FreeRTOS/Source/portable/GCC/ARM_CM4F/portmacro.h **** 
 1534              		.loc 2 193 1 view .LVU416
 1535              		.loc 2 195 2 view .LVU417
 1536              		.syntax unified
 1537              	@ 195 "Middlewares/Third_Party/FreeRTOS/Source/portable/GCC/ARM_CM4F/portmacro.h" 1
 1538 0096 4FF05003 			mov r3, #80												
 1539 009a 83F31188 		msr basepri, r3											
 1540 009e BFF36F8F 		isb														
 1541 00a2 BFF34F8F 		dsb														
 1542              	
 1543              	@ 0 "" 2
 1544              	.LVL120:
 1545              		.thumb
 1546              		.syntax unified
 1547              	.L110:
 1548              		.loc 2 195 2 is_stmt 0 view .LVU418
 1549              	.LBE64:
 1550              	.LBE63:
 812:Middlewares/Third_Party/FreeRTOS/Source/timers.c **** 							( void ) xResult;
ARM GAS  /tmp/ccWdpFxl.s 			page 55


 1551              		.loc 1 812 8 is_stmt 1 discriminator 2 view .LVU419
 812:Middlewares/Third_Party/FreeRTOS/Source/timers.c **** 							( void ) xResult;
 1552              		.loc 1 812 8 discriminator 2 view .LVU420
 812:Middlewares/Third_Party/FreeRTOS/Source/timers.c **** 							( void ) xResult;
 1553              		.loc 1 812 8 discriminator 2 view .LVU421
 1554 00a6 FEE7     		b	.L110
 1555              	.LVL121:
 1556              	.L106:
 829:Middlewares/Third_Party/FreeRTOS/Source/timers.c **** 					break;
 1557              		.loc 1 829 6 view .LVU422
 829:Middlewares/Third_Party/FreeRTOS/Source/timers.c **** 					break;
 1558              		.loc 1 829 24 is_stmt 0 view .LVU423
 1559 00a8 94F82830 		ldrb	r3, [r4, #40]	@ zero_extendqisi2
 1560 00ac 23F00103 		bic	r3, r3, #1
 1561 00b0 84F82830 		strb	r3, [r4, #40]
 830:Middlewares/Third_Party/FreeRTOS/Source/timers.c **** 
 1562              		.loc 1 830 6 is_stmt 1 view .LVU424
 1563 00b4 AAE7     		b	.L101
 1564              	.L104:
 834:Middlewares/Third_Party/FreeRTOS/Source/timers.c **** 					pxTimer->xTimerPeriodInTicks = xMessage.u.xTimerParameters.xMessageValue;
 1565              		.loc 1 834 6 view .LVU425
 834:Middlewares/Third_Party/FreeRTOS/Source/timers.c **** 					pxTimer->xTimerPeriodInTicks = xMessage.u.xTimerParameters.xMessageValue;
 1566              		.loc 1 834 24 is_stmt 0 view .LVU426
 1567 00b6 94F82830 		ldrb	r3, [r4, #40]	@ zero_extendqisi2
 1568 00ba 43F00103 		orr	r3, r3, #1
 1569 00be 84F82830 		strb	r3, [r4, #40]
 835:Middlewares/Third_Party/FreeRTOS/Source/timers.c **** 					configASSERT( ( pxTimer->xTimerPeriodInTicks > 0 ) );
 1570              		.loc 1 835 6 is_stmt 1 view .LVU427
 835:Middlewares/Third_Party/FreeRTOS/Source/timers.c **** 					configASSERT( ( pxTimer->xTimerPeriodInTicks > 0 ) );
 1571              		.loc 1 835 64 is_stmt 0 view .LVU428
 1572 00c2 0599     		ldr	r1, [sp, #20]
 835:Middlewares/Third_Party/FreeRTOS/Source/timers.c **** 					configASSERT( ( pxTimer->xTimerPeriodInTicks > 0 ) );
 1573              		.loc 1 835 35 view .LVU429
 1574 00c4 A161     		str	r1, [r4, #24]
 836:Middlewares/Third_Party/FreeRTOS/Source/timers.c **** 
 1575              		.loc 1 836 6 is_stmt 1 view .LVU430
 1576 00c6 31B1     		cbz	r1, .L118
 836:Middlewares/Third_Party/FreeRTOS/Source/timers.c **** 
 1577              		.loc 1 836 58 discriminator 2 view .LVU431
 844:Middlewares/Third_Party/FreeRTOS/Source/timers.c **** 					break;
 1578              		.loc 1 844 6 discriminator 2 view .LVU432
 844:Middlewares/Third_Party/FreeRTOS/Source/timers.c **** 					break;
 1579              		.loc 1 844 15 is_stmt 0 discriminator 2 view .LVU433
 1580 00c8 0346     		mov	r3, r0
 1581 00ca 0246     		mov	r2, r0
 1582 00cc 0144     		add	r1, r1, r0
 1583 00ce 2046     		mov	r0, r4
 1584              	.LVL122:
 844:Middlewares/Third_Party/FreeRTOS/Source/timers.c **** 					break;
 1585              		.loc 1 844 15 discriminator 2 view .LVU434
 1586 00d0 FFF7FEFF 		bl	prvInsertTimerInActiveList
 1587              	.LVL123:
 845:Middlewares/Third_Party/FreeRTOS/Source/timers.c **** 
 1588              		.loc 1 845 6 is_stmt 1 discriminator 2 view .LVU435
 1589 00d4 9AE7     		b	.L101
 1590              	.LVL124:
 1591              	.L118:
ARM GAS  /tmp/ccWdpFxl.s 			page 56


 836:Middlewares/Third_Party/FreeRTOS/Source/timers.c **** 
 1592              		.loc 1 836 6 view .LVU436
 1593              	.LBB65:
 1594              	.LBI65:
 191:Middlewares/Third_Party/FreeRTOS/Source/portable/GCC/ARM_CM4F/portmacro.h **** {
 1595              		.loc 2 191 30 view .LVU437
 1596              	.LBB66:
 193:Middlewares/Third_Party/FreeRTOS/Source/portable/GCC/ARM_CM4F/portmacro.h **** 
 1597              		.loc 2 193 1 view .LVU438
 1598              		.loc 2 195 2 view .LVU439
 1599              		.syntax unified
 1600              	@ 195 "Middlewares/Third_Party/FreeRTOS/Source/portable/GCC/ARM_CM4F/portmacro.h" 1
 1601 00d6 4FF05003 			mov r3, #80												
 1602 00da 83F31188 		msr basepri, r3											
 1603 00de BFF36F8F 		isb														
 1604 00e2 BFF34F8F 		dsb														
 1605              	
 1606              	@ 0 "" 2
 1607              	.LVL125:
 1608              		.thumb
 1609              		.syntax unified
 1610              	.L112:
 1611              		.loc 2 195 2 is_stmt 0 view .LVU440
 1612              	.LBE66:
 1613              	.LBE65:
 836:Middlewares/Third_Party/FreeRTOS/Source/timers.c **** 
 1614              		.loc 1 836 6 is_stmt 1 discriminator 5 view .LVU441
 836:Middlewares/Third_Party/FreeRTOS/Source/timers.c **** 
 1615              		.loc 1 836 6 discriminator 5 view .LVU442
 836:Middlewares/Third_Party/FreeRTOS/Source/timers.c **** 
 1616              		.loc 1 836 6 discriminator 5 view .LVU443
 1617 00e6 FEE7     		b	.L112
 1618              	.L108:
 853:Middlewares/Third_Party/FreeRTOS/Source/timers.c **** 						{
 1619              		.loc 1 853 7 view .LVU444
 853:Middlewares/Third_Party/FreeRTOS/Source/timers.c **** 						{
 1620              		.loc 1 853 20 is_stmt 0 view .LVU445
 1621 00e8 94F82830 		ldrb	r3, [r4, #40]	@ zero_extendqisi2
 853:Middlewares/Third_Party/FreeRTOS/Source/timers.c **** 						{
 1622              		.loc 1 853 9 view .LVU446
 1623 00ec 13F0020F 		tst	r3, #2
 1624 00f0 04D0     		beq	.L119
 859:Middlewares/Third_Party/FreeRTOS/Source/timers.c **** 						}
 1625              		.loc 1 859 8 is_stmt 1 view .LVU447
 859:Middlewares/Third_Party/FreeRTOS/Source/timers.c **** 						}
 1626              		.loc 1 859 26 is_stmt 0 view .LVU448
 1627 00f2 23F00103 		bic	r3, r3, #1
 1628 00f6 84F82830 		strb	r3, [r4, #40]
 1629 00fa 87E7     		b	.L101
 1630              	.L119:
 855:Middlewares/Third_Party/FreeRTOS/Source/timers.c **** 						}
 1631              		.loc 1 855 8 is_stmt 1 view .LVU449
 1632 00fc 2046     		mov	r0, r4
 1633              	.LVL126:
 855:Middlewares/Third_Party/FreeRTOS/Source/timers.c **** 						}
 1634              		.loc 1 855 8 is_stmt 0 view .LVU450
 1635 00fe FFF7FEFF 		bl	vPortFree
ARM GAS  /tmp/ccWdpFxl.s 			page 57


 1636              	.LVL127:
 1637 0102 83E7     		b	.L101
 1638              	.LVL128:
 1639              	.L117:
 879:Middlewares/Third_Party/FreeRTOS/Source/timers.c **** /*-----------------------------------------------------------*/
 1640              		.loc 1 879 1 view .LVU451
 1641 0104 08B0     		add	sp, sp, #32
 1642              	.LCFI36:
 1643              		.cfi_def_cfa_offset 8
 1644              		@ sp needed
 1645 0106 10BD     		pop	{r4, pc}
 1646              	.L121:
 1647              		.align	2
 1648              	.L120:
 1649 0108 00000000 		.word	.LANCHOR2
 1650              		.cfi_endproc
 1651              	.LFE21:
 1653              		.section	.text.prvTimerTask,"ax",%progbits
 1654              		.align	1
 1655              		.syntax unified
 1656              		.thumb
 1657              		.thumb_func
 1658              		.fpu fpv4-sp-d16
 1660              	prvTimerTask:
 1661              	.LFB16:
 549:Middlewares/Third_Party/FreeRTOS/Source/timers.c **** TickType_t xNextExpireTime;
 1662              		.loc 1 549 1 is_stmt 1 view -0
 1663              		.cfi_startproc
 1664              		@ args = 0, pretend = 0, frame = 8
 1665              		@ frame_needed = 0, uses_anonymous_args = 0
 1666              	.LVL129:
 549:Middlewares/Third_Party/FreeRTOS/Source/timers.c **** TickType_t xNextExpireTime;
 1667              		.loc 1 549 1 is_stmt 0 view .LVU453
 1668 0000 00B5     		push	{lr}
 1669              	.LCFI37:
 1670              		.cfi_def_cfa_offset 4
 1671              		.cfi_offset 14, -4
 1672 0002 83B0     		sub	sp, sp, #12
 1673              	.LCFI38:
 1674              		.cfi_def_cfa_offset 16
 1675              	.LVL130:
 1676              	.L123:
 550:Middlewares/Third_Party/FreeRTOS/Source/timers.c **** BaseType_t xListWasEmpty;
 1677              		.loc 1 550 1 is_stmt 1 discriminator 1 view .LVU454
 551:Middlewares/Third_Party/FreeRTOS/Source/timers.c **** 
 1678              		.loc 1 551 1 discriminator 1 view .LVU455
 554:Middlewares/Third_Party/FreeRTOS/Source/timers.c **** 
 1679              		.loc 1 554 2 discriminator 1 view .LVU456
 568:Middlewares/Third_Party/FreeRTOS/Source/timers.c **** 	{
 1680              		.loc 1 568 2 discriminator 1 view .LVU457
 572:Middlewares/Third_Party/FreeRTOS/Source/timers.c **** 
 1681              		.loc 1 572 3 discriminator 1 view .LVU458
 572:Middlewares/Third_Party/FreeRTOS/Source/timers.c **** 
 1682              		.loc 1 572 21 is_stmt 0 discriminator 1 view .LVU459
 1683 0004 01A8     		add	r0, sp, #4
 1684 0006 FFF7FEFF 		bl	prvGetNextExpireTime
 1685              	.LVL131:
ARM GAS  /tmp/ccWdpFxl.s 			page 58


 576:Middlewares/Third_Party/FreeRTOS/Source/timers.c **** 
 1686              		.loc 1 576 3 is_stmt 1 discriminator 1 view .LVU460
 1687 000a 0199     		ldr	r1, [sp, #4]
 1688 000c FFF7FEFF 		bl	prvProcessTimerOrBlockTask
 1689              	.LVL132:
 579:Middlewares/Third_Party/FreeRTOS/Source/timers.c **** 	}
 1690              		.loc 1 579 3 discriminator 1 view .LVU461
 1691 0010 FFF7FEFF 		bl	prvProcessReceivedCommands
 1692              	.LVL133:
 568:Middlewares/Third_Party/FreeRTOS/Source/timers.c **** 	{
 1693              		.loc 1 568 8 discriminator 1 view .LVU462
 1694 0014 F6E7     		b	.L123
 1695              		.cfi_endproc
 1696              	.LFE16:
 1698              		.section	.text.xTimerGetTimerDaemonTaskHandle,"ax",%progbits
 1699              		.align	1
 1700              		.global	xTimerGetTimerDaemonTaskHandle
 1701              		.syntax unified
 1702              		.thumb
 1703              		.thumb_func
 1704              		.fpu fpv4-sp-d16
 1706              	xTimerGetTimerDaemonTaskHandle:
 1707              	.LFB9:
 425:Middlewares/Third_Party/FreeRTOS/Source/timers.c **** 	/* If xTimerGetTimerDaemonTaskHandle() is called before the scheduler has been
 1708              		.loc 1 425 1 view -0
 1709              		.cfi_startproc
 1710              		@ args = 0, pretend = 0, frame = 0
 1711              		@ frame_needed = 0, uses_anonymous_args = 0
 1712              		@ link register save eliminated.
 428:Middlewares/Third_Party/FreeRTOS/Source/timers.c **** 	return xTimerTaskHandle;
 1713              		.loc 1 428 2 view .LVU464
 1714 0000 064B     		ldr	r3, .L129
 1715 0002 1868     		ldr	r0, [r3]
 1716 0004 00B1     		cbz	r0, .L128
 430:Middlewares/Third_Party/FreeRTOS/Source/timers.c **** /*-----------------------------------------------------------*/
 1717              		.loc 1 430 1 is_stmt 0 view .LVU465
 1718 0006 7047     		bx	lr
 1719              	.L128:
 428:Middlewares/Third_Party/FreeRTOS/Source/timers.c **** 	return xTimerTaskHandle;
 1720              		.loc 1 428 2 is_stmt 1 view .LVU466
 1721              	.LBB67:
 1722              	.LBI67:
 191:Middlewares/Third_Party/FreeRTOS/Source/portable/GCC/ARM_CM4F/portmacro.h **** {
 1723              		.loc 2 191 30 view .LVU467
 1724              	.LBB68:
 193:Middlewares/Third_Party/FreeRTOS/Source/portable/GCC/ARM_CM4F/portmacro.h **** 
 1725              		.loc 2 193 1 view .LVU468
 1726              		.loc 2 195 2 view .LVU469
 1727              		.syntax unified
 1728              	@ 195 "Middlewares/Third_Party/FreeRTOS/Source/portable/GCC/ARM_CM4F/portmacro.h" 1
 1729 0008 4FF05003 			mov r3, #80												
 1730 000c 83F31188 		msr basepri, r3											
 1731 0010 BFF36F8F 		isb														
 1732 0014 BFF34F8F 		dsb														
 1733              	
 1734              	@ 0 "" 2
 1735              	.LVL134:
ARM GAS  /tmp/ccWdpFxl.s 			page 59


 1736              		.thumb
 1737              		.syntax unified
 1738              	.L127:
 1739              		.loc 2 195 2 is_stmt 0 view .LVU470
 1740              	.LBE68:
 1741              	.LBE67:
 428:Middlewares/Third_Party/FreeRTOS/Source/timers.c **** 	return xTimerTaskHandle;
 1742              		.loc 1 428 2 is_stmt 1 discriminator 1 view .LVU471
 428:Middlewares/Third_Party/FreeRTOS/Source/timers.c **** 	return xTimerTaskHandle;
 1743              		.loc 1 428 2 discriminator 1 view .LVU472
 428:Middlewares/Third_Party/FreeRTOS/Source/timers.c **** 	return xTimerTaskHandle;
 1744              		.loc 1 428 2 discriminator 1 view .LVU473
 1745 0018 FEE7     		b	.L127
 1746              	.L130:
 1747 001a 00BF     		.align	2
 1748              	.L129:
 1749 001c 00000000 		.word	.LANCHOR7
 1750              		.cfi_endproc
 1751              	.LFE9:
 1753              		.section	.text.xTimerGetPeriod,"ax",%progbits
 1754              		.align	1
 1755              		.global	xTimerGetPeriod
 1756              		.syntax unified
 1757              		.thumb
 1758              		.thumb_func
 1759              		.fpu fpv4-sp-d16
 1761              	xTimerGetPeriod:
 1762              	.LVL135:
 1763              	.LFB10:
 434:Middlewares/Third_Party/FreeRTOS/Source/timers.c **** Timer_t *pxTimer = xTimer;
 1764              		.loc 1 434 1 view -0
 1765              		.cfi_startproc
 1766              		@ args = 0, pretend = 0, frame = 0
 1767              		@ frame_needed = 0, uses_anonymous_args = 0
 1768              		@ link register save eliminated.
 435:Middlewares/Third_Party/FreeRTOS/Source/timers.c **** 
 1769              		.loc 1 435 1 view .LVU475
 437:Middlewares/Third_Party/FreeRTOS/Source/timers.c **** 	return pxTimer->xTimerPeriodInTicks;
 1770              		.loc 1 437 2 view .LVU476
 1771 0000 08B1     		cbz	r0, .L134
 437:Middlewares/Third_Party/FreeRTOS/Source/timers.c **** 	return pxTimer->xTimerPeriodInTicks;
 1772              		.loc 1 437 24 discriminator 2 view .LVU477
 438:Middlewares/Third_Party/FreeRTOS/Source/timers.c **** }
 1773              		.loc 1 438 2 discriminator 2 view .LVU478
 439:Middlewares/Third_Party/FreeRTOS/Source/timers.c **** /*-----------------------------------------------------------*/
 1774              		.loc 1 439 1 is_stmt 0 discriminator 2 view .LVU479
 1775 0002 8069     		ldr	r0, [r0, #24]
 1776              	.LVL136:
 439:Middlewares/Third_Party/FreeRTOS/Source/timers.c **** /*-----------------------------------------------------------*/
 1777              		.loc 1 439 1 discriminator 2 view .LVU480
 1778 0004 7047     		bx	lr
 1779              	.LVL137:
 1780              	.L134:
 437:Middlewares/Third_Party/FreeRTOS/Source/timers.c **** 	return pxTimer->xTimerPeriodInTicks;
 1781              		.loc 1 437 2 is_stmt 1 view .LVU481
 1782              	.LBB69:
 1783              	.LBI69:
ARM GAS  /tmp/ccWdpFxl.s 			page 60


 191:Middlewares/Third_Party/FreeRTOS/Source/portable/GCC/ARM_CM4F/portmacro.h **** {
 1784              		.loc 2 191 30 view .LVU482
 1785              	.LBB70:
 193:Middlewares/Third_Party/FreeRTOS/Source/portable/GCC/ARM_CM4F/portmacro.h **** 
 1786              		.loc 2 193 1 view .LVU483
 1787              		.loc 2 195 2 view .LVU484
 1788              		.syntax unified
 1789              	@ 195 "Middlewares/Third_Party/FreeRTOS/Source/portable/GCC/ARM_CM4F/portmacro.h" 1
 1790 0006 4FF05003 			mov r3, #80												
 1791 000a 83F31188 		msr basepri, r3											
 1792 000e BFF36F8F 		isb														
 1793 0012 BFF34F8F 		dsb														
 1794              	
 1795              	@ 0 "" 2
 1796              	.LVL138:
 1797              		.thumb
 1798              		.syntax unified
 1799              	.L133:
 1800              		.loc 2 195 2 is_stmt 0 view .LVU485
 1801              	.LBE70:
 1802              	.LBE69:
 437:Middlewares/Third_Party/FreeRTOS/Source/timers.c **** 	return pxTimer->xTimerPeriodInTicks;
 1803              		.loc 1 437 2 is_stmt 1 discriminator 1 view .LVU486
 437:Middlewares/Third_Party/FreeRTOS/Source/timers.c **** 	return pxTimer->xTimerPeriodInTicks;
 1804              		.loc 1 437 2 discriminator 1 view .LVU487
 437:Middlewares/Third_Party/FreeRTOS/Source/timers.c **** 	return pxTimer->xTimerPeriodInTicks;
 1805              		.loc 1 437 2 discriminator 1 view .LVU488
 1806 0016 FEE7     		b	.L133
 1807              		.cfi_endproc
 1808              	.LFE10:
 1810              		.section	.text.vTimerSetReloadMode,"ax",%progbits
 1811              		.align	1
 1812              		.global	vTimerSetReloadMode
 1813              		.syntax unified
 1814              		.thumb
 1815              		.thumb_func
 1816              		.fpu fpv4-sp-d16
 1818              	vTimerSetReloadMode:
 1819              	.LVL139:
 1820              	.LFB11:
 443:Middlewares/Third_Party/FreeRTOS/Source/timers.c **** Timer_t * pxTimer =  xTimer;
 1821              		.loc 1 443 1 view -0
 1822              		.cfi_startproc
 1823              		@ args = 0, pretend = 0, frame = 0
 1824              		@ frame_needed = 0, uses_anonymous_args = 0
 443:Middlewares/Third_Party/FreeRTOS/Source/timers.c **** Timer_t * pxTimer =  xTimer;
 1825              		.loc 1 443 1 is_stmt 0 view .LVU490
 1826 0000 38B5     		push	{r3, r4, r5, lr}
 1827              	.LCFI39:
 1828              		.cfi_def_cfa_offset 16
 1829              		.cfi_offset 3, -16
 1830              		.cfi_offset 4, -12
 1831              		.cfi_offset 5, -8
 1832              		.cfi_offset 14, -4
 444:Middlewares/Third_Party/FreeRTOS/Source/timers.c **** 
 1833              		.loc 1 444 1 is_stmt 1 view .LVU491
 1834              	.LVL140:
ARM GAS  /tmp/ccWdpFxl.s 			page 61


 446:Middlewares/Third_Party/FreeRTOS/Source/timers.c **** 	taskENTER_CRITICAL();
 1835              		.loc 1 446 2 view .LVU492
 1836 0002 68B1     		cbz	r0, .L141
 1837 0004 0C46     		mov	r4, r1
 1838 0006 0546     		mov	r5, r0
 446:Middlewares/Third_Party/FreeRTOS/Source/timers.c **** 	taskENTER_CRITICAL();
 1839              		.loc 1 446 24 discriminator 2 view .LVU493
 447:Middlewares/Third_Party/FreeRTOS/Source/timers.c **** 	{
 1840              		.loc 1 447 2 discriminator 2 view .LVU494
 1841 0008 FFF7FEFF 		bl	vPortEnterCritical
 1842              	.LVL141:
 449:Middlewares/Third_Party/FreeRTOS/Source/timers.c **** 		{
 1843              		.loc 1 449 3 discriminator 2 view .LVU495
 449:Middlewares/Third_Party/FreeRTOS/Source/timers.c **** 		{
 1844              		.loc 1 449 5 is_stmt 0 discriminator 2 view .LVU496
 1845 000c 8CB1     		cbz	r4, .L138
 451:Middlewares/Third_Party/FreeRTOS/Source/timers.c **** 		}
 1846              		.loc 1 451 4 is_stmt 1 view .LVU497
 451:Middlewares/Third_Party/FreeRTOS/Source/timers.c **** 		}
 1847              		.loc 1 451 22 is_stmt 0 view .LVU498
 1848 000e 95F82830 		ldrb	r3, [r5, #40]	@ zero_extendqisi2
 1849 0012 43F00403 		orr	r3, r3, #4
 1850 0016 85F82830 		strb	r3, [r5, #40]
 1851              	.L139:
 458:Middlewares/Third_Party/FreeRTOS/Source/timers.c **** }
 1852              		.loc 1 458 2 is_stmt 1 view .LVU499
 1853 001a FFF7FEFF 		bl	vPortExitCritical
 1854              	.LVL142:
 459:Middlewares/Third_Party/FreeRTOS/Source/timers.c **** /*-----------------------------------------------------------*/
 1855              		.loc 1 459 1 is_stmt 0 view .LVU500
 1856 001e 38BD     		pop	{r3, r4, r5, pc}
 1857              	.LVL143:
 1858              	.L141:
 446:Middlewares/Third_Party/FreeRTOS/Source/timers.c **** 	taskENTER_CRITICAL();
 1859              		.loc 1 446 2 is_stmt 1 view .LVU501
 1860              	.LBB71:
 1861              	.LBI71:
 191:Middlewares/Third_Party/FreeRTOS/Source/portable/GCC/ARM_CM4F/portmacro.h **** {
 1862              		.loc 2 191 30 view .LVU502
 1863              	.LBB72:
 193:Middlewares/Third_Party/FreeRTOS/Source/portable/GCC/ARM_CM4F/portmacro.h **** 
 1864              		.loc 2 193 1 view .LVU503
 1865              		.loc 2 195 2 view .LVU504
 1866              		.syntax unified
 1867              	@ 195 "Middlewares/Third_Party/FreeRTOS/Source/portable/GCC/ARM_CM4F/portmacro.h" 1
 1868 0020 4FF05003 			mov r3, #80												
 1869 0024 83F31188 		msr basepri, r3											
 1870 0028 BFF36F8F 		isb														
 1871 002c BFF34F8F 		dsb														
 1872              	
 1873              	@ 0 "" 2
 1874              	.LVL144:
 1875              		.thumb
 1876              		.syntax unified
 1877              	.L137:
 1878              		.loc 2 195 2 is_stmt 0 view .LVU505
 1879              	.LBE72:
ARM GAS  /tmp/ccWdpFxl.s 			page 62


 1880              	.LBE71:
 446:Middlewares/Third_Party/FreeRTOS/Source/timers.c **** 	taskENTER_CRITICAL();
 1881              		.loc 1 446 2 is_stmt 1 discriminator 1 view .LVU506
 446:Middlewares/Third_Party/FreeRTOS/Source/timers.c **** 	taskENTER_CRITICAL();
 1882              		.loc 1 446 2 discriminator 1 view .LVU507
 446:Middlewares/Third_Party/FreeRTOS/Source/timers.c **** 	taskENTER_CRITICAL();
 1883              		.loc 1 446 2 discriminator 1 view .LVU508
 1884 0030 FEE7     		b	.L137
 1885              	.LVL145:
 1886              	.L138:
 455:Middlewares/Third_Party/FreeRTOS/Source/timers.c **** 		}
 1887              		.loc 1 455 4 view .LVU509
 455:Middlewares/Third_Party/FreeRTOS/Source/timers.c **** 		}
 1888              		.loc 1 455 22 is_stmt 0 view .LVU510
 1889 0032 95F82830 		ldrb	r3, [r5, #40]	@ zero_extendqisi2
 1890 0036 23F00403 		bic	r3, r3, #4
 1891 003a 85F82830 		strb	r3, [r5, #40]
 1892 003e ECE7     		b	.L139
 1893              		.cfi_endproc
 1894              	.LFE11:
 1896              		.section	.text.uxTimerGetReloadMode,"ax",%progbits
 1897              		.align	1
 1898              		.global	uxTimerGetReloadMode
 1899              		.syntax unified
 1900              		.thumb
 1901              		.thumb_func
 1902              		.fpu fpv4-sp-d16
 1904              	uxTimerGetReloadMode:
 1905              	.LVL146:
 1906              	.LFB12:
 463:Middlewares/Third_Party/FreeRTOS/Source/timers.c **** Timer_t * pxTimer =  xTimer;
 1907              		.loc 1 463 1 is_stmt 1 view -0
 1908              		.cfi_startproc
 1909              		@ args = 0, pretend = 0, frame = 0
 1910              		@ frame_needed = 0, uses_anonymous_args = 0
 464:Middlewares/Third_Party/FreeRTOS/Source/timers.c **** UBaseType_t uxReturn;
 1911              		.loc 1 464 1 view .LVU512
 465:Middlewares/Third_Party/FreeRTOS/Source/timers.c **** 
 1912              		.loc 1 465 1 view .LVU513
 467:Middlewares/Third_Party/FreeRTOS/Source/timers.c **** 	taskENTER_CRITICAL();
 1913              		.loc 1 467 2 view .LVU514
 1914 0000 68B1     		cbz	r0, .L149
 463:Middlewares/Third_Party/FreeRTOS/Source/timers.c **** Timer_t * pxTimer =  xTimer;
 1915              		.loc 1 463 1 is_stmt 0 discriminator 2 view .LVU515
 1916 0002 10B5     		push	{r4, lr}
 1917              	.LCFI40:
 1918              		.cfi_def_cfa_offset 8
 1919              		.cfi_offset 4, -8
 1920              		.cfi_offset 14, -4
 1921 0004 0446     		mov	r4, r0
 467:Middlewares/Third_Party/FreeRTOS/Source/timers.c **** 	taskENTER_CRITICAL();
 1922              		.loc 1 467 24 is_stmt 1 discriminator 2 view .LVU516
 468:Middlewares/Third_Party/FreeRTOS/Source/timers.c **** 	{
 1923              		.loc 1 468 2 discriminator 2 view .LVU517
 1924 0006 FFF7FEFF 		bl	vPortEnterCritical
 1925              	.LVL147:
 470:Middlewares/Third_Party/FreeRTOS/Source/timers.c **** 		{
ARM GAS  /tmp/ccWdpFxl.s 			page 63


 1926              		.loc 1 470 3 discriminator 2 view .LVU518
 470:Middlewares/Third_Party/FreeRTOS/Source/timers.c **** 		{
 1927              		.loc 1 470 16 is_stmt 0 discriminator 2 view .LVU519
 1928 000a 94F82830 		ldrb	r3, [r4, #40]	@ zero_extendqisi2
 470:Middlewares/Third_Party/FreeRTOS/Source/timers.c **** 		{
 1929              		.loc 1 470 5 discriminator 2 view .LVU520
 1930 000e 13F0040F 		tst	r3, #4
 1931 0012 0DD1     		bne	.L146
 473:Middlewares/Third_Party/FreeRTOS/Source/timers.c **** 		}
 1932              		.loc 1 473 13 view .LVU521
 1933 0014 0024     		movs	r4, #0
 1934              	.LVL148:
 1935              	.L145:
 481:Middlewares/Third_Party/FreeRTOS/Source/timers.c **** 
 1936              		.loc 1 481 2 is_stmt 1 view .LVU522
 1937 0016 FFF7FEFF 		bl	vPortExitCritical
 1938              	.LVL149:
 483:Middlewares/Third_Party/FreeRTOS/Source/timers.c **** }
 1939              		.loc 1 483 2 view .LVU523
 484:Middlewares/Third_Party/FreeRTOS/Source/timers.c **** /*-----------------------------------------------------------*/
 1940              		.loc 1 484 1 is_stmt 0 view .LVU524
 1941 001a 2046     		mov	r0, r4
 1942 001c 10BD     		pop	{r4, pc}
 1943              	.LVL150:
 1944              	.L149:
 1945              	.LCFI41:
 1946              		.cfi_def_cfa_offset 0
 1947              		.cfi_restore 4
 1948              		.cfi_restore 14
 467:Middlewares/Third_Party/FreeRTOS/Source/timers.c **** 	taskENTER_CRITICAL();
 1949              		.loc 1 467 2 is_stmt 1 view .LVU525
 1950              	.LBB73:
 1951              	.LBI73:
 191:Middlewares/Third_Party/FreeRTOS/Source/portable/GCC/ARM_CM4F/portmacro.h **** {
 1952              		.loc 2 191 30 view .LVU526
 1953              	.LBB74:
 193:Middlewares/Third_Party/FreeRTOS/Source/portable/GCC/ARM_CM4F/portmacro.h **** 
 1954              		.loc 2 193 1 view .LVU527
 1955              		.loc 2 195 2 view .LVU528
 1956              		.syntax unified
 1957              	@ 195 "Middlewares/Third_Party/FreeRTOS/Source/portable/GCC/ARM_CM4F/portmacro.h" 1
 1958 001e 4FF05003 			mov r3, #80												
 1959 0022 83F31188 		msr basepri, r3											
 1960 0026 BFF36F8F 		isb														
 1961 002a BFF34F8F 		dsb														
 1962              	
 1963              	@ 0 "" 2
 1964              	.LVL151:
 1965              		.thumb
 1966              		.syntax unified
 1967              	.L144:
 1968              		.loc 2 195 2 is_stmt 0 view .LVU529
 1969              	.LBE74:
 1970              	.LBE73:
 467:Middlewares/Third_Party/FreeRTOS/Source/timers.c **** 	taskENTER_CRITICAL();
 1971              		.loc 1 467 2 is_stmt 1 discriminator 1 view .LVU530
 467:Middlewares/Third_Party/FreeRTOS/Source/timers.c **** 	taskENTER_CRITICAL();
ARM GAS  /tmp/ccWdpFxl.s 			page 64


 1972              		.loc 1 467 2 discriminator 1 view .LVU531
 467:Middlewares/Third_Party/FreeRTOS/Source/timers.c **** 	taskENTER_CRITICAL();
 1973              		.loc 1 467 2 discriminator 1 view .LVU532
 1974 002e FEE7     		b	.L144
 1975              	.LVL152:
 1976              	.L146:
 1977              	.LCFI42:
 1978              		.cfi_def_cfa_offset 8
 1979              		.cfi_offset 4, -8
 1980              		.cfi_offset 14, -4
 478:Middlewares/Third_Party/FreeRTOS/Source/timers.c **** 		}
 1981              		.loc 1 478 13 is_stmt 0 view .LVU533
 1982 0030 0124     		movs	r4, #1
 1983              	.LVL153:
 478:Middlewares/Third_Party/FreeRTOS/Source/timers.c **** 		}
 1984              		.loc 1 478 13 view .LVU534
 1985 0032 F0E7     		b	.L145
 1986              		.cfi_endproc
 1987              	.LFE12:
 1989              		.section	.text.xTimerGetExpiryTime,"ax",%progbits
 1990              		.align	1
 1991              		.global	xTimerGetExpiryTime
 1992              		.syntax unified
 1993              		.thumb
 1994              		.thumb_func
 1995              		.fpu fpv4-sp-d16
 1997              	xTimerGetExpiryTime:
 1998              	.LVL154:
 1999              	.LFB13:
 488:Middlewares/Third_Party/FreeRTOS/Source/timers.c **** Timer_t * pxTimer =  xTimer;
 2000              		.loc 1 488 1 is_stmt 1 view -0
 2001              		.cfi_startproc
 2002              		@ args = 0, pretend = 0, frame = 0
 2003              		@ frame_needed = 0, uses_anonymous_args = 0
 2004              		@ link register save eliminated.
 489:Middlewares/Third_Party/FreeRTOS/Source/timers.c **** TickType_t xReturn;
 2005              		.loc 1 489 1 view .LVU536
 490:Middlewares/Third_Party/FreeRTOS/Source/timers.c **** 
 2006              		.loc 1 490 1 view .LVU537
 492:Middlewares/Third_Party/FreeRTOS/Source/timers.c **** 	xReturn = listGET_LIST_ITEM_VALUE( &( pxTimer->xTimerListItem ) );
 2007              		.loc 1 492 2 view .LVU538
 2008 0000 08B1     		cbz	r0, .L153
 492:Middlewares/Third_Party/FreeRTOS/Source/timers.c **** 	xReturn = listGET_LIST_ITEM_VALUE( &( pxTimer->xTimerListItem ) );
 2009              		.loc 1 492 24 discriminator 2 view .LVU539
 493:Middlewares/Third_Party/FreeRTOS/Source/timers.c **** 	return xReturn;
 2010              		.loc 1 493 2 discriminator 2 view .LVU540
 2011              	.LVL155:
 494:Middlewares/Third_Party/FreeRTOS/Source/timers.c **** }
 2012              		.loc 1 494 2 discriminator 2 view .LVU541
 495:Middlewares/Third_Party/FreeRTOS/Source/timers.c **** /*-----------------------------------------------------------*/
 2013              		.loc 1 495 1 is_stmt 0 discriminator 2 view .LVU542
 2014 0002 4068     		ldr	r0, [r0, #4]
 2015              	.LVL156:
 495:Middlewares/Third_Party/FreeRTOS/Source/timers.c **** /*-----------------------------------------------------------*/
 2016              		.loc 1 495 1 discriminator 2 view .LVU543
 2017 0004 7047     		bx	lr
 2018              	.LVL157:
ARM GAS  /tmp/ccWdpFxl.s 			page 65


 2019              	.L153:
 492:Middlewares/Third_Party/FreeRTOS/Source/timers.c **** 	xReturn = listGET_LIST_ITEM_VALUE( &( pxTimer->xTimerListItem ) );
 2020              		.loc 1 492 2 is_stmt 1 view .LVU544
 2021              	.LBB75:
 2022              	.LBI75:
 191:Middlewares/Third_Party/FreeRTOS/Source/portable/GCC/ARM_CM4F/portmacro.h **** {
 2023              		.loc 2 191 30 view .LVU545
 2024              	.LBB76:
 193:Middlewares/Third_Party/FreeRTOS/Source/portable/GCC/ARM_CM4F/portmacro.h **** 
 2025              		.loc 2 193 1 view .LVU546
 2026              		.loc 2 195 2 view .LVU547
 2027              		.syntax unified
 2028              	@ 195 "Middlewares/Third_Party/FreeRTOS/Source/portable/GCC/ARM_CM4F/portmacro.h" 1
 2029 0006 4FF05003 			mov r3, #80												
 2030 000a 83F31188 		msr basepri, r3											
 2031 000e BFF36F8F 		isb														
 2032 0012 BFF34F8F 		dsb														
 2033              	
 2034              	@ 0 "" 2
 2035              	.LVL158:
 2036              		.thumb
 2037              		.syntax unified
 2038              	.L152:
 2039              		.loc 2 195 2 is_stmt 0 view .LVU548
 2040              	.LBE76:
 2041              	.LBE75:
 492:Middlewares/Third_Party/FreeRTOS/Source/timers.c **** 	xReturn = listGET_LIST_ITEM_VALUE( &( pxTimer->xTimerListItem ) );
 2042              		.loc 1 492 2 is_stmt 1 discriminator 1 view .LVU549
 492:Middlewares/Third_Party/FreeRTOS/Source/timers.c **** 	xReturn = listGET_LIST_ITEM_VALUE( &( pxTimer->xTimerListItem ) );
 2043              		.loc 1 492 2 discriminator 1 view .LVU550
 492:Middlewares/Third_Party/FreeRTOS/Source/timers.c **** 	xReturn = listGET_LIST_ITEM_VALUE( &( pxTimer->xTimerListItem ) );
 2044              		.loc 1 492 2 discriminator 1 view .LVU551
 2045 0016 FEE7     		b	.L152
 2046              		.cfi_endproc
 2047              	.LFE13:
 2049              		.section	.text.pcTimerGetName,"ax",%progbits
 2050              		.align	1
 2051              		.global	pcTimerGetName
 2052              		.syntax unified
 2053              		.thumb
 2054              		.thumb_func
 2055              		.fpu fpv4-sp-d16
 2057              	pcTimerGetName:
 2058              	.LVL159:
 2059              	.LFB14:
 499:Middlewares/Third_Party/FreeRTOS/Source/timers.c **** Timer_t *pxTimer = xTimer;
 2060              		.loc 1 499 1 view -0
 2061              		.cfi_startproc
 2062              		@ args = 0, pretend = 0, frame = 0
 2063              		@ frame_needed = 0, uses_anonymous_args = 0
 2064              		@ link register save eliminated.
 500:Middlewares/Third_Party/FreeRTOS/Source/timers.c **** 
 2065              		.loc 1 500 1 view .LVU553
 502:Middlewares/Third_Party/FreeRTOS/Source/timers.c **** 	return pxTimer->pcTimerName;
 2066              		.loc 1 502 2 view .LVU554
 2067 0000 08B1     		cbz	r0, .L157
 502:Middlewares/Third_Party/FreeRTOS/Source/timers.c **** 	return pxTimer->pcTimerName;
ARM GAS  /tmp/ccWdpFxl.s 			page 66


 2068              		.loc 1 502 24 discriminator 2 view .LVU555
 503:Middlewares/Third_Party/FreeRTOS/Source/timers.c **** }
 2069              		.loc 1 503 2 discriminator 2 view .LVU556
 504:Middlewares/Third_Party/FreeRTOS/Source/timers.c **** /*-----------------------------------------------------------*/
 2070              		.loc 1 504 1 is_stmt 0 discriminator 2 view .LVU557
 2071 0002 0068     		ldr	r0, [r0]
 2072              	.LVL160:
 504:Middlewares/Third_Party/FreeRTOS/Source/timers.c **** /*-----------------------------------------------------------*/
 2073              		.loc 1 504 1 discriminator 2 view .LVU558
 2074 0004 7047     		bx	lr
 2075              	.LVL161:
 2076              	.L157:
 502:Middlewares/Third_Party/FreeRTOS/Source/timers.c **** 	return pxTimer->pcTimerName;
 2077              		.loc 1 502 2 is_stmt 1 view .LVU559
 2078              	.LBB77:
 2079              	.LBI77:
 191:Middlewares/Third_Party/FreeRTOS/Source/portable/GCC/ARM_CM4F/portmacro.h **** {
 2080              		.loc 2 191 30 view .LVU560
 2081              	.LBB78:
 193:Middlewares/Third_Party/FreeRTOS/Source/portable/GCC/ARM_CM4F/portmacro.h **** 
 2082              		.loc 2 193 1 view .LVU561
 2083              		.loc 2 195 2 view .LVU562
 2084              		.syntax unified
 2085              	@ 195 "Middlewares/Third_Party/FreeRTOS/Source/portable/GCC/ARM_CM4F/portmacro.h" 1
 2086 0006 4FF05003 			mov r3, #80												
 2087 000a 83F31188 		msr basepri, r3											
 2088 000e BFF36F8F 		isb														
 2089 0012 BFF34F8F 		dsb														
 2090              	
 2091              	@ 0 "" 2
 2092              	.LVL162:
 2093              		.thumb
 2094              		.syntax unified
 2095              	.L156:
 2096              		.loc 2 195 2 is_stmt 0 view .LVU563
 2097              	.LBE78:
 2098              	.LBE77:
 502:Middlewares/Third_Party/FreeRTOS/Source/timers.c **** 	return pxTimer->pcTimerName;
 2099              		.loc 1 502 2 is_stmt 1 discriminator 1 view .LVU564
 502:Middlewares/Third_Party/FreeRTOS/Source/timers.c **** 	return pxTimer->pcTimerName;
 2100              		.loc 1 502 2 discriminator 1 view .LVU565
 502:Middlewares/Third_Party/FreeRTOS/Source/timers.c **** 	return pxTimer->pcTimerName;
 2101              		.loc 1 502 2 discriminator 1 view .LVU566
 2102 0016 FEE7     		b	.L156
 2103              		.cfi_endproc
 2104              	.LFE14:
 2106              		.section	.text.xTimerIsTimerActive,"ax",%progbits
 2107              		.align	1
 2108              		.global	xTimerIsTimerActive
 2109              		.syntax unified
 2110              		.thumb
 2111              		.thumb_func
 2112              		.fpu fpv4-sp-d16
 2114              	xTimerIsTimerActive:
 2115              	.LVL163:
 2116              	.LFB24:
 990:Middlewares/Third_Party/FreeRTOS/Source/timers.c **** /*-----------------------------------------------------------*/
ARM GAS  /tmp/ccWdpFxl.s 			page 67


 991:Middlewares/Third_Party/FreeRTOS/Source/timers.c **** 
 992:Middlewares/Third_Party/FreeRTOS/Source/timers.c **** BaseType_t xTimerIsTimerActive( TimerHandle_t xTimer )
 993:Middlewares/Third_Party/FreeRTOS/Source/timers.c **** {
 2117              		.loc 1 993 1 view -0
 2118              		.cfi_startproc
 2119              		@ args = 0, pretend = 0, frame = 0
 2120              		@ frame_needed = 0, uses_anonymous_args = 0
 994:Middlewares/Third_Party/FreeRTOS/Source/timers.c **** BaseType_t xReturn;
 2121              		.loc 1 994 1 view .LVU568
 995:Middlewares/Third_Party/FreeRTOS/Source/timers.c **** Timer_t *pxTimer = xTimer;
 2122              		.loc 1 995 1 view .LVU569
 996:Middlewares/Third_Party/FreeRTOS/Source/timers.c **** 
 997:Middlewares/Third_Party/FreeRTOS/Source/timers.c **** 	configASSERT( xTimer );
 2123              		.loc 1 997 2 view .LVU570
 2124 0000 68B1     		cbz	r0, .L165
 993:Middlewares/Third_Party/FreeRTOS/Source/timers.c **** BaseType_t xReturn;
 2125              		.loc 1 993 1 is_stmt 0 discriminator 2 view .LVU571
 2126 0002 10B5     		push	{r4, lr}
 2127              	.LCFI43:
 2128              		.cfi_def_cfa_offset 8
 2129              		.cfi_offset 4, -8
 2130              		.cfi_offset 14, -4
 2131 0004 0446     		mov	r4, r0
 2132              		.loc 1 997 24 is_stmt 1 discriminator 2 view .LVU572
 998:Middlewares/Third_Party/FreeRTOS/Source/timers.c **** 
 999:Middlewares/Third_Party/FreeRTOS/Source/timers.c **** 	/* Is the timer in the list of active timers? */
1000:Middlewares/Third_Party/FreeRTOS/Source/timers.c **** 	taskENTER_CRITICAL();
 2133              		.loc 1 1000 2 discriminator 2 view .LVU573
 2134 0006 FFF7FEFF 		bl	vPortEnterCritical
 2135              	.LVL164:
1001:Middlewares/Third_Party/FreeRTOS/Source/timers.c **** 	{
1002:Middlewares/Third_Party/FreeRTOS/Source/timers.c **** 		if( ( pxTimer->ucStatus & tmrSTATUS_IS_ACTIVE ) == 0 )
 2136              		.loc 1 1002 3 discriminator 2 view .LVU574
 2137              		.loc 1 1002 16 is_stmt 0 discriminator 2 view .LVU575
 2138 000a 94F82830 		ldrb	r3, [r4, #40]	@ zero_extendqisi2
 2139              		.loc 1 1002 5 discriminator 2 view .LVU576
 2140 000e 13F0010F 		tst	r3, #1
 2141 0012 0DD1     		bne	.L162
1003:Middlewares/Third_Party/FreeRTOS/Source/timers.c **** 		{
1004:Middlewares/Third_Party/FreeRTOS/Source/timers.c **** 			xReturn = pdFALSE;
 2142              		.loc 1 1004 12 view .LVU577
 2143 0014 0024     		movs	r4, #0
 2144              	.LVL165:
 2145              	.L161:
1005:Middlewares/Third_Party/FreeRTOS/Source/timers.c **** 		}
1006:Middlewares/Third_Party/FreeRTOS/Source/timers.c **** 		else
1007:Middlewares/Third_Party/FreeRTOS/Source/timers.c **** 		{
1008:Middlewares/Third_Party/FreeRTOS/Source/timers.c **** 			xReturn = pdTRUE;
1009:Middlewares/Third_Party/FreeRTOS/Source/timers.c **** 		}
1010:Middlewares/Third_Party/FreeRTOS/Source/timers.c **** 	}
1011:Middlewares/Third_Party/FreeRTOS/Source/timers.c **** 	taskEXIT_CRITICAL();
 2146              		.loc 1 1011 2 is_stmt 1 view .LVU578
 2147 0016 FFF7FEFF 		bl	vPortExitCritical
 2148              	.LVL166:
1012:Middlewares/Third_Party/FreeRTOS/Source/timers.c **** 
1013:Middlewares/Third_Party/FreeRTOS/Source/timers.c **** 	return xReturn;
 2149              		.loc 1 1013 2 view .LVU579
ARM GAS  /tmp/ccWdpFxl.s 			page 68


1014:Middlewares/Third_Party/FreeRTOS/Source/timers.c **** } /*lint !e818 Can't be pointer to const due to the typedef. */
 2150              		.loc 1 1014 1 is_stmt 0 view .LVU580
 2151 001a 2046     		mov	r0, r4
 2152 001c 10BD     		pop	{r4, pc}
 2153              	.LVL167:
 2154              	.L165:
 2155              	.LCFI44:
 2156              		.cfi_def_cfa_offset 0
 2157              		.cfi_restore 4
 2158              		.cfi_restore 14
 997:Middlewares/Third_Party/FreeRTOS/Source/timers.c **** 
 2159              		.loc 1 997 2 is_stmt 1 view .LVU581
 2160              	.LBB79:
 2161              	.LBI79:
 191:Middlewares/Third_Party/FreeRTOS/Source/portable/GCC/ARM_CM4F/portmacro.h **** {
 2162              		.loc 2 191 30 view .LVU582
 2163              	.LBB80:
 193:Middlewares/Third_Party/FreeRTOS/Source/portable/GCC/ARM_CM4F/portmacro.h **** 
 2164              		.loc 2 193 1 view .LVU583
 2165              		.loc 2 195 2 view .LVU584
 2166              		.syntax unified
 2167              	@ 195 "Middlewares/Third_Party/FreeRTOS/Source/portable/GCC/ARM_CM4F/portmacro.h" 1
 2168 001e 4FF05003 			mov r3, #80												
 2169 0022 83F31188 		msr basepri, r3											
 2170 0026 BFF36F8F 		isb														
 2171 002a BFF34F8F 		dsb														
 2172              	
 2173              	@ 0 "" 2
 2174              	.LVL168:
 2175              		.thumb
 2176              		.syntax unified
 2177              	.L160:
 2178              		.loc 2 195 2 is_stmt 0 view .LVU585
 2179              	.LBE80:
 2180              	.LBE79:
 997:Middlewares/Third_Party/FreeRTOS/Source/timers.c **** 
 2181              		.loc 1 997 2 is_stmt 1 discriminator 1 view .LVU586
 997:Middlewares/Third_Party/FreeRTOS/Source/timers.c **** 
 2182              		.loc 1 997 2 discriminator 1 view .LVU587
 997:Middlewares/Third_Party/FreeRTOS/Source/timers.c **** 
 2183              		.loc 1 997 2 discriminator 1 view .LVU588
 2184 002e FEE7     		b	.L160
 2185              	.LVL169:
 2186              	.L162:
 2187              	.LCFI45:
 2188              		.cfi_def_cfa_offset 8
 2189              		.cfi_offset 4, -8
 2190              		.cfi_offset 14, -4
1008:Middlewares/Third_Party/FreeRTOS/Source/timers.c **** 		}
 2191              		.loc 1 1008 12 is_stmt 0 view .LVU589
 2192 0030 0124     		movs	r4, #1
 2193              	.LVL170:
1008:Middlewares/Third_Party/FreeRTOS/Source/timers.c **** 		}
 2194              		.loc 1 1008 12 view .LVU590
 2195 0032 F0E7     		b	.L161
 2196              		.cfi_endproc
 2197              	.LFE24:
ARM GAS  /tmp/ccWdpFxl.s 			page 69


 2199              		.section	.text.pvTimerGetTimerID,"ax",%progbits
 2200              		.align	1
 2201              		.global	pvTimerGetTimerID
 2202              		.syntax unified
 2203              		.thumb
 2204              		.thumb_func
 2205              		.fpu fpv4-sp-d16
 2207              	pvTimerGetTimerID:
 2208              	.LVL171:
 2209              	.LFB25:
1015:Middlewares/Third_Party/FreeRTOS/Source/timers.c **** /*-----------------------------------------------------------*/
1016:Middlewares/Third_Party/FreeRTOS/Source/timers.c **** 
1017:Middlewares/Third_Party/FreeRTOS/Source/timers.c **** void *pvTimerGetTimerID( const TimerHandle_t xTimer )
1018:Middlewares/Third_Party/FreeRTOS/Source/timers.c **** {
 2210              		.loc 1 1018 1 is_stmt 1 view -0
 2211              		.cfi_startproc
 2212              		@ args = 0, pretend = 0, frame = 0
 2213              		@ frame_needed = 0, uses_anonymous_args = 0
1019:Middlewares/Third_Party/FreeRTOS/Source/timers.c **** Timer_t * const pxTimer = xTimer;
 2214              		.loc 1 1019 1 view .LVU592
1020:Middlewares/Third_Party/FreeRTOS/Source/timers.c **** void *pvReturn;
 2215              		.loc 1 1020 1 view .LVU593
1021:Middlewares/Third_Party/FreeRTOS/Source/timers.c **** 
1022:Middlewares/Third_Party/FreeRTOS/Source/timers.c **** 	configASSERT( xTimer );
 2216              		.loc 1 1022 2 view .LVU594
 2217 0000 40B1     		cbz	r0, .L171
1018:Middlewares/Third_Party/FreeRTOS/Source/timers.c **** Timer_t * const pxTimer = xTimer;
 2218              		.loc 1 1018 1 is_stmt 0 discriminator 2 view .LVU595
 2219 0002 10B5     		push	{r4, lr}
 2220              	.LCFI46:
 2221              		.cfi_def_cfa_offset 8
 2222              		.cfi_offset 4, -8
 2223              		.cfi_offset 14, -4
 2224 0004 0446     		mov	r4, r0
 2225              		.loc 1 1022 24 is_stmt 1 discriminator 2 view .LVU596
1023:Middlewares/Third_Party/FreeRTOS/Source/timers.c **** 
1024:Middlewares/Third_Party/FreeRTOS/Source/timers.c **** 	taskENTER_CRITICAL();
 2226              		.loc 1 1024 2 discriminator 2 view .LVU597
 2227 0006 FFF7FEFF 		bl	vPortEnterCritical
 2228              	.LVL172:
1025:Middlewares/Third_Party/FreeRTOS/Source/timers.c **** 	{
1026:Middlewares/Third_Party/FreeRTOS/Source/timers.c **** 		pvReturn = pxTimer->pvTimerID;
 2229              		.loc 1 1026 3 discriminator 2 view .LVU598
 2230              		.loc 1 1026 12 is_stmt 0 discriminator 2 view .LVU599
 2231 000a E469     		ldr	r4, [r4, #28]
 2232              	.LVL173:
1027:Middlewares/Third_Party/FreeRTOS/Source/timers.c **** 	}
1028:Middlewares/Third_Party/FreeRTOS/Source/timers.c **** 	taskEXIT_CRITICAL();
 2233              		.loc 1 1028 2 is_stmt 1 discriminator 2 view .LVU600
 2234 000c FFF7FEFF 		bl	vPortExitCritical
 2235              	.LVL174:
1029:Middlewares/Third_Party/FreeRTOS/Source/timers.c **** 
1030:Middlewares/Third_Party/FreeRTOS/Source/timers.c **** 	return pvReturn;
 2236              		.loc 1 1030 2 discriminator 2 view .LVU601
1031:Middlewares/Third_Party/FreeRTOS/Source/timers.c **** }
 2237              		.loc 1 1031 1 is_stmt 0 discriminator 2 view .LVU602
 2238 0010 2046     		mov	r0, r4
ARM GAS  /tmp/ccWdpFxl.s 			page 70


 2239 0012 10BD     		pop	{r4, pc}
 2240              	.LVL175:
 2241              	.L171:
 2242              	.LCFI47:
 2243              		.cfi_def_cfa_offset 0
 2244              		.cfi_restore 4
 2245              		.cfi_restore 14
1022:Middlewares/Third_Party/FreeRTOS/Source/timers.c **** 
 2246              		.loc 1 1022 2 is_stmt 1 view .LVU603
 2247              	.LBB81:
 2248              	.LBI81:
 191:Middlewares/Third_Party/FreeRTOS/Source/portable/GCC/ARM_CM4F/portmacro.h **** {
 2249              		.loc 2 191 30 view .LVU604
 2250              	.LBB82:
 193:Middlewares/Third_Party/FreeRTOS/Source/portable/GCC/ARM_CM4F/portmacro.h **** 
 2251              		.loc 2 193 1 view .LVU605
 2252              		.loc 2 195 2 view .LVU606
 2253              		.syntax unified
 2254              	@ 195 "Middlewares/Third_Party/FreeRTOS/Source/portable/GCC/ARM_CM4F/portmacro.h" 1
 2255 0014 4FF05003 			mov r3, #80												
 2256 0018 83F31188 		msr basepri, r3											
 2257 001c BFF36F8F 		isb														
 2258 0020 BFF34F8F 		dsb														
 2259              	
 2260              	@ 0 "" 2
 2261              	.LVL176:
 2262              		.thumb
 2263              		.syntax unified
 2264              	.L168:
 2265              		.loc 2 195 2 is_stmt 0 view .LVU607
 2266              	.LBE82:
 2267              	.LBE81:
1022:Middlewares/Third_Party/FreeRTOS/Source/timers.c **** 
 2268              		.loc 1 1022 2 is_stmt 1 discriminator 1 view .LVU608
1022:Middlewares/Third_Party/FreeRTOS/Source/timers.c **** 
 2269              		.loc 1 1022 2 discriminator 1 view .LVU609
1022:Middlewares/Third_Party/FreeRTOS/Source/timers.c **** 
 2270              		.loc 1 1022 2 discriminator 1 view .LVU610
 2271 0024 FEE7     		b	.L168
 2272              		.cfi_endproc
 2273              	.LFE25:
 2275              		.section	.text.vTimerSetTimerID,"ax",%progbits
 2276              		.align	1
 2277              		.global	vTimerSetTimerID
 2278              		.syntax unified
 2279              		.thumb
 2280              		.thumb_func
 2281              		.fpu fpv4-sp-d16
 2283              	vTimerSetTimerID:
 2284              	.LVL177:
 2285              	.LFB26:
1032:Middlewares/Third_Party/FreeRTOS/Source/timers.c **** /*-----------------------------------------------------------*/
1033:Middlewares/Third_Party/FreeRTOS/Source/timers.c **** 
1034:Middlewares/Third_Party/FreeRTOS/Source/timers.c **** void vTimerSetTimerID( TimerHandle_t xTimer, void *pvNewID )
1035:Middlewares/Third_Party/FreeRTOS/Source/timers.c **** {
 2286              		.loc 1 1035 1 view -0
 2287              		.cfi_startproc
ARM GAS  /tmp/ccWdpFxl.s 			page 71


 2288              		@ args = 0, pretend = 0, frame = 0
 2289              		@ frame_needed = 0, uses_anonymous_args = 0
 2290              		.loc 1 1035 1 is_stmt 0 view .LVU612
 2291 0000 38B5     		push	{r3, r4, r5, lr}
 2292              	.LCFI48:
 2293              		.cfi_def_cfa_offset 16
 2294              		.cfi_offset 3, -16
 2295              		.cfi_offset 4, -12
 2296              		.cfi_offset 5, -8
 2297              		.cfi_offset 14, -4
1036:Middlewares/Third_Party/FreeRTOS/Source/timers.c **** Timer_t * const pxTimer = xTimer;
 2298              		.loc 1 1036 1 is_stmt 1 view .LVU613
 2299              	.LVL178:
1037:Middlewares/Third_Party/FreeRTOS/Source/timers.c **** 
1038:Middlewares/Third_Party/FreeRTOS/Source/timers.c **** 	configASSERT( xTimer );
 2300              		.loc 1 1038 2 view .LVU614
 2301 0002 38B1     		cbz	r0, .L176
 2302 0004 0C46     		mov	r4, r1
 2303 0006 0546     		mov	r5, r0
 2304              		.loc 1 1038 24 discriminator 2 view .LVU615
1039:Middlewares/Third_Party/FreeRTOS/Source/timers.c **** 
1040:Middlewares/Third_Party/FreeRTOS/Source/timers.c **** 	taskENTER_CRITICAL();
 2305              		.loc 1 1040 2 discriminator 2 view .LVU616
 2306 0008 FFF7FEFF 		bl	vPortEnterCritical
 2307              	.LVL179:
1041:Middlewares/Third_Party/FreeRTOS/Source/timers.c **** 	{
1042:Middlewares/Third_Party/FreeRTOS/Source/timers.c **** 		pxTimer->pvTimerID = pvNewID;
 2308              		.loc 1 1042 3 discriminator 2 view .LVU617
 2309              		.loc 1 1042 22 is_stmt 0 discriminator 2 view .LVU618
 2310 000c EC61     		str	r4, [r5, #28]
1043:Middlewares/Third_Party/FreeRTOS/Source/timers.c **** 	}
1044:Middlewares/Third_Party/FreeRTOS/Source/timers.c **** 	taskEXIT_CRITICAL();
 2311              		.loc 1 1044 2 is_stmt 1 discriminator 2 view .LVU619
 2312 000e FFF7FEFF 		bl	vPortExitCritical
 2313              	.LVL180:
1045:Middlewares/Third_Party/FreeRTOS/Source/timers.c **** }
 2314              		.loc 1 1045 1 is_stmt 0 discriminator 2 view .LVU620
 2315 0012 38BD     		pop	{r3, r4, r5, pc}
 2316              	.LVL181:
 2317              	.L176:
1038:Middlewares/Third_Party/FreeRTOS/Source/timers.c **** 
 2318              		.loc 1 1038 2 is_stmt 1 view .LVU621
 2319              	.LBB83:
 2320              	.LBI83:
 191:Middlewares/Third_Party/FreeRTOS/Source/portable/GCC/ARM_CM4F/portmacro.h **** {
 2321              		.loc 2 191 30 view .LVU622
 2322              	.LBB84:
 193:Middlewares/Third_Party/FreeRTOS/Source/portable/GCC/ARM_CM4F/portmacro.h **** 
 2323              		.loc 2 193 1 view .LVU623
 2324              		.loc 2 195 2 view .LVU624
 2325              		.syntax unified
 2326              	@ 195 "Middlewares/Third_Party/FreeRTOS/Source/portable/GCC/ARM_CM4F/portmacro.h" 1
 2327 0014 4FF05003 			mov r3, #80												
 2328 0018 83F31188 		msr basepri, r3											
 2329 001c BFF36F8F 		isb														
 2330 0020 BFF34F8F 		dsb														
 2331              	
ARM GAS  /tmp/ccWdpFxl.s 			page 72


 2332              	@ 0 "" 2
 2333              	.LVL182:
 2334              		.thumb
 2335              		.syntax unified
 2336              	.L174:
 2337              		.loc 2 195 2 is_stmt 0 view .LVU625
 2338              	.LBE84:
 2339              	.LBE83:
1038:Middlewares/Third_Party/FreeRTOS/Source/timers.c **** 
 2340              		.loc 1 1038 2 is_stmt 1 discriminator 1 view .LVU626
1038:Middlewares/Third_Party/FreeRTOS/Source/timers.c **** 
 2341              		.loc 1 1038 2 discriminator 1 view .LVU627
1038:Middlewares/Third_Party/FreeRTOS/Source/timers.c **** 
 2342              		.loc 1 1038 2 discriminator 1 view .LVU628
 2343 0024 FEE7     		b	.L174
 2344              		.cfi_endproc
 2345              	.LFE26:
 2347              		.section	.text.xTimerPendFunctionCallFromISR,"ax",%progbits
 2348              		.align	1
 2349              		.global	xTimerPendFunctionCallFromISR
 2350              		.syntax unified
 2351              		.thumb
 2352              		.thumb_func
 2353              		.fpu fpv4-sp-d16
 2355              	xTimerPendFunctionCallFromISR:
 2356              	.LVL183:
 2357              	.LFB27:
1046:Middlewares/Third_Party/FreeRTOS/Source/timers.c **** /*-----------------------------------------------------------*/
1047:Middlewares/Third_Party/FreeRTOS/Source/timers.c **** 
1048:Middlewares/Third_Party/FreeRTOS/Source/timers.c **** #if( INCLUDE_xTimerPendFunctionCall == 1 )
1049:Middlewares/Third_Party/FreeRTOS/Source/timers.c **** 
1050:Middlewares/Third_Party/FreeRTOS/Source/timers.c **** 	BaseType_t xTimerPendFunctionCallFromISR( PendedFunction_t xFunctionToPend, void *pvParameter1, ui
1051:Middlewares/Third_Party/FreeRTOS/Source/timers.c **** 	{
 2358              		.loc 1 1051 2 view -0
 2359              		.cfi_startproc
 2360              		@ args = 0, pretend = 0, frame = 16
 2361              		@ frame_needed = 0, uses_anonymous_args = 0
 2362              		.loc 1 1051 2 is_stmt 0 view .LVU630
 2363 0000 10B5     		push	{r4, lr}
 2364              	.LCFI49:
 2365              		.cfi_def_cfa_offset 8
 2366              		.cfi_offset 4, -8
 2367              		.cfi_offset 14, -4
 2368 0002 84B0     		sub	sp, sp, #16
 2369              	.LCFI50:
 2370              		.cfi_def_cfa_offset 24
 2371 0004 1446     		mov	r4, r2
 2372 0006 1A46     		mov	r2, r3
 2373              	.LVL184:
1052:Middlewares/Third_Party/FreeRTOS/Source/timers.c **** 	DaemonTaskMessage_t xMessage;
 2374              		.loc 1 1052 2 is_stmt 1 view .LVU631
1053:Middlewares/Third_Party/FreeRTOS/Source/timers.c **** 	BaseType_t xReturn;
 2375              		.loc 1 1053 2 view .LVU632
1054:Middlewares/Third_Party/FreeRTOS/Source/timers.c **** 
1055:Middlewares/Third_Party/FreeRTOS/Source/timers.c **** 		/* Complete the message with the function parameters and post it to the
1056:Middlewares/Third_Party/FreeRTOS/Source/timers.c **** 		daemon task. */
1057:Middlewares/Third_Party/FreeRTOS/Source/timers.c **** 		xMessage.xMessageID = tmrCOMMAND_EXECUTE_CALLBACK_FROM_ISR;
ARM GAS  /tmp/ccWdpFxl.s 			page 73


 2376              		.loc 1 1057 3 view .LVU633
 2377              		.loc 1 1057 23 is_stmt 0 view .LVU634
 2378 0008 6FF00103 		mvn	r3, #1
 2379              	.LVL185:
 2380              		.loc 1 1057 23 view .LVU635
 2381 000c 0093     		str	r3, [sp]
1058:Middlewares/Third_Party/FreeRTOS/Source/timers.c **** 		xMessage.u.xCallbackParameters.pxCallbackFunction = xFunctionToPend;
 2382              		.loc 1 1058 3 is_stmt 1 view .LVU636
 2383              		.loc 1 1058 53 is_stmt 0 view .LVU637
 2384 000e 0190     		str	r0, [sp, #4]
1059:Middlewares/Third_Party/FreeRTOS/Source/timers.c **** 		xMessage.u.xCallbackParameters.pvParameter1 = pvParameter1;
 2385              		.loc 1 1059 3 is_stmt 1 view .LVU638
 2386              		.loc 1 1059 47 is_stmt 0 view .LVU639
 2387 0010 0291     		str	r1, [sp, #8]
1060:Middlewares/Third_Party/FreeRTOS/Source/timers.c **** 		xMessage.u.xCallbackParameters.ulParameter2 = ulParameter2;
 2388              		.loc 1 1060 3 is_stmt 1 view .LVU640
 2389              		.loc 1 1060 47 is_stmt 0 view .LVU641
 2390 0012 0394     		str	r4, [sp, #12]
1061:Middlewares/Third_Party/FreeRTOS/Source/timers.c **** 
1062:Middlewares/Third_Party/FreeRTOS/Source/timers.c **** 		xReturn = xQueueSendFromISR( xTimerQueue, &xMessage, pxHigherPriorityTaskWoken );
 2391              		.loc 1 1062 3 is_stmt 1 view .LVU642
 2392              		.loc 1 1062 13 is_stmt 0 view .LVU643
 2393 0014 0023     		movs	r3, #0
 2394 0016 6946     		mov	r1, sp
 2395              	.LVL186:
 2396              		.loc 1 1062 13 view .LVU644
 2397 0018 0248     		ldr	r0, .L179
 2398              	.LVL187:
 2399              		.loc 1 1062 13 view .LVU645
 2400 001a 0068     		ldr	r0, [r0]
 2401 001c FFF7FEFF 		bl	xQueueGenericSendFromISR
 2402              	.LVL188:
1063:Middlewares/Third_Party/FreeRTOS/Source/timers.c **** 
1064:Middlewares/Third_Party/FreeRTOS/Source/timers.c **** 		tracePEND_FUNC_CALL_FROM_ISR( xFunctionToPend, pvParameter1, ulParameter2, xReturn );
 2403              		.loc 1 1064 87 is_stmt 1 view .LVU646
1065:Middlewares/Third_Party/FreeRTOS/Source/timers.c **** 
1066:Middlewares/Third_Party/FreeRTOS/Source/timers.c **** 		return xReturn;
 2404              		.loc 1 1066 3 view .LVU647
1067:Middlewares/Third_Party/FreeRTOS/Source/timers.c **** 	}
 2405              		.loc 1 1067 2 is_stmt 0 view .LVU648
 2406 0020 04B0     		add	sp, sp, #16
 2407              	.LCFI51:
 2408              		.cfi_def_cfa_offset 8
 2409              		@ sp needed
 2410 0022 10BD     		pop	{r4, pc}
 2411              	.LVL189:
 2412              	.L180:
 2413              		.loc 1 1067 2 view .LVU649
 2414              		.align	2
 2415              	.L179:
 2416 0024 00000000 		.word	.LANCHOR2
 2417              		.cfi_endproc
 2418              	.LFE27:
 2420              		.section	.text.xTimerPendFunctionCall,"ax",%progbits
 2421              		.align	1
 2422              		.global	xTimerPendFunctionCall
 2423              		.syntax unified
ARM GAS  /tmp/ccWdpFxl.s 			page 74


 2424              		.thumb
 2425              		.thumb_func
 2426              		.fpu fpv4-sp-d16
 2428              	xTimerPendFunctionCall:
 2429              	.LVL190:
 2430              	.LFB28:
1068:Middlewares/Third_Party/FreeRTOS/Source/timers.c **** 
1069:Middlewares/Third_Party/FreeRTOS/Source/timers.c **** #endif /* INCLUDE_xTimerPendFunctionCall */
1070:Middlewares/Third_Party/FreeRTOS/Source/timers.c **** /*-----------------------------------------------------------*/
1071:Middlewares/Third_Party/FreeRTOS/Source/timers.c **** 
1072:Middlewares/Third_Party/FreeRTOS/Source/timers.c **** #if( INCLUDE_xTimerPendFunctionCall == 1 )
1073:Middlewares/Third_Party/FreeRTOS/Source/timers.c **** 
1074:Middlewares/Third_Party/FreeRTOS/Source/timers.c **** 	BaseType_t xTimerPendFunctionCall( PendedFunction_t xFunctionToPend, void *pvParameter1, uint32_t 
1075:Middlewares/Third_Party/FreeRTOS/Source/timers.c **** 	{
 2431              		.loc 1 1075 2 is_stmt 1 view -0
 2432              		.cfi_startproc
 2433              		@ args = 0, pretend = 0, frame = 16
 2434              		@ frame_needed = 0, uses_anonymous_args = 0
 2435              		.loc 1 1075 2 is_stmt 0 view .LVU651
 2436 0000 30B5     		push	{r4, r5, lr}
 2437              	.LCFI52:
 2438              		.cfi_def_cfa_offset 12
 2439              		.cfi_offset 4, -12
 2440              		.cfi_offset 5, -8
 2441              		.cfi_offset 14, -4
 2442 0002 85B0     		sub	sp, sp, #20
 2443              	.LCFI53:
 2444              		.cfi_def_cfa_offset 32
 2445 0004 0C46     		mov	r4, r1
 2446 0006 1146     		mov	r1, r2
 2447              	.LVL191:
 2448              		.loc 1 1075 2 view .LVU652
 2449 0008 1A46     		mov	r2, r3
 2450              	.LVL192:
1076:Middlewares/Third_Party/FreeRTOS/Source/timers.c **** 	DaemonTaskMessage_t xMessage;
 2451              		.loc 1 1076 2 is_stmt 1 view .LVU653
1077:Middlewares/Third_Party/FreeRTOS/Source/timers.c **** 	BaseType_t xReturn;
 2452              		.loc 1 1077 2 view .LVU654
1078:Middlewares/Third_Party/FreeRTOS/Source/timers.c **** 
1079:Middlewares/Third_Party/FreeRTOS/Source/timers.c **** 		/* This function can only be called after a timer has been created or
1080:Middlewares/Third_Party/FreeRTOS/Source/timers.c **** 		after the scheduler has been started because, until then, the timer
1081:Middlewares/Third_Party/FreeRTOS/Source/timers.c **** 		queue does not exist. */
1082:Middlewares/Third_Party/FreeRTOS/Source/timers.c **** 		configASSERT( xTimerQueue );
 2453              		.loc 1 1082 3 view .LVU655
 2454 000a 0C4B     		ldr	r3, .L186
 2455              	.LVL193:
 2456              		.loc 1 1082 3 is_stmt 0 view .LVU656
 2457 000c 1D68     		ldr	r5, [r3]
 2458 000e 65B1     		cbz	r5, .L185
 2459              		.loc 1 1082 30 is_stmt 1 discriminator 2 view .LVU657
1083:Middlewares/Third_Party/FreeRTOS/Source/timers.c **** 
1084:Middlewares/Third_Party/FreeRTOS/Source/timers.c **** 		/* Complete the message with the function parameters and post it to the
1085:Middlewares/Third_Party/FreeRTOS/Source/timers.c **** 		daemon task. */
1086:Middlewares/Third_Party/FreeRTOS/Source/timers.c **** 		xMessage.xMessageID = tmrCOMMAND_EXECUTE_CALLBACK;
 2460              		.loc 1 1086 3 discriminator 2 view .LVU658
 2461              		.loc 1 1086 23 is_stmt 0 discriminator 2 view .LVU659
 2462 0010 4FF0FF33 		mov	r3, #-1
ARM GAS  /tmp/ccWdpFxl.s 			page 75


 2463 0014 0093     		str	r3, [sp]
1087:Middlewares/Third_Party/FreeRTOS/Source/timers.c **** 		xMessage.u.xCallbackParameters.pxCallbackFunction = xFunctionToPend;
 2464              		.loc 1 1087 3 is_stmt 1 discriminator 2 view .LVU660
 2465              		.loc 1 1087 53 is_stmt 0 discriminator 2 view .LVU661
 2466 0016 0190     		str	r0, [sp, #4]
1088:Middlewares/Third_Party/FreeRTOS/Source/timers.c **** 		xMessage.u.xCallbackParameters.pvParameter1 = pvParameter1;
 2467              		.loc 1 1088 3 is_stmt 1 discriminator 2 view .LVU662
 2468              		.loc 1 1088 47 is_stmt 0 discriminator 2 view .LVU663
 2469 0018 0294     		str	r4, [sp, #8]
1089:Middlewares/Third_Party/FreeRTOS/Source/timers.c **** 		xMessage.u.xCallbackParameters.ulParameter2 = ulParameter2;
 2470              		.loc 1 1089 3 is_stmt 1 discriminator 2 view .LVU664
 2471              		.loc 1 1089 47 is_stmt 0 discriminator 2 view .LVU665
 2472 001a 0391     		str	r1, [sp, #12]
1090:Middlewares/Third_Party/FreeRTOS/Source/timers.c **** 
1091:Middlewares/Third_Party/FreeRTOS/Source/timers.c **** 		xReturn = xQueueSendToBack( xTimerQueue, &xMessage, xTicksToWait );
 2473              		.loc 1 1091 3 is_stmt 1 discriminator 2 view .LVU666
 2474              		.loc 1 1091 13 is_stmt 0 discriminator 2 view .LVU667
 2475 001c 0023     		movs	r3, #0
 2476 001e 6946     		mov	r1, sp
 2477              	.LVL194:
 2478              		.loc 1 1091 13 discriminator 2 view .LVU668
 2479 0020 2846     		mov	r0, r5
 2480              	.LVL195:
 2481              		.loc 1 1091 13 discriminator 2 view .LVU669
 2482 0022 FFF7FEFF 		bl	xQueueGenericSend
 2483              	.LVL196:
1092:Middlewares/Third_Party/FreeRTOS/Source/timers.c **** 
1093:Middlewares/Third_Party/FreeRTOS/Source/timers.c **** 		tracePEND_FUNC_CALL( xFunctionToPend, pvParameter1, ulParameter2, xReturn );
 2484              		.loc 1 1093 78 is_stmt 1 discriminator 2 view .LVU670
1094:Middlewares/Third_Party/FreeRTOS/Source/timers.c **** 
1095:Middlewares/Third_Party/FreeRTOS/Source/timers.c **** 		return xReturn;
 2485              		.loc 1 1095 3 discriminator 2 view .LVU671
1096:Middlewares/Third_Party/FreeRTOS/Source/timers.c **** 	}
 2486              		.loc 1 1096 2 is_stmt 0 discriminator 2 view .LVU672
 2487 0026 05B0     		add	sp, sp, #20
 2488              	.LCFI54:
 2489              		.cfi_remember_state
 2490              		.cfi_def_cfa_offset 12
 2491              		@ sp needed
 2492 0028 30BD     		pop	{r4, r5, pc}
 2493              	.LVL197:
 2494              	.L185:
 2495              	.LCFI55:
 2496              		.cfi_restore_state
1082:Middlewares/Third_Party/FreeRTOS/Source/timers.c **** 
 2497              		.loc 1 1082 3 is_stmt 1 view .LVU673
 2498              	.LBB85:
 2499              	.LBI85:
 191:Middlewares/Third_Party/FreeRTOS/Source/portable/GCC/ARM_CM4F/portmacro.h **** {
 2500              		.loc 2 191 30 view .LVU674
 2501              	.LBB86:
 193:Middlewares/Third_Party/FreeRTOS/Source/portable/GCC/ARM_CM4F/portmacro.h **** 
 2502              		.loc 2 193 1 view .LVU675
 2503              		.loc 2 195 2 view .LVU676
 2504              		.syntax unified
 2505              	@ 195 "Middlewares/Third_Party/FreeRTOS/Source/portable/GCC/ARM_CM4F/portmacro.h" 1
 2506 002a 4FF05003 			mov r3, #80												
ARM GAS  /tmp/ccWdpFxl.s 			page 76


 2507 002e 83F31188 		msr basepri, r3											
 2508 0032 BFF36F8F 		isb														
 2509 0036 BFF34F8F 		dsb														
 2510              	
 2511              	@ 0 "" 2
 2512              	.LVL198:
 2513              		.thumb
 2514              		.syntax unified
 2515              	.L183:
 2516              		.loc 2 195 2 is_stmt 0 view .LVU677
 2517              	.LBE86:
 2518              	.LBE85:
1082:Middlewares/Third_Party/FreeRTOS/Source/timers.c **** 
 2519              		.loc 1 1082 3 is_stmt 1 discriminator 1 view .LVU678
1082:Middlewares/Third_Party/FreeRTOS/Source/timers.c **** 
 2520              		.loc 1 1082 3 discriminator 1 view .LVU679
1082:Middlewares/Third_Party/FreeRTOS/Source/timers.c **** 
 2521              		.loc 1 1082 3 discriminator 1 view .LVU680
 2522 003a FEE7     		b	.L183
 2523              	.L187:
 2524              		.align	2
 2525              	.L186:
 2526 003c 00000000 		.word	.LANCHOR2
 2527              		.cfi_endproc
 2528              	.LFE28:
 2530              		.section	.text.uxTimerGetTimerNumber,"ax",%progbits
 2531              		.align	1
 2532              		.global	uxTimerGetTimerNumber
 2533              		.syntax unified
 2534              		.thumb
 2535              		.thumb_func
 2536              		.fpu fpv4-sp-d16
 2538              	uxTimerGetTimerNumber:
 2539              	.LVL199:
 2540              	.LFB29:
1097:Middlewares/Third_Party/FreeRTOS/Source/timers.c **** 
1098:Middlewares/Third_Party/FreeRTOS/Source/timers.c **** #endif /* INCLUDE_xTimerPendFunctionCall */
1099:Middlewares/Third_Party/FreeRTOS/Source/timers.c **** /*-----------------------------------------------------------*/
1100:Middlewares/Third_Party/FreeRTOS/Source/timers.c **** 
1101:Middlewares/Third_Party/FreeRTOS/Source/timers.c **** #if ( configUSE_TRACE_FACILITY == 1 )
1102:Middlewares/Third_Party/FreeRTOS/Source/timers.c **** 
1103:Middlewares/Third_Party/FreeRTOS/Source/timers.c **** 	UBaseType_t uxTimerGetTimerNumber( TimerHandle_t xTimer )
1104:Middlewares/Third_Party/FreeRTOS/Source/timers.c **** 	{
 2541              		.loc 1 1104 2 view -0
 2542              		.cfi_startproc
 2543              		@ args = 0, pretend = 0, frame = 0
 2544              		@ frame_needed = 0, uses_anonymous_args = 0
 2545              		@ link register save eliminated.
1105:Middlewares/Third_Party/FreeRTOS/Source/timers.c **** 		return ( ( Timer_t * ) xTimer )->uxTimerNumber;
 2546              		.loc 1 1105 3 view .LVU682
1106:Middlewares/Third_Party/FreeRTOS/Source/timers.c **** 	}
 2547              		.loc 1 1106 2 is_stmt 0 view .LVU683
 2548 0000 406A     		ldr	r0, [r0, #36]
 2549              	.LVL200:
 2550              		.loc 1 1106 2 view .LVU684
 2551 0002 7047     		bx	lr
 2552              		.cfi_endproc
ARM GAS  /tmp/ccWdpFxl.s 			page 77


 2553              	.LFE29:
 2555              		.section	.text.vTimerSetTimerNumber,"ax",%progbits
 2556              		.align	1
 2557              		.global	vTimerSetTimerNumber
 2558              		.syntax unified
 2559              		.thumb
 2560              		.thumb_func
 2561              		.fpu fpv4-sp-d16
 2563              	vTimerSetTimerNumber:
 2564              	.LVL201:
 2565              	.LFB30:
1107:Middlewares/Third_Party/FreeRTOS/Source/timers.c **** 
1108:Middlewares/Third_Party/FreeRTOS/Source/timers.c **** #endif /* configUSE_TRACE_FACILITY */
1109:Middlewares/Third_Party/FreeRTOS/Source/timers.c **** /*-----------------------------------------------------------*/
1110:Middlewares/Third_Party/FreeRTOS/Source/timers.c **** 
1111:Middlewares/Third_Party/FreeRTOS/Source/timers.c **** #if ( configUSE_TRACE_FACILITY == 1 )
1112:Middlewares/Third_Party/FreeRTOS/Source/timers.c **** 
1113:Middlewares/Third_Party/FreeRTOS/Source/timers.c **** 	void vTimerSetTimerNumber( TimerHandle_t xTimer, UBaseType_t uxTimerNumber )
1114:Middlewares/Third_Party/FreeRTOS/Source/timers.c **** 	{
 2566              		.loc 1 1114 2 is_stmt 1 view -0
 2567              		.cfi_startproc
 2568              		@ args = 0, pretend = 0, frame = 0
 2569              		@ frame_needed = 0, uses_anonymous_args = 0
 2570              		@ link register save eliminated.
1115:Middlewares/Third_Party/FreeRTOS/Source/timers.c **** 		( ( Timer_t * ) xTimer )->uxTimerNumber = uxTimerNumber;
 2571              		.loc 1 1115 3 view .LVU686
 2572              		.loc 1 1115 43 is_stmt 0 view .LVU687
 2573 0000 4162     		str	r1, [r0, #36]
1116:Middlewares/Third_Party/FreeRTOS/Source/timers.c **** 	}
 2574              		.loc 1 1116 2 view .LVU688
 2575 0002 7047     		bx	lr
 2576              		.cfi_endproc
 2577              	.LFE30:
 2579              		.section	.bss.pxCurrentTimerList,"aw",%nobits
 2580              		.align	2
 2581              		.set	.LANCHOR0,. + 0
 2584              	pxCurrentTimerList:
 2585 0000 00000000 		.space	4
 2586              		.section	.bss.pxOverflowTimerList,"aw",%nobits
 2587              		.align	2
 2588              		.set	.LANCHOR1,. + 0
 2591              	pxOverflowTimerList:
 2592 0000 00000000 		.space	4
 2593              		.section	.bss.ucStaticTimerQueueStorage.1,"aw",%nobits
 2594              		.align	2
 2595              		.set	.LANCHOR6,. + 0
 2598              	ucStaticTimerQueueStorage.1:
 2599 0000 00000000 		.space	160
 2599      00000000 
 2599      00000000 
 2599      00000000 
 2599      00000000 
 2600              		.section	.bss.xActiveTimerList1,"aw",%nobits
 2601              		.align	2
 2602              		.set	.LANCHOR3,. + 0
 2605              	xActiveTimerList1:
 2606 0000 00000000 		.space	20
ARM GAS  /tmp/ccWdpFxl.s 			page 78


 2606      00000000 
 2606      00000000 
 2606      00000000 
 2606      00000000 
 2607              		.section	.bss.xActiveTimerList2,"aw",%nobits
 2608              		.align	2
 2609              		.set	.LANCHOR4,. + 0
 2612              	xActiveTimerList2:
 2613 0000 00000000 		.space	20
 2613      00000000 
 2613      00000000 
 2613      00000000 
 2613      00000000 
 2614              		.section	.bss.xLastTime.2,"aw",%nobits
 2615              		.align	2
 2616              		.set	.LANCHOR8,. + 0
 2619              	xLastTime.2:
 2620 0000 00000000 		.space	4
 2621              		.section	.bss.xStaticTimerQueue.0,"aw",%nobits
 2622              		.align	2
 2623              		.set	.LANCHOR5,. + 0
 2626              	xStaticTimerQueue.0:
 2627 0000 00000000 		.space	80
 2627      00000000 
 2627      00000000 
 2627      00000000 
 2627      00000000 
 2628              		.section	.bss.xTimerQueue,"aw",%nobits
 2629              		.align	2
 2630              		.set	.LANCHOR2,. + 0
 2633              	xTimerQueue:
 2634 0000 00000000 		.space	4
 2635              		.section	.bss.xTimerTaskHandle,"aw",%nobits
 2636              		.align	2
 2637              		.set	.LANCHOR7,. + 0
 2640              	xTimerTaskHandle:
 2641 0000 00000000 		.space	4
 2642              		.text
 2643              	.Letext0:
 2644              		.file 3 "/usr/lib/gcc/arm-none-eabi/10.3.1/include/stddef.h"
 2645              		.file 4 "/usr/lib/gcc/arm-none-eabi/10.3.1/include/stdint.h"
 2646              		.file 5 "Middlewares/Third_Party/FreeRTOS/Source/include/projdefs.h"
 2647              		.file 6 "Middlewares/Third_Party/FreeRTOS/Source/include/FreeRTOS.h"
 2648              		.file 7 "Middlewares/Third_Party/FreeRTOS/Source/include/list.h"
 2649              		.file 8 "Middlewares/Third_Party/FreeRTOS/Source/include/task.h"
 2650              		.file 9 "Middlewares/Third_Party/FreeRTOS/Source/include/queue.h"
 2651              		.file 10 "Middlewares/Third_Party/FreeRTOS/Source/include/timers.h"
 2652              		.file 11 "Middlewares/Third_Party/FreeRTOS/Source/include/portable.h"
ARM GAS  /tmp/ccWdpFxl.s 			page 79


DEFINED SYMBOLS
                            *ABS*:0000000000000000 timers.c
     /tmp/ccWdpFxl.s:18     .text.prvGetNextExpireTime:0000000000000000 $t
     /tmp/ccWdpFxl.s:25     .text.prvGetNextExpireTime:0000000000000000 prvGetNextExpireTime
     /tmp/ccWdpFxl.s:71     .text.prvGetNextExpireTime:000000000000001c $d
     /tmp/ccWdpFxl.s:76     .text.prvInsertTimerInActiveList:0000000000000000 $t
     /tmp/ccWdpFxl.s:82     .text.prvInsertTimerInActiveList:0000000000000000 prvInsertTimerInActiveList
     /tmp/ccWdpFxl.s:172    .text.prvInsertTimerInActiveList:0000000000000040 $d
     /tmp/ccWdpFxl.s:178    .rodata.prvCheckForValidListAndQueue.str1.4:0000000000000000 $d
     /tmp/ccWdpFxl.s:182    .text.prvCheckForValidListAndQueue:0000000000000000 $t
     /tmp/ccWdpFxl.s:188    .text.prvCheckForValidListAndQueue:0000000000000000 prvCheckForValidListAndQueue
     /tmp/ccWdpFxl.s:274    .text.prvCheckForValidListAndQueue:0000000000000050 $d
     /tmp/ccWdpFxl.s:286    .text.prvInitialiseNewTimer:0000000000000000 $t
     /tmp/ccWdpFxl.s:292    .text.prvInitialiseNewTimer:0000000000000000 prvInitialiseNewTimer
     /tmp/ccWdpFxl.s:387    .rodata.xTimerCreateTimerTask.str1.4:0000000000000000 $d
     /tmp/ccWdpFxl.s:391    .text.xTimerCreateTimerTask:0000000000000000 $t
     /tmp/ccWdpFxl.s:398    .text.xTimerCreateTimerTask:0000000000000000 xTimerCreateTimerTask
     /tmp/ccWdpFxl.s:500    .text.xTimerCreateTimerTask:0000000000000054 $d
     /tmp/ccWdpFxl.s:1660   .text.prvTimerTask:0000000000000000 prvTimerTask
     /tmp/ccWdpFxl.s:508    .text.xTimerCreate:0000000000000000 $t
     /tmp/ccWdpFxl.s:515    .text.xTimerCreate:0000000000000000 xTimerCreate
     /tmp/ccWdpFxl.s:581    .text.xTimerCreateStatic:0000000000000000 $t
     /tmp/ccWdpFxl.s:588    .text.xTimerCreateStatic:0000000000000000 xTimerCreateStatic
     /tmp/ccWdpFxl.s:713    .text.xTimerGenericCommand:0000000000000000 $t
     /tmp/ccWdpFxl.s:720    .text.xTimerGenericCommand:0000000000000000 xTimerGenericCommand
     /tmp/ccWdpFxl.s:865    .text.xTimerGenericCommand:0000000000000068 $d
     /tmp/ccWdpFxl.s:870    .text.prvSwitchTimerLists:0000000000000000 $t
     /tmp/ccWdpFxl.s:876    .text.prvSwitchTimerLists:0000000000000000 prvSwitchTimerLists
     /tmp/ccWdpFxl.s:1023   .text.prvSwitchTimerLists:0000000000000074 $d
     /tmp/ccWdpFxl.s:1029   .text.prvSampleTimeNow:0000000000000000 $t
     /tmp/ccWdpFxl.s:1035   .text.prvSampleTimeNow:0000000000000000 prvSampleTimeNow
     /tmp/ccWdpFxl.s:1094   .text.prvSampleTimeNow:0000000000000028 $d
     /tmp/ccWdpFxl.s:1099   .text.prvProcessExpiredTimer:0000000000000000 $t
     /tmp/ccWdpFxl.s:1105   .text.prvProcessExpiredTimer:0000000000000000 prvProcessExpiredTimer
     /tmp/ccWdpFxl.s:1228   .text.prvProcessExpiredTimer:0000000000000068 $d
     /tmp/ccWdpFxl.s:1233   .text.prvProcessTimerOrBlockTask:0000000000000000 $t
     /tmp/ccWdpFxl.s:1239   .text.prvProcessTimerOrBlockTask:0000000000000000 prvProcessTimerOrBlockTask
     /tmp/ccWdpFxl.s:1363   .text.prvProcessTimerOrBlockTask:000000000000006c $d
     /tmp/ccWdpFxl.s:1369   .text.prvProcessReceivedCommands:0000000000000000 $t
     /tmp/ccWdpFxl.s:1375   .text.prvProcessReceivedCommands:0000000000000000 prvProcessReceivedCommands
     /tmp/ccWdpFxl.s:1467   .text.prvProcessReceivedCommands:0000000000000048 $d
     /tmp/ccWdpFxl.s:1477   .text.prvProcessReceivedCommands:0000000000000052 $t
     /tmp/ccWdpFxl.s:1649   .text.prvProcessReceivedCommands:0000000000000108 $d
     /tmp/ccWdpFxl.s:1654   .text.prvTimerTask:0000000000000000 $t
     /tmp/ccWdpFxl.s:1699   .text.xTimerGetTimerDaemonTaskHandle:0000000000000000 $t
     /tmp/ccWdpFxl.s:1706   .text.xTimerGetTimerDaemonTaskHandle:0000000000000000 xTimerGetTimerDaemonTaskHandle
     /tmp/ccWdpFxl.s:1749   .text.xTimerGetTimerDaemonTaskHandle:000000000000001c $d
     /tmp/ccWdpFxl.s:1754   .text.xTimerGetPeriod:0000000000000000 $t
     /tmp/ccWdpFxl.s:1761   .text.xTimerGetPeriod:0000000000000000 xTimerGetPeriod
     /tmp/ccWdpFxl.s:1811   .text.vTimerSetReloadMode:0000000000000000 $t
     /tmp/ccWdpFxl.s:1818   .text.vTimerSetReloadMode:0000000000000000 vTimerSetReloadMode
     /tmp/ccWdpFxl.s:1897   .text.uxTimerGetReloadMode:0000000000000000 $t
     /tmp/ccWdpFxl.s:1904   .text.uxTimerGetReloadMode:0000000000000000 uxTimerGetReloadMode
     /tmp/ccWdpFxl.s:1990   .text.xTimerGetExpiryTime:0000000000000000 $t
     /tmp/ccWdpFxl.s:1997   .text.xTimerGetExpiryTime:0000000000000000 xTimerGetExpiryTime
     /tmp/ccWdpFxl.s:2050   .text.pcTimerGetName:0000000000000000 $t
     /tmp/ccWdpFxl.s:2057   .text.pcTimerGetName:0000000000000000 pcTimerGetName
ARM GAS  /tmp/ccWdpFxl.s 			page 80


     /tmp/ccWdpFxl.s:2107   .text.xTimerIsTimerActive:0000000000000000 $t
     /tmp/ccWdpFxl.s:2114   .text.xTimerIsTimerActive:0000000000000000 xTimerIsTimerActive
     /tmp/ccWdpFxl.s:2200   .text.pvTimerGetTimerID:0000000000000000 $t
     /tmp/ccWdpFxl.s:2207   .text.pvTimerGetTimerID:0000000000000000 pvTimerGetTimerID
     /tmp/ccWdpFxl.s:2276   .text.vTimerSetTimerID:0000000000000000 $t
     /tmp/ccWdpFxl.s:2283   .text.vTimerSetTimerID:0000000000000000 vTimerSetTimerID
     /tmp/ccWdpFxl.s:2348   .text.xTimerPendFunctionCallFromISR:0000000000000000 $t
     /tmp/ccWdpFxl.s:2355   .text.xTimerPendFunctionCallFromISR:0000000000000000 xTimerPendFunctionCallFromISR
     /tmp/ccWdpFxl.s:2416   .text.xTimerPendFunctionCallFromISR:0000000000000024 $d
     /tmp/ccWdpFxl.s:2421   .text.xTimerPendFunctionCall:0000000000000000 $t
     /tmp/ccWdpFxl.s:2428   .text.xTimerPendFunctionCall:0000000000000000 xTimerPendFunctionCall
     /tmp/ccWdpFxl.s:2526   .text.xTimerPendFunctionCall:000000000000003c $d
     /tmp/ccWdpFxl.s:2531   .text.uxTimerGetTimerNumber:0000000000000000 $t
     /tmp/ccWdpFxl.s:2538   .text.uxTimerGetTimerNumber:0000000000000000 uxTimerGetTimerNumber
     /tmp/ccWdpFxl.s:2556   .text.vTimerSetTimerNumber:0000000000000000 $t
     /tmp/ccWdpFxl.s:2563   .text.vTimerSetTimerNumber:0000000000000000 vTimerSetTimerNumber
     /tmp/ccWdpFxl.s:2580   .bss.pxCurrentTimerList:0000000000000000 $d
     /tmp/ccWdpFxl.s:2584   .bss.pxCurrentTimerList:0000000000000000 pxCurrentTimerList
     /tmp/ccWdpFxl.s:2587   .bss.pxOverflowTimerList:0000000000000000 $d
     /tmp/ccWdpFxl.s:2591   .bss.pxOverflowTimerList:0000000000000000 pxOverflowTimerList
     /tmp/ccWdpFxl.s:2594   .bss.ucStaticTimerQueueStorage.1:0000000000000000 $d
     /tmp/ccWdpFxl.s:2598   .bss.ucStaticTimerQueueStorage.1:0000000000000000 ucStaticTimerQueueStorage.1
     /tmp/ccWdpFxl.s:2601   .bss.xActiveTimerList1:0000000000000000 $d
     /tmp/ccWdpFxl.s:2605   .bss.xActiveTimerList1:0000000000000000 xActiveTimerList1
     /tmp/ccWdpFxl.s:2608   .bss.xActiveTimerList2:0000000000000000 $d
     /tmp/ccWdpFxl.s:2612   .bss.xActiveTimerList2:0000000000000000 xActiveTimerList2
     /tmp/ccWdpFxl.s:2615   .bss.xLastTime.2:0000000000000000 $d
     /tmp/ccWdpFxl.s:2619   .bss.xLastTime.2:0000000000000000 xLastTime.2
     /tmp/ccWdpFxl.s:2622   .bss.xStaticTimerQueue.0:0000000000000000 $d
     /tmp/ccWdpFxl.s:2626   .bss.xStaticTimerQueue.0:0000000000000000 xStaticTimerQueue.0
     /tmp/ccWdpFxl.s:2629   .bss.xTimerQueue:0000000000000000 $d
     /tmp/ccWdpFxl.s:2633   .bss.xTimerQueue:0000000000000000 xTimerQueue
     /tmp/ccWdpFxl.s:2636   .bss.xTimerTaskHandle:0000000000000000 $d
     /tmp/ccWdpFxl.s:2640   .bss.xTimerTaskHandle:0000000000000000 xTimerTaskHandle

UNDEFINED SYMBOLS
vListInsert
vPortEnterCritical
vPortExitCritical
vListInitialise
xQueueGenericCreateStatic
vQueueAddToRegistry
vListInitialiseItem
vApplicationGetTimerTaskMemory
xTaskCreateStatic
pvPortMalloc
xTaskGetSchedulerState
xQueueGenericSend
xQueueGenericSendFromISR
uxListRemove
xTaskGetTickCount
vTaskSuspendAll
vQueueWaitForMessageRestricted
xTaskResumeAll
xQueueReceive
vPortFree
